Voll,Demand_segment,Cost_of_demand_curtailment_perMW,Max_demand_curtailment,$/MWh,Time_Index,Load_MW_z1,Load_MW_z2,Load_MW_z3,Load_MW_z4,Load_MW_z5,Load_MW_z6
3200,1,1,1,3200,1,11355.05086,9573.293503,9072.525896,30528.77894,2739.79584,2026.742642
,,,,,2,11251.44631,9437.637525,8958.600953,30103.62756,2666.76948,1926.162082
,,,,,3,11251.44631,9454.455179,8958.600953,29587.55557,2559.6162,1814.070592
,,,,,4,11251.44631,9341.571337,8958.600953,29587.55557,2502.58896,1779.704912
,,,,,5,11631.36175,9473.319235,8958.600953,29587.55557,2491.15824,1709.233642
,,,,,6,13321.33456,10116.09376,9891.221711,30293.80439,2522.34,1772.057172
,,,,,7,14393.97223,11026.36571,10478.6914,31304.76654,2648.22372,2044.662732
,,,,,8,14194.82852,10868.37115,10616.21052,31013.55204,2633.04108,2133.319502
,,,,,9,14665.13472,10786.2051,11184.17426,32172.08507,2881.66896,2379.305422
,,,,,10,14950.09601,10917.96645,11606.68439,33404.54772,3047.6088,2661.367442
,,,,,11,15692.59186,11492.1223,12529.8135,33892.81498,3133.68912,2900.639472
,,,,,12,15492.59349,11632.80187,11526.31183,33168.20361,3192.56316,2949
,,,,,13,14370.39986,11045.1409,11360.47539,32699.9109,3140.84304,2917.448772
,,,,,14,14527.65995,10767.1263,11568.54772,33315.32583,3167.24256,2923.494222
,,,,,15,14502.61629,11070.10515,11473.38351,33388.01106,3237.96528,2949
,,,,,16,14794.41799,11049.64641,11703.01219,33552.54308,3215.04552,2949
,,,,,17,16408.21863,11307.33076,11903.83828,33437.44978,3152.72088,2949
,,,,,18,15946.59096,12028.48156,11722.11593,32680.22851,3084.38928,2949
,,,,,19,14970.38865,11913.91997,11308.53216,32327.39122,2968.76988,2949
,,,,,20,15373.64349,11732.22579,11657.23079,32784.33732,2939.54184,2949
,,,,,21,14803.90323,11535.21685,11409.14825,32980.48319,2901.00204,2949
,,,,,22,13751.0863,11406.7515,10882.41858,34609.7809,2871.81288,2918.913442
,,,,,23,12676.0136,10605.07097,10124.73591,32932.93187,2747.71764,2736.625922
,,,,,24,11645.78769,10034.36903,9480.048709,31422.83159,2752.42212,2392.969122
,,,,,25,11242.73562,9557.922075,8959.782902,30366.00689,2740.41792,2031.616561
,,,,,26,11134.36416,9422.483955,8840.838424,29942.35162,2670.24924,1928.283601
,,,,,27,11134.36416,9439.274601,8840.838424,29428.55959,2567.27556,1813.125151
,,,,,28,11134.36416,9368.74747,8840.838424,29428.55959,2512.4742,1777.825621
,,,,,29,11525.6185,9458.108362,8840.838424,29428.55959,2494.06452,1716.014581
,,,,,30,13255.78691,10099.85062,9797.679676,30131.85921,2531.45736,1769.961621
,,,,,31,14353.93701,11008.66072,10398.92735,31139.26378,2652.42276,2050.028151
,,,,,32,14150.05672,10850.91989,10539.67172,30849.07407,2637.83304,2141.112931
,,,,,33,14631.54904,10768.88579,11120.95598,32003.53021,2876.76036,2393.832401
,,,,,34,14923.28807,10900.43554,11553.37529,33231.65582,3036.21696,2683.610971
,,,,,35,15683.444,11473.66932,12484.68886,33718.20486,3118.93416,2929.419951
,,,,,36,15478.68873,11614.12296,11471.11773,32996.1434,3175.51428,2949
,,,,,37,14329.80398,11027.40575,11301.39191,32529.49862,3125.81592,2946.691261
,,,,,38,14490.80446,10749.83763,11514.34419,33142.7479,3151.18512,2949
,,,,,39,14465.16515,11052.32991,11416.94808,33215.17735,3210.16608,2949
,,,,,40,14763.90729,11031.90403,11651.96226,33379.13038,3197.11212,2949
,,,,,41,16407.57199,11289.17455,11857.49835,33264.44209,3137.2272,2949
,,,,,42,15943.48442,11976.09681,11671.51405,32509.88549,3071.5686,2949
,,,,,43,14944.06336,11894.7896,11248.23046,32158.28983,2960.44956,2949
,,,,,44,15356.90952,11713.38722,11605.10716,32613.62794,2932.3782,2949
,,,,,45,14773.61812,11516.69467,11351.20631,32809.08358,2895.33528,2949
,,,,,46,13695.76019,11388.43562,10812.12319,34434.45644,2867.28336,2948.195251
,,,,,47,12595.11714,10588.04256,10036.67051,32761.69958,2748.0384,2760.923921
,,,,,48,11540.38755,10018.25714,9376.86339,31256.91336,2752.5582,2407.869641
,,,,,49,11166.66907,9549.108481,8855.056915,30372.48253,2730.48408,2044.694065
,,,,,50,11053.27202,9413.795275,8723.038429,29934.02692,2657.48688,1936.937605
,,,,,51,11053.27202,9430.570435,8723.038429,29397.68036,2550.3822,1816.864155
,,,,,52,11053.27202,9304.30439,8723.038429,29397.68036,2493.38412,1780.050805
,,,,,53,11456.4806,9449.386825,8723.038429,29397.68036,2469.92004,1721.267405
,,,,,54,13229.02597,10090.53721,9742.964996,30130.15494,2513.12544,1771.852585
,,,,,55,14354.07303,10998.50912,10380.09917,31172.75303,2638.95084,2063.882225
,,,,,56,14145.1991,10840.91377,10529.24411,30872.42559,2623.77792,2158.859685
,,,,,57,14638.48461,10758.95533,11145.22331,32067.21249,2872.29888,2422.382325
,,,,,58,14937.36919,10890.38375,11603.45231,33338.24247,3038.16096,2724.546695
,,,,,59,15716.1436,11463.08884,12556.08336,33841.78903,3124.2024,2949
,,,,,60,15506.37326,11603.41294,11516.28507,33094.50246,3183.057,2949
,,,,,61,14329.34892,11017.23686,11336.42888,32611.55551,3131.35632,2949
,,,,,62,14494.29277,10739.92474,11562.09157,33246.22857,3157.74612,2949
,,,,,63,14468.02548,11042.13803,11458.88221,33321.18834,3213.88884,2949
,,,,,64,14774.0847,11021.73099,11707.92362,33490.86903,3205.51992,2949
,,,,,65,16449.23415,11278.76423,11925.72748,33372.17413,3143.22444,2949
,,,,,66,15982.55318,12008.69353,11728.64238,32591.25721,3074.93172,2949
,,,,,67,14958.65333,11883.82073,11280.09438,32227.37861,2959.3512,2949
,,,,,68,15381.61132,11702.58565,11658.27188,32698.62389,2930.15232,2949
,,,,,69,14784.03338,11506.07451,11389.21653,32900.90773,2891.62224,2949
,,,,,70,13679.77551,11377.93376,10817.95731,34565.10724,2862.4428,2949
,,,,,71,12552.17444,10578.27889,9996.220408,32851.86839,2738.40588,2805.162525
,,,,,72,11471.61139,10009.01898,9297.031567,31294.51269,2743.10064,2437.019195
,,,,,73,11235.55896,9718.47047,8896.592584,30615.58712,2732.6322,2056.669462
,,,,,74,11121.01909,9580.756918,8762.622923,30171.71494,2658.94488,1946.219583
,,,,,75,11121.01909,9597.829655,8762.622923,29627.11394,2550.82932,1823.138153
,,,,,76,11121.01909,9503.086812,8762.622923,29627.11394,2493.28692,1785.400782
,,,,,77,11526.94605,9616.979833,8762.622923,29627.11394,2469.23964,1727.669192
,,,,,78,13309.12792,10269.5037,9791.96439,30370.26587,2513.21292,1777.005963
,,,,,79,14440.29133,11193.58229,10434.45429,31425.74398,2640.23388,2076.349123
,,,,,80,14230.28185,11033.19133,10584.85294,31121.70635,2624.91516,2173.695612
,,,,,81,14726.24912,10949.77902,11206.01004,32331.25337,2875.77864,2443.804353
,,,,,82,15026.75859,11083.53887,11668.0909,33617.98536,3043.21536,2753.527992
,,,,,83,15809.76683,11666.40328,12623.90339,34127.75262,3130.07328,2949
,,,,,84,15598.85607,11809.21662,11580.19093,33371.23425,3189.49164,2949
,,,,,85,14415.4328,11212.64225,11398.82287,32882.32109,3137.29524,2949
,,,,,86,14581.27338,10930.41084,11626.38248,33524.83475,3163.92804,2949
,,,,,87,14554.86328,11237.98515,11522.30555,33600.72054,3220.17768,2949
,,,,,88,14862.5864,11217.2161,11773.44039,33772.49744,3212.1684,2949
,,,,,89,16544.89547,11478.80891,11993.07511,33652.33621,3149.28,2949
,,,,,90,16077.62475,12195.93769,11794.33331,32861.77202,3080.33604,2949
,,,,,91,15048.15845,12094.59861,11342.01484,32493.39815,2963.66688,2949
,,,,,92,15473.41586,11910.14857,11723.37128,32970.46508,2934.18612,2949
,,,,,93,14872.58917,11710.15148,11452.05426,33175.24789,2895.28668,2949
,,,,,94,13762.32797,11579.73761,10875.99306,34853.65706,2865.8448,2949
,,,,,95,12628.59666,10765.89752,10047.34866,33125.60273,2740.62204,2836.168803
,,,,,96,11542.1591,10186.5394,9342.28246,31549.00782,2745.3654,2458.814762
,,,,,97,11293.06777,9940.361796,9119.744206,31019.49226,2738.83356,2063.544728
,,,,,98,11176.78063,9804.302067,8995.825566,30565.13029,2665.55448,1953.576518
,,,,,99,11176.78063,9821.169775,8995.825566,30004.54369,2558.04156,1831.035738
,,,,,100,11176.78063,9751.791605,8995.825566,30004.54369,2500.81992,1793.465478
,,,,,101,11586.86376,9840.089975,8995.825566,30004.54369,2485.13184,1737.719548
,,,,,102,13383.77892,10484.77759,9976.668376,30768.37348,2520.639,1785.109978
,,,,,103,14524.29365,11397.75878,10591.56949,31848.79512,2646.9504,2083.135918
,,,,,104,14312.54803,11239.29398,10735.50996,31537.57234,2631.71916,2180.059718
,,,,,105,14812.61545,11156.88338,11329.99433,32775.70392,2881.19268,2448.988858
,,,,,106,15115.60923,11289.03689,11772.23323,34092.84455,3047.69628,2757.355958
,,,,,107,15905.0906,11864.90159,12711.6573,34614.65885,3134.07792,2949
,,,,,108,15692.43624,12005.99987,11688.10773,33840.2621,3193.15608,2949
,,,,,109,14499.22961,11416.58985,11514.52769,33339.79472,3141.25128,2949
,,,,,110,14666.4412,11137.74779,11732.3158,33997.49255,3167.73828,2949
,,,,,111,14639.81277,11441.6284,11632.70797,34075.17172,3233.62044,2949
,,,,,112,14950.07983,11421.10877,11873.05898,34251.00812,3215.70648,2949
,,,,,113,16643.33527,11679.56007,12083.26249,34128.00718,3153.168,2949
,,,,,114,16175.16291,12368.65741,11893.05475,33318.76003,3084.61284,2949
,,,,,115,15137.186,12287.95466,11460.15902,32941.68058,2968.5852,2949
,,,,,116,15565.95902,12105.71971,11825.13986,33430.02177,2939.26968,2949
,,,,,117,14960.1653,11908.12441,11565.4733,33639.6441,2900.5938,2949
,,,,,118,13840.72557,11779.27671,11014.1484,35345.57179,2871.30744,2949
,,,,,119,12697.62171,10975.21014,10221.08634,33588.8257,2746.78452,2839.633058
,,,,,120,11602.20257,10402.80962,9546.295975,31974.97199,2751.49872,2463.930458
,,,,,121,11347.72271,9906.005026,9231.315454,31251.71305,2735.07192,2054.550278
,,,,,122,11231.62328,9767.115143,9110.847779,30791.68141,2657.75904,1949.988568
,,,,,123,11231.62328,9784.333714,9110.847779,30222.4547,2544.3072,1833.463748
,,,,,124,11231.62328,9713.931878,9110.847779,30222.4547,2483.92656,1797.731698
,,,,,125,11641.25993,9803.64747,9110.847779,30222.4547,2479.5234,1747.873938
,,,,,126,13436.59235,10461.74511,10075.03883,30997.46072,2504.844,1789.789058
,,,,,127,14576.10252,11393.71705,10680.46748,32091.36418,2638.11492,2073.178128
,,,,,128,14364.5434,11231.95605,10822.19057,31776.25788,2622.04776,2165.354038
,,,,,129,14864.17036,11147.83125,11407.51699,33029.83923,2885.2848,2421.081488
,,,,,130,15166.89726,11282.73366,11842.94327,34363.41552,3060.9738,2714.310388
,,,,,131,15955.68326,11870.57681,12776.74045,34891.74118,3152.10852,2949
,,,,,132,15743.2162,12014.61004,11760.11371,34107.68127,3214.4526,2949
,,,,,133,14551.06056,11412.93982,11589.20764,33600.96891,3159.6804,2949
,,,,,134,14718.12486,11128.29762,11803.64075,34266.8737,3187.63512,2949
,,,,,135,14691.51988,11438.49919,11705.56737,34345.52216,3271.82004,2949
,,,,,136,15001.51366,11417.55274,11942.2158,34523.55271,3238.24716,2949
,,,,,137,16693.59318,11681.38003,12149.18116,34399.01693,3172.25808,2949
,,,,,138,16225.51768,12385.27585,11961.90355,33579.67175,3099.92184,2949
,,,,,139,15188.45503,12302.42973,11535.67651,33197.88699,2977.49844,2949
,,,,,140,15616.85038,12116.40414,11895.03487,33692.32185,2946.55968,2949
,,,,,141,15011.59024,11914.6987,11639.36844,33904.55991,2905.7454,2949
,,,,,142,13893.13653,11783.17086,11096.53663,35625.36118,2874.84552,2949
,,,,,143,12751.03952,10962.37906,10315.69157,33853.10738,2743.46028,2792.537528
,,,,,144,11656.58523,10378.07214,9651.296253,32219.11553,2748.43692,2435.276008
,,,,,145,11334.09334,9711.044821,9300.273741,31154.89271,2733.12792,2038.39795
,,,,,146,11218.22704,9573.436512,9186.026134,30713.71194,2658.64356,1937.02116
,,,,,147,11218.22704,9590.496202,9186.026134,30173.21243,2549.35188,1824.04497
,,,,,148,11218.22704,9491.850472,9186.026134,30173.21243,2491.30404,1789.40405
,,,,,149,11627.30914,9609.631745,9186.026134,30173.21243,2491.30404,1741.07977
,,,,,150,13420.67573,10261.65695,10120.20383,30911.05897,2511.33696,1781.69733
,,,,,151,14558.93816,11185.02934,10708.55918,31960.13721,2639.72844,2056.45566
,,,,,152,14347.6107,11024.76095,10846.28563,31657.94311,2624.24448,2145.82019
,,,,,153,14846.69058,10941.41239,11415.10564,32860.15608,2877.83928,2393.75245
,,,,,154,15149.08601,11075.07002,11838.25275,34139.08602,3047.09364,2678.04588
,,,,,155,15937.0083,11657.48899,12761.90797,34645.76232,3134.8944,2919.19544
,,,,,156,15724.77389,11800.19319,11757.75901,33893.83107,3194.95428,2949
,,,,,157,14533.92362,11204.07474,11591.67256,33407.88242,3142.19412,2936.14236
,,,,,158,14700.805,10922.059,11800.05858,34046.50022,3169.11852,2942.23696
,,,,,159,14674.22915,11229.39826,11704.7509,34121.92588,3255.63624,2949
,,,,,160,14983.8835,11208.64509,11934.72576,34292.66121,3217.87404,2949
,,,,,161,16674.50246,11470.03798,12135.85463,34173.22858,3154.30524,2949
,,,,,162,16206.54726,12189.70091,11953.85831,33387.45795,3084.61284,2949
,,,,,163,15170.62017,12085.35709,11539.65102,33021.3177,2966.68008,2949
,,,,,164,15598.54644,11901.04801,11888.87535,33495.49195,2936.86884,2949
,,,,,165,14993.94905,11701.20376,11640.4188,33699.03307,2897.56116,2949
,,,,,166,13876.72,11570.88956,11112.89503,35370.3817,2867.7888,2937.61686
,,,,,167,12735.87355,10757.67141,10354.07007,33649.68893,2741.21496,2753.89416
,,,,,168,11642.61766,10178.75605,9708.410937,32082.65365,2746.00692,2407.52428
,,,,,169,11225.29038,9555.512934,9283.428205,30845.50147,2727.8694,2017.119072
,,,,,170,11098.64329,9420.108958,9177.361592,30424.6664,2658.13812,1916.990692
,,,,,171,11096.13209,9436.895371,9177.361592,29915.17214,2555.81568,1805.410362
,,,,,172,11096.13209,9333.755095,9177.361592,29915.17214,2501.36424,1771.201962
,,,,,173,11518.91601,9455.724383,9177.361592,29915.17214,2494.94904,1720.715082
,,,,,174,13314.78922,10097.30486,10072.06397,30612.91248,2520.22104,1763.593542
,,,,,175,14454.64263,11005.88584,10637.96353,31613.61092,2640.42828,2034.960522
,,,,,176,14243.01978,10848.18477,10770.43336,31325.35295,2625.92604,2123.214262
,,,,,177,14742.79724,10766.17136,11317.54319,32472.12407,2863.33704,2368.089392
,,,,,178,15045.61533,10897.68795,11724.54001,33692.07425,3021.79248,2648.873512
,,,,,179,15834.63892,11470.77721,12634.85593,34175.38441,3103.99452,2887.054412
,,,,,180,15622.10786,11611.19544,11647.11849,33458.1296,3160.215,2949
,,,,,181,14429.59312,11024.62615,11487.37106,32994.59119,3110.82768,2903.785072
,,,,,182,14596.70775,10747.128,11687.8036,33603.75818,3136.03164,2909.810862
,,,,,183,14570.09476,11049.54402,11596.13354,33675.70548,3209.0094,2949
,,,,,184,14880.18192,11029.12329,11817.33094,33838.56709,3181.67676,2949
,,,,,185,16597.44547,11286.32896,12010.7833,33724.64227,3122.1612,2949
,,,,,186,16104.55462,11998.60747,11835.73325,32975.10863,3056.92056,2949
,,,,,187,15067.17959,11891.79133,11437.33503,32625.85349,2946.51108,2949
,,,,,188,15495.70398,11710.43468,11773.2305,33078.16048,2918.60496,2949
,,,,,189,14890.26153,11513.79171,11534.25681,33272.315,2881.80504,2949
,,,,,190,13771.47091,11385.565,11026.86707,34890.28944,2853.92808,2905.239912
,,,,,191,12629.02989,10585.37372,10297.00423,33225.24643,2735.43156,2723.787942
,,,,,192,11534.24593,10015.73194,9675.988004,31730.47733,2739.9222,2381.684282
,,,,,193,11165.94457,9460.901171,9112.817636,30500.87401,2709.04176,1994.741828
,,,,,194,11039.96543,9326.838116,9003.775233,30087.89827,2638.89252,1896.599108
,,,,,195,11011.8997,9343.458291,9003.775233,29590.38099,2535.96744,1787.230528
,,,,,196,11011.8997,9177.591199,9003.775233,29590.38099,2481.18552,1753.700398
,,,,,197,11458.02159,9362.100838,9003.775233,29590.38099,2456.74944,1702.702358
,,,,,198,13244.4232,9997.327669,9912.836531,30272.62874,2500.15896,1746.239428
,,,,,199,14378.2649,10896.91088,10486.90426,31254.6386,2621.07576,2012.229398
,,,,,200,14167.75818,10740.77154,10621.28616,30971.764,2606.49576,2098.733398
,,,,,201,14664.89976,10659.57032,11176.29294,32097.11855,2845.31616,2338.752508
,,,,,202,14966.12076,10789.78448,11589.16434,33294.28549,3004.71444,2613.963018
,,,,,203,15750.98296,11357.19837,12504.33235,33768.56958,3087.40248,2847.425518
,,,,,204,15539.57282,11496.22603,11510.62531,33064.70989,3143.96316,2949
,,,,,205,14353.34751,10915.4656,11348.5721,32609.82831,3094.27452,2863.831788
,,,,,206,14519.58076,10640.71554,11551.89767,33207.61878,3119.634,2869.729788
,,,,,207,14493.10813,10940.13671,11458.90445,33278.22242,3171.31524,2934.627448
,,,,,208,14801.55986,10919.91821,11683.2946,33438.04251,3165.55128,2949
,,,,,209,16547.32575,11174.57673,11879.53925,33326.24529,3105.6858,2949
,,,,,210,16019.4751,11929.31738,11701.96253,32590.7096,3040.04664,2949
,,,,,211,14987.57129,11774.04314,11297.81385,32247.97698,2928.98592,2949
,,,,,212,15413.8356,11594.48249,11638.55762,32691.8369,2900.91456,2938.451318
,,,,,213,14811.58631,11399.7869,11396.13459,32882.36548,2863.89108,2949
,,,,,214,13698.6963,11272.83003,10881.42121,34479.72206,2835.84888,2865.257138
,,,,,215,12562.28062,10480.56313,10141.02357,32836.17594,2716.65252,2687.393118
,,,,,216,11473.27066,9916.562579,9511.043624,31369.32246,2721.1626,2352.081988
,,,,,217,11233.06824,9504.423104,8998.647066,30398.61748,2694.46176,1970.263763
,,,,,218,11106.3336,9369.743218,8884.067922,29975.02698,2624.57496,1873.025403
,,,,,219,11106.1087,9386.439863,8884.067922,29461.33366,2522.01924,1764.669313
,,,,,220,11106.1087,9184.516397,8884.067922,29461.33366,2467.43172,1731.453743
,,,,,221,11526.89683,9405.168185,8884.067922,29461.33366,2431.61352,1679.492363
,,,,,222,13324.01139,10043.31773,9819.84536,30164.5056,2486.33712,1724.061582
,,,,,223,14464.65269,10947.03996,10409.11074,31171.75615,2606.81652,1987.584223
,,,,,224,14252.88356,10790.18222,10547.05022,30881.6108,2592.28512,2073.291993
,,,,,225,14753.00648,10708.60739,11116.75003,32035.89044,2830.25016,2311.089523
,,,,,226,15056.03389,10839.42067,11540.55164,33263.82827,2989.07496,2583.754063
,,,,,227,15845.60287,11409.44527,12464.74743,33750.30292,3071.46168,2815.053963
,,,,,228,15632.9249,11549.11259,11459.9334,33028.35186,3127.81824,2949
,,,,,229,14439.58587,10965.68005,11293.59005,32561.77843,3078.30456,2831.302953
,,,,,230,14606.81601,10689.66586,11502.29839,33174.93395,3103.57656,2837.151803
,,,,,231,14580.18462,10990.46468,11406.8433,33247.35233,3145.2462,2901.449833
,,,,,232,14890.48612,10970.15315,11637.17387,33411.28029,3145.2462,2947.247803
,,,,,233,16605.45372,11225.98337,11838.61382,33296.60954,3089.67696,2949
,,,,,234,16115.70514,12011.99475,11656.33601,32542.1683,3024.2808,2949
,,,,,235,15077.61305,11828.20796,11241.48805,32190.6264,2913.60888,2949
,,,,,236,15506.43364,11647.82114,11591.25254,32645.89489,2885.64444,2905.234383
,,,,,237,14900.5727,11452.22974,11342.41169,32841.32064,2848.75704,2926.762083
,,,,,238,13781.00875,11324.68874,10814.07199,34466.52358,2820.82176,2832.718472
,,,,,239,12637.77804,10528.77658,10054.07334,32793.94389,2702.04336,2656.505893
,,,,,240,11542.23735,9962.181033,9407.415539,31289.38774,2706.54372,2324.291213
,,,,,241,11382.87885,9578.683386,8935.857191,30528.09131,2682.97272,1945.939962
,,,,,242,11268.88671,9442.951019,8818.702297,30095.30403,2611.44324,1849.173442
,,,,,243,11268.88671,9459.778143,8818.702297,29567.59555,2506.48668,1741.338342
,,,,,244,11268.88671,9379.204547,8818.702297,29567.59555,2450.63556,1708.280052
,,,,,245,11673.51079,9478.652821,8818.702297,29567.59555,2422.73916,1654.903152
,,,,,246,13451.074,10121.7893,9766.908361,30288.89652,2469.97836,1700.927212
,,,,,247,14579.30592,11032.57385,10363.24385,31318.01597,2593.27656,1963.181782
,,,,,248,14369.8407,10874.49031,10502.83834,31021.57114,2578.40496,2048.476692
,,,,,249,14864.52263,10792.278,11079.37352,32200.9119,2821.92984,2285.133942
,,,,,250,15164.25331,10924.11354,11508.25996,33455.51009,2984.45796,2556.491092
,,,,,251,15945.23233,11498.59271,12436.65558,33952.54683,3068.77896,2786.680202
,,,,,252,15734.86815,11639.35149,11426.67445,33214.92114,3126.44772,2949
,,,,,253,14554.51181,11051.35961,11258.33529,32738.2177,3075.77736,2802.850552
,,,,,254,14719.92261,10773.18845,11469.54775,33364.68574,3101.64228,2808.669912
,,,,,255,14693.58095,11076.33791,11372.94737,33438.67643,3150.738,2872.653382
,,,,,256,15000.50658,11055.86766,11606.04149,33606.16351,3148.46352,2918.235092
,,,,,257,16679.38413,11313.69711,11809.89835,33489.00309,3087.4122,2948.737582
,,,,,258,16212.39608,12009.93766,11625.43353,32718.18181,3020.49,2935.585042
,,,,,259,15185.59771,11920.6279,11205.60816,32359.00741,2907.24228,2935.653852
,,,,,260,15609.75303,11738.83141,11559.56919,32824.16046,2878.61688,2876.418272
,,,,,261,15010.48343,11541.71153,11307.7427,33023.82919,2840.8644,2897.847672
,,,,,262,13903.09955,11413.17383,10773.06389,34673.15862,2812.27788,2804.256242
,,,,,263,12772.30639,10611.04187,10003.94664,32975.42382,2690.72928,2628.889042
,,,,,264,11688.68441,10040.01855,9349.530138,31438.20152,2695.33656,2298.276652
,,,,,265,11531.49003,9605.807296,8994.241903,30643.06316,2682.79776,1931.857846
,,,,,266,11424.80456,9482.158734,8890.165766,30225.12159,2611.41408,1837.106476
,,,,,267,11424.80456,9497.487795,8890.165766,29720.03678,2506.67136,1731.522446
,,,,,268,11424.80456,9432.59874,8890.165766,29720.03678,2450.92716,1699.152256
,,,,,269,11812.04851,9514.682123,8890.165766,29720.03678,2433.4992,1641.076616
,,,,,270,13528.00037,10100.56228,9775.263606,30412.07336,2470.2408,1691.946866
,,,,,271,14617.12712,10930.26268,10335.69956,31405.89139,2593.28628,1948.735956
,,,,,272,14414.92208,10786.2528,10466.89044,31119.61537,2578.44384,2032.251636
,,,,,273,14892.45806,10711.35958,11008.71806,32258.50175,2821.473,2263.974226
,,,,,274,15181.7999,10831.45824,11411.78545,33470.06403,2983.68036,2529.679126
,,,,,275,15935.70974,11354.79341,12318.85585,33950.05115,3067.8264,2755.061366
,,,,,276,15732.63691,11483.02091,11335.11141,33237.72789,3125.37852,2949
,,,,,277,14593.19239,10947.376,11176.9063,32777.37659,3074.81508,2770.897496
,,,,,278,14752.86995,10693.96951,11375.40372,33382.35519,3100.62168,2776.598896
,,,,,279,14727.44131,10970.13057,11284.6187,33453.80781,3162.19788,2839.245486
,,,,,280,15023.72873,10951.48272,11503.6805,33615.54965,3147.34572,2883.883516
,,,,,281,16656.83098,11186.35847,11695.26514,33502.40813,3086.43048,2913.747056
,,,,,282,16193.61344,11810.55956,11521.90514,32758.02799,3019.63464,2900.869756
,,,,,283,15202.40449,11739.2562,11127.35335,32411.17418,2906.61048,2900.928736
,,,,,284,15611.85835,11573.64446,11460.00584,32860.3713,2878.05312,2842.941566
,,,,,285,15033.35978,11394.07351,11223.33937,33053.19088,2840.36868,2863.918786
,,,,,286,13964.35845,11276.9791,10720.84835,34663.57464,2811.84048,2772.273696
,,,,,287,12872.75923,10546.2583,9998.032131,33006.44594,2690.5446,2600.563256
,,,,,288,11826.69621,10026.07131,9383.011645,31521.95428,2695.13244,2276.841696
,,,,,289,11531.29298,9526.37949,8991.574916,30523.22397,2690.53488,1921.742348
,,,,,290,11426.54495,9400.823068,8890.809109,30106.33702,2621.6298,1829.281368
,,,,,291,11426.54495,9416.388652,8890.809109,29602.85939,2520.53208,1726.243308
,,,,,292,11426.54495,9350.809525,8890.809109,29602.85939,2466.73188,1694.659518
,,,,,293,11809.18035,9433.848283,8890.809109,29602.85939,2450.98548,1636.652688
,,,,,294,13508.79525,10028.7684,9759.933788,30292.81704,2485.36512,1687.631068
,,,,,295,14587.55282,10871.27082,10311.28331,31284.12729,2604.1338,1938.217428
,,,,,296,14387.2729,10725.03891,10440.34716,30998.57365,2589.80652,2019.717958
,,,,,297,14860.26242,10648.99011,10973.39005,32134.58618,2824.389,2245.837448
,,,,,298,15146.84955,10770.94186,11369.92244,33343.09121,2980.95876,2505.123358
,,,,,299,15893.58168,11302.35193,12271.59527,33821.86713,3062.17908,2725.069608
,,,,,300,15692.44223,11432.55794,11294.49152,33111.34135,3117.72888,2949
,,,,,301,14563.84596,10888.6482,11138.85142,32652.15169,3068.92476,2740.522368
,,,,,302,14722.00329,10631.33171,11334.13057,33255.60369,3093.83712,2746.086148
,,,,,303,14696.81675,10911.75386,11244.81747,33326.87601,3154.56768,2807.218918
,,,,,304,14990.28332,10892.81827,11460.32759,33488.20971,3138.93792,2850.775648
,,,,,305,16611.24772,11131.31808,11648.80603,33375.35369,3080.13192,2879.921598
,,,,,306,16149.02997,11765.49511,11478.25675,32632.85191,3015.66888,2867.349028
,,,,,307,15167.25797,11692.74687,11090.10189,32286.87335,2906.5716,2867.417838
,,,,,308,15572.81356,11524.57978,11417.36103,32734.93697,2879.00568,2810.816698
,,,,,309,14999.82267,11342.23811,11184.53167,32927.27,2842.63344,2831.292588
,,,,,310,13940.99892,11223.33697,10690.18761,34534.88708,2815.09668,2741.869078
,,,,,311,12859.79243,10481.34137,9979.090532,32880.64301,2698.00956,2574.297068
,,,,,312,11823.6886,9953.128051,9374.041472,31399.8973,2702.4516,2258.400188
,,,,,313,11375.57887,9466.771432,8920.996349,30419.68114,2691.26388,1916.771787
,,,,,314,11265.47187,9332.625178,8821.103035,30022.22055,2623.78764,1826.837117
,,,,,315,11265.47187,9349.255667,8821.103035,29548.34714,2524.77972,1726.610437
,,,,,316,11265.47187,9243.313437,8821.103035,29548.34714,2472.0876,1695.881857
,,,,,317,11660.85451,9367.909784,8821.103035,29548.34714,2453.09472,1634.060987
,,,,,318,13405.65746,10003.53083,9686.017727,30200.01086,2490.34176,1689.050007
,,,,,319,14513.09621,10903.67231,10234.97237,31145.12742,2606.65128,1932.794687
,,,,,320,14307.49141,10747.43608,10363.47561,30872.88019,2592.62532,2012.063807
,,,,,321,14793.05641,10666.18446,10894.20314,31955.9561,2822.35752,2232.010057
,,,,,322,15087.26309,10796.47943,11289.01313,33108.14648,2975.6808,2484.208537
,,,,,323,15853.84877,11364.24546,12189.26333,33564.6121,3055.21956,2698.148657
,,,,,324,15647.36158,11503.3594,11213.90986,32887.19583,3109.6224,2949
,,,,,325,14488.75906,10922.23855,11058.9458,32449.40378,3061.82916,2713.178727
,,,,,326,14651.12135,10647.31799,11253.37672,33024.73575,3086.21664,2718.585227
,,,,,327,14625.26517,10946.92497,11164.45157,33092.68688,3141.38736,2778.056727
,,,,,328,14926.5342,10926.69392,11379.02558,33246.50266,3130.38432,2820.424027
,,,,,329,16581.07191,11181.51048,11566.68534,33138.90557,3072.80304,2848.773747
,,,,,330,16116.08873,11889.76159,11396.87686,32431.00334,3009.67164,2836.545227
,,,,,331,15108.21412,11781.34892,11010.40802,32101.14691,2902.8294,2836.604207
,,,,,332,15524.55232,11601.67683,11336.24566,32528.33138,2875.83696,2781.556207
,,,,,333,14936.32718,11406.86042,11104.42763,32711.70195,2840.21316,2801.471787
,,,,,334,13849.35224,11279.82476,10612.23084,34268.35665,2813.24988,2714.486117
,,,,,335,12739.39945,10487.06619,9904.222527,32667.24772,2698.59276,2551.494887
,,,,,336,11675.74848,9922.715619,9301.801598,31255.50271,2702.92788,2244.228747
,,,,,337,11382.65184,9543.816666,8900.160249,30278.01774,2705.59116,1911.370843
,,,,,338,11275.49284,9408.57846,8803.746045,29870.05327,2642.66388,1822.576453
,,,,,339,11275.49284,9425.344322,8803.746045,29380.17279,2550.3336,1723.617843
,,,,,340,11275.49284,9338.466889,8803.746045,29380.17279,2501.18928,1693.272633
,,,,,341,11663.86316,9444.150283,8803.746045,29380.17279,2471.25168,1630.449103
,,,,,342,13383.80793,10084.9453,9651.87317,30052.54213,2518.21872,1686.529253
,,,,,343,14475.46901,10992.41394,10191.27809,31022.63572,2626.6842,1927.197143
,,,,,344,14272.79345,10834.90594,10317.54587,30743.19369,2613.60108,2005.463603
,,,,,345,14751.44062,10752.99294,10839.04076,31854.89255,2827.84932,2222.637793
,,,,,346,15041.45574,10884.34851,11226.98256,33037.53239,2970.84024,2471.651353
,,,,,347,15797.11989,11456.73616,12121.55999,33506.06125,3045.02328,2682.888223
,,,,,348,15593.57452,11596.98249,11153.1858,32810.74259,3095.75196,2949
,,,,,349,14451.47859,11011.13131,11000.91753,32361.3808,3051.18576,2697.731523
,,,,,350,14611.52771,10733.97289,11191.96609,32951.91734,3073.93056,2703.069213
,,,,,351,14586.0399,11036.01867,11104.58789,33021.66424,3112.84944,2761.793633
,,,,,352,14883.01675,11015.62294,11315.42914,33179.54498,3112.84944,2803.620283
,,,,,353,16519.08561,11272.51372,11499.82433,33069.10437,3061.42092,2831.616123
,,,,,354,16055.62371,11971.24404,11332.96988,32342.49408,3002.53716,2819.544883
,,,,,355,15062.10828,11877.23485,10953.22412,32003.92038,2902.90716,2819.603863
,,,,,356,15472.51491,11696.10023,11273.39342,32442.39425,2877.72264,2765.243963
,,,,,357,14892.67021,11499.698,11045.60815,32630.61085,2844.5094,2784.913793
,,,,,358,13821.18139,11371.62827,10561.9737,34214.82102,2819.35404,2699.019253
,,,,,359,12727.04209,10572.41663,9866.282038,32584.9818,2712.42432,2538.092323
,,,,,360,11678.54494,10003.47225,9274.340938,31135.92795,2716.47756,2234.699203
,,,,,361,11428.82385,9838.113313,8838.558769,30295.47426,2713.3866,1906.1353
,,,,,362,11325.3307,9707.595409,8730.971396,29858.12704,2648.28204,1816.9772
,,,,,363,11325.3307,9723.776081,8730.971396,29323.46957,2552.7636,1717.62539
,,,,,364,11325.3307,9656.402388,8730.971396,29323.46957,2501.91828,1687.16222
,,,,,365,11704.98115,9741.925647,8730.971396,29323.46957,2464.3116,1623.85702
,,,,,366,13394.01461,10360.3546,9633.011816,30053.75926,2519.53092,1680.38935
,,,,,367,14466.05607,11236.14932,10203.08567,31093.72174,2631.74832,1922.02058
,,,,,368,14267.02305,11084.13891,10336.53266,30794.1535,2618.21808,2000.61143
,,,,,369,14737.06784,11005.08497,10887.67817,31985.92006,2839.87296,2218.65066
,,,,,370,15021.87074,11131.85576,11297.67716,33253.73698,2987.81136,2468.66688
,,,,,371,15763.95388,11684.26502,12210.47271,33756.01061,3064.55076,2680.74913
,,,,,372,15564.06668,11819.61624,11219.68454,33010.61313,3117.04848,2949
,,,,,373,14442.49681,11254.21338,11058.75876,32528.88703,3070.92708,2695.65141
,,,,,374,14599.66948,10986.72879,11260.66977,33161.95568,3094.46892,2701.00876
,,,,,375,14574.63974,11278.23209,11168.32351,33236.72595,3130.70508,2759.95927
,,,,,376,14866.27925,11258.54824,11391.15255,33405.97771,3130.70508,2801.96286
,,,,,377,16479.38199,11506.4726,11586.03189,33287.58286,3081.52188,2830.06683
,,,,,378,16017.81181,12166.59252,11409.6906,32508.64004,3020.60664,2817.94644
,,,,,379,15042.1521,12090.08678,11008.35365,32145.6813,2917.52604,2818.00542
,,,,,380,15445.18279,11915.27441,11346.72681,32615.7353,2891.47644,2763.43909
,,,,,381,14875.75922,11725.72733,11105.99035,32817.50779,2857.10652,2783.17773
,,,,,382,13823.52748,11602.1277,10594.85791,34478.79961,2831.08608,2696.94897
,,,,,383,12749.05234,10830.81143,9859.611324,32768.59241,2720.45304,2535.37326
,,,,,384,11719.39907,10281.72526,9234.014241,31215.1736,2724.64236,2230.76122
,,,,,385,11515.1913,9977.566793,8906.488146,30649.22426,2718.2466,1904.989891
,,,,,386,11409.11119,9837.33064,8777.635431,30194.85849,2644.64676,1813.620041
,,,,,387,11409.11119,9854.716111,8777.635431,29634.26611,2536.65756,1711.800901
,,,,,388,11409.11119,9783.82733,8777.635431,29634.26611,2479.1832,1680.580821
,,,,,389,11794.91517,9874.217077,8777.635431,29634.26611,2440.08936,1614.120191
,,,,,390,13505.76245,10538.69371,9782.286366,30398.10337,2499.09948,1673.631011
,,,,,391,14591.6493,11479.69933,10410.73089,31478.53404,2625.9552,1921.268371
,,,,,392,14390.04577,11316.37036,10557.8417,31167.30866,2610.65592,2001.805561
,,,,,393,14866.16118,11231.43013,11165.41979,32405.45059,2861.2278,2225.261121
,,,,,394,15154.64229,11367.64016,11617.39916,33722.60222,3028.4604,2481.489901
,,,,,395,15906.30942,11961.18133,12564.86835,34244.42088,3115.2114,2698.831201
,,,,,396,15703.84069,12106.61068,11531.42076,33470.01766,3174.552,2949
,,,,,397,14567.78577,11499.10842,11354.01756,32969.5461,3122.42364,2714.107021
,,,,,398,14726.98832,11211.70717,11576.60253,33627.24942,3149.02728,2719.601991
,,,,,399,14701.63533,11524.91554,11474.8008,33704.92924,3192.06744,2780.017171
,,,,,400,14997.04135,11503.76606,11720.44562,33880.76711,3192.06744,2823.062741
,,,,,401,16626.35107,11770.15065,11935.27894,33757.76515,3134.38896,2851.854811
,,,,,402,16163.44592,12481.08592,11740.88181,32948.51123,3065.53248,2839.439521
,,,,,403,15175.18559,12397.22023,11298.4514,32571.42863,2948.9994,2839.498501
,,,,,404,15583.42142,12209.39148,11671.47107,33059.7739,2919.55752,2783.575631
,,,,,405,15006.64375,12005.73089,11406.08526,33269.39799,2880.70668,2803.805771
,,,,,406,13940.82247,11872.92814,10842.61725,34975.33563,2851.29396,2715.434071
,,,,,407,12852.47051,11044.18034,10032.08772,33218.57916,2726.22672,2549.847721
,,,,,408,11809.5193,10454.20969,9342.434864,31604.71197,2730.97008,2237.666581
,,,,,409,11658.48551,10138.91113,9178.174965,31189.45265,2741.73984,1918.884383
,,,,,410,11552.25178,9995.238724,9041.009554,30721.92676,2664.981,1826.629833
,,,,,411,11552.25178,10013.0502,9041.009554,30141.2794,2552.36508,1723.817863
,,,,,412,11552.25178,9915.369199,9041.009554,30141.2794,2492.42184,1692.293053
,,,,,413,11938.42118,10033.029,9041.009554,30141.2794,2466.12924,1624.122003
,,,,,414,13650.56386,10713.78752,10085.7713,30931.05837,2513.18376,1685.274433
,,,,,415,14737.27291,11677.8509,10737.03313,32042.78232,2645.4924,1935.320143
,,,,,416,14535.51674,11510.51983,10889.48517,31722.5427,2629.53216,2016.643733
,,,,,417,15011.99264,11423.49828,11519.12295,32996.5458,2890.85436,2242.271723
,,,,,418,15300.69219,11563.04591,11987.5126,34351.84703,3065.26032,2500.997323
,,,,,419,16052.92846,12171.13081,12948.53583,34888.7795,3155.7438,2720.461903
,,,,,420,15850.30642,12320.12367,11898.41253,34091.94669,3217.63104,2949
,,,,,421,14713.39131,11697.73558,11714.56825,33576.97961,3163.25736,2735.885173
,,,,,422,14872.71441,11403.29204,11945.23473,34253.73247,3191.00796,2741.429293
,,,,,423,14847.34222,11724.17506,11839.73684,34333.66218,3248.09352,2802.434273
,,,,,424,15142.97191,11702.50734,12094.30043,34514.59297,3241.25064,2845.902533
,,,,,425,16773.24407,11975.41924,12316.93382,34388.02841,3175.74756,2874.979673
,,,,,426,16310.25964,12724.31873,12115.4786,33555.3355,3103.92648,2862.436593
,,,,,427,15321.25104,12617.85411,11656.98461,33167.33119,2982.39732,2862.495573
,,,,,428,15729.79597,12425.42293,12043.54773,33669.82075,2951.68212,2806.032053
,,,,,429,15152.58158,12216.77198,11768.5264,33885.51633,2911.16916,2826.458793
,,,,,430,14085.95329,12080.71513,11184.60023,35625.97774,2880.49284,2737.222053
,,,,,431,12996.77727,11231.66025,10344.64233,33833.2256,2750.06988,2570.023583
,,,,,432,11953.03636,10627.23336,9629.949853,32172.61482,2755.00764,2254.804973
,,,,,433,11709.64046,10283.80082,9377.580357,31429.11698,2771.3664,1938.974766
,,,,,434,11598.76132,10140.76131,9239.12401,30932.08015,2693.1204,1845.285036
,,,,,435,11598.76132,10158.49432,9239.12401,30306.46046,2578.29804,1740.880606
,,,,,436,11598.76132,10086.59156,9239.12401,30306.46046,2517.1884,1708.864296
,,,,,437,11995.98062,10178.38511,9239.12401,30306.46046,2508.1974,1637.724586
,,,,,438,13747.29443,10856.1448,10290.11484,31154.41246,2538.35856,1701.747376
,,,,,439,14858.86566,11815.96137,10944.92012,32336.31012,2673.243,1955.666106
,,,,,440,14652.49363,11649.36742,11098.20165,31995.85649,2656.97172,2038.247936
,,,,,441,15139.87055,11562.72921,11731.26522,33350.27661,2923.3872,2267.375406
,,,,,442,15435.17509,11701.66211,12202.20334,34791.12652,3101.19516,2530.101816
,,,,,443,16204.62133,12307.06832,13165.33148,35361.95098,3193.42824,2752.967576
,,,,,444,15997.36362,12455.40484,12112.61849,34514.82087,3256.52076,2949
,,,,,445,14834.43769,11835.75846,11927.77393,33967.34829,3201.09732,2768.626766
,,,,,446,14997.40585,11542.61198,12159.69545,34686.81881,3229.38252,2774.259356
,,,,,447,14971.45318,11862.08147,12053.62355,34771.79381,3309.09624,2836.208016
,,,,,448,15273.84642,11840.5092,12309.57219,34964.14522,3280.5972,2880.344716
,,,,,449,16933.22149,12112.21889,12533.41692,34829.59172,3213.8208,2909.874036
,,,,,450,16467.83985,12837.81252,12330.8656,33944.33796,3140.60976,2897.134356
,,,,,451,15456.20429,12751.82375,11869.87699,33531.84223,3016.70892,2897.203166
,,,,,452,15874.09608,12560.24026,12258.54335,34066.0497,2985.4008,2839.854946
,,,,,453,15283.67594,12352.50844,11982.02567,34295.36031,2944.10052,2860.606076
,,,,,454,14192.64488,12217.05093,11394.9224,36113.23965,2912.83128,2769.983306
,,,,,455,13078.55023,11371.73624,10550.39437,34239.76891,2779.85196,2600.199546
,,,,,456,12010.93018,10769.97193,9831.813312,32474.33785,2784.89664,2280.095426
,,,,,457,11710.56433,10371.9104,9423.827746,31764.96354,2799.62244,1964.933892
,,,,,458,11598.87891,10237.09728,9280.627923,31270.64096,2721.19176,1868.983262
,,,,,459,11598.87891,10253.81044,9280.627923,30649.15757,2606.11668,1762.052522
,,,,,460,11598.87891,10184.88317,9280.627923,30649.15757,2545.58052,1729.279302
,,,,,461,11998.01607,10272.55729,9280.627923,30649.15757,2545.58052,1656.576622
,,,,,462,13756.12853,10911.33814,10354.50719,31491.75914,2566.08972,1721.975612
,,,,,463,14872.01492,11815.95442,11022.33272,32667.20262,2701.27548,1982.028262
,,,,,464,14664.84174,11658.9415,11178.66211,32328.60816,2684.96532,2066.605582
,,,,,465,15154.11068,11577.28597,11824.31361,33675.63197,2951.98344,2301.257512
,,,,,466,15450.5616,11708.22866,12304.61593,35108.61359,3130.18992,2570.334102
,,,,,467,16222.99486,12278.81718,13275.47842,35676.32086,3222.64656,2798.576872
,,,,,468,16014.93256,12418.62268,12213.24976,34833.81681,3285.87516,2949
,,,,,469,14847.49212,11834.61295,12024.72973,34289.3339,3230.32536,2814.619432
,,,,,470,15011.09293,11558.3257,12261.26281,35004.8755,3258.6786,2820.389642
,,,,,471,14985.03951,11859.42209,12153.08175,35089.38646,3351.12552,2883.832462
,,,,,472,15288.60665,11839.09047,12414.11972,35280.68747,3310.00992,2929.030802
,,,,,473,16953.0329,12095.17379,12642.4154,35146.86874,3243.078,2949
,,,,,474,16487.2352,12777.7528,12435.83653,34266.44924,3169.70172,2946.233302
,,,,,475,15471.67244,12697.99415,11965.68155,33856.20609,3045.519,2946.302112
,,,,,476,15891.1865,12517.42887,12362.07621,34387.49632,3014.14284,2887.567862
,,,,,477,15298.47433,12321.64398,12080.06021,34615.55469,2972.74536,2908.820322
,,,,,478,14203.20785,12193.9768,11481.2829,36426.31357,2941.39836,2816.015292
,,,,,479,13084.78825,11397.27726,10619.96216,34560.26687,2808.12744,2642.122592
,,,,,480,12013.02366,10830.12118,9887.092733,32804.4766,2813.18184,2314.292092
,,,,,481,11729.56738,10280.6183,9463.140061,31946.92448,2816.64216,2002.41032
,,,,,482,11620.64232,10146.80881,9324.66337,31481.97155,2736.53964,1900.64033
,,,,,483,11620.64232,10163.39755,9324.66337,30905.24515,2619.02484,1787.22179
,,,,,484,11620.64232,10094.83329,9324.66337,30905.24515,2557.05984,1752.45308
,,,,,485,12013.21349,10182.00484,9324.66337,30905.24515,2557.05984,1683.94781
,,,,,486,13748.04999,10816.03022,10375.75236,31689.95223,2578.14252,1744.70704
,,,,,487,14849.16296,11713.91199,11030.61349,32795.55801,2716.2054,2020.54667
,,,,,488,14644.73258,11558.06797,11183.90808,32477.08077,2699.55504,2110.24542
,,,,,489,15127.524,11477.02033,11817.02565,33744.07263,2972.23992,2359.15085
,,,,,490,15420.05015,11606.98821,12288.00392,35091.91519,3154.24692,2644.55507
,,,,,491,16182.25703,12173.32891,13251.16523,35625.89275,3248.65728,2886.64831
,,,,,492,15976.94931,12312.09362,12198.41144,34833.44516,3313.23696,2949
,,,,,493,14824.96482,11732.43162,12013.55111,34321.31212,3256.50132,2903.65421
,,,,,494,14986.39968,11458.20121,12245.49241,34994.34059,3285.4572,2909.7783
,,,,,495,14960.69119,11757.05606,12139.41146,35073.83042,3379.55652,2949
,,,,,496,15260.23935,11736.8758,12395.38193,35253.76549,3337.88688,2949
,,,,,497,16907.3723,11991.05268,12619.24574,35127.89745,3269.53584,2949
,,,,,498,16442.99905,12668.38385,12416.67715,34299.78712,3194.59464,2949
,,,,,499,15440.8815,12589.38528,11955.64923,33913.91812,3067.7778,2949
,,,,,500,15854.84154,12410.16424,12344.34874,34413.64232,3035.72124,2949
,,,,,501,15269.97639,12215.83689,12067.80747,34628.15086,2993.44896,2949
,,,,,502,14189.21034,12089.12014,11480.65414,36361.8625,2961.441,2905.13854
,,,,,503,13085.5977,11298.35171,10636.05409,34576.1479,2825.33184,2720.69825
,,,,,504,12028.02239,10735.41789,9917.411752,32924.676,2830.48344,2372.97183
,,,,,505,11726.7767,10075.73604,9520.917502,31780.29511,2832.05808,2082.164387
,,,,,506,11623.0609,9936.38236,9394.943036,31326.50277,2754.15228,1977.573187
,,,,,507,11623.0609,9953.658428,9394.943036,30766.78423,2639.83536,1861.018877
,,,,,508,11623.0609,9883.088837,9394.943036,30766.78423,2578.98816,1825.286827
,,,,,509,12003.24097,9973.036679,9394.943036,30766.78423,2577.2094,1757.115777
,,,,,510,13694.15189,10633.33192,10385.70571,31529.49115,2600.06112,1817.334357
,,,,,511,14767.38498,11568.41602,11006.24981,32608.55828,2734.36236,2100.792237
,,,,,512,14568.13073,11406.11485,11151.51123,32297.72568,2718.16884,2192.977977
,,,,,513,15038.698,11321.70913,11751.45121,33534.30504,2983.41792,2448.764407
,,,,,514,15323.81747,11457.06202,12197.74857,34849.79439,3160.44828,2742.062117
,,,,,515,16066.72548,12046.86818,13140.52471,35370.9545,3252.29256,2949
,,,,,516,15866.6161,12191.38238,12112.85104,34597.5286,3315.11292,2949
,,,,,517,14743.79953,11587.70298,11937.67805,34097.68864,3259.92276,2949
,,,,,518,14901.14692,11302.11027,12157.46481,34754.56194,3288.09132,2949
,,,,,519,14876.08936,11613.3477,12056.94287,34832.14372,3376.13508,2949
,,,,,520,15168.05304,11592.33131,12299.4996,35007.75968,3339.08244,2949
,,,,,521,16782.55066,11857.0396,12511.63216,34884.91294,3272.59764,2949
,,,,,522,16320.86559,12563.36056,12319.67887,34076.68033,3199.69764,2949
,,,,,523,15344.12138,12480.16319,11882.81043,33700.07361,3076.34112,2949
,,,,,524,15747.60006,12293.5164,12251.14072,34187.80258,3045.16908,2949
,,,,,525,15177.54354,12091.1374,11989.09119,34397.16212,3004.04376,2949
,,,,,526,14124.14219,11959.17035,11432.70675,36101.59547,2972.90088,2949
,,,,,527,13048.47271,11135.63765,10632.36671,34346.40742,2840.51448,2820.308917
,,,,,528,12017.67492,10549.37954,9951.38376,32734.57697,2845.53,2462.968757
,,,,,529,11701.33,9944.762984,9620.4562,31605.83018,2834.11872,2181.34581
,,,,,530,11601.69069,9806.954471,9510.579902,31162.24936,2758.26384,2069.75565
,,,,,531,11601.69069,9824.038981,9510.579902,30618.09237,2646.96012,1945.39632
,,,,,532,11601.69069,9754.028276,9510.579902,30618.09237,2587.71672,1907.27558
,,,,,533,11972.17415,9843.202364,9510.579902,30618.09237,2574.10872,1850.7924
,,,,,534,13628.71123,10496.17618,10423.66495,31360.66996,2608.23564,1898.79229
,,,,,535,14680.12701,11420.89197,11000.02162,32415.45525,2738.9988,2201.2319
,,,,,536,14484.92331,11260.39041,11134.93933,32111.6172,2723.22324,2299.59088
,,,,,537,14945.92462,11176.92059,11692.15904,33320.37026,2981.49336,2572.511
,,,,,538,15225.24801,11310.77268,12106.67665,34606.25764,3153.86784,2885.43922
,,,,,539,15953.05375,11894.039,13023.20435,35115.69028,3243.28212,2949
,,,,,540,15757.01231,12036.95081,12027.82447,34359.66849,3304.45008,2949
,,,,,541,14657.02102,11439.96508,11865.12512,33871.07625,3250.71792,2949
,,,,,542,14811.16975,11157.53905,12069.2614,34513.16817,3278.13804,2949
,,,,,543,14786.62157,11465.32545,11975.89739,34589.00415,3349.512,2949
,,,,,544,15072.65005,11444.54208,12201.18224,34760.66829,3327.7878,2949
,,,,,545,16661.609,11706.31527,12398.20936,34640.58593,3263.0526,2949
,,,,,546,16202.02754,12404.55675,12219.9246,33850.54068,3192.07716,2949
,,,,,547,15245.13916,12322.52959,11814.16449,33482.40861,3071.96712,2949
,,,,,548,15640.4157,12137.95236,12156.26688,33959.16239,3041.61156,2949
,,,,,549,15081.94762,11937.81736,11912.87726,34163.81078,3001.57488,2949
,,,,,550,14049.96043,11807.31357,11396.1116,35841.4556,2971.2582,2949
,,,,,551,12996.15779,10992.91229,10652.76182,34114.1982,2842.35156,2949
,,,,,552,11986.31467,10413.15468,10020.27001,32538.63818,2847.231,2587.66886
,,,,,553,11613.978,9984.817822,9585.326043,31583.90736,2823.48504,2289.031494
,,,,,554,11515.68316,9854.553229,9470.578069,31150.13927,2744.51004,2173.106304
,,,,,555,11515.68316,9870.702498,9470.578069,30620.93611,2628.61848,2043.910614
,,,,,556,11515.68316,9803.420427,9470.578069,30620.93611,2566.93536,2004.305544
,,,,,557,11882.96857,9888.816838,9470.578069,30620.93611,2543.94756,1955.725684
,,,,,558,13528.16878,10506.04553,10407.17016,31344.17049,2588.30964,1995.488034
,,,,,559,14572.38897,11380.14049,10996.89896,32375.62221,2724.44796,2309.684324
,,,,,560,14378.52119,11228.42511,11134.94691,32078.50555,2708.03088,2411.877004
,,,,,561,14836.36754,11149.5246,11705.09476,33260.51903,2976.92496,2695.393864
,,,,,562,15113.77932,11276.04935,12129.22965,34517.96048,3156.39504,2949
,,,,,563,15836.60416,11827.38648,13053.70073,35016.12364,3249.50292,2949
,,,,,564,15641.90437,11962.47501,12048.54801,34276.82629,3313.17864,2949
,,,,,565,14549.44111,11398.1695,11882.07385,33799.0425,3257.23032,2949
,,,,,566,14702.53489,11131.20404,12090.94632,34426.9303,3285.78768,2949
,,,,,567,14678.15472,11422.14159,11995.41616,34501.08867,3349.43424,2949
,,,,,568,14962.22569,11402.49595,12225.92787,34668.95531,3337.48836,2949
,,,,,569,16542.7617,11649.93913,12427.52625,34551.52937,3270.08016,2949
,,,,,570,16083.87405,12308.73452,12245.10508,33778.96121,3196.179,2949
,,,,,571,15133.53434,12232.42062,11829.93087,33418.97282,3071.1312,2949
,,,,,572,15526.10572,12057.94753,12179.97043,33885.18003,3039.52176,2949
,,,,,573,14971.45963,11868.76833,11930.93389,34085.30127,2997.83268,2949
,,,,,574,13946.53507,11745.40858,11402.17868,35737.20373,2966.27184,2949
,,,,,575,12899.94436,10975.58929,10641.58234,34036.7862,2832.05808,2949
,,,,,576,11897.01232,10427.56879,9994.415986,32496.08013,2837.14164,2711.141524
,,,,,577,11530.37352,9997.128216,9395.887098,31620.96203,2814.27048,2377.174155
,,,,,578,11433.10823,9870.758633,9262.433784,31217.36658,2732.61276,2259.794125
,,,,,579,11433.10823,9886.425027,9262.433784,30734.14411,2612.79432,2128.976485
,,,,,580,11433.10823,9820.55178,9262.433784,30734.14411,2549.0214,2088.870085
,,,,,581,11797.94468,9903.997734,9262.433784,30734.14411,2525.89752,2047.741365
,,,,,582,13434.4635,10502.77082,10289.28375,31397.90111,2571.11496,2079.944445
,,,,,583,14473.17355,11350.72967,10930.35634,32357.6057,2711.87028,2398.082565
,,,,,584,14280.32878,11203.5507,11080.42321,32081.15628,2694.89916,2501.553145
,,,,,585,14735.75916,11127.00937,11700.21007,33180.94965,2972.92032,2788.638295
,,,,,586,15011.70709,11249.75094,12161.27159,34350.92427,3158.4654,2949
,,,,,587,15730.71774,11784.60267,13116.24216,34814.43552,3254.73228,2949
,,,,,588,15537.04534,11915.65195,12073.56553,34126.56322,3320.56584,2949
,,,,,589,14450.34678,11368.2196,11892.59756,33682.01378,3262.72212,2949
,,,,,590,14602.63272,11109.23661,12119.65518,34266.22609,3292.25148,2949
,,,,,591,14578.38119,11391.4749,12015.80783,34335.22606,3358.83348,2949
,,,,,592,14860.95319,11372.41668,12266.38868,34491.41601,3345.70176,2949
,,,,,593,16435.0392,11612.46113,12485.53889,34382.15814,3276.00936,2949
,,,,,594,15976.68283,12250.89005,12287.23552,33663.32933,3199.60044,2949
,,,,,595,15031.35788,12177.52598,11835.91484,33328.3815,3070.31472,2949
,,,,,596,15421.85773,12008.26976,12216.43002,33762.15964,3037.63608,2949
,,,,,597,14870.1384,11824.74716,11945.71152,33948.36057,2994.5376,2949
,,,,,598,13850.62216,11705.07597,11370.92109,35521.10925,2961.89784,2949
,,,,,599,12809.5541,10958.27486,10544.10465,33903.22017,2823.13512,2949
,,,,,600,11811.91432,10426.6406,9840.593799,32469.68464,2828.39364,2804.582555
,,,,,601,11432.55026,10079.20393,9294.511572,31558.52211,2814.3288,2430.186362
,,,,,602,11337.33337,9957.070765,9161.229236,31159.51017,2734.39152,2314.929612
,,,,,603,11337.33337,9972.211958,9161.229236,30683.27261,2617.10028,2186.490832
,,,,,604,11337.33337,9907.871023,9161.229236,30683.27261,2554.66872,2147.111852
,,,,,605,11697.29735,9989.195557,9161.229236,30683.27261,2536.08408,2105.245882
,,,,,606,13316.54362,10567.89535,10187.25419,31337.99442,2576.29572,2138.343492
,,,,,607,14344.29065,11387.42719,10827.85747,32286.79993,2714.08644,2450.711402
,,,,,608,14153.48125,11245.18225,10977.81448,32013.49007,2697.46524,2552.304452
,,,,,609,14604.10481,11171.20689,11597.14761,33100.79341,2969.62524,2834.179702
,,,,,610,14877.14027,11289.83366,12057.87159,34257.48098,3151.2726,2949
,,,,,611,15588.56215,11806.755,13012.56339,34715.72827,3245.49828,2949
,,,,,612,15396.93386,11933.41098,11970.22974,34035.66793,3309.9516,2949
,,,,,613,14321.70481,11404.33078,11789.39426,33596.1671,3253.32288,2949
,,,,,614,14472.38345,11154.02995,12016.28565,34173.74469,3282.23016,2949
,,,,,615,14448.38789,11426.80647,11912.51433,34241.96104,3352.30164,2949
,,,,,616,14727.97749,11408.38716,12162.91174,34396.37719,3334.55292,2949
,,,,,617,16289.23053,11640.38434,12381.90151,34288.36013,3266.32824,2949
,,,,,618,15831.93122,12256.66162,12183.74331,33577.69484,3191.53284,2949
,,,,,619,14896.58365,12186.50593,11732.75303,33246.55092,3064.96872,2949
,,,,,620,15282.96199,12022.92387,12112.98965,33675.40277,3032.9802,2949
,,,,,621,14737.06576,11845.55369,11842.46933,33859.48907,2990.78568,2949
,,,,,622,13728.30995,11729.89436,11268.09969,35420.21353,2958.83604,2949
,,,,,623,12698.22979,11008.12905,10441.88854,33814.86132,2822.99904,2949
,,,,,624,11711.11955,10494.31731,9738.892715,32397.60603,2828.15064,2849.829062
,,,,,625,11316.61341,10120.173,9278.709621,31286.96922,2821.48272,2451.373944
,,,,,626,11221.74528,9997.785957,9157.620943,30889.29216,2746.80396,2341.749784
,,,,,627,11221.74528,10012.95862,9157.620943,30415.08886,2637.2304,2219.582544
,,,,,628,11221.74528,9948.525859,9157.620943,30415.08886,2578.9104,2182.130244
,,,,,629,11580.87968,10029.97753,9157.620943,30415.08886,2555.1936,2126.698874
,,,,,630,13197.18515,10609.88029,10124.80849,31067.1793,2599.10856,2173.794404
,,,,,631,14223.06565,11431.11573,10731.94172,32012.8106,2727.84024,2470.906154
,,,,,632,14032.60278,11288.5751,10874.06382,31740.41509,2712.3174,2567.535054
,,,,,633,14482.40794,11214.44597,11461.03822,32824.08089,2966.57316,2835.648304
,,,,,634,14754.94752,11333.31934,11897.69043,33976.89878,3136.26492,2949
,,,,,635,15465.07736,11851.31523,12832.50018,34433.61301,3224.29896,2949
,,,,,636,15273.79709,11978.23449,11814.62767,33755.8278,3284.50464,2949
,,,,,637,14200.52082,11448.05446,11643.24042,33317.79731,3231.6084,2949
,,,,,638,14350.92581,11197.23332,11858.27726,33893.44263,3258.61056,2949
,,,,,639,14326.97382,11470.57688,11759.92775,33961.43076,3316.40568,2949
,,,,,640,14606.05564,11452.11928,11997.24247,34115.33032,3307.49244,2949
,,,,,641,16165.12377,11684.59872,12204.79053,34007.67463,3243.7584,2949
,,,,,642,15708.00443,12302.20353,12016.98564,33299.38685,3173.88132,2949
,,,,,643,14774.35559,12231.85557,11589.55857,32969.35077,3055.63752,2949
,,,,,644,15160.03221,12067.93346,11949.9287,33396.7679,3025.75824,2949
,,,,,645,14615.12741,11890.19457,11693.54244,33580.23834,2986.34364,2949
,,,,,646,13608.20365,11774.29481,11149.1823,35137.46092,2956.49352,2949
,,,,,647,12579.99427,11051.02913,10366.13878,33535.7599,2829.5892,2949
,,,,,648,11594.67678,10536.14931,9699.87287,32123.246,2834.4006,2850.540754
,,,,,649,11312.55015,8889.635914,9446.254966,30687.93845,2832.61212,2462.114202
,,,,,650,11217.23854,8775.510063,9329.035228,30284.18314,2760.55776,2354.416722
,,,,,651,11217.23854,8789.658567,9329.035228,29800.71708,2654.83332,2234.412082
,,,,,652,11217.23854,8728.213874,9329.035228,29800.71708,2598.56424,2197.618392
,,,,,653,11577.42782,8805.528685,9329.035228,29800.71708,2560.2966,2126.311572
,,,,,654,13197.47278,9346.287678,10277.55418,30464.78917,2618.06256,2189.430002
,,,,,655,14225.72675,10112.08925,10874.06766,31424.87387,2742.255,2481.302362
,,,,,656,14034.82322,9979.1702,11013.70382,31148.31496,2727.27648,2576.220842
,,,,,657,14485.66906,9910.044828,11590.41108,32248.54392,2972.58984,2839.596032
,,,,,658,14758.83919,10020.89417,12019.42554,33418.98192,3136.32324,2949
,,,,,659,15470.61198,10503.92504,12947.92688,33882.67675,3221.2566,2949
,,,,,660,15278.88916,10622.27718,11937.81567,33194.53201,3279.35304,2949
,,,,,661,14203.12976,10127.88461,11769.42627,32749.8065,3228.31332,2949
,,,,,662,14353.88272,9893.994044,11980.70177,33334.2502,3254.36292,2949
,,,,,663,14329.87533,10148.88675,11884.07255,33403.27749,3296.49912,2949
,,,,,664,14609.60283,10131.67505,12117.23624,33559.5293,3296.49912,2949
,,,,,665,16171.44928,10348.462,12321.15396,33450.22816,3240.03564,2949
,,,,,666,15714.10108,10922.87017,12136.63408,32731.11465,3172.61772,2949
,,,,,667,14778.29216,10858.77869,11716.6834,32396.03416,3058.53408,2949
,,,,,668,15164.86108,10705.92142,12070.75007,32829.9841,3029.70456,2949
,,,,,669,14618.69559,10540.18001,11818.84843,33016.25877,2991.6702,2949
,,,,,670,13609.44221,10432.10355,11284.01003,34589.4268,2962.86984,2949
,,,,,671,12578.85397,9757.658718,10514.66322,32971.10051,2840.427,2949
,,,,,672,11591.25684,9277.533579,9860.051383,31536.99721,2845.07316,2854.223072
,,,,,673,11379.91729,8866.322893,9385.566293,30653.1334,2849.55408,2482.287328
,,,,,674,11291.59923,8747.342491,9267.107687,30258.03133,2778.63696,2371.591698
,,,,,675,11291.59923,8762.092827,9267.107687,29787.75212,2674.57464,2248.225198
,,,,,676,11291.59923,8698.892245,9267.107687,29787.75212,2619.19008,2210.409188
,,,,,677,11635.15316,8778.63801,9267.107687,29787.75212,2571.41628,2123.551308
,,,,,678,13196.22695,9342.399173,10221.60449,30434.76663,2638.37736,2201.994708
,,,,,679,14187.05149,10140.77552,10821.5185,31374.2749,2760.6258,2502.016138
,,,,,680,14003.09704,10002.20251,10961.95068,31103.64317,2745.88056,2599.588718
,,,,,681,14437.53165,9930.136761,11541.94556,32180.29215,2987.32536,2870.316748
,,,,,682,14700.75813,10045.70129,11973.4057,33325.64545,3148.47324,2949
,,,,,683,15386.62172,10549.27875,12903.92705,33779.40242,3232.07496,2949
,,,,,684,15201.87779,10672.66522,11891.3306,33106.00593,3289.248,2949
,,,,,685,14165.27706,10157.24275,11721.98126,32670.81172,3239.01504,2949
,,,,,686,14310.54247,9913.403228,11934.46117,33242.72969,3264.6564,2949
,,,,,687,14287.40896,10179.13826,11837.28111,33310.27759,3299.9886,2949
,,,,,688,14556.95412,10161.19443,12071.77399,33463.18063,3299.9886,2949
,,,,,689,16074.98684,10387.2028,12276.85417,33356.22202,3250.55268,2949
,,,,,690,15621.24759,10986.99474,12091.28241,32652.52047,3184.20396,2949
,,,,,691,14719.503,10919.22675,11668.93772,32324.62139,3071.9088,2949
,,,,,692,15092.00044,10759.86741,12025.02282,32749.27096,3043.53612,2949
,,,,,693,14565.71589,10587.07589,11771.68516,32931.55342,3006.1044,2949
,,,,,694,13593.2003,10474.4022,11233.79781,34482.02086,2977.76088,2949
,,,,,695,12600.12645,9771.26863,10460.0652,32887.36298,2857.2426,2949
,,,,,696,11648.47879,9270.720492,9801.721633,31483.99522,2861.811,2885.346818
,,,,,697,11332.1983,8881.019092,9331.010943,30459.71196,2883.18528,2524.428538
,,,,,698,11245.96886,8764.598221,9208.521704,30052.78398,2814.74676,2413.388858
,,,,,699,11245.96886,8779.031245,9208.521704,29564.48302,2714.32944,2289.648818
,,,,,700,11245.96886,8716.756444,9208.521704,29564.48302,2660.88888,2251.714848
,,,,,701,11584.55467,8795.220504,9208.521704,29564.48302,2599.60428,2154.820538
,,,,,702,13128.01679,9346.853919,10182.4673,30234.8092,2679.40548,2243.270878
,,,,,703,14107.66309,10128.05542,10793.44489,31202.43815,2797.3674,2544.216328
,,,,,704,13925.78397,9992.463426,10936.46691,30923.70608,2783.13732,2642.093638
,,,,,705,14355.3174,9921.947973,11527.15802,32032.58053,3016.13544,2913.647388
,,,,,706,14615.57422,10035.02645,11966.57512,33212.21573,3171.636,2949
,,,,,707,15293.70005,10527.77085,12903.66851,33679.55423,3252.312,2949
,,,,,708,15111.04037,10648.503,11882.9864,32986.00211,3307.49244,2949
,,,,,709,14086.13431,10144.16841,11710.51393,32537.78199,3259.00908,2949
,,,,,710,14229.76088,9905.574415,11926.91238,33126.81819,3283.7562,2949
,,,,,711,14206.88836,10165.5929,11827.94013,33196.38789,3308.6394,2949
,,,,,712,14473.39257,10148.03508,12066.75752,33353.86752,3308.6394,2949
,,,,,713,15978.34039,10369.18152,12275.61977,33243.7075,3270.1482,2949
,,,,,714,15525.67893,10955.59003,12086.6257,32518.94325,3206.11284,2949
,,,,,715,14634.10761,10889.76045,11656.49217,32181.22974,3097.75428,2949
,,,,,716,15002.40263,10733.82928,12019.14416,32618.58961,3070.37304,2949
,,,,,717,14482.05549,10564.75489,11761.13447,32806.32802,3034.25352,2949
,,,,,718,13520.51159,10454.50506,11213.32743,34387.81912,3006.90144,2949
,,,,,719,12538.64135,9766.497446,10425.32569,32760.8149,2890.61136,2949
,,,,,720,11597.72996,9276.717205,9754.840994,31315.44255,2895.01452,2928.736438
,,,,,721,11216.88011,8843.080618,9255.254471,30356.93057,2928.65544,2614.825464
,,,,,722,11124.65176,8728.325586,9121.942061,29920.89123,2857.8744,2502.891254
,,,,,723,11124.65176,8742.552091,9121.942061,29388.22686,2754.0162,2378.148554
,,,,,724,11124.65176,8680.879823,9121.942061,29388.22686,2698.73856,2339.909854
,,,,,725,11477.50699,8758.509702,9121.942061,29388.22686,2609.55756,2225.233074
,,,,,726,13071.5532,9302.249922,10148.11213,30115.93841,2717.88696,2331.397074
,,,,,727,14083.30559,10072.2734,10788.79795,31152.7909,2839.90212,2634.760704
,,,,,728,13895.46571,9938.621552,10938.77429,30854.11852,2825.18604,2733.424414
,,,,,729,14339.0763,9869.115089,11558.18723,32042.32112,3066.174,2949
,,,,,730,14607.86255,9980.575552,12018.97058,33306.34665,3227.02056,2949
,,,,,731,15308.2127,10466.26939,12973.71141,33807.11824,3310.45704,2949
,,,,,732,15119.56668,10585.27401,11931.31744,33063.94986,3357.63792,2949
,,,,,733,14061.07124,10088.15583,11750.45865,32583.66436,3317.3874,2949
,,,,,734,14209.4049,9852.975816,11977.37928,33214.83983,3342.98016,2949
,,,,,735,14185.78277,10109.27376,11873.59459,33289.3865,3357.63792,2949
,,,,,736,14461.02117,10091.96716,12124.02426,33458.13211,3357.63792,2949
,,,,,737,16003.55137,10309.94927,12343.04226,33340.09132,3328.89588,2949
,,,,,738,15547.79425,10887.64734,12144.85852,32563.47791,3262.67352,2949
,,,,,739,14627.00334,10823.07936,11693.81012,32201.6046,3150.60192,2949
,,,,,740,15007.36854,10669.37938,12074.09574,32670.25291,3122.27784,2949
,,,,,741,14469.968,10502.72423,11803.54056,32871.422,3084.91416,2949
,,,,,742,13476.91128,10394.05194,11229.09691,34529.28277,3056.62896,2949
,,,,,743,12462.86208,9715.888868,10402.77929,32822.6529,2936.34396,2949
,,,,,744,11491.11407,9233.116778,9699.692877,31273.87956,2940.90264,2949
,,,,,745,11149.46835,8483.330193,8905.147079,29956.79047,3013.74432,2433.331962
,,,,,746,11034.6678,8374.208008,8726.15777,29491.03548,2954.37456,2334.874682
,,,,,747,11001.79292,8387.736193,8700.491261,28828.64781,2867.26392,2225.162052
,,,,,748,11001.79292,8308.343327,8700.491261,28752.21947,2860.81956,2194.826672
,,,,,749,11415.62831,8402.910511,8723.839554,28772.51578,2860.81956,2194.826672
,,,,,750,13043.51597,8919.960785,9807.563327,29699.37494,2860.81956,2194.826672
,,,,,751,14076.74776,9652.187008,10455.10809,30806.88789,2939.29884,2450.868682
,,,,,752,13884.92007,9525.095578,10606.69002,30487.86128,2926.95444,2537.647922
,,,,,753,14337.94846,9459.000898,11232.73415,31757.0387,3129.08184,2778.433772
,,,,,754,14612.44102,9564.99023,11698.45048,33107.2063,3263.99544,2949
,,,,,755,15327.65954,10026.84338,12330.74533,33642.10497,3333.97944,2949
,,,,,756,15135.00858,10140.00656,11609.85895,32848.29041,3381.84072,2949
,,,,,757,14054.04139,9667.28984,11427.06396,32335.27393,3339.792,2949
,,,,,758,14205.52415,9443.653835,11656.41392,33009.46338,3361.25376,2949
,,,,,759,14181.40053,9687.371176,11551.51815,33089.09033,3548.68452,2949
,,,,,760,14462.48221,9670.914092,11804.62882,33269.33579,3400.11432,2949
,,,,,761,15879.19051,9878.196364,12025.99154,33143.25063,3349.44396,2949
,,,,,762,15572.32738,10404.55253,11825.68612,32313.71181,3293.90388,2949
,,,,,763,14631.98817,10366.13903,11369.80898,31927.17718,3199.89204,2949
,,,,,764,15020.42849,10219.98354,11754.16579,32427.76341,3176.13636,2949
,,,,,765,14471.61898,10061.5088,11480.71415,32642.64197,3144.79908,2949
,,,,,766,13457.47977,9958.170782,10900.12072,33875.41201,3121.07256,2949
,,,,,767,12421.9024,9313.295915,10064.95686,32590.54931,3020.18868,2949
,,,,,768,11429.52428,8854.2211,9354.343473,30936.22861,3024.00864,2791.802572
,,,,,769,11123.73216,8447.688208,8940.278832,29744.29045,3046.3452,2475.975485
,,,,,770,11012.70467,8338.714602,8766.783901,29279.25603,2986.7616,2378.265285
,,,,,771,10983.65621,8352.224367,8744.52216,28617.89314,2899.3302,2269.368545
,,,,,772,10983.65621,8272.885242,8744.52216,28541.59674,2882.47572,2235.985865
,,,,,773,11381.14446,8367.378024,8764.536847,28561.84795,2882.47572,2232.289785
,,,,,774,12955.52965,8883.724295,9814.993893,29487.27316,2882.47572,2232.289785
,,,,,775,13954.80304,9614.953537,10442.66118,30593.07268,2971.62756,2493.384415
,,,,,776,13769.27999,9488.035152,10589.59005,30274.53963,2959.23456,2579.514875
,,,,,777,14207.41907,9422.030465,11196.4167,31541.75351,3162.1104,2818.492005
,,,,,778,14472.8901,9527.875484,11647.83708,32889.83227,3297.51,2949
,,,,,779,15164.6021,9989.099782,12268.4327,33423.9034,3367.74672,2949
,,,,,780,14978.28285,10102.10888,11561.96502,32631.31695,3415.79268,2949
,,,,,781,13932.84293,9630.035805,11384.78122,32119.09416,3373.58844,2949
,,,,,782,14079.34704,9406.704298,11607.0909,32792.24057,3395.12796,2949
,,,,,783,14056.01627,9650.089799,11505.41508,32871.74433,3547.90692,2949
,,,,,784,14327.85986,9633.655123,11750.7561,33051.71093,3434.13432,2949
,,,,,785,15704.88053,9840.655164,11965.32371,32925.82084,3383.27928,2949
,,,,,786,15401.22865,10366.23443,11771.16701,32097.56539,3327.52536,2949
,,,,,787,14491.79481,10327.93346,11329.28378,31711.62877,3233.17332,2949
,,,,,788,14867.46857,10181.97697,11701.84211,32211.44054,3209.33988,2949
,,,,,789,14336.69634,10023.71801,11436.78453,32425.98667,3177.88596,2949
,,,,,790,13355.88803,9920.520691,10874.01339,33656.86753,3154.07196,2949
,,,,,791,12354.34615,9276.52387,10064.4863,32373.9746,3052.809,2949
,,,,,792,11394.58371,8818.07412,9375.686385,30722.2133,3056.6484,2831.772335
,,,,,793,11002.90462,8435.245673,8926.35365,29509.2429,3039.61896,2439.705734
,,,,,794,10892.13084,8332.027025,8760.592849,29072.71326,2982.40704,2346.389544
,,,,,795,10863.33968,8344.823331,8743.12381,28451.8893,2898.47484,2242.407804
,,,,,796,10863.33968,8267.565772,8743.12381,28380.81252,2875.49676,2210.519284
,,,,,797,11259.72868,8359.176715,8758.445966,28399.27945,2875.49676,2197.366744
,,,,,798,12830.51613,8848.254449,9762.075292,29267.97976,2875.49676,2203.431854
,,,,,799,13827.50601,9540.867062,10361.76216,30305.99814,2967.88536,2456.328264
,,,,,800,13642.40692,9420.651308,10502.14117,30006.98991,2955.98808,2538.585704
,,,,,801,14079.54477,9358.132365,11081.91645,31196.52859,3150.75744,2766.798984
,,,,,802,14344.40916,9458.38765,11513.21322,32461.97546,3280.743,2949
,,,,,803,15034.54048,9895.254432,12117.34047,32963.31014,3348.18036,2949
,,,,,804,14848.647,10002.29546,11431.1692,32219.3061,3394.30176,2949
,,,,,805,13805.59609,9555.152827,11261.88398,31738.48054,3353.77908,2949
,,,,,806,13951.76541,9343.615582,11474.28344,32370.36574,3374.46324,2949
,,,,,807,13928.48795,9574.147757,11377.14017,32444.99623,3498.00444,2949
,,,,,808,14199.71034,9558.581006,11611.54427,32613.93159,3411.90468,2949
,,,,,809,15574.06223,9754.649258,11816.5468,32495.75807,3363.09084,2949
,,,,,810,15270.62629,10250.13666,11631.04529,31718.2714,3309.5628,2949
,,,,,811,14363.27066,10216.19411,11208.86052,31355.99117,3218.98212,2949
,,,,,812,14738.08595,10077.94567,11564.81079,31825.16646,3196.09152,2949
,,,,,813,14208.52663,9928.044449,11311.56906,32026.56175,3165.9012,2949
,,,,,814,13229.95962,9830.297041,10773.88537,33182.70951,3143.03976,2949
,,,,,815,12230.70644,9220.310056,10000.44572,31977.73782,3045.82032,2949
,,,,,816,11273.13723,8786.071296,9342.351421,30427.22295,3049.5042,2779.469854
,,,,,817,10866.64311,8322.958556,8915.643545,29176.35685,2995.93728,2360.4779
,,,,,818,10756.54671,8232.417345,8756.250101,28744.12221,2936.08152,2268.89179
,,,,,819,10728.44251,8243.641994,8742.726798,28129.40654,2848.26132,2166.8269
,,,,,820,10728.44251,8170.96986,8742.726798,28059.11624,2817.60444,2135.53801
,,,,,821,11121.89672,8256.232478,8754.185685,28077.31432,2817.60444,2112.23108
,,,,,822,12683.07893,8685.2411,9719.262679,28937.46749,2817.71136,2128.57837
,,,,,823,13673.97231,9292.786205,10295.91383,29965.27281,2920.87944,2376.7957
,,,,,824,13490.00507,9187.335493,10430.90047,29669.20653,2908.43784,2457.51966
,,,,,825,13924.46987,9132.495202,10988.40488,30847.04134,3112.21764,2681.50604
,,,,,826,14187.71463,9220.437013,11403.13428,32100.03748,3248.2296,2938.33445
,,,,,827,14873.62585,9603.647295,11993.70346,32596.43953,3318.78708,2949
,,,,,828,14688.8691,9697.541413,11324.24181,31859.75575,3367.03716,2949
,,,,,829,13652.19636,9305.317375,11161.45933,31383.66103,3324.64824,2949
,,,,,830,13797.47186,9119.761387,11365.69991,32009.32911,3346.28496,2949
,,,,,831,13774.33675,9321.979326,11272.2882,32083.22532,3453.1272,2949
,,,,,832,14043.90063,9308.324501,11497.68815,32250.49852,3385.46628,2949
,,,,,833,15411.12745,9480.311416,11694.81594,32133.48771,3334.37796,2949
,,,,,834,15108.26802,9909.510279,11516.44009,31363.65073,3278.38104,2949
,,,,,835,14206.46079,9885.168778,11110.47267,31004.93497,3183.61104,2949
,,,,,836,14578.98412,9763.900177,11452.74985,31469.49404,3159.66096,2949
,,,,,837,14052.66301,9632.410003,11209.23587,31668.90781,3128.06124,2949
,,,,,838,13080.07986,9546.668048,10692.20618,32813.79501,3104.14032,2949
,,,,,839,12086.93703,9011.600393,9948.476603,31620.56425,3002.43024,2949
,,,,,840,11135.22327,8630.695357,9315.661627,30085.3049,3006.28908,2693.94099
,,,,,841,10826.00277,8155.63621,8898.642743,28621.39685,2938.12272,2265.324319
,,,,,842,10717.08885,8062.19773,8739.584913,28179.93169,2878.55856,2176.451289
,,,,,843,10690.18384,8073.781561,8726.269585,27552.08854,2791.15632,2077.414039
,,,,,844,10690.18384,8000.061486,8726.269585,27480.108,2754.73548,2047.049169
,,,,,845,11078.51486,8086.774934,8737.524844,27498.88387,2754.73548,2018.188289
,,,,,846,12622.92938,8529.511598,9700.569798,28377.40592,2760.75216,2040.295959
,,,,,847,13603.18018,9156.497815,10276.00676,29427.1604,2863.43424,2281.160449
,,,,,848,13421.18883,9047.672738,10410.70918,29124.77151,2851.05096,2359.495719
,,,,,849,13850.9873,8991.077588,10967.03973,30327.75941,3053.84904,2576.837019
,,,,,850,14111.40471,9081.833488,11380.89589,31607.51374,3189.20976,2826.057009
,,,,,851,14789.94899,9477.306291,11970.75044,32114.51663,3259.42704,2949
,,,,,852,14607.17659,9574.20497,11302.16953,31362.1007,3307.45356,2949
,,,,,853,13581.63811,9169.429976,11139.7298,30875.83881,3265.25904,2949
,,,,,854,13725.3533,8977.936298,11343.54034,31514.86825,3286.79856,2949
,,,,,855,13702.46667,9186.6251,11250.32531,31590.34254,3379.33296,2949
,,,,,856,13969.13533,9172.533329,11475.25067,31761.18793,3325.78548,2949
,,,,,857,15323.92403,9350.023731,11671.96338,31641.6783,3274.94988,2949
,,,,,858,15022.07101,9794.372009,11493.96312,30855.40118,3219.2154,2949
,,,,,859,14129.94954,9767.836308,11088.85049,30489.02492,3124.90224,2949
,,,,,860,14498.47182,9642.687178,11430.40698,30963.50482,3101.0688,2949
,,,,,861,13977.8036,9506.98939,11187.40574,31167.17714,3069.6246,2949
,,,,,862,13015.66637,9418.50374,10671.4647,32336.2647,3045.82032,2949
,,,,,863,12033.19027,8866.314211,9929.301096,31117.80118,2944.58652,2892.547129
,,,,,864,11091.69828,8473.22042,9297.818558,29549.75581,2948.42592,2588.908259
,,,,,865,10821.34777,7833.56705,8830.313426,28373.93184,2858.69088,2153.061119
,,,,,866,10712.85378,7734.637232,8667.98439,27940.82474,2795.62752,2062.733249
,,,,,867,10686.37465,7746.90184,8652.641954,27324.86824,2703.10284,1962.074049
,,,,,868,10686.37465,7671.19555,8652.641954,27254.41818,2657.56464,1931.217679
,,,,,869,11072.88625,7760.658828,8665.881953,27272.67087,2657.56464,1903.919769
,,,,,870,12611.34602,8229.41493,9648.733027,28134.56029,2670.9102,1924.346509
,,,,,871,13587.8173,8893.248849,10236.00451,29164.44026,2779.60896,2169.152829
,,,,,872,13406.52764,8778.028171,10373.47724,28867.77635,2766.5064,2248.765999
,,,,,873,13834.66896,8718.106949,10941.24936,30047.98866,2981.20176,2469.665759
,,,,,874,14094.08229,8814.196533,11363.61694,31303.514,3124.494,2722.965199
,,,,,875,14770.01032,9232.911098,11960.43691,31800.91805,3198.83256,2937.829339
,,,,,876,14587.94263,9335.504469,11283.27149,31062.74725,3249.67788,2949
,,,,,877,13566.35829,8906.941028,11117.491,30585.69152,3205.01448,2949
,,,,,878,13709.51936,8704.193351,11325.49313,31212.62253,3227.80788,2949
,,,,,879,13686.72097,8925.146702,11230.36103,31286.6679,3309.47532,2949
,,,,,880,13952.36145,8910.226763,11459.91224,31454.27875,3269.08872,2949
,,,,,881,15302.73297,9098.148198,11660.67058,31337.03174,3215.26908,2949
,,,,,882,15001.23736,9571.209912,11479.00953,30565.64083,3156.26868,2949
,,,,,883,14112.55561,9540.515436,11065.5653,30206.201,3056.41512,2949
,,,,,884,14479.65699,9408.011346,11414.14629,30671.69779,3031.182,2949
,,,,,885,13960.99629,9264.338659,11166.14745,30871.51408,2997.90072,2949
,,,,,886,13002.56875,9170.652746,10639.59549,32018.68872,2972.69676,2949
,,,,,887,12023.88075,8586.011283,9882.168446,30823.07294,2865.53376,2790.546449
,,,,,888,11086.01884,8169.815545,9237.698747,29284.71463,2869.59672,2481.933599
,,,,,889,10749.39263,7614.004069,8753.214725,27945.3048,2784.51756,2073.165186
,,,,,890,10641.0426,7506.141446,8589.706714,27525.63068,2725.36164,1987.034726
,,,,,891,10614.70947,7519.51348,8573.633688,26928.77832,2638.56204,1891.054606
,,,,,892,10614.70947,7429.346734,8573.633688,26860.78803,2592.36288,1861.623586
,,,,,893,11000.59733,7534.512646,8587.589008,26878.19987,2588.41656,1833.165736
,,,,,894,12537.01565,8045.594775,9577.578407,27713.35744,2608.362,1855.076805
,,,,,895,13512.19121,8769.369147,10169.11517,28711.29528,2710.33452,2088.509815
,,,,,896,13331.14211,8643.744693,10307.58634,28423.83252,2698.03872,2164.426906
,,,,,897,13758.71531,8578.412922,10879.48212,29567.44008,2899.44684,2375.064146
,,,,,898,14017.78441,8683.178853,11304.91731,30784.02481,3033.87444,2616.587246
,,,,,899,14692.81552,9139.700978,11904.24768,31266.00168,3103.60572,2821.473936
,,,,,900,14510.98943,9251.557951,11223.98832,30550.72554,3151.30176,2949
,,,,,901,13490.76067,8784.297652,11057.00379,30088.46588,3109.39884,2835.865056
,,,,,902,13633.73178,8563.243005,11266.51661,30695.95237,3130.79256,2841.045466
,,,,,903,13610.96364,8804.147195,11170.69358,30767.70119,3194.50716,2898.000486
,,,,,904,13876.25163,8787.880071,11401.91199,30930.11353,3169.51704,2938.578725
,,,,,905,15225.10882,8992.769749,11604.12841,30816.50299,3119.02164,2949
,,,,,906,14923.73574,9521.328735,11421.14798,30069.03707,3063.67596,2949
,,,,,907,14036.23322,9475.080249,11004.70096,29720.7454,2970.00432,2949
,,,,,908,14402.84747,9330.611789,11355.81365,30171.80463,2946.33612,2901.352515
,,,,,909,13884.87501,9173.96627,11106.01362,30365.42354,2915.10576,2920.422716
,,,,,910,12927.71925,9071.821049,10575.63738,31477.37989,2891.46672,2837.123295
,,,,,911,11950.32991,8434.389765,9812.709238,30318.48482,2790.94248,2681.032725
,,,,,912,11013.7125,7980.613902,9163.558836,28827.8393,2794.743,2386.761846
,,,,,913,10672.87921,7646.648868,8613.819954,27381.12387,2703.98736,2017.6746
,,,,,914,10566.89715,7538.323576,8452.232266,26962.29459,2647.4364,1936.15441
,,,,,915,10542.96547,7551.752967,8437.349231,26366.64373,2564.44704,1845.31538
,,,,,916,10542.96547,7388.111681,8437.349231,26298.80814,2520.28908,1817.46699
,,,,,917,10918.59389,7566.816471,8450.139432,26316.1671,2506.79772,1783.59281
,,,,,918,12421.43416,8080.090859,9428.501875,27149.64344,2535.58836,1811.26426
,,,,,919,13375.29748,8806.96982,10013.09132,28145.57236,2633.07024,2032.20334
,,,,,920,13198.20517,8680.806507,10149.93621,27858.68829,2621.30904,2104.05081
,,,,,921,13616.43385,8615.194499,10715.11535,28999.99368,2813.86224,2303.41304
,,,,,922,13869.84106,8720.409818,11135.554,30214.12934,2942.37036,2532.01952
,,,,,923,14530.11953,9178.890168,11730.79541,30695.13595,3009.03984,2725.93593
,,,,,924,14352.26721,9291.226945,11055.57549,29981.29971,3054.63636,2949
,,,,,925,13354.33531,8821.96236,10890.55211,29519.97062,3014.58024,2739.56031
,,,,,926,13494.18181,8599.959512,11097.6043,30126.2342,3035.03112,2744.45565
,,,,,927,13471.91126,8841.897047,11002.90666,30197.83859,3084.2046,2798.36337
,,,,,928,13731.40145,8825.560145,11231.40952,30359.92397,3072.04488,2836.75935
,,,,,929,15055.35075,9031.328687,11431.25101,30246.54213,3023.77536,2862.45497
,,,,,930,14755.99304,9619.681806,11250.4196,29500.58092,2970.85968,2851.37656
,,,,,931,13887.88668,9515.70803,10838.86355,29152.99039,2881.31904,2851.43554
,,,,,932,14246.48867,9370.619881,11185.85258,29603.1416,2858.69088,2801.53846
,,,,,933,13739.83637,9213.30244,10938.98634,29796.37074,2828.83104,2819.58634
,,,,,934,12803.59901,9110.719072,10414.83912,30906.11213,2806.23204,2740.73991
,,,,,935,11847.57029,8470.553562,9660.871206,29749.52651,2710.1304,2593.00484
,,,,,936,10931.42243,8014.831254,9019.344768,28261.88177,2713.76568,2314.49145
,,,,,937,10500.9208,7663.135422,8397.280827,26323.67092,2607.67188,1958.05736
,,,,,938,10398.44808,7554.576467,8245.913096,25895.07658,2545.16256,1880.49866
,,,,,939,10378.07537,7568.034827,8237.363184,25285.53804,2453.43492,1794.06347
,,,,,940,10378.07537,7443.03806,8237.363184,25193.59123,2404.62108,1767.57162
,,,,,941,10738.49922,7583.130823,8243.952626,25233.88455,2380.20444,1729.66714
,,,,,942,12191.57651,8097.512364,9160.436462,26086.7935,2421.53388,1761.67362
,,,,,943,13113.85492,8825.959231,9708.052307,27105.94263,2529.28008,1971.86851
,,,,,944,12942.6266,8699.523778,9836.242156,26812.36982,2516.28444,2040.23616
,,,,,945,13347.00663,8633.770243,10365.67534,27980.2849,2729.11356,2229.91584
,,,,,946,13592.02287,8739.212515,10759.52246,29222.72829,2871.15192,2447.40459
,,,,,947,14230.43779,9198.681825,11333.00241,29714.94964,2944.83924,2631.90386
,,,,,948,14058.47462,9311.260917,10684.60235,28984.47021,2995.24716,2902.58274
,,,,,949,13093.58686,8840.98411,10530.01623,28512.38517,2950.96284,2644.8598
,,,,,950,13228.80268,8618.502393,10723.97297,29132.78386,2973.56184,2649.52905
,,,,,951,13207.26957,8860.961797,10635.26468,29206.05772,3016.41732,2700.81216
,,,,,952,13458.16735,8844.589656,10849.31539,29371.92214,3014.48304,2737.35027
,,,,,953,14745.20294,9050.802048,11036.51748,29255.89679,2961.12996,2761.79748
,,,,,954,14448.83203,9610.065135,10867.12313,28492.54339,2902.64472,2751.24989
,,,,,955,13609.47095,9536.226216,10481.59682,28136.84874,2803.66596,2751.29904
,,,,,956,13956.19868,9390.825106,10806.6398,28597.4953,2778.6564,2703.82997
,,,,,957,13466.32297,9233.168326,10575.38713,28795.2296,2745.657,2721.00298
,,,,,958,12561.08689,9130.363681,10084.39071,29949.38038,2720.6766,2645.99025
,,,,,959,11636.71478,8488.81731,9378.109101,28747.29319,2614.45644,2505.43108
,,,,,960,10750.90298,8032.111991,8777.157363,27224.96381,2618.48052,2240.44377
,,,,,961,10326.52226,7569.121622,8130.012038,25284.1364,2542.42152,1920.67387
,,,,,962,10234.34294,7461.895113,7992.434505,24872.4669,2486.55096,1850.42869
,,,,,963,10224.40919,7475.188286,7991.850148,24286.99856,2404.57248,1772.14257
,,,,,964,10224.40919,7363.389094,7991.850148,23996.36145,2360.9394,1748.14754
,,,,,965,10540.23592,7490.098995,7991.850148,24237.38482,2311.5618,1689.98343
,,,,,966,11847.35146,7998.167049,8823.641181,25056.61308,2376.054,1742.80002
,,,,,967,12676.98692,8717.673006,9321.36706,26035.51683,2472.35976,1933.18746
,,,,,968,12522.9585,8592.789414,9437.878308,25753.53697,2460.74436,1995.11646
,,,,,969,12886.71853,8527.842933,9919.078037,26875.33201,2650.96476,2166.91537
,,,,,970,13107.12286,8631.991014,10277.04413,28068.71231,2777.9274,2363.90857
,,,,,971,13681.40894,9085.820826,10821.12293,28541.49623,2843.79012,2531.00874
,,,,,972,13526.71949,9197.01813,10208.94954,27839.86285,2888.84232,2743.7496
,,,,,973,12658.75479,8732.51347,10068.44682,27386.42007,2849.26248,2542.75559
,,,,,974,12780.38817,8512.76248,10244.73334,27982.31971,2869.46064,2546.97266
,,,,,975,12761.01806,8752.245952,10164.10672,28052.70004,2890.17396,2593.42924
,,,,,976,12986.71314,8736.074762,10358.65657,28212.01461,2890.17396,2626.51702
,,,,,977,14165.47567,8939.756116,10528.80381,28100.57101,2858.35068,2648.66401
,,,,,978,13877.86547,9482.099966,10374.84196,27367.36183,2806.07652,2639.10925
,,,,,979,13122.81828,9419.22222,10024.43861,27025.71328,2717.60508,2639.1584
,,,,,980,13434.71718,9275.605753,10319.86889,27468.16926,2695.24908,2596.16198
,,,,,981,12994.04953,9119.884042,10109.68426,27658.0952,2665.7586,2611.72287
,,,,,982,12179.74449,9018.341215,9663.419552,28937.88391,2643.43176,2543.76808
,,,,,983,11348.22564,8384.669144,9021.482983,27612.05176,2548.4868,2416.45975
,,,,,984,10551.39371,7933.569396,8475.280322,26149.83795,2552.0832,2176.45047
,,,,,985,10298.7243,7393.767301,7901.650464,24520.85768,2482.15752,1865.734
,,,,,986,10219.26672,7289.026067,7774.023465,24121.61526,2427.46308,1797.43516
,,,,,987,10219.26672,7302.011133,7774.023465,23553.82046,2347.20504,1721.3313
,,,,,988,10219.26672,7133.342189,7774.023465,23113.75372,2304.49536,1697.99488
,,,,,989,10485.69345,7316.576245,7774.023465,23505.70442,2243.94948,1630.00077
,,,,,990,11629.23429,7812.868399,8555.530692,24300.20261,2319.2892,1692.80464
,,,,,991,12355.04773,8515.69779,9024.734033,25249.55616,2413.5732,1877.89371
,,,,,992,12220.2947,8393.708725,9134.56852,24976.08844,2402.2008,1938.10246
,,,,,993,12538.53316,8330.267561,9588.192753,26064.01983,2588.42628,2105.12399
,,,,,994,12731.35571,8432.001718,9925.64534,27221.37552,2712.7062,2296.64188
,,,,,995,13233.77464,8875.312754,10452.79065,27679.8875,2777.18868,2459.10229
,,,,,996,13098.44329,8983.932749,9861.452961,26999.43435,2817.11844,2650.35477
,,,,,997,12339.0972,8530.194285,9729.001852,26559.67965,2782.5444,2470.51492
,,,,,998,12445.50917,8315.53664,9895.186142,27137.59086,2802.31488,2474.62386
,,,,,999,12428.56307,8549.469412,9819.179896,27205.84661,2817.11844,2519.78288
,,,,,1000,12626.01427,8533.673034,10002.58092,27360.35196,2817.11844,2551.95647
,,,,,1001,13683.40954,8732.633503,10162.97775,27252.27251,2791.4382,2573.48417
,,,,,1002,13405.64625,9307.195658,10017.8388,26541.19672,2740.2624,2564.20465
,,,,,1003,12745.08698,9200.986636,9687.515564,26209.86153,2653.6572,2564.24397
,,,,,1004,13017.95431,9060.698884,9966.016001,26638.96108,2631.77748,2522.44681
,,,,,1005,12632.43257,8908.586459,9767.876149,26823.15372,2602.89936,2537.56535
,,,,,1006,11920.03108,8809.397172,9347.184961,28198.17565,2581.03908,2471.50775
,,,,,1007,11192.56994,8190.412225,8742.035028,26778.50019,2488.09644,2347.73822
,,,,,1008,10495.45494,7749.767978,8227.132901,25360.42627,2491.61508,2114.40351
,,,,,1009,10261.97959,7270.245103,7856.979921,24281.41986,2447.42796,1845.95604
,,,,,1010,10200.04533,7167.254533,7753.53062,23886.07577,2395.99944,1782.90642
,,,,,1011,10200.04533,7180.022565,7753.53062,23323.82511,2320.53336,1712.64158
,,,,,1012,10200.04533,7071.209197,7753.53062,23074.41844,2280.37032,1691.09422
,,,,,1013,10424.78988,7194.344232,7753.53062,23276.17888,2217.2292,1616.60248
,,,,,1014,11420.57024,7682.341267,8418.374497,24062.91934,2294.27964,1686.30701
,,,,,1015,12052.59907,8373.423437,8821.213121,25003.0031,2382.93576,1857.19173
,,,,,1016,11935.25789,8253.47332,8915.512478,24732.2056,2372.24376,1912.77055
,,,,,1017,12212.37577,8191.092523,9304.975522,25809.51408,2547.34956,2066.96393
,,,,,1018,12380.28312,8291.126277,9594.698386,26955.56898,2664.22284,2243.77614
,,,,,1019,12817.78294,8727.02773,10082.42139,27409.6039,2724.8562,2393.76228
,,,,,1020,12699.93817,8833.832229,9539.585458,26735.79491,2759.81904,2554.37465
,,,,,1021,12038.70955,8387.677635,9425.868403,26300.33413,2729.89116,2404.30004
,,,,,1022,12131.3717,8176.607817,9568.547375,26872.60243,2748.48552,2408.09442
,,,,,1023,12116.61526,8406.630594,9503.29155,26940.19171,2759.81904,2449.78345
,,,,,1024,12288.55318,8391.09824,9660.752101,27093.18841,2759.81904,2479.48971
,,,,,1025,13236.16707,8586.733246,9798.462198,26986.16428,2738.25036,2499.36597
,,,,,1026,12967.44648,9105.790218,9673.851882,26282.03167,2690.13636,2490.79421
,,,,,1027,12392.24013,9047.258238,9390.249988,25953.93174,2608.69248,2490.83353
,,,,,1028,12629.84942,8909.315281,9629.358969,26378.84143,2588.11524,2452.24095
,,,,,1029,12294.14215,8759.745292,9459.244269,26561.23555,2560.96728,2466.20938
,,,,,1030,11673.79227,8662.213873,9098.056179,27766.00398,2540.40948,2405.22406
,,,,,1031,11040.32865,8053.574756,8578.499423,26517.01803,2453.01696,2290.95031
,,,,,1032,10433.29005,7620.295518,8136.425709,25112.79064,2456.32176,2075.52586
,,,,,1033,10149.00608,7290.660083,7940.581286,24422.02539,2425.69404,1817.65547
,,,,,1034,10084.90014,7191.394557,7844.626312,24024.39207,2372.17572,1754.13401
,,,,,1035,10084.90014,7203.700784,7844.626312,23458.88572,2293.65756,1683.35801
,,,,,1036,10084.90014,7127.873067,7844.626312,23328.71848,2251.86156,1661.65337
,,,,,1037,10314.81039,7217.504454,7844.626312,23410.9636,2189.30364,1588.7246
,,,,,1038,11328.90284,7687.851232,8473.30821,24202.25964,2266.34436,1656.82684
,,,,,1039,11972.55448,8353.937804,8855.575852,25147.78692,2358.58716,1828.9698
,,,,,1040,11853.05544,8238.326136,8945.059806,24875.42138,2347.45776,1884.96148
,,,,,1041,12135.26943,8178.201577,9314.634894,25958.96797,2529.66888,2040.29514
,,,,,1042,12306.26454,8274.617232,9589.56304,27111.65906,2651.2758,2218.41474
,,,,,1043,12751.80984,8694.752661,10065.06636,27568.32305,2714.3586,2369.51167
,,,,,1044,12631.79795,8797.694173,9537.264457,26890.6124,2752.05276,2534.174
,,,,,1045,11958.40954,8367.676445,9429.354371,26452.63009,2719.59768,2380.12807
,,,,,1046,12052.77572,8164.240765,9564.747432,27028.21209,2738.9502,2383.94211
,,,,,1047,12037.74791,8385.943898,9502.8239,27096.19274,2752.05276,2425.9457
,,,,,1048,12212.84771,8370.97333,9652.243717,27250.07537,2752.05276,2455.86822
,,,,,1049,13174.06691,8559.532457,9782.921639,27142.43152,2728.3068,2475.8821
,,,,,1050,12904.22565,9034.349543,9664.674558,26434.22166,2678.22936,2467.25136
,,,,,1051,12318.44143,9003.400823,9395.554814,26104.22187,2593.50012,2467.29068
,,,,,1052,12560.42029,8870.447094,9622.453678,26531.59199,2572.08696,2428.41303
,,,,,1053,12218.53946,8726.286869,9461.025897,26715.04225,2543.83092,2442.47976
,,,,,1054,11586.78155,8632.283042,9118.281901,27824.99809,2522.44692,2381.05209
,,,,,1055,10941.66873,8045.657659,8625.256345,26670.5687,2431.5066,2265.93296
,,,,,1056,10323.46688,7628.049602,8205.757156,25258.21018,2434.94748,2048.92588
,,,,,1057,9961.367749,7363.176331,7887.812915,24773.34862,2426.96736,1797.70057
,,,,,1058,9885.251033,7273.207249,7771.819854,24372.81234,2369.06532,1731.21045
,,,,,1059,9885.251033,7284.36097,7771.819854,23803.17745,2284.1028,1657.13157
,,,,,1060,9885.251033,7211.895775,7771.819854,23738.69157,2238.88536,1634.41444
,,,,,1061,10143.73096,7296.871895,7771.819854,23754.90547,2181.3138,1565.95832
,,,,,1062,11259.10092,7723.169618,8497.190462,24551.97845,2254.54428,1629.36182
,,,,,1063,11967.03411,8326.875654,8934.460116,25504.40865,2354.35896,1809.53589
,,,,,1064,11835.60069,8222.091284,9036.819336,25230.05468,2342.31588,1868.14235
,,,,,1065,12145.99942,8167.597528,9459.570187,26321.51181,2539.45692,2030.73055
,,,,,1066,12334.07182,8254.983636,9774.055962,27482.61823,2671.02684,2217.1565
,,,,,1067,12824.11377,8635.772418,10282.23186,27942.61614,2739.2904,2375.30154
,,,,,1068,12692.11628,8729.073221,9714.232475,27259.95779,2784.26484,2558.38529
,,,,,1069,11951.47652,8339.32764,9590.795907,26818.77795,2744.95716,2386.41927
,,,,,1070,12055.26705,8154.944178,9745.669798,27398.56204,2765.89404,2390.41025
,,,,,1071,12038.73841,8355.884304,9674.836489,27467.039,2784.26484,2434.37001
,,,,,1072,12231.32545,8342.315765,9845.755356,27622.04506,2784.26484,2465.68839
,,,,,1073,13267.79064,8513.215897,9995.235677,27513.61534,2754.37584,2486.64595
,,,,,1074,12991.75137,8939.42318,9859.974789,26800.23513,2700.19656,2477.61218
,,,,,1075,12347.46482,8915.514972,9552.13315,26467.82615,2608.51752,2477.6515
,,,,,1076,12613.61013,8795.012665,9811.679021,26898.31632,2585.34504,2436.96513
,,,,,1077,12237.58564,8664.353375,9627.024443,27083.10588,2554.78536,2451.68064
,,,,,1078,11542.734,8579.153223,9234.965235,28144.8871,2531.64204,2387.38261
,,,,,1079,10833.1937,8047.466652,8671.001429,27038.30764,2433.24648,2266.8963
,,,,,1080,10153.25198,7668.968548,8191.143221,25615.63806,2436.97896,2039.75449
,,,,,1081,9942.172056,7533.672298,7678.501928,25168.47214,2446.20324,1799.05711
,,,,,1082,9856.940507,7443.39168,7532.535883,24761.51202,2382.92604,1729.18547
,,,,,1083,9854.052792,7454.584023,7527.3333,24182.74126,2290.0806,1651.33187
,,,,,1084,9854.052792,7382.006145,7527.3333,24117.07909,2240.66412,1627.46463
,,,,,1085,10139.7776,7467.138269,7530.645375,24133.69509,2191.51008,1566.43999
,,,,,1086,11348.37273,7894.91213,8414.423701,24943.55161,2257.78104,1622.15643
,,,,,1087,12115.47659,8500.708616,8942.497406,25911.25699,2366.85888,1811.50189
,,,,,1088,11973.05766,8395.56141,9066.112691,25632.5029,2353.698,1873.07701
,,,,,1089,12309.40022,8340.878958,9576.652597,26741.46494,2569.1418,2043.93224
,,,,,1090,12513.19215,8428.567657,9956.444944,27921.19332,2712.92976,2239.84414
,,,,,1091,13044.19292,8810.674995,10518.42303,28388.56873,2787.52104,2406.03995
,,,,,1092,12901.16278,8904.298869,9884.198425,27694.96183,2838.54132,2613.27601
,,,,,1093,12098.61865,8513.203719,9735.12884,27246.7063,2793.71268,2417.70816
,,,,,1094,12211.08423,8328.181794,9922.164068,27835.78903,2816.59356,2421.9154
,,,,,1095,12193.1741,8529.817714,9836.621412,27905.36423,2844.15948,2468.10657
,,,,,1096,12401.858,8516.20219,10043.03354,28062.85629,2844.15948,2501.01741
,,,,,1097,13507.539,8687.694097,10223.55516,27952.68757,2804.00616,2523.03661
,,,,,1098,13225.84205,9115.530355,10060.2058,27227.86608,2744.80164,2513.54083
,,,,,1099,12527.70457,9091.386211,9688.437319,26890.12589,2644.60788,2513.58998
,,,,,1100,12816.09491,8970.466641,10001.88086,27327.52031,2619.28728,2470.82948
,,,,,1101,12408.64143,8839.354919,9778.880646,27515.27354,2585.88936,2486.3019
,,,,,1102,11655.7125,8753.859744,9305.405854,28593.89665,2560.59792,2418.73048
,,,,,1103,10886.86721,8220.332106,8624.328506,27469.75683,2453.07528,2292.12008
,,,,,1104,10150.09441,7840.523379,8044.822245,26024.27031,2457.14796,2053.42802
,,,,,1105,10050.23039,7527.523164,7688.75609,25499.56769,2485.73448,1800.57093
,,,,,1106,9959.976927,7428.961547,7527.269209,25084.39072,2419.34688,1724.88976
,,,,,1107,9951.996277,7441.180509,7512.448642,24493.93411,2321.92332,1640.55819
,,,,,1108,9951.996277,7365.607396,7512.448642,24296.42813,2270.07684,1614.70529
,,,,,1109,10259.47903,7454.886295,7525.17768,24443.89765,2227.21164,1566.81353
,,,,,1110,11539.28562,7921.897759,8502.929773,25270.10584,2288.0394,1608.94491
,,,,,1111,12351.5879,8583.260992,9087.154522,26257.34997,2402.48268,1814.04786
,,,,,1112,12200.77753,8468.469147,9223.914046,25972.96761,2388.68028,1880.75424
,,,,,1113,12556.93769,8408.770942,9788.740596,27104.32048,2614.71888,2065.83348
,,,,,1114,12772.73721,8504.502896,10208.91696,28307.86853,2765.59272,2278.05335
,,,,,1115,13335.02501,8921.65907,10803.94372,28784.68063,2843.84844,2458.07014
,,,,,1116,13183.56741,9023.870604,10128.98833,28077.06925,2897.3862,2707.33928
,,,,,1117,12333.73669,8596.90221,9964.067907,27619.76307,2850.35112,2470.72135
,,,,,1118,12452.82884,8394.909129,10170.99093,28220.73986,2874.35952,2475.27264
,,,,,1119,12433.86342,8615.040125,10076.35237,28291.71984,2908.57392,2525.30734
,,,,,1120,12654.84316,8600.175716,10304.71268,28452.39179,2908.57392,2560.96075
,,,,,1121,13813.34816,8787.397737,10504.42949,28339.99868,2861.15004,2584.81816
,,,,,1122,13527.37706,9258.534177,10323.7109,27600.54245,2799.03924,2574.52615
,,,,,1123,12788.10471,9228.118552,9912.411591,27255.98302,2693.90772,2574.5753
,,,,,1124,13093.48726,9096.107622,10259.18416,27702.20878,2667.34296,2528.25634
,,,,,1125,12662.02627,8952.969663,10012.47192,27893.75291,2632.30236,2545.01649
,,,,,1126,11864.73412,8859.632434,9488.65169,29103.73175,2605.76676,2471.82231
,,,,,1127,11050.58781,8277.166916,8735.15414,27847.31718,2492.937,2334.67415
,,,,,1128,10270.40371,7862.520194,8094.027918,26372.64512,2497.2138,2076.11566
,,,,,1129,10109.21428,7427.478656,7856.101005,25901.87228,2536.1424,1808.48408
,,,,,1130,10012.33114,7322.259635,7695.565355,25480.14531,2465.97372,1727.10151
,,,,,1131,9997.627054,7335.303933,7681.334248,24880.37343,2363.01948,1636.40993
,,,,,1132,9997.627054,7106.430939,7681.334248,24617.31182,2308.21812,1608.60086
,,,,,1133,10333.83352,7349.935485,7693.486145,24829.54758,2273.19696,1567.5901
,,,,,1134,11707.64984,7848.491521,8665.478837,25668.79034,2327.20128,1602.41779
,,,,,1135,12579.62076,8554.526934,9246.262239,26671.60962,2448.14724,1822.98333
,,,,,1136,12417.73243,8431.981404,9382.216187,26382.74073,2433.56724,1894.72267
,,,,,1137,12800.05476,8368.250848,9943.715653,27531.94228,2672.45568,2093.76051
,,,,,1138,13031.7061,8470.449075,10361.41699,28754.47796,2831.90256,2321.98362
,,,,,1139,13635.29742,8915.782315,10954.41828,29238.81243,2914.61004,2515.57564
,,,,,1140,13472.71432,9024.897789,10281.95918,28520.0375,2971.19016,2797.92273
,,,,,1141,12560.45826,8569.089556,10118.01021,28055.51669,2921.48208,2529.18036
,,,,,1142,12688.29847,8353.45273,10323.71436,28665.97472,2946.85128,2534.06587
,,,,,1143,12667.93992,8588.452608,10229.63326,28738.0745,2989.24992,2587.88512
,,,,,1144,12905.15199,8572.584173,10456.64842,28901.28128,2989.24992,2626.22212
,,,,,1145,14133.39254,8772.452219,10655.18882,28787.11501,2932.90308,2651.87842
,,,,,1146,13841.77892,9396.496934,10475.53474,28035.99284,2867.24448,2640.80984
,,,,,1147,13048.20244,9242.941788,10066.65817,27685.99749,2756.14488,2640.86882
,,,,,1148,13376.01722,9102.0141,10411.38809,28139.26309,2728.07352,2591.05038
,,,,,1149,12912.86275,8949.207801,10166.1291,28333.82909,2691.0306,2609.0786
,,,,,1150,12057.00455,8849.566052,9645.394407,29615.20176,2662.9884,2530.35996
,,,,,1151,11183.05414,8227.757549,8896.335298,28286.66077,2543.75316,2382.87064
,,,,,1152,10345.56069,7785.103262,8258.985598,26788.72371,2548.27296,2104.80943
,,,,,1153,10231.82608,7476.65751,7861.891615,26557.39197,2592.64476,1834.59256
,,,,,1154,10130.86928,7370.741483,7698.144507,26124.99237,2517.8202,1750.98841
,,,,,1155,10112.03394,7383.872192,7681.923317,25510.04208,2408.01336,1657.81967
,,,,,1156,10112.03394,7125.217821,7681.923317,25358.72364,2349.57672,1629.25369
,,,,,1157,10465.8899,7398.600668,7696.023704,25457.92998,2326.31676,1596.85401
,,,,,1158,11897.47116,7900.459305,8687.460758,26318.41145,2369.81376,1622.89368
,,,,,1159,12806.10588,8611.171729,9279.862521,27346.60905,2498.80788,1849.48501
,,,,,1160,12637.41062,8487.814418,9418.536179,27050.42976,2483.25588,1923.18052
,,,,,1161,13035.80848,8423.661689,9991.268239,28228.71412,2738.03652,2127.65435
,,,,,1162,13277.20008,8526.536911,10417.32554,29482.18848,2908.0782,2362.10968
,,,,,1163,13906.17064,8974.820186,11017.16502,29978.78,2996.2872,2560.99024
,,,,,1164,13736.7514,9084.658477,10336.2782,29241.81504,3056.62896,2864.28506
,,,,,1165,12786.13766,8625.830819,10169.04949,28765.53861,3003.61608,2574.95867
,,,,,1166,12919.35317,8408.765543,10378.86869,29391.44549,3030.67656,2579.99163
,,,,,1167,12898.13861,8645.322138,10282.90553,29465.3699,3089.20068,2635.27555
,,,,,1168,13145.32475,8629.348586,10514.46205,29632.70695,3079.65564,2674.65453
,,,,,1169,14416.41478,8830.540624,10716.97417,29515.65147,3015.79524,2701.00876
,,,,,1170,14121.33408,9481.341378,10533.72617,28745.52067,2945.77236,2689.64528
,,,,,1171,13294.39004,9304.146872,10116.67018,28386.66801,2827.28556,2689.70426
,,,,,1172,13635.98848,9162.285633,10468.2963,28851.40439,2797.34796,2638.52928
,,,,,1173,13153.35972,9008.467093,10218.13099,29050.89426,2757.84588,2657.03917
,,,,,1174,12261.5152,8908.165285,9686.979184,30264.45612,2727.93744,2576.17759
,,,,,1175,11350.81775,8282.237716,8922.935418,29002.53226,2600.77068,2424.65797
,,,,,1176,10478.11016,7836.65114,8272.835769,27466.68694,2605.5918,2139.008
,,,,,1177,10363.28222,7612.508852,7911.601526,27231.64767,2668.26636,1862.22469
,,,,,1178,10260.74333,7504.667421,7747.046134,26802.54603,2597.73804,1777.67686
,,,,,1179,10240.30352,7518.036827,7730.324065,26192.28603,2494.23948,1683.44648
,,,,,1180,10240.30352,7384.371435,7730.324065,26122.56943,2439.15624,1654.55611
,,,,,1181,10601.01408,7533.033046,7744.914862,26140.5714,2437.56216,1630.04992
,,,,,1182,12055.02973,8044.014765,8741.245821,26994.48987,2458.24632,1648.12729
,,,,,1183,12977.90373,8767.646938,9336.571783,28014.84529,2579.82408,1877.29408
,,,,,1184,12806.56483,8642.047165,9475.929958,27720.92499,2565.1566,1951.82514
,,,,,1185,13211.20601,8576.72823,10051.48912,28890.22244,2805.29892,2158.60902
,,,,,1186,13456.38047,8681.473578,10479.64951,30134.13641,2965.572,2395.72828
,,,,,1187,14095.20766,9137.906011,11081.21008,30626.94036,3048.70716,2596.86974
,,,,,1188,13923.13344,9249.741007,10398.20212,29895.59633,3105.57888,2914.85058
,,,,,1189,12957.62258,8782.57251,10230.14794,29422.95251,3055.61808,2610.99545
,,,,,1190,13092.92572,8561.561294,10441.00283,30044.08553,3081.11364,2616.07756
,,,,,1191,13071.3787,8802.418154,10344.56598,30117.44611,3160.83708,2671.9906
,,,,,1192,13322.43851,8786.154225,10577.2655,30283.50686,3127.28364,2711.82176
,,,,,1193,14610.17017,8991.00365,10780.77726,30167.34418,3067.08768,2738.48072
,,,,,1194,14313.74294,9553.502648,10596.62472,29403.08725,3001.0986,2726.97962
,,,,,1195,13473.83981,9473.219391,10177.51007,29046.9716,2889.4158,2727.0386
,,,,,1196,13820.79146,9328.779314,10530.87187,29508.16338,2861.19864,2675.28365
,,,,,1197,13330.5994,9172.164571,10279.47171,29706.13172,2823.97104,2694.0098
,,,,,1198,12424.77873,9070.039418,9745.698044,30842.80492,2795.78304,2612.2242
,,,,,1199,11499.80968,8432.733369,8977.882825,29658.13858,2675.92572,2458.98433
,,,,,1200,10613.42584,7979.046658,8324.574171,28134.00734,2680.46496,2170.10029
,,,,,1201,10423.61606,7644.149704,8072.352755,27361.71847,2737.07424,1893.76916
,,,,,1202,10318.96421,7535.859831,7913.063465,26921.50355,2670.01596,1810.54838
,,,,,1203,10296.38156,7549.284832,7899.604704,26295.43846,2571.6204,1717.82199
,,,,,1204,10296.38156,7459.334813,7899.604704,26223.68686,2521.88316,1689.39363
,,,,,1205,10666.24672,7564.343411,7911.000398,26242.38447,2521.88316,1661.67303
,,,,,1206,12150.22442,8077.449967,8875.446774,27118.41853,2537.38656,1683.06311
,,,,,1207,13092.11555,8804.091252,9451.721114,28165.20009,2652.9768,1908.5928
,,,,,1208,12917.24598,8677.969192,9586.619549,27863.66757,2639.03832,1981.93443
,,,,,1209,13330.22536,8612.378638,10143.75967,29063.2486,2867.3514,2185.44492
,,,,,1210,13580.45198,8717.559554,10558.21807,30339.37864,3019.73184,2418.79929
,,,,,1211,14232.44312,9175.889989,11148.56548,30844.9457,3098.77488,2616.746
,,,,,1212,14056.82306,9288.190035,10479.37716,30094.66062,3152.84724,2924.79854
,,,,,1213,13071.41648,8819.07889,10316.70104,29609.77582,3105.3456,2630.65545
,,,,,1214,13209.50773,8597.148633,10520.80816,30246.99553,3129.58728,2635.65892
,,,,,1215,13187.51671,8839.007058,10427.45749,30322.25607,3213.37368,2690.67743
,,,,,1216,13443.74996,8822.675499,10652.71016,30492.61762,3173.4828,2729.87947
,,,,,1217,14753.70719,9028.376758,10849.70913,30373.44645,3116.25144,2756.11574
,,,,,1218,14455.48163,9558.879202,10671.44984,29589.39607,3053.50884,2744.80141
,,,,,1219,13598.2711,9512.597718,10265.74769,29224.0574,2947.32756,2744.86039
,,,,,1220,13952.37218,9367.55701,10607.80121,29697.19356,2920.50036,2693.92133
,,,,,1221,13452.07901,9210.291009,10364.44635,29900.28908,2885.10012,2712.35258
,,,,,1222,12527.59263,9107.741184,9847.754517,31066.09881,2858.30208,2631.86454
,,,,,1223,11583.56328,8467.784997,9104.510921,29851.05296,2744.3448,2481.06251
,,,,,1224,10678.91424,8012.211701,8472.10945,28287.44831,2748.66048,2196.74942
,,,,,1225,10454.0376,7632.544805,8094.163429,27422.72344,2797.71732,1916.81068
,,,,,1226,10348.13462,7524.419407,7930.076538,26976.23522,2734.31376,1834.70069
,,,,,1227,10324.28314,7537.824018,7913.644791,26341.24837,2641.28364,1743.19322
,,,,,1228,10324.28314,7454.988267,7913.644791,26167.57977,2595.07476,1715.1384
,,,,,1229,10699.56895,7552.859724,7927.951334,26287.43834,2595.07476,1681.43133
,,,,,1230,12201.28785,8065.186955,8921.445667,27175.95635,2608.92576,1708.89635
,,,,,1231,13154.43944,8790.72459,9515.076692,28237.6551,2718.20772,1931.44755
,,,,,1232,12977.47927,8664.794089,9654.038104,27931.82558,2705.0274,2003.82584
,,,,,1233,13395.39588,8599.303157,10227.95861,29148.50127,2920.89888,2204.64291
,,,,,1234,13648.61401,8704.324319,10654.9,30442.81685,3064.96872,2434.92049
,,,,,1235,14308.39981,9161.958625,11255.46298,30955.5885,3139.7058,2630.25242
,,,,,1236,14130.68019,9274.088105,10573.68449,30194.61146,3190.82328,2925.58494
,,,,,1237,13133.49291,8805.689464,10406.10877,29702.8168,3145.91688,2643.9751
,,,,,1238,13273.23506,8584.096283,10616.36335,30349.11723,3168.83664,2648.91959
,,,,,1239,13250.98113,8825.587365,10520.20106,30425.45027,3249.95004,2703.21068
,,,,,1240,13510.27769,8809.28061,10752.23807,30598.23956,3210.34104,2741.90156
,,,,,1241,14833.39518,9014.669442,10955.17041,30477.37014,3156.2298,2767.78395
,,,,,1242,14534.10478,9538.79035,10771.54217,29682.14663,3096.90864,2756.61707
,,,,,1243,13666.64616,9498.15495,10353.62076,29311.60168,2996.52048,2756.67605
,,,,,1244,14024.98057,9353.334535,10705.97652,29791.48029,2971.15128,2706.40543
,,,,,1245,13518.70632,9196.307395,10455.29211,29997.47002,2937.68532,2724.59093
,,,,,1246,12583.16755,9093.913327,9923.038141,31264.62592,2912.34528,2645.17436
,,,,,1247,11627.85218,8454.929129,9157.408948,29947.53227,2804.59908,2496.35799
,,,,,1248,10712.38791,8000.047775,8505.960311,28361.64542,2808.68148,2215.79996
,,,,,1249,10410.23947,7682.426221,8081.785842,27551.274,2846.24928,1936.71643
,,,,,1250,10300.88263,7573.59386,7911.867972,27102.69282,2785.0716,1855.94332
,,,,,1251,10273.52845,7587.086115,7891.822872,26464.72941,2695.31712,1765.93001
,,,,,1252,10273.52845,7496.608463,7891.822872,26335.09689,2653.11288,1738.3372
,,,,,1253,10663.77842,7602.220131,7909.667247,26410.66714,2653.11288,1701.69096
,,,,,1254,12214.47348,8117.897142,8938.466317,27303.35016,2664.09648,1732.19345
,,,,,1255,13198.71058,8848.178605,9553.192568,28370.02572,2769.53904,1951.10755
,,,,,1256,13015.97914,8721.424725,9697.092102,28062.7626,2756.82528,2022.30624
,,,,,1257,13447.52544,8655.505589,10291.4074,29285.14157,2965.09572,2219.84009
,,,,,1258,13709.00187,8761.213418,10733.52054,30585.52437,3104.10144,2446.34295
,,,,,1259,14390.30552,9221.839903,11346.49949,31100.69969,3176.2044,2638.48013
,,,,,1260,14206.78986,9334.702525,10649.41897,30336.15549,3225.5334,2924.2284
,,,,,1261,13177.08092,8863.241324,10475.88829,29842.0555,3182.20164,2651.98655
,,,,,1262,13321.38054,8640.199287,10693.61446,30491.38552,3204.31464,2656.84257
,,,,,1263,13298.40083,8883.269325,10594.03496,30568.07639,3288.13992,2710.24896
,,,,,1264,13566.15393,8866.855951,10834.31761,30741.67564,3244.35132,2748.30089
,,,,,1265,14925.60148,9073.58769,11044.46135,30620.23963,3192.1452,2773.76059
,,,,,1266,14623.3715,9607.186115,10854.3077,29821.28844,3134.91384,2762.78048
,,,,,1267,13727.62211,9560.234401,10421.53508,29449.00653,3038.05404,2762.82963
,,,,,1268,14097.64303,9414.467097,10786.41212,29931.13461,3013.57908,2713.39456
,,,,,1269,13574.85745,9256.413257,10526.81941,30138.08994,2981.28924,2731.28516
,,,,,1270,12608.80758,9153.349699,9975.651303,31373.30905,2956.84344,2653.15632
,,,,,1271,11622.33613,8510.187592,9182.814771,30087.91809,2852.88804,2506.77779
,,,,,1272,10677.01546,8052.332059,8508.216306,28494.59726,2856.82464,2230.81037
,,,,,1273,10381.06629,7846.383281,8128.991328,27719.1079,2878.95708,1949.7805
,,,,,1274,10271.07289,7745.289982,7957.867574,27267.79419,2817.36144,1869.58736
,,,,,1275,10243.07314,7757.822803,7937.075208,26625.94463,2726.97516,1780.213
,,,,,1276,10243.07314,7681.333982,7937.075208,26534.31194,2686.52052,1752.81679
,,,,,1277,10636.0811,7771.88064,7955.651231,26571.55303,2686.52052,1718.09723
,,,,,1278,12195.8028,8250.887897,8991.75155,27469.67384,2695.54068,1746.72219
,,,,,1279,13185.76917,8929.239098,9610.840431,28542.84706,2801.71224,1964.07332
,,,,,1280,13001.97404,8811.498677,9755.761201,28233.71224,2788.911,2034.76085
,,,,,1281,13436.03238,8750.267046,10354.29428,29463.53734,2998.62972,2230.88901
,,,,,1282,13699.03087,8848.457999,10799.54504,30771.84142,3138.59772,2455.77975
,,,,,1283,14384.30041,9276.329368,11415.09169,31290.15493,3211.20612,2646.55056
,,,,,1284,14199.7165,9381.166338,10714.8466,30520.95352,3260.8656,2932.53475
,,,,,1285,13164.01359,8943.230709,10540.0844,30023.84371,3217.23252,2659.95868
,,,,,1286,13309.15319,8736.049174,10759.35574,30677.12913,3239.50104,2664.77538
,,,,,1287,13286.03972,8961.83452,10659.06954,30754.28715,3328.6626,2717.80823
,,,,,1288,13555.35142,8946.5883,10901.05745,30928.94389,3279.8196,2755.58492
,,,,,1289,14921.49483,9138.619359,11112.69255,30806.76815,3227.25384,2780.86768
,,,,,1290,14618.72307,9622.993612,10921.18941,30002.95014,3169.62396,2769.96621
,,,,,1291,13717.7595,9590.660658,10485.34545,29628.40048,3072.09348,2770.01536
,,,,,1292,14089.93432,9455.258857,10852.81198,30113.46544,3047.44356,2720.93417
,,,,,1293,13564.1056,9308.444214,10591.37697,30321.68144,3014.93016,2738.68715
,,,,,1294,12592.43233,9212.709498,10036.2973,31531.62756,2990.31912,2661.11862
,,,,,1295,11600.2186,8615.282601,9237.834112,30271.20398,2885.64444,2515.78207
,,,,,1296,10649.39519,8189.985142,8558.448112,28668.17742,2889.6102,2241.78065
,,,,,1297,10433.35129,7843.932339,8186.948459,28068.492,2906.01756,1964.7221
,,,,,1298,10326.14142,7744.391229,8019.653532,27637.106,2847.38652,1885.92482
,,,,,1299,10300.96458,7756.731621,8001.233822,27023.59722,2761.34508,1798.11343
,,,,,1300,10300.96458,7680.804226,8001.233822,26953.46232,2724.52572,1771.18906
,,,,,1301,10681.91258,7770.573613,8017.486779,26971.60728,2724.52572,1735.16211
,,,,,1302,12202.16326,8242.226179,9030.404756,27830.07167,2731.4172,1765.20259
,,,,,1303,13167.0771,8910.161956,9635.641765,28855.85905,2832.49548,1978.75934
,,,,,1304,12987.93318,8794.229324,9777.319989,28560.37404,2820.3066,2048.20829
,,,,,1305,13411.00704,8733.937846,10362.46112,29735.89636,3019.93596,2240.91561
,,,,,1306,13667.34998,8830.621172,10797.74957,30986.43243,3153.17772,2461.88418
,,,,,1307,14335.27778,9251.922992,11405.14346,31481.85987,3222.29664,2649.32262
,,,,,1308,14155.36503,9355.150292,10714.94623,30746.62245,3269.565,2927.69839
,,,,,1309,13145.87208,8923.938739,10544.09426,30271.46248,3228.03144,2662.49482
,,,,,1310,13287.33871,8719.938276,10758.45949,30895.90215,3249.23076,2667.23288
,,,,,1311,13264.81016,8942.256906,10660.41716,30969.65327,3338.0424,2719.33188
,,,,,1312,13527.30653,8927.244777,10896.99068,31136.59806,3287.61504,2756.44996
,,,,,1313,14864.17072,9116.327386,11103.89052,31019.81698,3237.57648,2781.29037
,,,,,1314,14563.76803,9592.585458,10916.67219,30251.49146,3182.70708,2770.57567
,,,,,1315,13685.60465,9561.42803,10490.58007,29893.47999,3089.87136,2770.63465
,,,,,1316,14048.36105,9428.105192,10849.82468,30357.12697,3066.40728,2722.39884
,,,,,1317,13535.83918,9283.544745,10594.23918,30556.14922,3035.4588,2739.84709
,,,,,1318,12588.7555,9189.279943,10051.5792,31698.8115,3012.02388,2663.6351
,,,,,1319,11621.65118,8601.025956,9270.981317,30507.90058,2912.38416,2520.83469
,,,,,1320,10694.88973,8182.258526,8606.796315,28975.65547,2916.15552,2251.62048
,,,,,1321,10742.16632,7892.729228,8302.958274,27983.90372,2919.82968,1991.29259
,,,,,1322,10634.98067,7780.91627,8139.678196,27583.92656,2862.8316,1916.39782
,,,,,1323,10609.82838,7794.778037,8123.746416,27015.08683,2779.191,1832.92146
,,,,,1324,10609.82838,7708.077972,8123.746416,26950.70334,2734.68312,1807.33397
,,,,,1325,10990.67148,7810.326529,8137.563441,26966.88223,2727.4806,1771.04161
,,,,,1326,12510.57886,8340.126416,9126.172778,27762.84257,2750.09904,1801.6424
,,,,,1327,13475.27479,9090.408138,9716.884929,28713.94326,2848.3488,2004.64173
,,,,,1328,13296.17132,8960.182842,9855.16307,28439.97226,2836.50012,2070.66001
,,,,,1329,13719.14965,8892.458375,10426.26162,29529.90581,3030.56964,2253.84206
,,,,,1330,13975.4347,9001.06123,10851.10374,30689.39143,3160.08864,2463.8895
,,,,,1331,14643.21166,9474.302918,11449.94877,31148.74722,3227.283,2642.06808
,,,,,1332,14463.33954,9590.256516,10770.28757,30467.04181,3273.23916,2903.89996
,,,,,1333,13454.07456,9105.883381,10603.53582,30026.47782,3232.86228,2654.58167
,,,,,1334,13595.50924,8876.732879,10812.75657,30605.45258,3253.46868,2659.08381
,,,,,1335,13572.98578,9126.459889,10717.06712,30673.83394,3310.75836,2708.61718
,,,,,1336,13835.42288,9109.597001,10947.9632,30828.62363,3290.78376,2743.89705
,,,,,1337,15172.0324,9321.990514,11149.89773,30720.34528,3242.13516,2767.50871
,,,,,1338,14871.65032,9867.373711,10967.17238,30007.96087,3188.80152,2757.32483
,,,,,1339,13993.68525,9821.965045,10551.30589,29676.01591,3098.55132,2757.37398
,,,,,1340,14356.35972,9672.205605,10901.92913,30105.90515,3075.7482,2711.53669
,,,,,1341,13843.9536,9509.823135,10652.47732,30290.43676,3045.65508,2728.1199
,,,,,1342,12897.0838,9403.93697,10122.84044,31350.75211,3022.88112,2655.6728
,,,,,1343,11930.19787,8743.160546,9360.975832,30245.70106,2926.0116,2519.93033
,,,,,1344,11003.64571,8272.765698,8712.730358,28825.0174,2929.68576,2264.01611
,,,,,1345,10718.18685,7780.979579,8223.839189,27886.36356,2928.2958,2010.66752
,,,,,1346,10610.21273,7670.750434,8062.550807,27481.70587,2871.9198,1938.29906
,,,,,1347,10584.26082,7684.415852,8047.853245,26906.20958,2789.19288,1857.66357
,,,,,1348,10584.26082,7511.929197,8047.853245,26840.96901,2745.171,1832.94112
,,,,,1349,10968.52004,7699.744102,8060.461848,26857.44089,2727.50976,1795.941
,,,,,1350,12499.60802,8222.039453,9037.012094,27662.71555,2760.42168,1827.43632
,,,,,1351,13471.40036,8961.693548,9620.518717,28624.94601,2857.60224,2023.55465
,,,,,1352,13290.97939,8833.312873,9757.110137,28347.76901,2845.87992,2087.34152
,,,,,1353,13717.06919,8766.547713,10321.2424,29450.45695,3037.82076,2264.32084
,,,,,1354,13975.23949,8873.612226,10740.90229,30623.51086,3165.93036,2467.24153
,,,,,1355,14647.9287,9340.150517,11335.50638,31088.24204,3232.386,2639.38449
,,,,,1356,14466.73342,9454.461649,10661.07191,30398.55931,3277.83672,2889.71527
,,,,,1357,13450.04418,8976.949586,10496.3542,29952.83984,3237.90696,2651.47539
,,,,,1358,13592.51927,8751.044966,10703.02288,30538.58976,3258.2898,2655.83008
,,,,,1359,13569.83012,8997.234632,10608.50065,30607.77133,3302.2242,2703.68252
,,,,,1360,13834.19774,8980.610604,10836.58025,30764.37236,3295.18692,2737.77296
,,,,,1361,15179.10093,9189.995594,11036.05158,30654.82693,3247.07292,2760.57856
,,,,,1362,14878.04778,9794.68768,10855.55512,29934.10621,3194.3322,2750.73873
,,,,,1363,13993.6243,9682.888062,10444.76138,29598.27683,3105.06372,2750.78788
,,,,,1364,14358.96665,9535.249941,10791.1077,30033.19664,3082.5036,2706.4939
,,,,,1365,13842.79121,9375.167595,10544.69872,30219.88763,3052.75068,2722.52663
,,,,,1366,12888.95613,9270.781292,10021.52237,31292.47428,3030.21972,2652.5272
,,,,,1367,11914.95768,8619.364666,9268.951012,30174.62844,2934.40968,2521.38517
,,,,,1368,10981.58971,8155.632889,8628.612858,28737.31995,2938.04496,2274.15084
,,,,,1369,10725.43598,7765.0087,8129.773966,27783.87047,2929.14144,2020.99885
,,,,,1370,10615.02947,7655.005908,7965.598502,27337.85949,2868.64416,1949.33815
,,,,,1371,10586.61078,7668.643264,7949.111867,26703.55136,2779.89084,1869.4694
,,,,,1372,10586.61078,7494.312929,7949.111867,26630.73842,2732.64192,1844.98287
,,,,,1373,10981.40855,7683.940038,7963.472151,26649.79884,2715.20424,1812.98622
,,,,,1374,12546.9881,8205.162867,8957.502767,27537.36714,2749.0104,1839.53705
,,,,,1375,13540.67249,8943.298097,9551.454231,28597.93107,2853.28656,2033.76802
,,,,,1376,13356.18709,8815.18105,9690.490654,28292.42845,2840.70888,2096.94543
,,,,,1377,13791.87562,8748.552991,10264.72096,29507.80367,3046.66596,2272.21433
,,,,,1378,14055.86186,8855.397648,10691.89281,30800.73578,3184.1262,2473.18868
,,,,,1379,14743.70507,9320.977913,11292.64439,31312.95935,3255.43212,2643.67037
,,,,,1380,14558.42792,9435.05431,10610.63346,30552.7957,3304.20708,2897.90366
,,,,,1381,13518.83521,8958.522808,10442.96728,30061.5267,3261.36132,2655.64331
,,,,,1382,13664.51991,8733.082078,10653.33535,30707.13632,3283.23132,2659.94885
,,,,,1383,13641.31963,8978.766198,10557.12116,30783.38777,3332.18124,2707.33928
,,,,,1384,13911.64278,8962.176308,10789.28342,30955.99237,3322.82088,2741.10533
,,,,,1385,15282.1315,9171.13133,10992.32531,30835.25214,3271.19796,2763.69467
,,,,,1386,14979.00815,9776.146907,10808.59794,30040.87862,3214.5984,2753.95314
,,,,,1387,14074.66083,9663.011654,10390.45094,29670.72974,3118.81752,2754.00229
,,,,,1388,14448.23342,9515.676705,10742.9969,30150.09542,3094.61472,2710.131
,,,,,1389,13920.42984,9355.923084,10492.17717,30355.86498,3062.68452,2726.00645
,,,,,1390,12945.10725,9251.751136,9959.635896,31536.87067,3038.50116,2656.68529
,,,,,1391,11949.16706,8601.67218,9193.59342,30305.9806,2935.70244,2526.8015
,,,,,1392,10994.77264,8138.892668,8541.793134,28721.78887,2939.60016,2281.94603
,,,,,1393,10662.01038,7899.62159,8085.205109,28066.61004,2940.24168,2020.5565
,,,,,1394,10546.88486,7787.710947,7912.174406,27609.63858,2880.85248,1947.7162
,,,,,1395,10513.68042,7801.584825,7890.200338,26959.74268,2793.7224,1866.54989
,,,,,1396,10513.68042,7625.120753,7890.200338,26845.40578,2750.1768,1841.66033
,,,,,1397,10928.92377,7817.146901,7909.933364,26904.66923,2750.1768,1815.54202
,,,,,1398,12561.41956,8347.409643,8957.579657,27814.04903,2763.41544,1836.12604
,,,,,1399,13597.57616,9098.346843,9583.567469,28900.67573,2865.77676,2033.5321
,,,,,1400,13405.20545,8968.007777,9730.10319,28587.66554,2853.42264,2097.74166
,,,,,1401,13859.51625,8900.224143,10335.30613,29832.90793,3055.60836,2275.87109
,,,,,1402,14134.78582,9008.921878,10785.51862,31157.61314,3190.5414,2480.13849
,,,,,1403,14852.02893,9482.57701,11405.12576,31682.42432,3260.54484,2653.40207
,,,,,1404,14658.83263,9598.63191,10699.87634,30903.58006,3308.42556,2920.51266
,,,,,1405,13574.8055,9113.835606,10523.16664,30400.23841,3266.3574,2665.58144
,,,,,1406,13726.71707,8884.484908,10744.88147,31061.71352,3287.82888,2669.95579
,,,,,1407,13702.52517,9134.430091,10643.47771,31139.83881,3363.1686,2718.12279
,,,,,1408,13984.40251,9117.552471,10888.16226,31316.68507,3326.69916,2752.43932
,,,,,1409,15404.52908,9330.131539,11102.15575,31192.97772,3276.01908,2775.39237
,,,,,1410,15097.38937,9946.25291,10908.51856,30379.08291,3220.45956,2765.49356
,,,,,1411,14154.3883,9830.54287,10467.81769,29999.83783,3126.42828,2765.54271
,,,,,1412,14543.92819,9680.652593,10839.37916,30490.98365,3102.6726,2720.95383
,,,,,1413,13993.56515,9518.12826,10575.0308,30701.80988,3071.3256,2737.08486
,,,,,1414,12976.55518,9412.149588,10013.76549,31944.84517,3047.58936,2666.63325
,,,,,1415,11938.04636,8750.795881,9206.404486,30650.69962,2946.68604,2534.63601
,,,,,1416,10942.85907,8279.990076,8519.447623,29027.57726,2950.506,2285.7699
,,,,,1417,10344.1207,8607.527496,8573.598877,28438.22534,2951.68212,1906.9217
,,,,,1418,10265.67433,8499.974702,8439.698723,28056.92269,2892.429,1826.20757
,,,,,1419,10265.67433,8500.587428,8439.698723,27592.63972,2805.49332,1736.26307
,,,,,1420,10265.67433,8499.974702,8439.698723,27592.63972,2759.22612,1708.68992
,,,,,1421,10579.34769,8517.562789,8439.698723,27592.63972,2644.77312,1632.08473
,,,,,1422,12018.04308,9095.981851,9388.020851,28227.4853,2775.2544,1702.556
,,,,,1423,12931.1932,9915.116133,9972.423767,29134.1801,2877.38244,1921.30299
,,,,,1424,12761.65962,9772.940199,10109.225,28873.00052,2865.0672,1992.4427
,,,,,1425,13162.03729,9699.000729,10674.2238,29912.04622,3066.79608,2189.83893
,,,,,1426,13404.62846,9817.569954,11094.5283,31017.39668,3201.4278,2416.18451
,,,,,1427,14036.72465,10334.24053,11894.85185,31455.30564,3271.266,2608.18407
,,,,,1428,13866.46349,10460.83507,11014.5753,30805.42833,3295.20636,2839.2972
,,,,,1429,12911.12575,9932.011522,10849.60458,30385.43381,3277.06884,2621.67083
,,,,,1430,13045.00326,9681.832121,11056.59071,30937.37685,3295.20636,2626.52685
,,,,,1431,13023.68328,9954.476315,10961.92328,31002.56556,3295.20636,2679.89392
,,,,,1432,13272.09779,9936.065938,11190.35323,31150.12828,3295.20636,2717.91636
,,,,,1433,14682.034,10167.95058,11390.13095,31046.90533,3286.71108,2743.3564
,,,,,1434,14252.95732,10883.06227,11209.35724,30367.7814,3231.27792,2732.38612
,,,,,1435,13421.90385,10713.80724,10797.93251,30051.3346,3137.46048,2732.43527
,,,,,1436,13765.19983,10550.30454,11144.81083,30461.15277,3113.7534,2683.03952
,,,,,1437,13280.17269,10373.0204,10898.02335,30637.06879,3082.47444,2700.91046
,,,,,1438,12383.89622,10257.41717,10374.04338,32092.7234,3058.79652,2622.8406
,,,,,1439,11468.67312,9536.001996,9620.316038,30594.42175,2958.11676,2476.5702
,,,,,1440,10591.62867,9022.439511,8978.994297,29240.06831,2961.927,2200.79938
,,,,,1441,10320.65065,8478.503117,8491.852011,28337.93709,2869.45092,1903.27477
,,,,,1442,10240.91017,8358.257848,8360.723216,27951.80157,2811.34476,1825.74556
,,,,,1443,10240.91017,8373.164993,8360.723216,27480.15369,2726.0712,1739.33986
,,,,,1444,10240.91017,8284.213416,8360.723216,27480.15369,2680.68852,1712.84801
,,,,,1445,10557.66179,8389.886066,8360.723216,27480.15369,2585.3742,1643.33025
,,,,,1446,12007.26939,8959.64051,9295.672852,28124.526,2696.41548,1706.95001
,,,,,1447,12927.34556,9766.504301,9872.468737,29042.71281,2796.58008,1917.08592
,,,,,1448,12756.52611,9626.458138,10007.48926,28778.22288,2784.49812,1985.43391
,,,,,1449,13159.94056,9553.626269,10565.13361,29830.43809,2982.34872,2175.05461
,,,,,1450,13404.37174,9670.419347,10979.9671,30949.79845,3114.39492,2392.48438
,,,,,1451,14041.26224,10179.35029,11775.77189,31393.25774,3182.90148,2576.9345
,,,,,1452,13869.70968,10304.04846,10901.05483,30735.14348,3212.46972,2804.499
,,,,,1453,12907.1259,9783.146601,10738.2315,30309.82568,3188.58768,2589.89044
,,,,,1454,13042.01885,9536.714844,10942.52334,30868.76439,3209.60232,2594.54986
,,,,,1455,13020.53716,9805.274875,10849.08818,30934.77935,3212.46972,2645.82314
,,,,,1456,13270.83584,9787.140282,11074.54471,31084.21237,3212.46972,2682.34159
,,,,,1457,14688.87948,10015.55133,11271.72197,30979.68111,3198.04524,2706.7888
,,,,,1458,14259.135,10802.16272,11093.30135,30291.94954,3143.67156,2696.25104
,,,,,1459,13421.77815,10553.23116,10687.23203,29971.49189,3051.66204,2696.30019
,,,,,1460,13767.67797,10392.17769,11029.59512,30386.50435,3028.4118,2648.84095
,,,,,1461,13278.97199,10217.54924,10786.02002,30564.65004,2997.73548,2666.01396
,,,,,1462,12375.89744,10103.67773,10268.86056,32032.98302,2974.5144,2591.01106
,,,,,1463,11453.73257,9393.069229,9524.944308,30521.46247,2875.7592,2450.50104
,,,,,1464,10570.03592,8887.199821,8891.970497,29149.94311,2879.5014,2185.59237
,,,,,1465,10326.92311,8460.868842,8393.129006,28230.20946,2815.74792,1902.03619
,,,,,1466,10243.19037,8340.873501,8257.982961,27801.37474,2753.0442,1825.49981
,,,,,1467,10243.19037,8355.749662,8257.982961,27264.65665,2661.05412,1740.2049
,,,,,1468,10243.19037,8264.762381,8257.982961,27264.65665,2612.09448,1714.04727
,,,,,1469,10569.43825,8372.43598,8257.982961,27264.65665,2535.47172,1653.68124
,,,,,1470,12052.70944,8941.006196,9212.316821,27993.19919,2629.05588,1708.22791
,,,,,1471,12994.15214,9746.192931,9800.139549,29012.91992,2737.12284,1915.68023
,,,,,1472,12819.36582,9606.437852,9937.741314,28719.18245,2724.08832,1983.14352
,,,,,1473,13232.14858,9533.757363,10506.04638,29887.75256,2937.54924,2170.33621
,,,,,1474,13482.25607,9650.307688,10928.81042,31130.89278,3080.01528,2384.97426
,,,,,1475,14133.9368,10158.18082,11731.16543,31623.39019,3153.91644,2567.05535
,,,,,1476,13958.40036,10282.61981,10848.38955,30892.50107,3196.69416,2802.93603
,,,,,1477,12973.46292,9762.800639,10682.45345,30420.15126,3160.05948,2579.84418
,,,,,1478,13111.48843,9516.881088,10890.65082,31040.89791,3182.72652,2584.44462
,,,,,1479,13089.50787,9784.88292,10795.42943,31114.21286,3196.69416,2635.05929
,,,,,1480,13345.61913,9766.78602,11025.1961,31280.17031,3196.69416,2671.11573
,,,,,1481,14788.67376,9994.722318,11226.14288,31164.07989,3170.25576,2695.24838
,,,,,1482,14356.86912,10781.69089,11044.31132,30400.29835,3111.59556,2684.83841
,,,,,1483,13500.06671,10531.28458,10630.47901,30044.40421,3012.3252,2684.88756
,,,,,1484,13853.9992,10370.56587,10979.38719,30505.30912,2987.23788,2638.03778
,,,,,1485,13353.94422,10196.30038,10731.15557,30703.15432,2954.151,2654.99453
,,,,,1486,12429.89798,10082.66555,10204.10936,32283.50283,2929.09284,2580.95497
,,,,,1487,11486.31808,9373.534039,9445.971354,30655.19103,2822.55192,2442.24384
,,,,,1488,10582.09974,8868.716075,8800.896722,29132.00784,2826.58572,2180.73635
,,,,,1489,10264.03374,8609.501912,8344.168201,28493.76298,2799.04896,1904.33641
,,,,,1490,10172.55572,8487.400014,8196.700472,28046.08873,2735.72316,1826.50247
,,,,,1491,10172.55572,8502.53733,8196.700472,27480.6607,2642.79996,1739.78221
,,,,,1492,10172.55572,8409.19408,8196.700472,27480.6607,2593.3446,1713.19206
,,,,,1493,10517.22706,8519.516582,8196.700472,27480.6607,2550.3822,1658.05559
,,,,,1494,12065.80813,9098.068236,9210.489495,28246.34039,2610.48096,1707.2744
,,,,,1495,13048.70347,9917.390289,9832.133686,29310.8594,2719.63656,1918.19671
,,,,,1496,12866.22114,9775.181764,9977.652622,29004.21748,2706.47568,1986.79045
,,,,,1497,13297.17913,9701.225345,10578.65616,30224.12511,2922.08472,2177.11891
,,,,,1498,13558.2991,9819.821749,11025.74471,31521.87885,3065.9796,2395.36457
,,,,,1499,14238.67397,10336.61076,11848.19051,32036.01261,3140.6292,2580.49296
,,,,,1500,14055.40848,10463.23432,10940.69668,31273.01414,3191.68836,2828.82825
,,,,,1501,13027.10329,9934.289551,10765.21314,30779.9131,3146.84028,2593.49805
,,,,,1502,13171.20619,9684.052801,10985.38954,31427.93033,3169.73088,2598.17713
,,,,,1503,13148.25781,9956.759494,10884.6894,31504.46615,3201.10704,2649.63718
,,,,,1504,13415.6459,9938.344896,11127.67612,31677.71443,3201.10704,2686.30308
,,,,,1505,14907.22372,10170.28269,11340.18475,31556.52393,3157.13376,2710.82893
,,,,,1506,14471.42221,10969.51375,11147.89117,30759.18802,3097.88064,2700.25185
,,,,,1507,13576.89396,10716.26448,10710.24825,30387.65877,2997.60912,2700.301
,,,,,1508,13946.41044,10552.7243,11079.23152,30868.81211,2972.2788,2652.67465
,,,,,1509,13424.33755,10375.39952,10816.71742,31075.34903,2938.85172,2669.90664
,,,,,1510,12459.60465,10259.7698,10259.34664,32705.12046,2913.54084,2594.6285
,,,,,1511,11474.47801,9538.189248,9457.587772,31025.27862,2805.921,2453.58766
,,,,,1512,10530.44605,9024.509038,8775.397583,29435.17908,2810.0034,2187.69599
,,,,,1513,10348.39414,8715.044573,8399.815872,28895.2985,2813.10408,1904.24794
,,,,,1514,10254.28565,8591.446832,8245.915112,28448.41357,2753.78292,1823.22908
,,,,,1515,10254.28565,8606.769592,8245.915112,27884.18841,2666.75004,1732.94053
,,,,,1516,10254.28565,8551.040916,8245.915112,27884.18841,2620.42452,1705.25925
,,,,,1517,10605.21401,8623.956853,8245.915112,27884.18841,2605.80564,1650.73224
,,,,,1518,12175.97582,9209.596212,9290.745097,28648.31215,2636.47224,1699.10567
,,,,,1519,13172.94942,10038.95559,9930.047146,29710.95423,2738.71692,1918.67838
,,,,,1520,12987.85335,9895.004905,10079.69956,29404.85298,2726.38224,1990.09333
,,,,,1521,13424.98406,9820.142463,10697.77466,30622.60969,2928.3444,2188.23664
,,,,,1522,13689.84412,9940.191765,11157.5628,31918.07528,3063.13164,2415.4276
,,,,,1523,14379.96418,10463.31184,11990.49781,32431.30253,3133.05732,2608.15458
,,,,,1524,14194.07373,10591.48664,11070.09897,31669.64936,3180.87972,2870.58609
,,,,,1525,13151.03985,10056.06189,10889.63081,31177.41774,3138.86016,2621.69049
,,,,,1526,13297.20678,9802.759542,11116.06133,31824.29241,3160.30248,2626.56617
,,,,,1527,13273.92971,10078.8071,11012.50079,31900.69327,3211.31304,2680.13967
,,,,,1528,13545.14767,10060.16691,11262.38958,32073.63609,3199.13388,2718.29973
,,,,,1529,15053.20506,10294.94613,11480.93453,31952.65927,3148.51212,2743.83807
,,,,,1530,14616.04614,11072.13571,11283.17884,31156.7292,3093.01092,2732.82847
,,,,,1531,13708.70532,10847.61662,10833.10463,30785.85502,2999.08656,2732.87762
,,,,,1532,14083.51449,10682.07294,11212.5689,31266.16,2975.35032,2683.2951
,,,,,1533,13553.96381,10502.5758,10942.59807,31472.33276,2944.0422,2701.23485
,,,,,1534,12575.41279,10385.52952,10369.39512,33100.03351,2920.33512,2622.87009
,,,,,1535,11576.17592,9655.109047,9544.862222,31422.35063,2819.53872,2476.04921
,,,,,1536,10618.62234,9135.135857,8843.294362,29835.05472,2823.35868,2199.23641
,,,,,1537,10464.35378,8762.624419,8527.284035,29093.33048,2828.85048,1916.47646
,,,,,1538,10368.92377,8638.352334,8377.214597,28646.39384,2772.1926,1833.5899
,,,,,1539,10368.92377,8653.758695,8377.214597,28082.08988,2689.06716,1741.22722
,,,,,1540,10368.92377,8598.908461,8377.214597,28082.08988,2648.08764,1712.90699
,,,,,1541,10722.99559,8671.039729,8377.214597,28082.08988,2648.08764,1665.86061
,,,,,1542,12304.90072,9259.874307,9403.55751,28846.31556,2660.15016,1706.60596
,,,,,1543,13308.94707,10093.75863,10032.34307,29909.0806,2757.807,1931.24112
,,,,,1544,13122.53788,9949.022556,10179.5337,29602.94392,2746.02636,2004.29768
,,,,,1545,13562.7697,9873.751668,10787.44149,30820.84156,2938.91004,2207.00211
,,,,,1546,13829.50874,9994.455953,11239.66613,32116.45704,3067.64172,2439.43246
,,,,,1547,14524.52465,10520.43015,12066.35408,32629.74369,3134.41812,2636.6026
,,,,,1548,14337.31546,10649.30426,11153.64108,31868.00238,3180.0924,2916.96403
,,,,,1549,13286.88207,10110.95826,10976.14161,31375.7138,3139.96824,2650.45307
,,,,,1550,13434.08594,9856.273906,11198.84736,32022.66332,3160.44828,2655.43688
,,,,,1551,13410.64374,10133.82757,11096.99039,32099.07303,3233.63988,2710.23913
,,,,,1552,13683.78577,10115.08568,11342.76851,32272.03586,3197.53008,2749.28389
,,,,,1553,15200.12231,10351.14584,11557.71841,32151.04504,3149.1828,2775.41203
,,,,,1554,14762.28143,11130.98304,11363.21579,31355.02287,3096.17964,2764.14685
,,,,,1555,13848.50374,10906.83167,10920.54529,30984.10577,3006.47376,2764.20583
,,,,,1556,14225.97188,10740.38479,11293.76738,31464.46633,2983.80672,2713.4732
,,,,,1557,13692.66446,10559.90832,11028.23757,31670.66295,2953.908,2731.82581
,,,,,1558,12707.17138,10442.22344,10464.46379,33298.49935,2931.2604,2651.65233
,,,,,1559,11700.84571,9707.817838,9653.494418,31620.67504,2834.99352,2501.44993
,,,,,1560,10736.49904,9185.0077,8963.467321,30033.19545,2838.63852,2218.26729
,,,,,1561,10566.42783,8928.158217,8633.46022,29346.36416,2839.75632,1932.723313
,,,,,1562,10473.6928,8801.540043,8491.982044,28904.356,2785.3632,1848.332763
,,,,,1563,10473.6928,8817.237255,8491.982044,28347.56263,2705.55228,1754.289153
,,,,,1564,10473.6928,8730.393605,8491.982044,28347.56263,2670.72552,1725.447933
,,,,,1565,10821.35414,8834.844531,8491.982044,28347.56263,2670.72552,1686.118103
,,,,,1566,12380.53454,9434.795514,9476.869997,29102.07313,2677.78224,1719.038773
,,,,,1567,13370.15734,10284.42245,10082.07362,30153.11881,2771.54136,1947.763213
,,,,,1568,13186.426,10136.95395,10223.74403,29850.35798,2760.237,2022.156653
,,,,,1569,13620.3337,10060.26205,10808.85289,31054.82558,2945.42244,2228.547333
,,,,,1570,13883.24092,10183.24507,11244.11733,32336.15401,3069.02196,2465.214413
,,,,,1571,14568.27264,10719.14895,12056.79703,32843.78053,3133.1448,2665.972503
,,,,,1572,14383.75279,10850.45603,11161.31856,32090.43911,3177.00144,2949
,,,,,1573,13348.40931,10301.94678,10990.47602,31603.57911,3138.47136,2680.078553
,,,,,1574,13493.49854,10042.45433,11204.82943,32243.39457,3158.13492,2685.150833
,,,,,1575,13470.39309,10325.24784,11106.7925,32318.9617,3238.97616,2740.955743
,,,,,1576,13739.61133,10306.15212,11343.35297,32490.01722,3193.73928,2780.708263
,,,,,1577,15239.0641,10546.66878,11550.2414,32370.3606,3147.31656,2807.308243
,,,,,1578,14802.61394,11363.1493,11363.0334,31583.11634,3096.42264,2795.836633
,,,,,1579,13901.96305,11112.84521,10936.96478,31216.28944,3010.30344,2795.895613
,,,,,1580,14274.0087,10943.25604,11296.18958,31691.35295,2988.54036,2744.238963
,,,,,1581,13748.36247,10759.37242,11040.61817,31895.27579,2959.82748,2762.925793
,,,,,1582,12777.02641,10639.46581,10497.98812,33510.18302,2938.08384,2681.297473
,,,,,1583,11785.15703,9891.195615,9717.433289,31845.83911,2845.65636,2528.352503
,,,,,1584,10834.6636,9358.515526,9053.284919,30275.86502,2849.15556,2240.009113
,,,,,1585,10591.81696,9203.878836,8663.349145,29431.99547,2838.85236,1944.939439
,,,,,1586,10503.93235,9095.830046,8535.131045,28993.50532,2787.7932,1858.523909
,,,,,1587,10503.93235,9095.830046,8535.131045,28442.07313,2712.86172,1762.219399
,,,,,1588,10503.93235,9095.830046,8535.131045,28442.07313,2680.65936,1732.699909
,,,,,1589,10840.05616,9111.793816,8535.131045,28442.07313,2680.65936,1701.175099
,,,,,1590,12358.33683,9703.845215,9456.035862,29189.64879,2686.8024,1726.133469
,,,,,1591,13322.00029,10542.28508,10024.84226,30232.32904,2774.817,1960.333219
,,,,,1592,13143.08851,10396.7583,10157.99254,29931.97793,2764.20276,2036.496059
,,,,,1593,13565.61414,10321.07621,10707.91268,31126.85897,2938.05468,2247.831229
,,,,,1594,13821.62489,10442.4399,11117.00011,32397.98911,3054.08232,2490.160389
,,,,,1595,14488.68716,10971.28751,11908.05894,32901.57534,3114.27828,2695.725349
,,,,,1596,14309.00755,11100.86566,11039.1809,32154.22989,3155.4522,2949
,,,,,1597,13300.82275,10559.57866,10878.61291,31671.24489,3119.27436,2710.165619
,,,,,1598,13442.10606,10303.50296,11080.075,32305.96796,3137.74236,2715.365689
,,,,,1599,13419.6067,10582.57291,10987.93405,32380.93363,3214.75392,2772.497649
,,,,,1600,13681.76292,10563.72863,11210.26767,32550.6277,3171.15972,2813.213509
,,,,,1601,15150.82849,10801.07839,11404.71374,32431.92344,3127.58496,2840.452439
,,,,,1602,14716.88133,11525.8544,11228.76451,31650.94499,3079.81116,2828.705589
,,,,,1603,13839.85591,11359.79996,10828.31986,31287.03771,2998.9602,2828.754739
,,,,,1604,14202.14223,11192.44377,11165.94071,31758.32012,2978.52876,2775.869339
,,,,,1605,13690.28451,11010.98136,10925.73949,31960.61991,2951.5752,2794.998519
,,,,,1606,12744.42811,10892.65356,10415.74346,33566.29811,2931.1632,2711.423859
,,,,,1607,11778.577,10154.23588,9682.131565,31911.5767,2844.39276,2554.812299
,,,,,1608,10853.0165,9628.56961,9057.92539,30354.09829,2847.67812,2259.578079
,,,,,1609,10514.25538,9581.603544,8610.88447,29305.92143,2833.34112,1965.440117
,,,,,1610,10427.03442,9483.204776,8487.182255,28895.05931,2787.13224,1880.076397
,,,,,1611,10427.03442,9483.204776,8487.182255,28385.73004,2719.34496,1784.941657
,,,,,1612,10427.03442,9483.204776,8487.182255,28385.73004,2688.2118,1755.776047
,,,,,1613,10761.57962,9496.362683,8487.182255,28385.73004,2688.2118,1723.631947
,,,,,1614,12274.26426,10044.41025,9386.34147,29078.84433,2695.75452,1749.278417
,,,,,1615,13234.37587,10820.53361,9942.784377,30055.82823,2775.4002,1980.647127
,,,,,1616,13056.12352,10685.82302,10073.04053,29774.4014,2765.79684,2055.895777
,,,,,1617,13477.09181,10615.76594,10611.00768,30893.99636,2923.10532,2264.684977
,,,,,1618,13732.15897,10728.10936,11011.20326,32085.03617,3028.09104,2504.074967
,,,,,1619,14396.7626,11217.65072,11794.91861,32556.89286,3082.56192,2707.152937
,,,,,1620,14217.74525,11337.59805,10935.07551,31856.63554,3119.80896,2949
,,,,,1621,13213.27639,10836.54186,10777.9976,31404.08206,3087.08172,2721.426097
,,,,,1622,13354.03896,10599.49882,10975.08074,31998.81301,3103.7904,2726.557357
,,,,,1623,13331.62253,10857.82707,10884.94256,32069.05531,3168.84636,2783.001217
,,,,,1624,13592.8125,10840.38339,11102.44357,32228.05743,3134.02932,2823.225577
,,,,,1625,15057.72039,11060.09228,11292.66318,32116.8324,3094.59528,2850.130287
,,,,,1626,14624.1157,11736.27544,11120.53836,31385.06119,3051.37044,2838.530887
,,,,,1627,13750.32279,11577.28722,10728.79771,31044.08269,2978.208,2838.580037
,,,,,1628,14111.27381,11422.36968,11059.08008,31485.67093,2959.72056,2786.333587
,,,,,1629,13601.30268,11254.39434,10824.09984,31675.22437,2935.33308,2805.236677
,,,,,1630,12658.93249,11144.86118,10325.18901,33208.42422,2916.86508,2722.664677
,,,,,1631,11696.64129,10461.32591,9607.522791,31629.27124,2838.35664,2567.950307
,,,,,1632,10774.49219,9974.729451,8996.884266,30169.92515,2841.33096,2276.274547
,,,,,1633,10420.66299,9735.06159,8496.603299,29016.27628,2816.08812,1986.34639
,,,,,1634,10333.06234,9640.950537,8371.04559,28612.02096,2771.09424,1903.44017
,,,,,1635,10333.06234,9640.950537,8371.04559,28112.75994,2705.06628,1811.05783
,,,,,1636,10333.06234,9640.950537,8371.04559,28112.75994,2669.91876,1782.7376
,,,,,1637,10668.51069,9652.861738,8371.04559,28112.75994,2669.52024,1749.83659
,,,,,1638,12184.3969,10181.35744,9279.113366,28792.85066,2682.09792,1776.43657
,,,,,1639,13146.54058,10929.79223,9840.617326,29754.12433,2759.66352,2001.11105
,,,,,1640,12967.91095,10799.88751,9972.058205,29477.22293,2750.31288,2074.18727
,,,,,1641,13389.77022,10732.32975,10514.91837,30578.81442,2903.51952,2276.93102
,,,,,1642,13645.37722,10840.66527,10918.75387,31750.7019,3005.77392,2509.40069
,,,,,1643,14311.38748,11312.742,11705.47487,32214.97097,3058.81596,2706.61015
,,,,,1644,14131.99124,11428.41016,10841.93371,31525.97403,3095.10072,2949
,,,,,1645,13125.39643,10945.22938,10683.42712,31080.69776,3063.21912,2720.46062
,,,,,1646,13266.45693,10716.64297,10882.3028,31665.86524,3079.4904,2725.44443
,,,,,1647,13243.99305,10965.75524,10791.34478,31734.97802,3131.1036,2780.26634
,,,,,1648,13505.73583,10948.93386,11010.82404,31891.42333,3108.942,2819.32093
,,,,,1649,14973.02239,11160.80453,11202.77377,31781.98683,3070.53828,2845.44907
,,,,,1650,14539.22176,11815.39684,11029.08341,31061.98276,3028.44096,2834.17406
,,,,,1651,13663.57949,11659.5483,10633.77974,30726.48731,2957.18364,2834.23304
,,,,,1652,14025.29445,11510.15752,10967.06615,31160.97465,2939.1822,2783.49058
,,,,,1653,13514.24398,11348.17478,10729.94868,31347.48001,2915.42652,2801.85302
,,,,,1654,12569.87928,11242.54927,10226.50007,32863.34782,2897.44452,2721.66971
,,,,,1655,11605.5514,10583.39944,9502.306413,31302.26582,2820.97728,2571.42799
,,,,,1656,10681.45059,10114.16254,8886.113905,29866.38652,2823.87384,2288.18637
,,,,,1657,10328.3537,9632.498758,8385.09324,28952.25992,2793.73212,1989.637303
,,,,,1658,10239.82927,9528.983025,8251.227095,28572.5033,2747.13444,1906.770403
,,,,,1659,10239.82927,9528.983025,8251.227095,28110.57637,2678.77368,1814.427383
,,,,,1660,10239.82927,9528.983025,8251.227095,28110.57637,2642.382,1786.116983
,,,,,1661,10577.47498,9543.628753,8251.227095,28110.57637,2624.51664,1750.768303
,,,,,1662,12101.15068,10115.00953,9199.385121,28742.37435,2654.98884,1779.825783
,,,,,1663,13068.2384,10924.17648,9783.694686,29645.39285,2735.3052,2004.401963
,,,,,1664,12888.69088,10783.73056,9920.474064,29385.27225,2725.61436,2077.438863
,,,,,1665,13312.7179,10710.6908,10485.38261,30420.10502,2884.25448,2280.094143
,,,,,1666,13569.63836,10827.81726,10905.61997,31520.9737,2990.12472,2512.455683
,,,,,1667,14239.07095,11338.20092,11705.88807,31957.10711,3045.05244,2709.576673
,,,,,1668,14058.75287,11463.25504,10825.67975,31309.8648,3082.62024,2949
,,,,,1669,13046.98561,10940.86629,10660.73538,30891.5732,3049.61112,2723.427143
,,,,,1670,13188.77095,10693.7311,10867.68844,31441.27832,3066.45588,2728.401123
,,,,,1671,13166.19164,10963.05772,10773.03614,31506.20272,3098.80404,2783.193543
,,,,,1672,13429.27941,10944.87137,11001.4296,31653.16712,3096.95724,2822.238303
,,,,,1673,14902.35331,11173.9344,11201.17541,31550.3627,3057.19272,2848.356613
,,,,,1674,14468.07598,11875.88412,11020.43058,30873.99236,3013.59852,2837.091433
,,,,,1675,13587.93416,11713.14901,10609.07156,30558.82863,2939.82372,2837.140583
,,,,,1676,13951.50782,11551.63583,10955.89447,30966.98514,2921.18076,2786.427613
,,,,,1677,13437.83127,11376.50891,10709.14642,31142.1879,2896.58916,2804.770393
,,,,,1678,12488.61389,11262.31236,10185.25014,32593.78669,2877.96564,2724.626403
,,,,,1679,11519.33074,10549.67546,9431.643202,31099.71378,2798.78652,2574.453493
,,,,,1680,10590.48137,10042.36207,8790.423903,29750.85172,2801.79,2291.349493
,,,,,1681,10280.48258,9355.773728,8276.071754,28857.42496,2781.83484,1979.913297
,,,,,1682,10191.87377,9245.565862,8132.26582,28491.95366,2735.83008,1896.368127
,,,,,1683,10191.87377,9245.565862,8132.26582,28051.7964,2668.32468,1803.278027
,,,,,1684,10191.87377,9245.565862,8132.26582,28051.7964,2632.38984,1774.731707
,,,,,1685,10529.7202,9262.15741,8132.26582,28051.7964,2608.77996,1738.685097
,,,,,1686,12054.10745,9864.054138,9128.385783,28655.43466,2644.84116,1768.381527
,,,,,1687,13021.6468,10716.43657,9739.978814,29524.4843,2724.14664,1994.795917
,,,,,1688,12842.01542,10568.4898,9883.144901,29274.14866,2714.58216,2068.432447
,,,,,1689,13266.24046,10491.54917,10474.43101,30270.05411,2871.21024,2272.748997
,,,,,1690,13523.2809,10614.93105,10914.29073,31329.5114,2975.75856,2507.027387
,,,,,1691,14193.02612,11152.57296,11730.76589,31749.23877,3029.98644,2705.750667
,,,,,1692,14012.62383,11284.30589,10830.61782,31126.34379,3067.07796,2949
,,,,,1693,13000.38408,10734.01773,10657.97162,30723.78706,3034.4868,2719.719097
,,,,,1694,13142.23563,10473.6837,10874.58805,31252.81392,3051.12744,2724.742227
,,,,,1695,13119.64578,10757.39435,10775.5161,31315.29605,3078.52812,2779.976997
,,,,,1696,13382.85641,10738.23671,11014.57405,31456.7321,3078.52812,2819.336317
,,,,,1697,14856.45897,10979.5334,11223.64669,31357.79487,3041.9712,2845.670887
,,,,,1698,14422.13809,11715.18147,11034.46225,30706.86757,2998.93104,2834.317237
,,,,,1699,13541.58525,11547.54605,10603.89544,30403.55935,2926.08936,2834.366387
,,,,,1700,13905.32869,11377.40687,10966.91273,30796.36224,2907.67968,2783.230727
,,,,,1701,13391.41226,11192.92688,10708.64314,30964.97438,2883.3894,2801.730787
,,,,,1702,12441.7516,11072.63139,10160.2843,32379.09762,2865.00888,2720.928187
,,,,,1703,11472.01581,10321.93443,9371.488809,30924.09801,2786.8212,2569.526527
,,,,,1704,10542.73267,9787.526761,8700.32873,29625.97612,2789.7858,2284.092817
,,,,,1705,10277.05077,9045.998114,8278.915606,28530.91427,2775.6918,1979.823544
,,,,,1706,10189.27411,8917.70981,8137.040527,28137.17029,2728.34568,1898.313184
,,,,,1707,10189.27411,8933.614073,8137.040527,27653.92773,2658.86712,1807.474154
,,,,,1708,10189.27411,8908.84947,8137.040527,27653.92773,2621.88252,1779.615934
,,,,,1709,10525.14113,8951.453594,8137.040527,27653.92773,2595.08448,1741.947374
,,,,,1710,12042.51149,9559.318101,9123.843632,28313.2981,2634.69348,1773.423034
,,,,,1711,13005.59717,10420.15186,9730.136705,29249.57697,2716.31232,1994.352284
,,,,,1712,12826.79266,10270.73821,9872.062141,28979.87549,2706.47568,2066.199754
,,,,,1713,13249.06496,10193.03472,10458.22427,30052.82367,2867.6916,2265.552154
,,,,,1714,13504.92221,10317.63992,10894.27225,31194.24002,2975.28228,2494.148804
,,,,,1715,14171.58454,10860.61253,11707.5991,31646.43728,3031.10424,2688.055384
,,,,,1716,13992.01266,10993.65159,10811.32442,30975.35547,3069.2844,2949
,,,,,1717,12984.43233,10437.90734,10640.17434,30541.65717,3035.74068,2701.679764
,,,,,1718,13125.63093,10174.99212,10854.91362,31111.60927,3052.8576,2706.575104
,,,,,1719,13103.14506,10461.51575,10756.70021,31178.92499,3079.54872,2760.482824
,,,,,1720,13365.1441,10442.16815,10993.68652,31331.30245,3079.54872,2798.878804
,,,,,1721,14833.53334,10685.85729,11200.94738,31224.71149,3043.43892,2824.574424
,,,,,1722,14399.64189,11462.01086,11013.40237,30523.42879,2999.13516,2813.496014
,,,,,1723,13523.1423,11259.50176,10586.56678,30196.65681,2924.1648,2813.545164
,,,,,1724,13885.21141,11087.67566,10946.43823,30619.84672,2905.22052,2763.657914
,,,,,1725,13373.66058,10901.36656,10690.40676,30801.50261,2880.22068,2781.705794
,,,,,1726,12428.37128,10779.87834,10146.7999,32289.79533,2861.29584,2702.859364
,,,,,1727,11463.09927,10021.73825,9364.83997,30757.46407,2780.83368,2555.134124
,,,,,1728,10538.0937,9482.031959,8699.496045,29358.92015,2783.88576,2276.630564
,,,,,1729,10282.45747,8819.462879,8303.11102,28469.07338,2781.12528,1974.847
,,,,,1730,10196.90648,8694.38523,8164.682876,28057.8699,2730.08556,1894.85046
,,,,,1731,10196.90648,8709.891459,8164.682876,27548.02043,2655.19296,1805.70219
,,,,,1732,10196.90648,8640.216062,8164.682876,27548.02043,2615.33124,1778.37479
,,,,,1733,10527.47937,8727.284512,8164.682876,27548.02043,2589.72876,1738.32737
,,,,,1734,12026.08244,9319.936071,9134.853675,28241.80761,2629.14336,1772.29002
,,,,,1735,12977.25639,10159.22585,9731.685352,29219.60323,2717.11908,1989.09067
,,,,,1736,12800.66338,10013.55156,9871.395996,28937.94257,2706.51456,2059.60126
,,,,,1737,13217.71289,9937.792747,10448.41088,30058.46773,2880.29844,2255.23792
,,,,,1738,13470.40563,10059.27947,10877.65419,31250.49709,2996.27748,2479.56835
,,,,,1739,14128.82247,10588.66317,11685.36073,31722.74581,3056.44428,2669.85749
,,,,,1740,13951.47159,10718.37267,10796.00079,31021.9067,3097.59876,2947.74176
,,,,,1741,12956.35332,10176.53697,10627.52156,30568.97722,3061.45008,2683.22629
,,,,,1742,13095.80553,9920.20169,10838.90976,31164.2023,3079.89864,2688.03316
,,,,,1743,13073.59778,10199.55453,10742.229,31234.50295,3110.66244,2740.92839
,,,,,1744,13332.35634,10180.69115,10975.51707,31393.63718,3110.66244,2778.61661
,,,,,1745,14786.80207,10418.28151,11179.54356,31282.31974,3069.75096,2803.83056
,,,,,1746,14354.05914,11213.70597,10994.92525,30549.94055,3021.9966,2792.94875
,,,,,1747,13488.40036,10977.56945,10574.75056,30208.67876,2941.1748,2793.00773
,,,,,1748,13845.99129,10810.04361,10929.0061,30650.63388,2920.75308,2744.0445
,,,,,1749,13340.76748,10628.39725,10676.97008,30840.34481,2893.80924,2761.75816
,,,,,1750,12407.1698,10509.94951,10141.84639,32374.44016,2873.40696,2684.38623
,,,,,1751,11453.83656,9770.78329,9372.089189,30794.35349,2786.66568,2539.41339
,,,,,1752,10540.27174,9244.584159,8717.128168,29333.79493,2789.95104,2266.1099
,,,,,1753,10227.98288,8754.20399,8390.68643,28613.69356,2804.706,1963.65063
,,,,,1754,10145.99347,8630.051247,8260.147131,28194.86784,2754.70632,1883.89001
,,,,,1755,10145.99347,8645.442813,8260.147131,27673.40269,2681.34948,1794.99732
,,,,,1756,10145.99347,8600.9715,8260.147131,27673.40269,2642.30424,1767.74856
,,,,,1757,10468.09454,8662.707251,8260.147131,27673.40269,2629.70712,1723.45458
,,,,,1758,11936.66556,9250.976356,9192.252304,28382.2151,2655.82476,1761.68345
,,,,,1759,12868.77795,10084.05988,9767.430097,29378.13554,2742.012,1977.85498
,,,,,1760,12695.72387,9939.462798,9902.071844,29091.25391,2731.6116,2048.15914
,,,,,1761,13104.41569,9864.264195,10458.15183,30232.54958,2901.82824,2243.22566
,,,,,1762,13352.04446,9984.852565,10871.82159,31446.67489,3015.4356,2466.88765
,,,,,1763,13997.26661,10510.32165,11666.66519,31927.67741,3074.36796,2656.62631
,,,,,1764,13823.46985,10639.072,10793.13069,31213.84725,3114.68652,2927.75737
,,,,,1765,12848.29378,10101.24299,10630.76412,30752.52209,3079.26684,2669.95579
,,,,,1766,12984.95136,9846.803218,10834.48286,31358.7805,3097.34604,2674.75283
,,,,,1767,12963.18865,10124.09034,10741.30982,31430.38428,3139.9974,2727.49078
,,,,,1768,13216.76168,10105.36645,10966.13387,31592.46828,3130.06356,2765.06104
,,,,,1769,14648.89454,10341.19991,11162.75799,31479.08741,3087.40248,2790.20618
,,,,,1770,14217.98953,11112.32367,10984.83789,30733.13255,3040.62012,2779.36369
,,,,,1771,13369.67858,10896.3521,10579.90773,30385.54498,2961.46044,2779.41284
,,,,,1772,13720.10338,10730.06507,10921.31038,30835.69236,2941.45668,2730.59706
,,,,,1773,13225.00426,10549.76192,10678.41858,31028.91985,2915.06688,2748.26157
,,,,,1774,12310.11592,10432.19005,10162.70992,32583.0111,2895.08256,2671.11573
,,,,,1775,11375.8875,9698.489716,9420.880583,30982.07603,2810.12976,2526.56558
,,,,,1776,10480.63055,9176.181646,8789.682459,29494.44395,2813.34708,2254.05832
,,,,,1777,10144.36567,8812.068201,8380.98622,28618.26368,2836.02384,1963.74893
,,,,,1778,10069.99877,8713.940131,8261.68216,28195.37566,2789.13456,1886.15091
,,,,,1779,10069.99877,8713.940131,8261.68216,27667.71987,2720.34612,1799.66657
,,,,,1780,10069.99877,8713.940131,8261.68216,27667.71987,2687.5314,1773.15506
,,,,,1781,10373.96841,8727.01933,8261.68216,27667.71987,2687.5314,1730.6698
,,,,,1782,11778.26479,9273.832518,9139.574535,28384.54005,2696.41548,1767.25706
,,,,,1783,12669.58161,10048.20781,9683.913019,29390.1202,2777.22756,1977.57974
,,,,,1784,12504.10156,9913.800626,9811.33568,29100.45602,2767.4784,2045.97688
,,,,,1785,12894.90625,9843.901344,10337.60032,30252.82144,2927.10996,2235.76469
,,,,,1786,13131.6971,9955.99173,10729.09035,31478.72289,3033.64116,2453.38123
,,,,,1787,13748.67994,10444.43048,11505.61463,31964.39078,3088.90908,2637.9788
,,,,,1788,13582.48971,10564.10766,10654.61862,31243.63699,3126.71016,2902.6024
,,,,,1789,12649.99396,10064.18,10500.95766,30777.8373,3093.50664,2650.94457
,,,,,1790,12780.67049,9827.67086,10693.75362,31389.97599,3110.45832,2655.61382
,,,,,1791,12759.86026,10085.41728,10605.57623,31462.27427,3173.61888,2706.92642
,,,,,1792,13002.33521,10068.01288,10818.34589,31625.93037,3141.14436,2743.48419
,,,,,1793,14386.71404,10287.22692,11004.42762,31511.44979,3101.12712,2767.94123
,,,,,1794,13959.74253,10962.04697,10836.04706,30758.2597,3057.26076,2757.39364
,,,,,1795,13148.55943,10803.25698,10452.82803,30407.30079,2983.02912,2757.44279
,,,,,1796,13483.64725,10648.68836,10775.9257,30861.81427,2964.26952,2709.94423
,,,,,1797,13010.21704,10481.09135,10546.05704,31056.91593,2939.5224,2727.12707
,,,,,1798,12135.37042,10371.80489,10057.99912,32621.66409,2920.78224,2652.07502
,,,,,1799,11242.03019,9689.80916,9355.944451,31009.61775,2841.1074,2511.43721
,,,,,1800,10385.95575,9204.308666,8758.589278,29507.55672,2844.13032,2246.30245
,,,,,1801,10015.89457,8693.623239,8240.402418,28577.08761,2862.47196,1962.79542
,,,,,1802,9944.717432,8594.018878,8112.731468,28148.99839,2817.45864,1886.83901
,,,,,1803,9944.717432,8594.018878,8112.731468,27613.41638,2751.41124,1802.18305
,,,,,1804,9944.717432,8594.018878,8112.731468,27613.41638,2721.4542,1776.23185
,,,,,1805,10241.22742,8607.527326,8112.731468,27613.41638,2721.4542,1733.77608
,,,,,1806,11619.40832,9161.072359,9030.996152,28340.48936,2728.43316,1770.45181
,,,,,1807,12494.14945,9944.981022,9598.300692,29358.43738,2806.02792,1976.33133
,,,,,1808,12331.74681,9808.919147,9731.099412,29065.21055,2796.66756,2043.29329
,,,,,1809,12715.28376,9738.159332,10279.56756,30231.74919,2949.9228,2229.07046
,,,,,1810,12947.67105,9851.629668,10687.57485,31472.72831,3052.21608,2442.09639
,,,,,1811,13553.17996,10346.08162,11477.74154,31964.36955,3105.27756,2622.80128
,,,,,1812,13390.08034,10467.23215,10609.96111,31234.75103,3141.57204,2880.67167
,,,,,1813,12474.92608,9961.149851,10449.81707,30763.22236,3109.68072,2635.49181
,,,,,1814,12603.17243,9721.729033,10650.74723,31382.88989,3125.96172,2640.06276
,,,,,1815,12582.74921,9982.64858,10558.84957,31456.07738,3190.21092,2690.29406
,,,,,1816,12820.71489,9965.029913,10780.59615,31621.74633,3155.42304,2726.07526
,,,,,1817,14185.69539,10186.94271,10974.52881,31505.85772,3117.0096,2750.02114
,,,,,1818,13760.31745,10869.19665,10799.04415,30743.40397,3074.89284,2739.69964
,,,,,1819,12964.2198,10709.32564,10399.65682,30388.12852,3003.61608,2739.74879
,,,,,1820,13293.07604,10552.85412,10736.38622,30848.23218,2985.60492,2693.25289
,,,,,1821,12828.45014,10383.19382,10496.81922,31045.73344,2961.83952,2710.07202
,,,,,1822,11969.87291,10272.56193,9988.169773,32624.12624,2943.8478,2636.59277
,,,,,1823,11093.14599,9582.17011,9256.49488,30997.85353,2867.36112,2498.93345
,,,,,1824,10252.99184,9090.692596,8633.936837,29477.31828,2870.25768,2239.39196
,,,,,1825,9861.946839,8614.451279,8138.14854,28781.70564,2875.15656,1947.5196
,,,,,1826,9783.355421,8492.279234,7997.688019,28364.61423,2827.24668,1870.01988
,,,,,1827,9783.355421,8507.425246,7997.688019,27845.79202,2756.95164,1783.66333
,,,,,1828,9783.355421,8436.027178,7997.688019,27845.79202,2722.73724,1757.18131
,,,,,1829,10097.37379,8524.414253,7997.688019,27845.79202,2722.73724,1709.60411
,,,,,1830,11537.29221,9103.29828,8977.665536,28551.18571,2732.50584,1751.29314
,,,,,1831,12451.2186,9923.091029,9580.075829,29542.98216,2815.07724,1961.33075
,,,,,1832,12281.5409,9780.800806,9721.092355,29257.28847,2805.12396,2029.63942
,,,,,1833,12682.25893,9706.8019,10303.50063,30393.85817,2968.22556,2219.16182
,,,,,1834,12925.05633,9825.466437,10736.75609,31602.95594,3077.07984,2436.49329
,,,,,1835,13557.68986,10342.55234,11547.77648,32081.96669,3133.55304,2620.84511
,,,,,1836,13387.28396,10469.24864,10654.33948,31371.09241,3172.18032,2878.09621
,,,,,1837,12431.13409,9940,10484.28547,30911.67754,3138.23808,2633.79122
,,,,,1838,12565.12541,9689.61949,10697.64952,31515.42551,3155.55912,2638.45064
,,,,,1839,12543.7873,9962.482851,10600.06508,31586.73279,3218.47668,2689.69443
,,,,,1840,12792.41299,9944.057674,10835.53371,31748.14562,3186.91584,2726.20305
,,,,,1841,14203.25788,10176.12872,11041.46724,31635.23425,3146.03352,2750.6306
,,,,,1842,13774.10635,10958.531,10855.1233,30892.36829,3101.2146,2740.10267
,,,,,1843,12942.3464,10722.42417,10431.02121,30546.22004,3025.35972,2740.15182
,,,,,1844,13285.93422,10558.79003,10788.58799,30994.50342,3006.19188,2692.71224
,,,,,1845,12800.49475,10381.36339,10534.19619,31186.93078,2980.90044,2709.87542
,,,,,1846,11903.45636,10265.66723,9994.07066,32736.47232,2961.76176,2634.92167
,,,,,1847,10987.45524,9543.672139,9217.118502,31140.28093,2880.34704,2494.47063
,,,,,1848,10109.66521,9029.696823,8556.035527,29658.80895,2883.438,2229.68975
,,,,,1849,9856.897389,8797.624215,8123.811674,28942.89256,2883.07836,1928.68532
,,,,,1850,9773.312167,8672.856083,7973.49167,28544.97069,2832.10668,1848.32507
,,,,,1851,9773.312167,8688.32394,7973.49167,28055.36135,2757.31128,1758.7836
,,,,,1852,9773.312167,8629.472554,7973.49167,28055.36135,2722.49424,1731.32841
,,,,,1853,10099.20914,8705.673953,7973.49167,28055.36135,2722.49424,1683.32852
,,,,,1854,11581.23641,9296.858939,9001.043624,28722.96734,2731.30056,1725.22398
,,,,,1855,12521.88958,10134.07182,9630.51695,29669.18076,2819.15964,1942.9978
,,,,,1856,12347.24984,9988.75801,9777.868585,29396.61757,2808.56484,2013.82295
,,,,,1857,12759.68643,9913.186669,10386.44131,30480.95046,2982.10572,2210.33448
,,,,,1858,13009.58417,10034.37276,10839.1606,31634.47802,3097.92924,2435.66757
,,,,,1859,13660.71838,10562.44645,11666.2571,32091.4734,3158.00856,2626.81192
,,,,,1860,13485.32915,10691.83497,10753.04145,31413.27095,3199.10472,2895.36752
,,,,,1861,12501.21771,10151.3401,10575.34783,30974.97081,3163.00464,2640.2397
,,,,,1862,12639.12747,9895.639143,10798.29718,31550.97049,3181.43376,2645.07606
,,,,,1863,12617.16535,10174.3007,10696.3288,31619.00048,3252.07872,2698.20721
,,,,,1864,12873.06182,10155.48399,10942.37575,31772.99477,3214.7928,2736.06254
,,,,,1865,14315.19225,10392.48642,11157.56076,31665.27281,3171.2958,2761.38462
,,,,,1866,13883.46374,11177.90852,10962.8454,30956.54902,3123.59976,2750.46349
,,,,,1867,13027.37987,10950.39034,10519.6907,30626.30977,3042.8946,2750.52247
,,,,,1868,13381.01554,10783.27907,10893.32103,31053.99001,3022.50204,2701.33315
,,,,,1869,12881.37993,10602.08221,10627.50077,31237.5734,2995.59708,2719.12545
,,,,,1870,11958.10863,10483.92757,10063.11033,32736.82625,2975.22396,2641.40947
,,,,,1871,11015.32005,9746.590493,9251.253915,31193.06757,2888.60904,2495.78785
,,,,,1872,10111.86002,9221.693492,8560.472061,29779.68415,2891.88468,2221.25561
,,,,,1873,9904.773298,9041.207873,8186.202484,28756.03529,2894.69376,1921.15554
,,,,,1874,9824.602214,8930.652362,8047.616628,28329.16221,2845.58832,1838.63269
,,,,,1875,9824.602214,8930.652362,8047.616628,27795.43352,2773.53396,1746.67304
,,,,,1876,9824.602214,8930.652362,8047.616628,27795.43352,2743.57692,1718.4806
,,,,,1877,10142.37809,8947.344992,8047.616628,27795.43352,2743.57692,1673.97036
,,,,,1878,11595.6166,9550.826966,9018.548423,28520.10918,2748.46608,1712.20906
,,,,,1879,12517.99735,10405.45436,9615.812997,29535.16533,2833.11756,1935.85139
,,,,,1880,12346.75003,10257.11794,9755.624977,29242.77153,2822.90184,2008.59339
,,,,,1881,12751.17493,10179.97467,10333.05839,30405.99616,2990.09556,2210.40329
,,,,,1882,12996.21835,10303.6815,10762.61303,31643.4498,3101.68116,2441.81132
,,,,,1883,13634.70411,10842.73942,11570.57673,32133.69434,3159.57348,2638.10659
,,,,,1884,13462.72186,10974.8193,10680.90041,31406.14858,3199.16304,2920.41436
,,,,,1885,12497.72704,10423.08182,10512.29898,30935.95947,3164.38488,2651.89808
,,,,,1886,12632.95786,10162.06214,10723.8405,31553.8666,3182.1336,2656.86223
,,,,,1887,12611.42236,10446.52002,10627.08962,31626.84617,3258.59112,2711.42856
,,,,,1888,12862.34798,10427.31192,10860.5469,31792.04448,3214.27764,2750.30621
,,,,,1889,14283.08928,10669.24412,11064.72137,31676.4851,3172.365,2776.31639
,,,,,1890,13853.12259,11406.64276,10879.96916,30916.19738,3126.41856,2765.10036
,,,,,1891,13013.66837,11238.75277,10459.4897,30561.93124,3048.66828,2765.14951
,,,,,1892,13360.43458,11068.16549,10814.00219,31020.72779,3029.01444,2714.64297
,,,,,1893,12870.50451,10883.19963,10561.78337,31217.66798,3003.10092,2732.91694
,,,,,1894,11965.16798,10762.58731,10026.27153,32792.87037,2983.46652,2653.09734
,,,,,1895,11040.69331,10009.91319,9255.95601,31169.92409,2900.02032,2503.55355
,,,,,1896,10154.78321,9474.098035,8600.519929,29653.7085,2903.17932,2221.60949
,,,,,1897,9875.593298,9123.922305,8069.074118,28609.01425,2900.52576,1920.80166
,,,,,1898,9798.151775,9020.341688,7933.685199,28171.3443,2857.68972,1837.25649
,,,,,1899,9798.151775,9020.341688,7933.685199,27621.16204,2794.8402,1744.15656
,,,,,1900,9798.151775,9020.341688,7933.685199,27621.16204,2772.86328,1715.61024
,,,,,1901,10109.43492,9035.006281,7933.685199,27621.16204,2772.86328,1669.19298
,,,,,1902,11539.65719,9606.682934,8889.190988,28367.12088,2772.97992,1709.26006
,,,,,1903,12447.42935,10416.26888,9477.680377,29407.85077,2846.81304,1935.68428
,,,,,1904,12278.89423,10275.75024,9615.438199,29108.06147,2837.90952,2009.32081
,,,,,1905,12676.9139,10202.67265,10184.38779,30300.70746,2983.73868,2213.63736
,,,,,1906,12918.07634,10319.85976,10607.63129,31569.45992,3081.06504,2447.91575
,,,,,1907,13546.44982,10830.50771,11410.38231,32072.10419,3131.56044,2646.64886
,,,,,1908,13377.19141,10955.62658,10527.11922,31326.15667,3166.0956,2930.6179
,,,,,1909,12427.48008,10432.96733,10360.99493,30844.0751,3135.74976,2660.61729
,,,,,1910,12560.56913,10185.70417,10569.42842,31477.6109,3151.23372,2665.64042
,,,,,1911,12539.37471,10455.17026,10474.09903,31552.43635,3227.60376,2720.87519
,,,,,1912,12786.3262,10436.97448,10704.12629,31721.813,3179.27592,2760.23451
,,,,,1913,14189.96714,10666.15613,10905.30097,31603.33078,3142.719,2786.56908
,,,,,1914,13761.40901,11368.43258,10723.26319,30823.81317,3102.64344,2775.21543
,,,,,1915,12935.24998,11205.64995,10308.96154,30460.58659,3034.827,2775.26458
,,,,,1916,13276.52414,11044.05314,10658.26543,30930.98746,3017.68092,2724.12892
,,,,,1917,12794.35354,10868.83553,10409.75228,31132.90883,2995.0722,2742.63881
,,,,,1918,11903.35565,10754.57985,9882.108336,32736.43534,2977.95528,2661.82638
,,,,,1919,10993.52272,10041.57393,9123.110513,31083.95736,2905.17192,2510.42472
,,,,,1920,10121.64358,9533.997849,8477.30429,29529.39225,2907.9324,2224.99101
,,,,,1921,9805.734032,9120.408568,7940.10112,28591.14092,2894.46048,1927.89892
,,,,,1922,9728.249114,9027.861763,7809.208363,28159.79865,2856.55248,1844.62899
,,,,,1923,9728.249114,9027.861763,7809.208363,27619.25926,2800.93464,1751.83379
,,,,,1924,9728.249114,9027.861763,7809.208363,27619.25926,2781.19332,1723.37594
,,,,,1925,10039.63549,9039.31814,7809.208363,27619.25926,2781.19332,1679.88802
,,,,,1926,11470.22366,9560.680914,8743.019058,28352.74476,2781.59184,1717.04542
,,,,,1927,12378.22807,10299.01433,9319.167049,29378.42816,2846.92968,1942.74222
,,,,,1928,12209.64984,10170.86288,9454.035907,29082.97311,2839.04676,2016.14283
,,,,,1929,12607.77133,10104.21693,10011.05387,30258.37626,2968.10892,2219.79094
,,,,,1930,12848.99547,10211.09028,10425.4214,31508.78556,3054.23784,2453.31242
,,,,,1931,13477.52972,10676.79555,11220.84132,32004.16278,3098.92068,2651.40658
,,,,,1932,13308.228,10790.90258,10346.59777,31268.99989,3129.48036,2938.23615
,,,,,1933,12358.2737,10314.24313,10183.95733,30793.88808,3102.63372,2665.32586
,,,,,1934,12491.3968,10088.74187,10388.0197,31418.26446,3116.33892,2670.32933
,,,,,1935,12470.19696,10334.49195,10294.68949,31492.0081,3183.23196,2725.39699
,,,,,1936,12717.21162,10317.89761,10519.89277,31658.93597,3141.14436,2764.62852
,,,,,1937,14121.12443,10526.90873,10716.84855,31542.16673,3108.7962,2790.87462
,,,,,1938,13692.5439,11173.62424,10538.62834,30773.91909,3073.33764,2779.55046
,,,,,1939,12866.17351,11018.92112,10133.01515,30415.94391,3013.31664,2779.60944
,,,,,1940,13207.53498,10871.54662,10474.99367,30879.54389,2998.14372,2728.64089
,,,,,1941,12725.24102,10711.7501,10231.69217,31078.54597,2978.13996,2747.08197
,,,,,1942,11834.01517,10607.55019,9715.11362,32665.47269,2962.98648,2666.53495
,,,,,1943,10923.94946,9957.296688,8972.032982,31030.30222,2898.57204,2515.62479
,,,,,1944,10051.84726,9494.392921,8339.770167,29498.21243,2901.01176,2231.10527
,,,,,1945,9779.721019,8982.032813,7826.845826,28475.28905,2875.30236,1940.53047
,,,,,1946,9703.242416,8887.36979,7706.54661,28067.63006,2839.2606,1858.54827
,,,,,1947,9703.242416,8887.36979,7706.54661,27563.18211,2786.3838,1767.17842
,,,,,1948,9703.242416,8887.36979,7706.54661,27563.18211,2762.19072,1739.16292
,,,,,1949,10012.2351,8899.441484,7706.54661,27563.18211,2762.19072,1694.80013
,,,,,1950,11434.3378,9430.45415,8589.240858,28249.98227,2767.98384,1732.9307
,,,,,1951,12336.95643,10182.45336,9136.310919,29219.34948,2830.10436,1955.13785
,,,,,1952,12169.3781,10051.92997,9264.373007,28940.11668,2822.61996,2027.40801
,,,,,1953,12565.13815,9984.050468,9793.278527,30050.98314,2945.32524,2227.93018
,,,,,1954,12804.93149,10092.90193,10186.73312,31232.73745,3027.22596,2457.84405
,,,,,1955,13429.73761,10567.22693,10964.88002,31700.91548,3069.70236,2652.88108
,,,,,1956,13261.4401,10683.44596,10111.88768,31006.11746,3098.76516,2933.18353
,,,,,1957,12317.12041,10197.96403,9957.455623,30557.09214,3073.24044,2666.5841
,,,,,1958,12449.4539,9968.288974,10151.21906,31147.1865,3086.26524,2671.51876
,,,,,1959,12428.3798,10218.58764,10062.59918,31216.88117,3137.21748,2725.73121
,,,,,1960,12673.92931,10201.68615,10276.43655,31374.6437,3109.85568,2764.35328
,,,,,1961,14071.53768,10414.56586,10463.45207,31264.28579,3079.1016,2790.19635
,,,,,1962,13643.47644,11071.93762,10294.22655,30538.21957,3045.3732,2779.04913
,,,,,1963,12822.00763,10915.6849,9909.084472,30199.89938,2988.30708,2779.10811
,,,,,1964,13161.34433,10765.58264,10233.8035,30638.04493,2973.89232,2728.92596
,,,,,1965,12681.91108,10602.82846,10002.78131,30826.12059,2954.86056,2747.08197
,,,,,1966,11795.9715,10496.6999,9512.274245,32350.91746,2940.46524,2667.77353
,,,,,1967,10891.30381,9834.410877,8806.696552,30780.52572,2879.21952,2519.19308
,,,,,1968,10024.37444,9362.939235,8206.343757,29332.55688,2881.53288,2239.05774
,,,,,1969,9713.475051,8807.897937,7625.156993,28209.41925,2849.86512,1956.60252
,,,,,1970,9638.193849,8706.087198,7507.639449,27819.06575,2813.62896,1876.41921
,,,,,1971,9638.193849,8706.087198,7507.639449,27340.99,2760.47028,1787.05468
,,,,,1972,9638.193849,8706.087198,7507.639449,27340.99,2732.17536,1759.65847
,,,,,1973,9944.338308,8720.237178,7507.639449,27340.99,2726.92656,1714.28319
,,,,,1974,11356.34427,9283.843235,8376.378124,27993.67694,2741.97312,1753.56387
,,,,,1975,12252.55442,10081.99992,8915.430155,28921.89364,2804.42412,1970.89534
,,,,,1976,12086.16588,9943.465039,9041.615325,28654.51453,2796.90084,2041.57304
,,,,,1977,12479.11608,9871.41912,9562.76904,29718.2237,2920.24764,2237.68154
,,,,,1978,12717.20692,9986.95185,9950.457035,30849.81148,3002.57604,2462.55262
,,,,,1979,13337.577,10490.39077,10723.83171,31298.11494,3045.28572,2653.30377
,,,,,1980,13170.47438,10613.74329,9876.708556,30632.81171,3074.49432,2924.72973
,,,,,1981,12232.85923,10098.46263,9724.539905,30202.84793,3048.83352,2666.70206
,,,,,1982,12364.25317,9854.690191,9915.46348,30767.89225,3061.92636,2671.52859
,,,,,1983,12343.32869,10120.35211,9828.142445,30834.62832,3097.53072,2724.55161
,,,,,1984,12587.13483,10102.41321,10038.84575,30985.69368,3085.64316,2762.3283
,,,,,1985,13977.24164,10328.35941,10223.12031,30880.02057,3054.72384,2787.60123
,,,,,1986,13549.79831,11021.72361,10056.37501,30184.77651,3020.8302,2776.69976
,,,,,1987,12734.16182,10860.23698,9676.877697,29860.81832,2963.46276,2776.74891
,,,,,1988,13071.08928,10700.92149,9996.837537,30280.3642,2948.96052,2727.66772
,,,,,1989,12595.05994,10528.17751,9769.201285,30460.45588,2929.84128,2745.43053
,,,,,1990,11715.41041,10415.53482,9285.883245,31939.85416,2915.35848,2667.87183
,,,,,1991,10817.16574,9712.594698,8590.64672,30416.79655,2853.792,2522.54511
,,,,,1992,9956.391466,9212.184275,7999.092883,29030.29529,2856.1248,2248.57318
,,,,,1993,9575.100762,8680.311563,7311.075578,27929.35283,2821.29804,1967.10096
,,,,,1994,9497.825704,8581.171603,7188.242392,27543.88947,2781.83484,1887.43864
,,,,,1995,9497.825704,8581.171603,7188.242392,27073.26591,2723.9328,1798.65408
,,,,,1996,9497.825704,8581.171603,7188.242392,27073.26591,2693.11068,1771.43481
,,,,,1997,9808.712889,8594.545021,7188.242392,27073.26591,2679.94008,1730.65014
,,,,,1998,11237.53149,9145.972397,8083.441802,27716.31323,2703.78324,1765.37953
,,,,,1999,12144.41273,9926.882117,8637.666869,28632.90172,2771.81352,1981.29548
,,,,,2000,11976.04302,9791.340764,8767.403852,28368.87219,2763.60984,2051.51117
,,,,,2001,12373.67205,9720.851649,9303.226809,29419.25577,2897.95968,2246.3516
,,,,,2002,12614.59781,9833.88789,9701.827301,30536.66761,2987.6364,2469.75801
,,,,,2003,13242.35459,10326.44825,10484.22911,30979.35495,3034.15632,2659.27058
,,,,,2004,13073.26229,10447.1353,9626.002977,30322.3863,3065.96988,2934.78582
,,,,,2005,12124.48304,9942.98909,9469.55114,29897.80887,3038.01516,2672.5804
,,,,,2006,12257.44148,9704.484207,9665.848761,30455.77461,3052.28412,2677.36761
,,,,,2007,12236.26785,9964.405572,9576.069846,30521.67465,3082.04676,2730.04658
,,,,,2008,12482.97697,9946.854308,9792.703951,30670.84755,3078.11016,2767.57752
,,,,,2009,13885.57504,10167.91815,9982.165397,30566.49825,3044.44008,2792.69317
,,,,,2010,13457.1028,10847.83359,9810.72662,29879.96385,3007.5138,2781.86051
,,,,,2011,12631.7546,10688.30264,9420.547354,29560.06403,2945.03364,2781.91949
,,,,,2012,12972.69382,10532.42972,9749.513305,29974.35406,2929.23864,2733.15286
,,,,,2013,12490.99644,10363.41847,9515.469632,30152.18965,2908.40868,2750.79771
,,,,,2014,11600.873,10253.20982,9018.547336,31618.7593,2892.63312,2673.74034
,,,,,2015,10691.93301,9565.459185,8303.741551,30109.07725,2825.57484,2529.3573
,,,,,2016,9820.909563,9075.86188,7695.536876,28739.94536,2828.12148,2257.17443
,,,,,2017,9388.58603,8567.431233,7216.646619,27771.38999,2804.08392,1965.857251
,,,,,2018,9305.620137,8474.948775,7091.626495,27398.92835,2764.29024,1884.435361
,,,,,2019,9305.620137,8474.948775,7091.626495,26948.11836,2705.89248,1793.694631
,,,,,2020,9305.620137,8474.948775,7091.626495,26948.11836,2674.81764,1765.875731
,,,,,2021,9630.043937,8486.386442,7091.626495,26948.11836,2661.22908,1728.079381
,,,,,2022,11106.8489,9007.455794,7997.100289,27565.53624,2685.57768,1759.682831
,,,,,2023,12044.18743,9745.373678,8557.128646,28451.20812,2754.18144,1980.366331
,,,,,2024,11870.16308,9617.294355,8688.224105,28196.08433,2745.90972,2052.135161
,,,,,2025,12281.14634,9550.685915,9229.657662,29211.03839,2881.3968,2251.271301
,,,,,2026,12530.16351,9657.499112,9632.4319,30290.75984,2971.83168,2479.602541
,,,,,2027,13179.00327,10122.94228,10418.27635,30718.5153,3018.7404,2673.302691
,,,,,2028,13004.23207,10236.98509,9555.81362,30083.70625,3050.83584,2949
,,,,,2029,12023.58841,9760.593906,9397.723576,29673.44986,3022.63812,2686.907411
,,,,,2030,12161.0122,9535.219558,9596.076628,30212.59537,3037.03344,2691.802751
,,,,,2031,12139.12747,9780.831335,9505.357639,30276.2726,3066.67944,2745.641661
,,,,,2032,12394.12223,9764.24633,9724.260119,30420.41388,3063.08304,2784.008151
,,,,,2033,13832.37265,9973.139825,9915.705415,30319.58429,3029.11164,2809.674281
,,,,,2034,13400.96373,10619.53131,9742.471504,29656.20675,2991.88404,2798.605701
,,,,,2035,12547.8965,10464.87531,9348.206671,29347.09718,2928.86928,2798.654851
,,,,,2036,12900.28604,10317.58375,9680.617224,29747.41317,2912.9382,2748.816751
,,,,,2037,12402.41102,10157.87717,9444.12288,29919.25035,2891.93328,2766.844971
,,,,,2038,11482.39311,10053.73589,8941.997311,31351.71179,2876.03136,2688.087011
,,,,,2039,10542.92669,9403.848354,8219.706796,29877.59214,2808.3996,2540.528881
,,,,,2040,9642.650232,8941.205109,7605.133611,28554.64117,2810.96568,2262.330051
,,,,,2041,9295.709461,8527.359996,7176.698299,27646.74895,2790.13572,1976.630077
,,,,,2042,9190.794775,8426.65428,7050.654445,27271.73103,2748.48552,1896.151867
,,,,,2043,9175.403825,8426.65428,7050.654445,26817.02547,2687.36616,1806.472777
,,,,,2044,9175.403825,8426.65428,7050.654445,26817.02547,2654.83332,1778.978267
,,,,,2045,9538.949481,8440.482961,7050.654445,26817.02547,2642.2362,1743.600097
,,,,,2046,11026.6542,8999.050141,7961.067991,27439.48238,2666.10852,1772.864007
,,,,,2047,11970.91089,9790.070971,8523.906358,28331.23281,2737.90044,1990.972047
,,,,,2048,11795.60213,9652.774648,8655.659604,28074.35805,2729.24964,2061.905327
,,,,,2049,12209.61871,9581.37285,9199.809871,29096.27794,2871.06444,2258.721587
,,,,,2050,12460.47378,9695.872668,9604.605077,30183.40974,2965.70808,2484.398727
,,,,,2051,13114.10239,10194.81063,10392.11875,30614.10097,3014.81352,2675.828147
,,,,,2052,12938.04127,10317.06032,9527.602355,29974.9351,3048.39612,2949
,,,,,2053,11950.15983,9806.386495,9368.719075,29561.86304,3018.89592,2689.275587
,,,,,2054,12088.5979,9564.793484,9568.067388,30104.70881,3033.9522,2694.121777
,,,,,2055,12066.55165,9828.080276,9476.893205,30168.82307,3066.9516,2747.331567
,,,,,2056,12323.42843,9810.30176,9696.894055,30313.95362,3061.2168,2785.245877
,,,,,2057,13832.75056,10034.2279,9889.299952,30212.43201,3025.67076,2810.607277
,,,,,2058,13337.70106,10722.02773,9715.196818,29544.50158,2986.69356,2799.666487
,,,,,2059,12478.33765,10561.35026,9318.953713,29233.27053,2920.74336,2799.725467
,,,,,2060,12833.32806,10403.45912,9653.032176,29636.33397,2904.07356,2750.467337
,,,,,2061,12331.7784,10232.25954,9415.351194,29809.35051,2882.08692,2768.289127
,,,,,2062,11404.97017,10120.62392,8910.706148,31248.518,2865.43656,2690.445357
,,,,,2063,10458.56989,9423.968386,8184.791453,29767.40639,2794.65552,2544.607477
,,,,,2064,9551.648818,8928.031843,7567.134572,28435.37574,2797.33824,2269.652547
,,,,,2065,9318.377917,8659.324288,7135.955041,27463.15475,2784.3912,1985.62239
,,,,,2066,9213.208093,8536.516263,7002.448814,27059.70675,2742.4008,1906.31395
,,,,,2067,9179.439593,8551.74112,7002.448814,26561.67601,2680.78572,1817.93242
,,,,,2068,9179.439593,8469.73289,7002.448814,26561.67601,2648.00016,1790.83111
,,,,,2069,9562.209463,8568.818564,7002.448814,26561.67601,2641.3614,1752.69071
,,,,,2070,11053.53208,9150.716034,7948.870149,27240.17532,2659.35312,1784.80532
,,,,,2071,12000.08507,9974.7763,8532.191785,28199.52927,2731.73796,1999.7481
,,,,,2072,11824.34998,9831.74537,8668.739902,27923.18086,2723.0094,2069.65906
,,,,,2073,12239.37339,9757.361255,9232.693325,29022.57242,2865.97116,2263.62462
,,,,,2074,12490.83851,9876.643513,9652.220165,30192.11958,2961.38268,2486.0382
,,,,,2075,13146.05665,10396.42116,10451.90141,30655.46148,3010.87692,2674.70539
,,,,,2076,12969.56737,10523.777,9572.415098,29967.8405,3044.7414,2949
,,,,,2077,11979.28355,9991.773292,9407.74961,29523.45348,3014.9982,2687.95623
,,,,,2078,12118.05828,9740.089401,9614.352768,30107.45235,3030.17112,2692.72378
,,,,,2079,12095.95841,10014.37318,9519.8605,30176.4271,3070.76184,2745.16683
,,,,,2080,12353.45988,9995.85209,9747.867799,30332.55998,3057.65928,2782.53066
,,,,,2081,13890.00568,10229.1312,9947.275887,30223.34204,3021.82164,2807.52835
,,,,,2082,13370.19908,11022.98309,9766.836651,29504.77585,2982.5334,2796.74484
,,,,,2083,12508.74582,10778.27046,9356.173146,29169.9504,2916.0486,2796.80382
,,,,,2084,12864.59951,10613.7845,9702.409663,29603.57005,2899.25244,2748.25345
,,,,,2085,12361.83016,10435.43424,9456.078802,29789.70295,2877.08112,2765.81966
,,,,,2086,11432.76805,10319.13582,8933.068306,31303.45286,2860.3044,2689.10634
,,,,,2087,10484.06626,9593.382305,8180.735536,29744.57905,2788.94988,2545.37208
,,,,,2088,9574.939683,9076.731437,7540.600387,28311.56727,2791.65204,2274.3983
,,,,,2089,9517.275662,8874.01581,7159.054809,27269.26274,2792.72124,1978.593512
,,,,,2090,9437.497473,8748.164989,7026.619468,26835.89374,2753.21916,1898.547822
,,,,,2091,9437.497473,8763.76707,7026.619468,26292.26579,2695.2588,1809.350402
,,,,,2092,9437.497473,8649.917714,7026.619468,26292.26579,2665.15596,1782.003342
,,,,,2093,9754.338779,8781.26764,7026.619468,26292.26579,2665.15596,1741.788812
,,,,,2094,11204.26432,9377.582695,7967.873513,27029.74644,2675.0898,1775.918572
,,,,,2095,12124.5423,10222.06058,8548.255703,28060.24915,2743.18812,1992.847012
,,,,,2096,11953.68538,10075.48579,8684.115733,27763.40586,2734.97472,2063.406752
,,,,,2097,12357.18831,9999.258672,9245.227309,28944.33181,2869.47036,2259.151542
,,,,,2098,12601.6731,10121.49637,9662.640089,30200.61633,2959.24428,2483.609762
,,,,,2099,13238.70329,10654.15247,10460.57523,30698.32115,3005.8128,2674.016862
,,,,,2100,13067.11311,10784.66378,9583.237172,29959.704,3037.65552,2949
,,,,,2101,12104.3182,10239.4787,9419.401458,29482.35981,3009.68136,2687.395492
,,,,,2102,12239.24073,9981.558875,9624.963512,30109.6699,3023.96004,2692.202362
,,,,,2103,12217.75433,10262.63854,9530.947405,30183.76004,3071.44224,2745.127082
,,,,,2104,12468.10791,10243.65856,9757.80574,30351.47224,3049.81524,2782.834962
,,,,,2105,13886.38777,10482.71759,9956.20898,30234.15434,3016.10628,2808.068572
,,,,,2106,13456.62383,11316.53935,9776.679005,29462.29699,2979.14112,2797.186762
,,,,,2107,12619.08333,11045.46279,9368.084896,29102.63982,2916.59292,2797.235912
,,,,,2108,12965.05901,10876.90139,9712.576675,29568.41809,2900.7882,2748.243192
,,,,,2109,12476.24584,10694.13217,9467.487112,29768.3552,2879.92908,2765.976512
,,,,,2110,11572.97323,10574.95224,8947.112146,31360.59874,2864.1438,2688.555432
,,,,,2111,10650.6061,9831.216841,8198.570496,29719.88477,2797.01748,2543.494122
,,,,,2112,9766.715626,9301.764992,7561.661085,28180.59625,2799.5544,2270.023522
,,,,,2113,9530.686634,8982.343244,7138.422691,27085.36311,2801.63448,1979.64404
,,,,,2114,9452.995533,8854.957112,7009.645993,26665.38002,2764.74708,1900.50271
,,,,,2115,9452.995533,8870.74953,7009.645993,26142.15113,2710.63584,1812.31778
,,,,,2116,9452.995533,8802.055605,7009.645993,26142.15113,2684.05164,1785.27545
,,,,,2117,9764.872345,8888.463597,7009.645993,26142.15113,2684.05164,1744.14673
,,,,,2118,11197.1991,9492.053368,7933.246183,26853.24499,2691.8082,1779.25949
,,,,,2119,12106.307,10346.83342,8503.585861,27851.91751,2755.38672,1993.74026
,,,,,2120,11937.52389,10198.4705,8637.095067,27564.24313,2747.71764,2063.49394
,,,,,2121,12336.12921,10121.31345,9188.497575,28708.69261,2873.2806,2257.03681
,,,,,2122,12577.64651,10245.04238,9598.687748,29926.17299,2957.08644,2478.95889
,,,,,2123,13206.94461,10784.1966,10390.65738,30408.50469,3000.564,2667.21322
,,,,,2124,13037.43714,10916.30007,9520.658761,29692.70196,3030.29748,2940.06453
,,,,,2125,12086.32837,10364.46403,9359.657941,29230.10199,3004.17012,2680.43457
,,,,,2126,12219.61326,10103.39773,9561.663098,29838.03572,3017.50596,2685.19229
,,,,,2127,12198.38765,10387.90641,9469.273778,29909.83736,3065.36724,2737.51738
,,,,,2128,12445.70251,10368.69488,9692.206721,30072.36926,3041.65044,2774.80257
,,,,,2129,13850.90702,10610.67031,9887.176935,29958.67508,3010.17708,2799.75111
,,,,,2130,13422.22009,11416.74383,9710.753416,29210.65887,2975.66136,2788.98726
,,,,,2131,12594.84543,11180.28068,9309.229324,28862.11079,2917.27332,2789.04624
,,,,,2132,12936.62175,11009.66293,9647.760266,29313.5021,2902.50864,2740.604
,,,,,2133,12453.74166,10824.66403,9406.911556,29507.26355,2883.0492,2758.13089
,,,,,2134,11561.43272,10704.03016,8895.540781,31064.39099,2868.30396,2681.58468
,,,,,2135,10650.26102,9951.221603,8159.951352,29460.29027,2805.63912,2538.16498
,,,,,2136,9777.098965,9415.310731,7534.06256,27968.54733,2808.0108,2267.781
,,,,,2137,9461.03719,8882.109173,7012.489953,26833.47074,2805.55164,1984.00856
,,,,,2138,9382.406265,8756.143646,6868.839649,26407.96067,2769.07248,1906.32207
,,,,,2139,9382.406265,8771.759947,6868.839649,25876.3091,2715.53472,1819.74926
,,,,,2140,9382.406265,8755.792453,6868.839649,25876.3091,2688.15348,1793.20826
,,,,,2141,9696.518608,8789.276468,6868.839649,25876.3091,2688.15348,1751.83379
,,,,,2142,11136.77016,9386.135032,7828.587197,26598.29794,2696.9112,1787.30043
,,,,,2143,12050.90799,10231.38261,8414.192232,27610.11301,2759.7996,1997.8492
,,,,,2144,11881.19104,10084.67423,8551.274863,27318.65282,2752.218,2066.31515
,,,,,2145,12282.00177,10008.37763,9117.435868,28478.16328,2876.4396,2256.29956
,,,,,2146,12524.85535,10130.72674,9538.604936,29711.66572,2959.3512,2474.15202
,,,,,2147,13157.63523,10663.86833,10365.30827,30200.34491,3002.3622,2658.93636
,,,,,2148,12987.18991,10794.49859,9458.487474,29475.12221,3031.77492,2925.41783
,,,,,2149,12030.81883,10248.81661,9293.177407,29006.43441,3005.92944,2671.92179
,,,,,2150,12164.84116,9990.661704,9500.589308,29622.36856,3019.11948,2676.59104
,,,,,2151,12143.49811,10271.99756,9405.727153,29695.11511,3063.97728,2727.96262
,,,,,2152,12392.18132,10253.00028,9634.626981,29859.78594,3043.01124,2764.55971
,,,,,2153,13803.27371,10492.2772,9834.815646,29744.59554,3011.86836,2789.04624
,,,,,2154,13374.1018,11250.05766,9653.670085,28986.73542,2977.73172,2778.48882
,,,,,2155,12542.14942,11055.53531,9241.399048,28633.60045,2919.95604,2778.53797
,,,,,2156,12885.81673,10886.82027,9588.9909,29090.93207,2905.3566,2730.99026
,,,,,2157,12400.26495,10703.88447,9341.695782,29287.24342,2886.10128,2748.19276
,,,,,2158,11503.01902,10584.59591,8816.637974,30858.87015,2871.52128,2673.05224
,,,,,2159,10586.80598,9840.182641,8061.360216,29239.65198,2809.5174,2532.26698
,,,,,2160,9708.812876,9310.248225,7418.719273,27728.27768,2811.85992,2266.85698
,,,,,2161,9509.791553,8578.179134,7394.274975,26089.77662,2802.91752,1944.56077
,,,,,2162,9427.652465,8475.110704,7223.621579,25664.51692,2764.83456,1868.17184
,,,,,2163,9427.652465,8475.110704,7196.014973,25075.87236,2708.94456,1783.04404
,,,,,2164,9427.652465,8475.110704,7196.014973,25075.87236,2679.19164,1756.94539
,,,,,2165,9750.946169,8489.08757,7221.411328,25075.87236,2669.63688,1689.50176
,,,,,2166,11225.89614,9061.892843,8254.663777,25854.7422,2689.50456,1751.13586
,,,,,2167,12162.0573,9873.077099,8872.051004,26865.96191,2755.15344,1958.16549
,,,,,2168,11988.25154,9732.281039,9016.573438,26574.67322,2747.24136,2025.50099
,,,,,2169,12398.71857,9659.059182,9613.461361,27733.50142,2876.91588,2212.32014
,,,,,2170,12647.42295,9776.477645,10057.48829,28966.27806,2963.47248,2426.5355
,,,,,2171,13295.44772,10288.13373,10996.16887,29454.66971,3008.36916,2608.25288
,,,,,2172,13120.89605,10413.49961,9973.022657,28729.87373,3039.08436,2833.88087
,,,,,2173,12141.48415,9889.808512,9798.740815,28261.46172,3012.10164,2621.02205
,,,,,2174,12278.73533,9642.057202,10017.40946,28877.03344,3025.87488,2625.61266
,,,,,2175,12256.87809,9912.055275,9917.398906,28949.73719,3058.41744,2676.1192
,,,,,2176,12511.55255,9893.823578,10158.72168,29114.31112,3050.80668,2712.10683
,,,,,2177,13950.66996,10123.45768,10369.77506,28999.1885,3018.29328,2736.19033
,,,,,2178,13517.12938,10829.45542,10178.7983,28241.77432,2982.65976,2725.80002
,,,,,2179,12665.13367,10664.01659,9744.15232,27888.84713,2922.34716,2725.859
,,,,,2180,13017.08059,10502.10075,10110.60882,28345.90965,2907.1062,2679.09769
,,,,,2181,12519.83094,10326.53722,9849.892399,28542.10549,2887.00524,2696.01512
,,,,,2182,11600.96864,10212.05597,9296.338443,30176.8933,2871.78372,2622.13284
,,,,,2183,10662.68227,9497.642417,8500.069946,28494.54205,2807.05824,2483.68712
,,,,,2184,9763.53663,8989.064262,7822.551336,26984.05705,2809.50768,2222.70062
,,,,,2185,9499.388119,8562.822705,7495.44842,26274.68776,2804.96844,1902.76361
,,,,,2186,9415.825841,8460.450353,7322.470275,25846.41749,2765.68992,1826.10927
,,,,,2187,9415.825841,8460.450353,7306.313274,25237.33985,2708.06004,1740.68657
,,,,,2188,9415.825841,8460.450353,7306.313274,25226.94436,2677.39344,1714.49945
,,,,,2189,9742.504844,8474.224826,7320.229915,25226.94436,2670.04512,1662.07606
,,,,,2190,11229.45547,9043.855998,8367.557983,26037.98945,2688.0174,1708.67026
,,,,,2191,12173.23353,9850.545216,8993.355649,27056.36796,2755.7172,1916.41748
,,,,,2192,11998.01363,9710.529354,9139.84686,26763.01713,2747.5524,1983.97907
,,,,,2193,12411.82035,9637.713243,9744.865968,27930.0491,2881.27044,2171.447
,,,,,2194,12662.54827,9754.481051,10194.94171,29171.55303,2970.51948,2386.39961
,,,,,2195,13315.84557,10263.30188,11120.93785,29663.40219,3016.81584,2568.74611
,,,,,2196,13139.87369,10387.97307,10109.32544,28933.47511,3048.4836,2815.91163
,,,,,2197,12152.49299,9867.183915,9932.669416,28461.74702,3020.66496,2581.5546
,,,,,2198,12290.86089,9620.805476,10154.3169,29081.67661,3034.86588,2586.16487
,,,,,2199,12268.82581,9889.307401,10052.94394,29154.89506,3071.44224,2636.84835
,,,,,2200,12525.57238,9871.176732,10297.55417,29320.63407,3060.56556,2672.96377
,,,,,2201,13973.6059,10099.53836,10511.48265,29204.69645,3027.051,2697.12591
,,,,,2202,13539.3309,10802.03098,10317.90428,28441.92025,2990.29968,2686.70611
,,,,,2203,12680.40309,10637.10185,9877.337283,28086.49456,2928.11112,2686.75526
,,,,,2204,13035.21355,10476.08324,10248.78588,28546.7928,2912.4036,2639.83667
,,,,,2205,12533.91813,10301.49257,9984.51782,28744.37758,2891.67084,2656.81308
,,,,,2206,11607.57967,10187.6457,9423.423001,30444.69463,2875.97304,2582.66539
,,,,,2207,10661.65911,9477.190941,8616.307231,28696.47742,2809.2258,2443.74783
,,,,,2208,9755.197745,8971.430983,7929.559033,27175.29913,2811.76272,2181.85697
,,,,,2209,9550.741642,8787.556967,7623.100228,26551.95158,2810.06172,1902.51786
,,,,,2210,9467.40505,8687.250751,7474.326646,26119.16713,2771.49276,1832.18421
,,,,,2211,9467.40505,8687.250751,7474.326646,25560.58383,2714.8932,1753.79979
,,,,,2212,9467.40505,8687.250751,7474.326646,25560.58383,2684.7612,1729.77527
,,,,,2213,9793.547221,8700.42447,7474.326646,25560.58383,2677.55868,1688.3025
,,,,,2214,11278.59481,9260.63412,8499.50009,26312.75835,2695.20048,1724.42775
,,,,,2215,12221.165,10053.98095,9128.376337,27341.87108,2761.695,1915.05111
,,,,,2216,12046.16936,9916.280908,9275.588204,27045.42818,2753.676,1977.04892
,,,,,2217,12459.44648,9844.669152,9883.583674,28224.76125,2885.00292,2149.05426
,,,,,2218,12709.85351,9959.505658,10335.87354,29479.35125,2972.65788,2346.29321
,,,,,2219,13362.3147,10459.91075,11170.23775,29976.38474,3018.12804,2513.60964
,,,,,2220,13186.56803,10582.51992,10249.83608,29238.76387,3049.23204,2749.42151
,,,,,2221,12200.45101,10070.34445,10072.31101,28762.06354,3021.90912,2525.36632
,,,,,2222,12338.64182,9828.041035,10295.04888,29388.52749,3035.85732,2529.59322
,,,,,2223,12316.63494,10092.10202,10193.17722,29462.5177,3071.80188,2576.09895
,,,,,2224,12573.05293,10074.27123,10438.99079,29630.00368,3061.10016,2609.23588
,,,,,2225,14019.67254,10298.85583,10653.97169,29512.84402,3028.18824,2631.40253
,,,,,2226,13585.51401,10990.94439,10459.44102,28742.02778,2992.08816,2621.83794
,,,,,2227,12727.68547,10827.52819,10016.70667,28382.85573,2931.0174,2621.88709
,,,,,2228,13082.04184,10669.17277,10389.9826,28848.00574,2915.58204,2578.84152
,,,,,2229,12581.38799,10497.46978,10124.41448,29047.67317,2895.21864,2594.41224
,,,,,2230,11656.23509,10385.5059,9560.559384,30597.08983,2879.80272,2526.38864
,,,,,2231,10711.52513,9686.801839,8749.473048,28999.26811,2814.25104,2398.92303
,,,,,2232,9806.223876,9189.406993,8059.346426,27462.05585,2816.72964,2158.60902
,,,,,2233,9608.498127,8822.615729,7656.47093,26470.08918,2812.22928,1915.44431
,,,,,2234,9527.234209,8722.35655,7514.679079,26038.63754,2774.55456,1853.03364
,,,,,2235,9527.234209,8722.35655,7514.679079,25483.50387,2719.2672,1783.48639
,,,,,2236,9527.234209,8722.35655,7514.679079,25483.50387,2689.84476,1762.16512
,,,,,2237,9848.446174,8735.516592,7514.679079,25483.50387,2677.18932,1718.15621
,,,,,2238,11316.01653,9295.511753,8506.163954,26231.63257,2700.04104,1757.42706
,,,,,2239,12247.49379,10088.55483,9115.876235,27257.57602,2764.98036,1926.56204
,,,,,2240,12074.55763,9950.90751,9258.602064,26962.04606,2757.14604,1981.57072
,,,,,2241,12482.97098,9879.323173,9848.069875,28137.74722,2885.42088,2134.1913
,,,,,2242,12730.43101,9994.11571,10286.57695,29388.47354,2971.03464,2309.19479
,,,,,2243,13375.21352,10494.32921,11109.55729,29883.97635,3015.44532,2457.64745
,,,,,2244,13201.53518,10616.89144,10203.16135,29148.62708,3045.82032,2657.049
,,,,,2245,12227.02358,10104.91207,10031.04606,28673.39481,3019.1292,2468.07708
,,,,,2246,12363.58805,9862.701422,10246.99636,29297.92949,3032.74692,2471.83214
,,,,,2247,12341.84016,10126.66131,10148.22907,29371.69183,3061.071,2513.09848
,,,,,2248,12595.24041,10108.83734,10386.55188,29538.66202,3057.41628,2542.49018
,,,,,2249,14028.87499,10333.33595,10594.98159,29421.86317,3025.26252,2562.16001
,,,,,2250,13595.78603,11025.18765,10406.37892,28653.42076,2990.00808,2553.67672
,,,,,2251,12748.05312,10861.8059,9977.136172,28295.35482,2930.35644,2553.72587
,,,,,2252,13098.23914,10703.51111,10339.03713,28759.07234,2915.28072,2515.52649
,,,,,2253,12603.47738,10531.87386,10081.56176,28958.12486,2895.3936,2529.34747
,,,,,2254,11689.21242,10419.95284,9534.889217,30500.45469,2880.33732,2468.98144
,,,,,2255,10755.62058,9721.516303,8748.519398,28909.86888,2816.31168,2355.88729
,,,,,2256,9860.973641,9224.311896,8079.423246,27377.39066,2818.74168,2142.66476
,,,,,2257,9614.878675,8723.750805,7572.384005,26443.80269,2807.75808,1885.46281
,,,,,2258,9533.139402,8622.496592,7410.194207,26012.77903,2765.21364,1821.42036
,,,,,2259,9533.139402,8622.496592,7410.194207,25399.78557,2702.78208,1750.06439
,,,,,2260,9533.139402,8622.496592,7410.194207,25190.05046,2669.55912,1728.18281
,,,,,2261,9855.48208,8635.945952,7410.194207,25347.8393,2650.71204,1672.40739
,,,,,2262,11327.06073,9200.478445,8453.406416,26205.58262,2681.0676,1723.31696
,,,,,2263,12261.08209,9999.947115,9085.599655,27230.50839,2754.405,1896.86561
,,,,,2264,12087.6736,9861.184512,9233.587987,26935.27157,2745.5598,1953.30947
,,,,,2265,12497.20242,9789.020167,9844.790313,28109.80651,2890.40724,2109.92103
,,,,,2266,12745.33833,9904.742805,10299.46577,29359.29218,2987.08236,2289.48564
,,,,,2267,13391.8819,10409.00926,11169.44669,29854.30349,3037.23756,2441.82115
,,,,,2268,13217.7292,10532.56454,10212.97451,29119.68364,3071.53944,2631.9825
,,,,,2269,12240.55597,10016.43688,10034.51309,28644.92277,3041.39772,2452.51619
,,,,,2270,12377.49343,9772.263739,10258.42578,29268.83795,3056.78448,2456.36955
,,,,,2271,12355.68615,10038.36235,10156.01681,29342.52712,3083.94216,2498.71719
,,,,,2272,12609.7785,10020.39396,10403.12691,29509.33168,3083.94216,2528.87563
,,,,,2273,14046.39111,10246.71156,10619.24172,29392.64869,3048.31836,2549.06645
,,,,,2274,13613.05686,10943.57378,10423.68501,28624.96853,3008.51496,2540.35707
,,,,,2275,12763.00857,10779.46341,9978.615468,28267.25777,2941.15536,2540.40622
,,,,,2276,13114.15103,10619.88604,10353.86022,28730.51531,2924.12592,2501.20418
,,,,,2277,12618.03796,10446.85811,10086.89138,28929.37039,2901.67272,2515.38887
,,,,,2278,11701.27592,10334.03026,9520.06224,30839.19309,2884.67244,2453.45004
,,,,,2279,10765.13421,9629.934675,8704.697849,28881.16227,2812.37508,2337.39706
,,,,,2280,9868.043762,9128.701695,8010.931172,27350.20418,2815.11612,2118.62058
,,,,,2281,9692.477823,8684.307269,7655.910532,26956.46832,2805.51276,1849.30807
,,,,,2282,9609.797563,8581.048525,7479.245313,26517.09786,2757.81672,1780.33096
,,,,,2283,9609.797563,8581.048525,7419.207759,25892.23374,2687.84244,1703.46036
,,,,,2284,9609.797563,8581.048525,7419.207759,25359.95468,2650.60512,1679.89785
,,,,,2285,9934.378537,8595.080728,7476.957198,25839.28153,2634.9948,1621.00632
,,,,,2286,11413.8918,9168.753821,8546.609341,26713.6351,2663.50356,1674.64863
,,,,,2287,12352.9493,9981.16705,9185.746051,27758.40863,2745.7056,1861.59557
,,,,,2288,12178.60581,9840.157679,9335.35976,27457.45453,2735.7912,1922.40395
,,,,,2289,12590.34277,9766.824888,9953.27501,28654.73441,2898.15408,2091.09658
,,,,,2290,12839.81661,9884.421244,10412.94424,29928.41646,3006.52236,2284.54115
,,,,,2291,13489.84627,10396.8525,11403.69669,30433.01369,3062.73312,2448.62351
,,,,,2292,13314.75456,10522.40832,10325.50303,29684.16788,3101.18544,2655.10266
,,,,,2293,12332.31251,9997.923811,10145.08154,29200.21323,3067.40844,2460.1541
,,,,,2294,12469.98832,9749.797149,10371.4535,29836.21057,3084.642,2464.30236
,,,,,2295,12448.06346,10020.20428,10267.91975,29911.32674,3120.98508,2509.91356
,,,,,2296,12703.52584,10001.94496,10517.7439,30081.36148,3115.86264,2542.41154
,,,,,2297,14146.03362,10231.92697,10736.23233,29962.41892,3075.165,2564.1555
,,,,,2298,13712.21378,10938.88303,10538.52779,29179.87258,3030.54048,2554.77768
,,,,,2299,12857.58212,10773.30484,10088.56999,28815.23473,2955.03552,2554.817
,,,,,2300,13210.61791,10611.14369,10467.93611,29287.46328,2935.95516,2512.59715
,,,,,2301,12711.82984,10435.31418,10198.0351,29490.1692,2910.78036,2527.87297
,,,,,2302,11790.12471,10320.65949,9624.980402,31692.33641,2891.71944,2461.15676
,,,,,2303,10848.93542,9605.163571,8800.660745,29441.02753,2810.6838,2336.14865
,,,,,2304,9947.007951,9095.814901,8099.274328,27880.42234,2813.75532,2100.46457
,,,,,2305,9732.643278,8690.737189,7787.073946,27319.69286,2818.1196,1836.84363
,,,,,2306,9649.121518,8587.533916,7611.32191,26874.40868,2772.51336,1764.35721
,,,,,2307,9649.121518,8587.533916,7611.32191,26241.13418,2705.59116,1683.5841
,,,,,2308,9649.121518,8587.533916,7611.32191,25823.05286,2669.96736,1658.82233
,,,,,2309,9975.704143,8601.54999,7611.32191,26187.46925,2666.439,1605.75016
,,,,,2310,11462.31311,9174.970141,8692.967799,27073.59123,2682.31176,1653.3077
,,,,,2311,12405.87432,9987.025162,9343.007982,28132.42692,2760.92712,1849.76025
,,,,,2312,12230.69468,9846.077965,9495.174055,27827.42212,2751.4404,1913.64542
,,,,,2313,12644.40632,9772.777508,10123.63075,29040.81683,2906.72712,2090.90981
,,,,,2314,12895.07663,9890.322013,10591.14179,30331.64206,3010.37148,2294.17455
,,,,,2315,13548.22382,10402.52733,11491.18344,30843.03093,3064.1328,2466.59275
,,,,,2316,13372.29237,10528.02779,10502.20886,30084.106,3100.90356,2695.54328
,,,,,2317,12385.13855,10003.77454,10318.70944,29593.63755,3068.604,2478.71314
,,,,,2318,12523.47465,9755.757277,10548.94323,30238.19512,3085.08912,2483.06783
,,,,,2319,12501.44463,10026.04518,10443.64323,30314.32232,3133.62108,2530.99891
,,,,,2320,12758.13221,10007.79391,10697.7293,30486.64565,3114.93924,2565.1385
,,,,,2321,14205.91188,10237.67452,10919.94508,30366.10217,3076.02036,2587.99325
,,,,,2322,13771.6578,10944.35126,10718.86775,29573.02312,3033.34956,2578.13376
,,,,,2323,12912.92734,10778.81369,10261.23381,29203.47741,2961.12996,2578.18291
,,,,,2324,13267.65628,10616.72403,10647.07181,29682.06194,2942.8758,2533.82012
,,,,,2325,12766.47604,10440.97205,10372.56637,29887.49619,2918.79936,2549.87251
,,,,,2326,11840.35043,10326.36791,9789.735535,32008.04197,2900.57436,2479.76495
,,,,,2327,10894.64722,9611.18747,8951.353241,29837.6931,2823.06708,2348.40666
,,,,,2328,9988.394127,9102.063381,8238.001389,28256.08288,2826.00252,2100.75947
,,,,,2329,9733.663201,8721.498224,7847.863495,27273.81837,2834.109,1829.08776
,,,,,2330,9646.902524,8622.203505,7699.732821,26829.28107,2793.56688,1752.60053
,,,,,2331,9646.902524,8622.203505,7699.732821,26197.06879,2734.08048,1667.37443
,,,,,2332,9646.902524,8622.203505,7699.732821,25913.18766,2702.42244,1641.23646
,,,,,2333,9981.189461,8635.083118,7699.732821,26143.49388,2699.59392,1597.7682
,,,,,2334,11495.10968,9190.680368,8721.804081,27028.12953,2713.39632,1635.42693
,,,,,2335,12456.00554,9977.495299,9348.91563,28085.1892,2783.2734,1842.71214
,,,,,2336,12277.60758,9840.928987,9495.714404,27780.69599,2774.84616,1910.12628
,,,,,2337,12698.91973,9769.906836,10102.00377,28992.05544,2912.87016,2097.17152
,,,,,2338,12954.19523,9883.797853,10553.02446,30280.71551,3004.99632,2311.65229
,,,,,2339,13619.34172,10380.08293,11386.3404,30791.24662,3052.78956,2493.58593
,,,,,2340,13440.17815,10501.68262,10467.22843,30033.59466,3085.4682,2752.22306
,,,,,2341,12434.88882,9993.724072,10290.20152,29543.94889,3056.75532,2506.36493
,,,,,2342,12575.76636,9753.415624,10512.31436,30187.42532,3071.41308,2510.96537
,,,,,2343,12553.33162,10015.30251,10410.72856,30263.42482,3114.9198,2561.54072
,,,,,2344,12814.73494,9997.618519,10655.85235,30435.45911,3097.94868,2597.56767
,,,,,2345,14282.80601,10220.35403,10870.22999,30315.11783,3063.34548,2621.67083
,,,,,2346,13846.88052,10907.34918,10676.2452,29523.36904,3025.41804,2611.28052
,,,,,2347,12972.37389,10744.67365,10234.75321,29154.44318,2961.22716,2611.32967
,,,,,2348,13333.61974,10587.62203,10606.98168,29632.22496,2945.00448,2564.51921
,,,,,2349,12823.23205,10417.33273,10342.15878,29837.31463,2923.61076,2581.4563
,,,,,2350,11880.09212,10306.29068,9779.885922,31842.95149,2907.40752,2507.47572
,,,,,2351,10917.01491,9613.339299,8971.075586,29787.59507,2838.51216,2368.87272
,,,,,2352,9994.112579,9120.039678,8282.885537,28208.63774,2841.11712,2107.56183
,,,,,2353,9733.029614,8667.403166,7818.312845,27014.52943,2837.33604,1841.36543
,,,,,2354,9646.919841,8556.381908,7677.267363,26574.21366,2798.86428,1764.18027
,,,,,2355,9646.919841,8559.717233,7677.267363,25948.00516,2742.42024,1678.15794
,,,,,2356,9646.919841,8556.381908,7677.267363,25707.78434,2712.38544,1651.78405
,,,,,2357,9979.658493,8576.81099,7677.267363,25894.93901,2706.40764,1610.19332
,,,,,2358,11488.09015,9159.264298,8665.150823,26771.17376,2722.78584,1645.91554
,,,,,2359,12445.50237,9984.111721,9272.814416,27818.1951,2789.09568,1855.1176
,,,,,2360,12267.75118,9840.944165,9415.060673,27516.59351,2781.09612,1923.15103
,,,,,2361,12687.53591,9766.488997,10002.54782,28716.44933,2912.0634,2111.93618
,,,,,2362,12941.88593,9885.885196,10439.58147,29992.8717,2999.47536,2328.39278
,,,,,2363,13604.621,10406.15935,11261.34484,30498.55457,3044.81916,2512.01718
,,,,,2364,13426.10697,10533.63683,10356.44615,29748.09762,3075.83568,2776.14928
,,,,,2365,12424.46221,10001.12495,10184.90919,29263.10175,3048.5808,2524.91414
,,,,,2366,12564.82902,9749.200644,10400.13387,29900.46743,3062.49012,2529.5539
,,,,,2367,12542.47561,10023.74643,10301.69845,29975.74521,3099.8052,2580.59126
,,,,,2368,12802.93124,10005.20764,10539.22047,30146.14578,3087.67464,2616.96226
,,,,,2369,14266.92448,10238.70959,10746.94984,30026.94731,3054.84048,2641.29151
,,,,,2370,13831.33488,10966.48223,10558.98089,29242.71733,3018.84732,2630.79307
,,,,,2371,12959.99869,10788.37339,10131.18044,28877.29496,2957.9418,2630.85205
,,,,,2372,13319.93487,10623.73032,10491.86538,29350.53951,2942.55504,2583.59924
,,,,,2373,12811.39755,10445.20969,10235.25515,29553.68155,2922.24996,2600.69361
,,,,,2374,11871.67687,10328.80018,9690.419476,31512.11724,2906.87292,2526.03476
,,,,,2375,10912.0912,9602.353412,8906.691931,29504.43416,2841.50592,2386.14403
,,,,,2376,9992.534759,9085.209029,8239.844002,27940.47133,2843.98452,2122.41496
,,,,,2377,9683.99026,8828.958811,7714.365715,26784.95128,2832.86484,1865.09505
,,,,,2378,9601.005547,8703.743771,7574.763308,26348.37332,2794.09176,1789.27626
,,,,,2379,9601.005547,8719.267032,7574.763308,25727.48065,2737.2006,1704.77758
,,,,,2380,9601.005547,8538.728371,7574.763308,25490.18843,2706.9228,1678.8657
,,,,,2381,9926.310714,8736.679191,7574.763308,25674.86498,2696.43492,1640.0372
,,,,,2382,11408.39119,9329.981751,8555.683574,26543.66144,2717.41068,1673.10532
,,,,,2383,12349.07813,10170.19346,9159.386108,27581.79471,2784.2454,1878.60147
,,,,,2384,12174.43212,10024.35914,9300.705131,27282.75339,2776.1778,1945.43564
,,,,,2385,12586.88351,9948.517114,9884.362738,28472.42373,2908.18512,2130.87859
,,,,,2386,12836.79023,10070.13728,10318.54759,29738.01066,2996.2872,2343.51132
,,,,,2387,13487.94781,10600.10249,11137.95798,30239.40083,3041.99064,2523.88199
,,,,,2388,13312.55228,10729.95447,10235.95418,29495.31445,3073.25016,2786.09724
,,,,,2389,12328.40552,10187.52359,10065.53538,29014.43567,3045.78144,2536.55286
,,,,,2390,12466.32022,9930.906734,10279.35713,29646.3908,3059.79768,2541.11398
,,,,,2391,12444.35732,10210.56643,10181.56336,29721.02956,3092.01948,2591.24698
,,,,,2392,12700.26298,10191.68233,10417.53709,29889.98361,3085.1766,2626.9692
,,,,,2393,14144.67812,10429.53367,10623.91237,29771.79701,3052.08972,2650.86593
,,,,,2394,13710.70117,11316.67018,10437.1687,28994.22429,3015.81468,2640.56409
,,,,,2395,12854.58657,10989.43596,10012.15687,28631.90396,2954.42316,2640.61324
,,,,,2396,13208.23494,10821.72611,10370.49067,29101.13118,2938.91004,2594.20581
,,,,,2397,12708.58138,10639.88021,10115.55317,29302.54876,2918.44944,2610.99545
,,,,,2398,11785.27694,10521.30236,9574.269006,31249.29403,2902.95576,2537.65382
,,,,,2399,10842.45451,9781.324205,8795.650195,29253.71942,2837.06388,2400.24025
,,,,,2400,9938.962042,9254.547068,8133.149119,27703.03294,2839.56192,2141.18043
,,,,,2401,9628.299796,9091.891286,7636.19791,26708.78202,2830.58064,1885.08927
,,,,,2402,9546.986846,8962.949736,7489.303265,26273.44418,2792.62404,1810.08637
,,,,,2403,9546.986846,8978.934984,7489.303265,25654.31519,2736.93816,1726.51171
,,,,,2404,9546.986846,8854.888898,7489.303265,25420.82644,2707.30188,1700.8849
,,,,,2405,9868.315442,8996.865344,7489.303265,25601.84898,2699.15652,1669.4289
,,,,,2406,11336.29924,9607.825105,8505.410377,26468.17757,2717.5662,1695.1835
,,,,,2407,12268.03892,10473.04224,9129.129181,27503.36197,2782.99152,1898.44824
,,,,,2408,12095.05405,10322.86777,9275.133757,27205.17009,2775.09888,1964.56482
,,,,,2409,12503.58245,10244.76862,9878.143027,28391.4611,2904.31656,2147.98279
,,,,,2410,12751.1122,10370.00831,10326.72364,29653.45306,2990.5524,2358.30547
,,,,,2411,13396.07635,10915.74574,11158.02421,30153.419,3035.29356,2536.71997
,,,,,2412,13222.34908,11049.46223,10241.39178,29411.44623,3065.89212,2805.55081
,,,,,2413,12247.56294,10490.88813,10065.3226,28931.93342,3039.0066,2549.25322
,,,,,2414,12384.16589,10226.63414,10286.23379,29562.09345,3052.73124,2553.76519
,,,,,2415,12362.41188,10514.61675,10185.19758,29636.52019,3086.81928,2603.35754
,,,,,2416,12615.88351,10495.17064,10428.99523,29804.99432,3077.57556,2638.68656
,,,,,2417,14049.82527,10740.10065,10642.21306,29687.14343,3045.1788,2662.32771
,,,,,2418,13616.71101,11601.45291,10449.27774,28911.77945,3009.67164,2652.134
,,,,,2419,12768.73927,11316.66612,10010.17428,28550.48832,2949.5826,2652.18315
,,,,,2420,13119.02394,11143.96508,10380.38895,29018.38267,2934.39024,2606.27705
,,,,,2421,12624.1228,10956.70729,10116.99877,29219.22811,2914.35732,2622.87992
,,,,,2422,11709.60028,10834.60045,9557.767874,31159.70889,2899.19412,2550.34435
,,,,,2423,10775.74542,10072.5999,8753.333295,29170.53748,2834.70192,2414.41511
,,,,,2424,9880.846438,9530.14542,8068.866433,27624.25581,2837.14164,2158.16667
,,,,,2425,9624.964745,9067.862988,7593.498987,26732.31721,2826.78984,1899.76546
,,,,,2426,9538.420975,8939.261988,7441.524735,26296.5962,2789.19288,1825.27372
,,,,,2427,9538.420975,8955.205017,7441.524735,25676.92225,2734.03188,1742.25937
,,,,,2428,9538.420975,8842.263074,7441.524735,25426.32247,2704.66776,1716.8095
,,,,,2429,9872.191962,8973.088021,7441.524735,25624.40986,2701.80036,1694.06288
,,,,,2430,11384.28318,9582.434164,8476.967531,26491.50099,2714.8446,1711.14742
,,,,,2431,12344.01815,10445.36616,9110.916036,27527.59654,2779.64784,1913.03596
,,,,,2432,12165.83572,10295.58832,9259.315254,27229.1422,2771.83296,1978.69053
,,,,,2433,12586.63887,10217.69543,9872.214565,28416.47738,2899.83564,2160.86992
,,,,,2434,12841.60597,10342.60435,10328.15242,29679.58012,2985.26472,2369.75742
,,,,,2435,13505.94888,10886.90042,11169.25809,30179.98613,3029.58792,2546.953
,,,,,2436,13327.00176,11020.26375,10241.42101,29437.36029,3059.9046,2825.51554
,,,,,2437,12322.92694,10463.16492,10062.4641,28957.42541,3033.2718,2559.39778
,,,,,2438,12463.63429,10199.60885,10286.99848,29588.1401,3046.86036,2563.88026
,,,,,2439,12441.22665,10486.83086,10184.30517,29662.63235,3086.91648,2613.13839
,,,,,2440,12702.31416,10467.43611,10432.10137,29831.25478,3071.4714,2648.23149
,,,,,2441,14169.02634,10711.71923,10648.81622,29713.30016,3039.38568,2671.70553
,,,,,2442,13733.21278,11562.6964,10452.71654,28937.25371,3004.209,2661.58063
,,,,,2443,12859.76267,11286.76192,10006.41128,28575.64457,2944.674,2661.62978
,,,,,2444,13220.57208,11114.517,10382.69789,29043.95075,2929.63716,2616.03824
,,,,,2445,12710.80101,10927.75379,10114.98781,29244.97298,2909.78892,2632.53298
,,,,,2446,11768.80051,10805.96945,9546.584894,31200.81559,2894.7618,2560.48891
,,,,,2447,10806.88681,10045.98144,8728.956668,29196.23949,2830.87224,2425.48369
,,,,,2448,9885.099467,9504.95964,8033.263768,27648.5968,2833.29252,2170.98499
,,,,,2449,9685.255385,8713.814589,7555.104817,26618.14664,2819.73312,1920.04475
,,,,,2450,9595.803789,8590.231473,7406.87847,26184.28445,2781.92232,1848.36439
,,,,,2451,9595.803789,8605.55242,7406.87847,25567.2541,2726.45028,1768.48581
,,,,,2452,9595.803789,8325.576668,7406.87847,25288.47034,2696.93064,1743.98945
,,,,,2453,9936.491533,8622.737647,7406.87847,25514.96573,2694.47148,1723.48407
,,,,,2454,11473.10217,9208.307709,8429.411372,26378.35776,2707.15608,1738.54363
,,,,,2455,12448.39979,10037.56896,9056.785529,27410.03322,2772.32868,1932.81392
,,,,,2456,12267.32803,9893.6353,9203.645776,27112.85211,2764.4652,1996.00116
,,,,,2457,12694.95475,9818.781716,9810.18903,28295.12199,2893.18716,2171.29955
,,,,,2458,12954.05628,9938.816813,10261.39859,29552.83621,2979.09252,2372.31322
,,,,,2459,13629.17189,10461.87499,11094.87052,30051.10744,3023.65872,2542.83423
,,,,,2460,13447.32304,10590.03462,10175.56663,29311.64971,3054.14064,2812.76603
,,,,,2461,12426.96658,10054.67322,9998.465587,28833.76229,3027.36204,2554.80717
,,,,,2462,12569.95558,9801.400852,10220.67144,29461.78628,3041.02836,2559.12254
,,,,,2463,12547.18459,10077.41575,10119.04311,29535.96074,3081.83292,2606.5228
,,,,,2464,12812.50578,10058.77776,10364.26954,29703.8638,3065.77548,2640.28885
,,,,,2465,14297.43512,10293.5292,10578.73695,29586.41239,3033.5148,2662.87819
,,,,,2466,13860.12101,11250.4204,10384.67092,28813.67664,2998.14372,2653.13666
,,,,,2467,12972.5074,10846.13429,9942.994062,28453.61016,2938.27824,2653.18581
,,,,,2468,13339.16754,10680.6102,10315.3784,28919.9185,2923.15392,2609.31452
,,,,,2469,12821.13025,10501.1343,10050.44461,29120.08315,2903.18904,2625.18014
,,,,,2470,11863.85467,10384.10187,9487.936294,31095.08457,2888.08416,2555.84915
,,,,,2471,10886.34299,9653.767828,8678.787262,29071.55756,2823.83496,2425.9457
,,,,,2472,9949.60834,9133.856165,7990.309028,27530.51728,2826.27468,2181.04108
,,,,,2473,9667.810819,8491.311883,7491.900257,26492.85852,2807.70948,1920.34948
,,,,,2474,9581.270378,8370.88227,7331.897827,26061.03617,2768.26572,1849.93719
,,,,,2475,9581.270378,8385.812268,7331.897827,25446.90684,2710.38312,1771.4643
,,,,,2476,9581.270378,8236.036427,7331.897827,25183.09119,2679.58044,1747.41029
,,,,,2477,9915.033446,8402.558976,7331.897827,25394.86431,2670.39504,1724.31962
,,,,,2478,11427.09659,8973.186893,8363.598772,26254.19703,2690.253,1742.05294
,,,,,2479,12386.81374,9781.287664,8989.101483,27281.02198,2758.2444,1932.89256
,,,,,2480,12208.63462,9641.0268,9135.523649,26985.23809,2750.04072,1994.96901
,,,,,2481,12629.42996,9568.083275,9740.257595,28161.94944,2884.34196,2167.17095
,,,,,2482,12884.39232,9685.055405,10190.1212,29413.75041,2973.97008,2364.63599
,,,,,2483,13548.7229,10194.76657,11056.81707,29909.67897,3020.46084,2532.13919
,,,,,2484,13369.7791,10319.65592,10104.54528,29173.69787,3052.26468,2793.2928
,,,,,2485,12365.72293,9797.955477,9927.972526,28698.05727,3024.3294,2543.9057
,,,,,2486,12506.42766,9551.145923,10149.51554,29323.12856,3038.58864,2548.14243
,,,,,2487,12484.02044,9820.117676,10048.19036,29396.95428,3073.15296,2594.69731
,,,,,2488,12745.10311,9801.955281,10292.6853,29564.06793,3064.40496,2627.87356
,,,,,2489,14211.79443,10030.7165,10506.51295,29447.16873,3030.7446,2650.0697
,,,,,2490,13775.98258,10870.10844,10313.02582,28678.06606,2993.83776,2640.49528
,,,,,2491,12902.54868,10569.22063,9872.666472,28319.69246,2931.38676,2640.54443
,,,,,2492,13263.3514,10407.92026,10243.94,28783.80842,2915.60148,2597.43988
,,,,,2493,12753.5898,10233.02409,9979.796492,28983.03197,2894.78124,2613.04009
,,,,,2494,11811.60678,10118.97801,9418.966133,30940.3892,2879.0154,2544.92802
,,,,,2495,10849.71094,9407.28009,8612.230777,28934.73453,2811.98628,2417.31496
,,,,,2496,9927.940712,8900.635148,7925.806262,27400.93957,2814.5232,2176.73554
,,,,,2497,9598.24919,8405.670995,7461.842211,26431.20586,2801.9358,1906.4302
,,,,,2498,9516.87525,8286.455159,7293.090289,26000.38729,2764.10556,1835.56573
,,,,,2499,9516.87525,8301.234682,7293.090289,25387.68551,2708.58492,1756.58168
,,,,,2500,9516.87525,8237.486337,7293.090289,25103.02285,2679.04584,1732.37039
,,,,,2501,9838.348919,8317.812604,7293.090289,25335.76396,2664.11592,1700.66864
,,,,,2502,11306.847,8882.689317,8330.058555,26193.09914,2689.281,1726.98355
,,,,,2503,12238.91309,9682.645459,8953.062574,27217.53723,2754.49248,1919.06175
,,,,,2504,12065.86761,9543.798247,9098.899827,26922.44089,2746.629,1981.5314
,,,,,2505,12474.53913,9471.589899,9701.218045,28096.41695,2875.43844,2154.85396
,,,,,2506,12722.1556,9587.383099,10149.28459,29345.3081,2961.41184,2353.58707
,,,,,2507,13367.3457,10091.95703,11041.11992,29840.08386,3006.0072,2522.17157
,,,,,2508,13193.55757,10215.58764,10064.05052,29105.81356,3036.51828,2773.50501
,,,,,2509,12218.42993,9699.145282,9888.183113,28631.2786,3009.72024,2534.01672
,,,,,2510,12355.08073,9454.823254,10108.84113,29254.8969,3023.39628,2538.28294
,,,,,2511,12333.3191,9721.084113,10007.92072,29328.55101,3049.164,2585.14255
,,,,,2512,12586.87954,9703.104773,10251.43897,29495.2762,3048.16284,2618.53506
,,,,,2513,14021.20338,9929.560369,10464.41245,29378.64873,3015.873,2640.86882
,,,,,2514,13588.05765,10695.61862,10271.69824,28611.33385,2980.47276,2631.23542
,,,,,2515,12739.78884,10462.63706,9833.097989,28253.7933,2920.5684,2631.28457
,,,,,2516,13090.19623,10302.96239,10202.88839,28716.83041,2905.42464,2587.90478
,,,,,2517,12595.12171,10129.82895,9939.800058,28915.59087,2885.45976,2603.59346
,,,,,2518,11680.2788,10016.93231,9381.210045,30888.03525,2870.33544,2535.04887
,,,,,2519,10746.09679,9312.407406,8577.697352,28867.40569,2806.04736,2406.61009
,,,,,2520,9850.884305,8810.868802,7894.014893,27337.17607,2808.47736,2164.47753
,,,,,2521,9600.571788,8264.096266,7511.821633,26457.83789,2796.99804,1883.56562
,,,,,2522,9522.472402,8159.01631,7368.924974,26026.58572,2760.21756,1810.87277
,,,,,2523,9522.472402,8161.417719,7368.924974,25413.26728,2706.2424,1729.86374
,,,,,2524,9522.472402,8159.01631,7368.924974,25211.82525,2677.51008,1705.03316
,,,,,2525,9836.15699,8177.716618,7368.924974,25361.29347,2665.35036,1663.95359
,,,,,2526,11277.04331,8733.085896,8365.740817,26219.49152,2687.46336,1699.49887
,,,,,2527,12191.58403,9519.577983,8978.485656,27244.96066,2750.86692,1896.51173
,,,,,2528,12021.79228,9383.067707,9121.921367,26949.56733,2743.227,1960.58367
,,,,,2529,12422.77966,9312.074698,9714.321044,28124.72494,2868.4692,2138.35922
,,,,,2530,12665.74027,9425.918983,10155.00915,29374.87304,2952.0612,2342.21376
,,,,,2531,13298.79905,9922.00043,10979.7909,29870.14678,2995.42212,2515.13329
,,,,,2532,13128.27861,10043.55022,10071.17865,29135.13747,3025.07784,2761.27649
,,,,,2533,12171.48602,9535.800097,9898.207305,28660.1249,2999.01852,2527.27334
,,,,,2534,12305.56741,9295.590252,10115.23169,29284.37085,3012.3252,2531.64769
,,,,,2535,12284.21496,9557.369677,10015.97316,29358.09909,3040.21188,2579.71639
,,,,,2536,12533.00777,9539.692946,10255.48132,29524.99209,3036.40164,2613.96411
,,,,,2537,13946.81695,9762.33707,10464.94771,29408.24723,3005.00604,2636.87784
,,,,,2538,13515.36102,10460.93173,10275.40698,28640.16008,2970.58752,2626.98886
,,,,,2539,12683.04196,10286.44155,9844.029284,28282.25968,2912.34528,2627.03801
,,,,,2540,13026.86074,10129.45437,10207.73024,28745.76282,2897.61948,2582.54743
,,,,,2541,12541.09497,9959.234937,9948.97426,28944.72332,2878.20864,2598.63914
,,,,,2542,11643.45359,9848.238455,9399.582704,30848.1228,2863.50228,2528.33498
,,,,,2543,10726.83674,9155.571403,8609.301677,28896.48965,2800.99296,2396.59332
,,,,,2544,9848.456677,8662.474191,7936.877608,27364.71991,2803.36464,2148.23837
,,,,,2545,9600.474584,8332.281646,7501.639891,26474.73768,2794.1112,1888.54943
,,,,,2546,9522.38052,8214.105947,7363.925425,26043.21036,2758.61376,1818.96286
,,,,,2547,9522.38052,8228.756522,7363.925425,25429.50061,2706.534,1741.42382
,,,,,2548,9522.38052,8205.199446,7363.925425,25349.2691,2678.81256,1717.65488
,,,,,2549,9836.052449,8245.189804,7363.925425,25377.49364,2670.2784,1674.35373
,,,,,2550,11276.8939,8805.138064,8335.735911,26236.23924,2688.4062,1712.36634
,,,,,2551,12191.40614,9598.114723,8934.256286,27262.36265,2749.5936,1900.94506
,,,,,2552,12021.61967,9460.47893,9074.362232,26966.78085,2742.21612,1962.27443
,,,,,2553,12422.59457,9388.900588,9653.009746,28142.68824,2863.0746,2132.45139
,,,,,2554,12665.54761,9503.683511,10083.46757,29393.63397,2943.73116,2327.57689
,,,,,2555,13298.58667,10003.85512,10899.79963,29889.2237,2985.57576,2493.09443
,,,,,2556,13128.07154,10126.40708,10001.58314,29153.74543,3014.20116,2723.28354
,,,,,2557,12171.30875,9614.470588,9832.62721,28678.4298,2989.05552,2504.72332
,,,,,2558,12305.38596,9372.280229,10044.61352,29303.07403,3001.88592,2508.90107
,,,,,2559,12284.03417,9636.218007,9947.659206,29376.84931,3032.66916,2554.9153
,,,,,2560,12532.81924,9618.395533,10181.60735,29543.84879,3025.11672,2587.69835
,,,,,2561,13946.59508,9842.875343,10386.21112,29427.02945,2994.8292,2609.62908
,,,,,2562,13515.14189,10572.33306,10201.07044,28658.45224,2961.61596,2600.17262
,,,,,2563,12682.84876,10371.30103,9779.706896,28300.32349,2905.41492,2600.21194
,,,,,2564,13026.65683,10213.0195,10134.96478,28764.12236,2891.20428,2557.62838
,,,,,2565,12540.90618,10041.39662,9882.215644,28963.2098,2872.47384,2573.03199
,,,,,2566,11643.29276,9929.484979,9345.577846,30765.16628,2858.28264,2505.73581
,,,,,2567,10726.70446,9231.106935,8573.642667,28914.94535,2797.96032,2379.63657
,,,,,2568,9848.351753,8733.94417,7916.828474,27382.19831,2800.24452,2141.89802
,,,,,2569,9601.797073,8422.947461,7375.855239,26339.35188,2789.1054,1885.41366
,,,,,2570,9522.37001,8318.211635,7236.365177,25910.0288,2753.59824,1816.64298
,,,,,2571,9522.37001,8318.296646,7236.365177,25299.45388,2701.48932,1740.0083
,,,,,2572,9522.37001,8318.211635,7236.365177,25240.9263,2673.75816,1716.5146
,,,,,2573,9839.212703,8334.908617,7236.365177,25247.71256,2666.57508,1672.07317
,,,,,2574,11291.29429,8900.94553,8216.743353,26102.0717,2683.36152,1711.28504
,,,,,2575,12212.94073,9702.5447,8820.137516,27122.95367,2744.57808,1897.66184
,,,,,2576,12041.82974,9563.412309,8961.384354,26828.8817,2737.19088,1958.27362
,,,,,2577,12445.93268,9491.055654,9544.743828,27998.78256,2858.09796,2126.45509
,,,,,2578,12690.78102,9607.086681,9978.706896,29243.33846,2938.7934,2319.2902
,,,,,2579,13328.75848,10112.69695,10797.93411,29736.39672,2980.65744,2482.87123
,,,,,2580,13156.91314,10236.58149,9896.155678,29004.67527,3009.29256,2708.12568
,,,,,2581,12192.68656,9719.078412,9725.823929,28531.78755,2984.1372,2494.3625
,,,,,2582,12327.80972,9474.254572,9939.536453,29153.2411,2996.9676,2498.50093
,,,,,2583,12306.29137,9741.062303,9841.792637,29226.63954,3029.40324,2543.96468
,,,,,2584,12557.01722,9723.046035,10077.64583,29392.78598,3020.21784,2576.36436
,,,,,2585,13979.14414,9949.966748,10283.9157,29276.56336,2989.91088,2598.03951
,,,,,2586,13547.00307,10655.84487,10097.26742,28511.91204,2956.68792,2588.69118
,,,,,2587,12708.21714,10484.13832,9672.472681,28155.61261,2900.45772,2588.74033
,,,,,2588,13054.70729,10324.1357,10030.62345,28617.04239,2886.24708,2546.64827
,,,,,2589,12565.16726,10150.64666,9775.816164,28815.1129,2867.4972,2561.87494
,,,,,2590,11660.55147,10037.51814,9234.808492,30593.34449,2853.306,2495.36516
,,,,,2591,10736.81277,9331.546216,8456.587399,28767.09498,2792.96424,2370.74042
,,,,,2592,9851.607955,8828.977502,7794.424728,27242.17721,2795.24844,2135.79359
,,,,,2593,9604.026293,8397.695546,7294.296315,26245.32768,2785.266,1880.56747
,,,,,2594,9521.494855,8293.472612,7158.034988,25817.53543,2750.55588,1810.63685
,,,,,2595,9521.494855,8293.472612,7158.034988,25227.62918,2699.6328,1732.71444
,,,,,2596,9521.494855,8293.472612,7158.034988,25227.62918,2672.53344,1708.82754
,,,,,2597,9845.72183,8309.920458,7158.034988,25227.62918,2668.15944,1663.74716
,,,,,2598,11323.98018,8874.26158,8122.833718,26008.89356,2681.92296,1703.50951
,,,,,2599,12262.24119,9673.45924,8717.365409,27026.13541,2741.73984,1893.02208
,,,,,2600,12088.04558,9534.743676,8856.537656,26733.112,2734.5276,1954.65618
,,,,,2601,12499.43331,9462.603794,9431.328923,27898.84138,2852.68392,2125.66869
,,,,,2602,12748.69554,9578.287203,9858.918072,29138.9596,2931.552,2321.7477
,,,,,2603,13398.17386,10082.38272,10672.88076,29630.25977,2972.46348,2488.09096
,,,,,2604,13223.23066,10205.89611,9777.579342,28901.14741,3000.43764,2717.28724
,,,,,2605,12241.6219,9689.943419,9609.749374,28429.94585,2975.85576,2499.77883
,,,,,2606,12379.18094,9445.853046,9820.322953,29049.1835,2988.40428,2503.97624
,,,,,2607,12357.27467,9711.861449,9724.014769,29122.32022,3023.3088,2550.21656
,,,,,2608,12612.52038,9693.899155,9956.403826,29287.87424,3011.11992,2583.15689
,,,,,2609,14054.0958,9920.140036,10159.64406,29172.06603,2981.50308,2605.19575
,,,,,2610,13620.35276,10623.88037,9975.737214,28410.1412,2949.02856,2595.69014
,,,,,2611,12766.44599,10452.71129,9557.181733,28055.11222,2894.0814,2595.73929
,,,,,2612,13119.18233,10293.18802,9910.072093,28514.8967,2880.19152,2552.93947
,,,,,2613,12620.81733,10120.21874,9659.007338,28712.26095,2861.86932,2568.42172
,,,,,2614,11699.89398,10007.42914,9125.945824,30347.11754,2848.0086,2500.79132
,,,,,2615,10759.50299,9303.57223,8359.155007,28664.41425,2789.02764,2374.07279
,,,,,2616,9858.340531,8802.509162,7706.717982,27144.93383,2791.26324,2135.16447
,,,,,2617,9631.897108,8358.870034,7290.199155,26050.79201,2779.8714,1881.08846
,,,,,2618,9547.461369,8255.539096,7159.243048,25626.16703,2745.8514,1809.93892
,,,,,2619,9547.461369,8255.539096,7159.243048,25035.935,2695.9392,1730.65997
,,,,,2620,9547.461369,8255.539096,7159.243048,25035.935,2669.36472,1706.35038
,,,,,2621,9876.218048,8271.500477,7159.243048,25035.935,2666.27376,1665.04472
,,,,,2622,11370.53389,8833.234277,8098.442783,25816.10839,2678.56956,1700.94388
,,,,,2623,12318.9867,9628.739549,8678.412316,26825.81883,2737.21032,1893.75933
,,,,,2624,12142.8989,9490.664867,8814.175749,26534.96489,2730.14388,1956.4649
,,,,,2625,12558.7553,9418.85828,9374.88837,27692.0635,2845.9674,2130.46573
,,,,,2626,12810.72513,9534.007218,9792.004367,28923.00018,2923.27056,2329.97541
,,,,,2627,13467.25837,10035.77375,10597.31677,29410.66289,2963.37528,2499.20869
,,,,,2628,13290.41486,10158.7165,9712.657906,28686.94869,2990.80512,2738.60851
,,,,,2629,12298.14343,9645.147568,9548.93868,28219.2358,2966.69952,2511.10299
,,,,,2630,12437.1967,9402.184922,9754.354577,28833.88876,2979.00504,2515.37904
,,,,,2631,12415.05248,9666.964335,9660.405317,28906.484,3014.64828,2562.42542
,,,,,2632,12673.07077,9649.085029,9887.102354,29070.81229,3001.27356,2595.93589
,,,,,2633,14126.57641,9874.280651,10085.36453,28955.8615,2972.23992,2618.35812
,,,,,2634,13691.85067,10574.38773,9905.9622,28199.57778,2940.40692,2608.69523
,,,,,2635,12828.66839,10404.39136,9497.658605,27847.17735,2886.53868,2608.73455
,,,,,2636,13185.23631,10245.6051,9841.905447,28303.55769,2872.93068,2565.18765
,,,,,2637,12681.45785,10073.43496,9596.990145,28499.4607,2854.96812,2580.94514
,,,,,2638,11750.53103,9961.166464,9076.985169,30139.04961,2841.36984,2512.13514
,,,,,2639,10799.9251,9260.561461,8328.975738,28451.96825,2783.565,2383.19503
,,,,,2640,9888.973819,8761.813363,7692.519174,26943.7377,2785.752,2140.12862
,,,,,2641,9674.578838,8375.673426,7271.549639,25956.14424,2772.5814,1894.61454
,,,,,2642,9591.009248,8276.612263,7139.268961,25533.06024,2738.9988,1824.19242
,,,,,2643,9591.009248,8276.612263,7139.268961,24931.35841,2689.72812,1745.7097
,,,,,2644,9591.009248,8276.612263,7139.268961,24868.22419,2663.50356,1721.64586
,,,,,2645,9917.705644,8289.423967,7139.268961,24880.36901,2656.60236,1686.01211
,,,,,2646,11404.71793,8843.95621,8084.86008,25722.3123,2672.59176,1716.29834
,,,,,2647,12348.53512,9629.262921,8668.465395,26728.35846,2730.47436,1907.16745
,,,,,2648,12173.30795,9492.958389,8805.079917,26438.56005,2723.48568,1969.2439
,,,,,2649,12587.13183,9422.072378,9369.307599,27591.4595,2837.81232,2141.47533
,,,,,2650,12837.87015,9535.745081,9789.038462,28817.92908,2914.11432,2338.96003
,,,,,2651,13491.19453,10031.07885,10596.51061,29303.82204,2953.69416,2506.49272
,,,,,2652,13315.21535,10152.44545,9709.194584,28582.73423,2980.77408,2750.61094
,,,,,2653,12327.79372,9645.460586,9544.449016,28116.71868,2956.98924,2518.25923
,,,,,2654,12466.16735,9405.612777,9751.152649,28729.14105,2969.12952,2522.49596
,,,,,2655,12444.13136,9666.997656,9656.614428,28801.47283,2999.65032,2569.06067
,,,,,2656,12700.88858,9649.347567,9884.73261,28965.20478,2991.10644,2602.23692
,,,,,2657,14148.9679,9871.656129,10084.23767,28850.67114,2962.45188,2624.43306
,,,,,2658,13714.68913,10557.4752,9903.710687,28097.132,2931.02712,2614.85864
,,,,,2659,12855.7257,10394.9707,9492.84747,27746.01044,2877.85872,2614.90779
,,,,,2660,13210.55088,10238.22012,9839.252367,28200.73456,2864.42568,2571.80324
,,,,,2661,12709.23467,10068.25724,9592.801712,28395.92664,2846.70612,2587.39362
,,,,,2662,11782.85781,9957.428047,9069.536868,30162.64449,2833.2828,2519.28155
,,,,,2663,10836.89802,9265.804961,8316.838227,28348.60654,2776.2264,2391.64883
,,,,,2664,9930.399071,8773.450929,7676.39177,26845.8494,2778.38424,2151.03992
,,,,,2665,9771.419175,8447.304801,7241.742815,26014.8922,2756.349,1905.98785
,,,,,2666,9688.956911,8345.686861,7105.576491,25590.85171,2718.51876,1835.80165
,,,,,2667,9688.956911,8345.686861,7105.576491,24987.78958,2663.01756,1757.604
,,,,,2668,9688.956911,8345.686861,7105.576491,24817.38324,2633.46876,1733.62863
,,,,,2669,10013.01935,8359.24198,7105.576491,24936.68491,2617.80984,1703.62747
,,,,,2670,11490.69442,8925.433055,8069.916809,25780.53162,2643.70392,1728.29094
,,,,,2671,12428.58522,9727.250544,8664.18773,26788.8522,2708.9154,1918.48178
,,,,,2672,12254.45833,9588.08026,8803.298933,26498.39862,2701.05192,1980.34197
,,,,,2673,12665.68374,9515.703898,9377.838088,27653.90449,2829.8322,2151.97377
,,,,,2674,12914.84762,9631.766526,9805.23969,28883.1468,2915.78616,2348.77037
,,,,,2675,13564.06967,10137.5145,10619.04747,29370.13825,2960.38152,2515.70343
,,,,,2676,13389.1955,10261.43278,9723.936635,28647.42024,2990.88288,2766.46673
,,,,,2677,12407.97406,9743.788759,9556.18028,28180.35114,2964.08484,2527.43062
,,,,,2678,12545.47882,9498.89824,9766.661499,28794.15805,2977.76088,2531.65752
,,,,,2679,12523.58119,9765.778638,9670.395557,28866.65336,3002.62464,2578.05512
,,,,,2680,12778.72619,9747.757462,9902.682685,29030.75546,3002.51772,2611.11341
,,,,,2681,14219.86826,9974.739978,10105.83378,28915.96289,2970.2376,2633.24074
,,,,,2682,13786.16091,10673.43374,9922.007593,28160.72019,2934.84708,2623.69581
,,,,,2683,12932.59106,10509.05704,9503.635697,27808.80483,2874.95244,2623.74496
,,,,,2684,13285.18823,10349.01084,9856.371273,28264.55697,2859.8184,2580.78786
,,,,,2685,12787.01987,10175.47455,9605.416639,28460.19032,2839.85352,2596.32909
,,,,,2686,11866.45989,10062.31522,9072.588935,30319.6469,2824.7292,2528.45294
,,,,,2687,10926.43995,9356.151016,8306.134444,28412.76325,2760.45084,2401.2724
,,,,,2688,10025.63307,8853.445427,7653.983588,26906.60876,2762.89056,2161.49904
,,,,,2689,9845.889254,8521.218727,7303.988889,26145.83441,2741.82732,1915.49346
,,,,,2690,9765.512989,8401.63844,7161.841914,25719.66203,2699.4384,1845.56284
,,,,,2691,9765.512989,8415.347794,7161.841914,25113.56796,2637.24012,1767.64043
,,,,,2692,9765.512989,8401.63844,7161.841914,25015.02083,2604.1338,1743.75353
,,,,,2693,10084.61352,8432.153443,7161.841914,25062.20636,2587.464,1716.30817
,,,,,2694,11544.69899,9004.789751,8153.918211,25910.29557,2615.59368,1738.4355
,,,,,2695,12471.42554,9815.734726,8763.800053,26923.68555,2688.66864,1927.94807
,,,,,2696,12299.37139,9674.980198,8906.565573,26631.7717,2679.86232,1989.58217
,,,,,2697,12705.70174,9601.77994,9496.197314,27793.08695,2824.1946,2160.59468
,,,,,2698,12951.89969,9719.163766,9934.826342,29028.50937,2920.5198,2356.68352
,,,,,2699,13593.39368,10230.66892,10758.71592,29517.9492,2970.49032,2523.02678
,,,,,2700,13420.60113,10355.99783,9851.387535,28791.59767,3004.67556,2776.22792
,,,,,2701,12451.05972,9832.461203,9679.224383,28322.18036,2974.64076,2534.71465
,,,,,2702,12586.92769,9584.782974,9895.234739,28939.07321,2989.9692,2538.91206
,,,,,2703,12565.29072,9854.701404,9796.439984,29011.933,3018.90564,2585.15238
,,,,,2704,12817.39858,9836.475085,10034.82907,29176.86014,3017.7198,2618.09271
,,,,,2705,14245.47213,10066.04146,10243.31674,29061.49044,2981.54196,2640.13157
,,,,,2706,13812.84123,10800.03551,10054.66162,28302.4507,2941.87464,2630.62596
,,,,,2707,12969.43192,10606.44091,9625.299504,27948.76607,2874.74832,2630.67511
,,,,,2708,13317.83192,10444.57282,9987.301102,28406.80953,2857.78692,2587.87529
,,,,,2709,12825.59354,10269.06109,9729.754133,28603.42645,2835.41148,2603.35754
,,,,,2710,11915.99151,10154.61361,9182.929561,30407.60085,2818.46952,2535.72714
,,,,,2711,10987.16116,9440.410789,8396.341054,28555.76093,2746.4346,2408.99878
,,,,,2712,10097.07709,8931.982652,7727.058827,27042.03414,2749.16592,2170.09046
,,,,,2713,10045.7551,8524.023163,7427.566422,26131.07371,2742.0606,1928.81311
,,,,,2714,9972.742465,8406.568671,7293.557365,25705.14164,2701.51848,1860.39631
,,,,,2715,9972.742465,8418.11741,7293.557365,25117.58469,2642.02236,1784.15483
,,,,,2716,9972.742465,8406.568671,7293.557365,25117.58469,2610.3546,1760.77909
,,,,,2717,10274.32736,8434.928587,7293.557365,25117.58469,2599.82784,1732.52767
,,,,,2718,11672.32113,9007.753227,8247.488336,25895.66768,2621.31876,1755.57902
,,,,,2719,12559.63764,9818.964909,8835.83783,26908.48621,2691.21528,1941.00231
,,,,,2720,12394.90027,9678.164089,8973.562904,26616.73697,2682.78804,2001.30936
,,,,,2721,12783.951,9604.939756,9542.377243,27777.39735,2820.83148,2168.62579
,,,,,2722,13019.67911,9722.362189,9965.520136,29012.1231,2912.96736,2360.48773
,,,,,2723,13633.89288,10234.03557,10775.81044,29501.28694,2960.77032,2523.23321
,,,,,2724,13468.44852,10359.40569,9885.0272,28775.345,2993.45868,2769.07168
,,,,,2725,12540.1379,9835.696887,9718.942401,28306.19239,2964.73608,2534.6655
,,,,,2726,12670.22794,9587.937201,9927.326346,28922.73738,2979.39384,2538.78427
,,,,,2727,12649.51111,9857.944403,9832.019615,28995.55608,3013.61796,2584.02193
,,,,,2728,12890.89781,9839.712089,10061.99219,29160.39021,3005.93916,2616.2545
,,,,,2729,14272.83917,10069.35396,10263.11905,29045.08558,2971.33596,2637.81169
,,,,,2730,13844.00819,10800.15285,10081.12454,28286.47387,2933.3988,2628.51251
,,,,,2731,13036.46576,10609.93114,9666.921381,27932.98867,2869.1982,2628.56166
,,,,,2732,13370.04968,10448.00982,10016.14223,28390.77384,2852.97552,2586.68586
,,,,,2733,12898.74427,10272.44036,9767.68816,28587.27989,2831.57208,2601.83389
,,,,,2734,12027.82404,10157.95524,9240.169649,30218.48533,2815.36884,2535.65833
,,,,,2735,11138.4932,9443.517533,8481.352254,28539.64124,2746.46376,2411.67254
,,,,,2736,10286.26091,8934.922182,7835.69955,27026.76806,2749.06872,2177.91514
,,,,,2737,10112.74187,8456.583394,7443.461703,26063.25199,2748.95208,1926.69966
,,,,,2738,10040.90072,8336.645983,7312.714136,25638.42414,2710.55808,1857.27037
,,,,,2739,10040.90072,8351.514962,7312.714136,25034.24225,2654.20152,1779.90827
,,,,,2740,10040.90072,8266.599466,7312.714136,25022.4219,2624.21532,1756.18848
,,,,,2741,10339.78315,8368.193224,7312.714136,25022.4219,2618.18892,1723.09087
,,,,,2742,11728.41315,8936.488954,8250.907616,25828.45625,2634.606,1750.90977
,,,,,2743,12609.7864,9741.286972,8830.304735,26838.64907,2700.7992,1939.0658
,,,,,2744,12446.15245,9601.599362,8965.934172,26547.65618,2692.81908,2000.25755
,,,,,2745,12832.59731,9528.953961,9526.093385,27705.30758,2823.5628,2170.04131
,,,,,2746,13066.74651,9645.44802,9942.797699,28936.83234,2910.81924,2364.72446
,,,,,2747,13676.84628,10153.07597,10747.77007,29424.72803,2956.095,2529.86846
,,,,,2748,13512.51006,10277.45488,9863.529551,28700.66808,2987.0532,2773.28875
,,,,,2749,12590.41728,9757.886663,9699.971912,28232.73174,2959.85664,2541.46786
,,,,,2750,12719.63597,9512.085833,9905.185069,28847.67835,2973.7368,2545.64561
,,,,,2751,12699.0579,9779.958284,9811.328534,28920.30827,3010.90608,2591.55171
,,,,,2752,12938.82779,9761.870119,10037.80183,29084.71507,2998.87272,2624.25612
,,,,,2753,14313.81523,9989.696378,10235.86832,28969.70936,2966.09688,2646.1377
,,,,,2754,13885.55423,10775.89014,10056.64306,28213.06433,2930.17176,2636.7009
,,,,,2755,13083.42073,10525.99961,9648.742449,27860.49554,2869.36344,2636.75005
,,,,,2756,13414.7703,10365.35848,9992.649528,28317.09391,2853.99612,2594.25496
,,,,,2757,12946.62169,10191.17713,9747.975951,28513.09052,2833.72992,2609.62908
,,,,,2758,12081.5349,10077.59715,9228.484207,30207.66552,2818.38204,2542.48035
,,,,,2759,11198.1608,9368.807988,8481.213041,28465.57538,2753.12196,2416.66618
,,,,,2760,10351.63677,8864.233732,7845.384643,26956.62428,2755.59084,2179.46828
,,,,,2761,10019.05516,8508.042128,7444.128332,26169.98408,2745.64728,1912.38718
,,,,,2762,9939.036032,8387.375398,7313.580128,25743.41851,2707.66152,1840.12685
,,,,,2763,9939.036032,8402.334793,7313.580128,25136.76526,2651.93676,1759.59949
,,,,,2764,9939.036032,8278.340152,7313.580128,25127.40373,2622.28104,1734.90653
,,,,,2765,10257.28706,8419.114473,7313.580128,25127.40373,2618.83044,1698.85992
,,,,,2766,11714.36109,8990.865908,8250.811632,25934.22793,2632.55508,1729.41156
,,,,,2767,12639.17626,9800.55776,8829.661525,26948.55286,2698.01928,1925.26448
,,,,,2768,12467.47697,9660.020735,8965.162863,26656.36969,2690.12664,1988.96288
,,,,,2769,12872.96927,9586.93359,9524.793019,27818.75637,2819.42208,2165.69645
,,,,,2770,13118.65943,9704.136028,9941.103766,29055.31858,2905.72596,2368.3419
,,,,,2771,13758.83033,10214.85077,10745.75107,29545.20997,2950.49628,2540.24894
,,,,,2772,13586.39417,10339.98601,9861.910485,28818.18831,2981.11428,2791.45459
,,,,,2773,12618.85245,9817.258391,9698.507322,28348.33791,2954.20932,2552.32018
,,,,,2774,12754.44019,9569.96289,9903.52666,28965.79991,2967.94368,2556.66504
,,,,,2775,12732.84785,9839.464225,9809.758771,29038.72692,3007.73736,2604.44867
,,,,,2776,12984.43573,9821.26607,10036.01817,29203.80622,2992.80744,2638.49979
,,,,,2777,14410.27188,10050.4777,10233.89759,29088.33008,2960.39124,2661.2759
,,,,,2778,13977.82528,10870.86434,10054.8416,28328.59006,2924.85492,2651.4459
,,,,,2779,13136.1555,10590.0421,9647.326244,27974.57911,2864.727,2651.49505
,,,,,2780,13483.83692,10428.42414,9990.908511,28433.04517,2849.52492,2607.26988
,,,,,2781,12992.61379,10253.18362,9746.466023,28629.84348,2829.48228,2623.27312
,,,,,2782,12084.88782,10138.91299,9227.464926,30324.38427,2814.29964,2553.37199
,,,,,2783,11157.97319,9425.813797,8480.899539,28582.13398,2749.76856,2422.4069
,,,,,2784,10269.72493,8918.171315,7845.671666,27067.01064,2752.20828,2175.50679
,,,,,2785,9959.635363,8690.776171,7439.017543,26040.45884,2740.27212,1906.71527
,,,,,2786,9871.737877,8567.519575,7313.862225,25616.0021,2702.85984,1833.93395
,,,,,2787,9871.737877,8582.800043,7313.862225,25012.85848,2647.95156,1752.83645
,,,,,2788,9871.737877,8545.535366,7313.862225,25012.85848,2618.73324,1727.97638
,,,,,2789,10208.72891,8599.939865,7313.862225,25012.85848,2617.11972,1695.03605
,,,,,2790,11732.23495,9183.962784,8225.285741,25805.86821,2628.85176,1722.44209
,,,,,2791,12699.21499,10011.03303,8789.486415,26815.17859,2693.35368,1919.68104
,,,,,2792,12519.68746,9867.479662,8921.558559,26524.43989,2685.57768,1983.82179
,,,,,2793,12943.66726,9792.82385,9467.025899,27681.08005,2812.968,2161.80377
,,,,,2794,13200.55911,9912.5418,9872.800881,28911.52904,2897.98884,2365.89423
,,,,,2795,13869.91717,10434.218,10668.74977,29398.99854,2942.0982,2539.01036
,,,,,2796,13689.61917,10562.03902,9795.61178,28675.57108,2972.26908,2796.57602
,,,,,2797,12677.96456,10028.09211,9636.343935,28208.04349,2945.76264,2551.17007
,,,,,2798,12819.73412,9775.488908,9836.174755,28822.45293,2959.29288,2555.54442
,,,,,2799,12797.15732,10050.77454,9744.779893,28895.0194,3000.65148,2603.6721
,,,,,2800,13060.21579,10032.1858,9965.313237,29059.28259,2983.77756,2637.94931
,,,,,2801,14535.40883,10266.31699,10158.18484,28944.37734,2951.84736,2660.89253
,,,,,2802,14098.8967,11031.63211,9983.6603,28188.39326,2916.83592,2651.00355
,,,,,2803,13218.85288,10817.46204,9586.45812,27836.13245,2857.59252,2651.04287
,,,,,2804,13582.38605,10652.37529,9921.345194,28292.33197,2842.62372,2606.50314
,,,,,2805,13068.76671,10473.37358,9683.088923,28488.15737,2822.87268,2622.61451
,,,,,2806,12119.65501,10356.65036,9177.222424,30160.634,2807.9136,2552.23171
,,,,,2807,11150.4798,9628.245947,8449.550708,28440.68374,2744.33508,2420.3426
,,,,,2808,10221.73385,9109.707949,7830.398837,26933.05075,2746.74564,2171.69275
,,,,,2809,10006.36238,8890.869027,7357.585355,25651.22837,2737.0548,1910.72591
,,,,,2810,9920.455756,8764.776541,7235.873524,25233.10875,2702.889,1839.53705
,,,,,2811,9920.455756,8780.408582,7235.873524,24647.53463,2652.76296,1760.19912
,,,,,2812,9920.455756,8675.885288,7235.873524,24647.53463,2626.49952,1735.86987
,,,,,2813,10252.71119,8797.942757,7235.873524,24647.53463,2626.49952,1703.15563
,,,,,2814,11759.42989,9395.40289,8130.46735,25420.14016,2635.31556,1730.46337
,,,,,2815,12715.75487,10241.50239,8685.062517,26414.38156,2694.21876,1923.40661
,,,,,2816,12538.20554,10094.64614,8814.886136,26127.98359,2687.11344,1986.16133
,,,,,2817,12957.51356,10018.27265,9351.066904,27267.35513,2803.4424,2160.27029
,,,,,2818,13211.57474,10140.74507,9749.933573,28479.43354,2881.07604,2359.90776
,,,,,2819,13873.55722,10674.42401,10540.17296,28959.62512,2921.35572,2529.259
,,,,,2820,13695.2459,10805.18593,9674.058616,28246.99842,2948.9022,2780.53346
,,,,,2821,12694.73861,10258.95396,9517.502303,27786.45101,2924.6994,2541.1533
,,,,,2822,12834.94602,10000.53886,9713.931007,28391.68733,2937.05352,2545.43918
,,,,,2823,12812.61799,10282.15827,9624.09214,28463.17039,2977.58592,2592.51505
,,,,,2824,13072.77785,10263.14184,9840.870909,28624.98113,2959.41924,2626.04518
,,,,,2825,14535.49841,10502.65993,10030.45887,28511.79141,2930.25924,2648.48707
,,,,,2826,14100.01364,11334.6416,9858.905614,27767.09416,2898.29016,2638.81435
,,,,,2827,13229.66693,11066.48574,9468.465793,27420.0926,2844.18864,2638.85367
,,,,,2828,13589.19437,10897.60066,9797.651421,27869.48107,2830.52232,2595.28711
,,,,,2829,13081.23454,10714.48048,9563.451459,28062.3828,2812.482,2611.0446
,,,,,2830,12142.58101,10595.07169,9066.197328,29698.20845,2798.8254,2542.18545
,,,,,2831,11184.08503,9849.908131,8350.91421,28015.61794,2740.76784,2413.1667
,,,,,2832,10265.57284,9319.439598,7742.303389,26530.49389,2742.96456,2169.93318
,,,,,2833,9889.113253,9149.481962,7225.455111,25108.51541,2733.1668,1921.44061
,,,,,2834,9800.877101,9019.724187,7112.375961,24699.2318,2703.30696,1853.30888
,,,,,2835,9800.877101,9035.810624,7112.375961,24129.48381,2659.50864,1777.37213
,,,,,2836,9800.877101,8933.967412,7112.375961,24129.48381,2636.20008,1754.09469
,,,,,2837,10138.6737,9053.854487,7112.375961,24129.48381,2630.16396,1720.3483
,,,,,2838,11665.03545,9668.681743,7965.314975,24882.31073,2644.26768,1748.91428
,,,,,2839,12633.82803,10539.37588,8496.214528,25855.5411,2695.72536,1933.58066
,,,,,2840,12453.96399,10388.25077,8620.491307,25575.19549,2689.524,1993.64196
,,,,,2841,12878.73852,10309.65723,9133.763232,26690.48901,2791.15632,2160.28995
,,,,,2842,13136.11189,10435.68972,9515.587938,27876.9529,2858.9922,2351.36549
,,,,,2843,13806.72461,10984.88177,10291.75154,28346.99673,2894.18832,2513.46219
,,,,,2844,13626.08866,11119.44472,9442.954811,27649.42977,2918.25504,2750.66009
,,,,,2845,12612.53777,10557.33473,9293.087519,27198.61498,2897.10432,2524.84533
,,,,,2846,12754.57306,10291.40796,9481.123616,27791.061,2907.90324,2528.94444
,,,,,2847,12731.95395,10581.21356,9395.123202,27861.03343,2935.17756,2574.00516
,,,,,2848,12995.50551,10561.64435,9602.639888,28019.42467,2927.44044,2606.10011
,,,,,2849,14472.82024,10808.12481,9784.127523,27908.62696,2901.96432,2627.57866
,,,,,2850,14036.13335,11656.13655,9619.904042,27179.6672,2874.02904,2618.3188
,,,,,2851,13154.43995,11388.34005,9246.146141,26839.99872,2826.76068,2618.35812
,,,,,2852,13518.65454,11214.54578,9561.266994,27279.89039,2814.82452,2576.64943
,,,,,2853,13004.07245,11026.10262,9337.073452,27468.71558,2799.05868,2591.74831
,,,,,2854,12053.18171,10903.22282,8861.064985,29075.38593,2787.13224,2525.83816
,,,,,2855,11082.18984,10136.39866,8176.34303,27422.93899,2736.40356,2402.3537
,,,,,2856,10151.70303,9590.510331,7593.735695,25969.19965,2738.32812,2169.53998
,,,,,2857,9809.787099,9318.640066,7030.1572,24752.3755,2724.1272,1918.53093
,,,,,2858,9699.08446,9186.484835,6910.341621,24348.89027,2695.2102,1850.75308
,,,,,2859,9698.533543,9202.868491,6910.341621,23775.06143,2652.77268,1775.22919
,,,,,2860,9698.533543,9063.004288,6910.341621,23701.2248,2630.1834,1752.07954
,,,,,2861,10066.44623,9221.24574,6910.341621,23726.43405,2601.85932,1713.29036
,,,,,2862,11636.22493,9847.43279,7795.785565,24529.37549,2638.008,1746.92862
,,,,,2863,12632.57456,10734.21421,8345.175762,25488.81797,2687.86188,1930.60217
,,,,,2864,12447.59433,10580.29686,8473.780963,25212.44406,2681.8452,1990.33908
,,,,,2865,12884.45146,10500.2512,9004.929583,26311.93706,2780.32824,2156.08271
,,,,,2866,13149.14575,10628.61231,9400.05282,27481.59215,2846.04516,2346.13593
,,,,,2867,13838.83387,11187.95146,10187.20033,27944.9768,2880.14292,2507.35776
,,,,,2868,13653.05977,11325.00064,9324.889962,27257.29237,2902.79052,2736.16084
,,,,,2869,12610.6787,10752.50489,9169.802957,26812.86434,2882.97144,2518.68192
,,,,,2870,12756.75415,10481.66474,9364.388144,27396.9171,2893.43016,2522.75154
,,,,,2871,12733.49164,10776.82491,9275.39243,27465.89821,2902.79052,2567.56651
,,,,,2872,13004.53985,10756.89413,9490.136693,27622.04551,2902.79052,2599.49435
,,,,,2873,14550.17725,11007.92866,9677.945342,27512.81748,2887.67592,2620.85494
,,,,,2874,14074.76807,11897.55533,9508.002139,26794.18499,2860.61544,2611.64423
,,,,,2875,13167.99514,11598.86419,9121.226663,26459.32865,2814.82452,2611.69338
,,,,,2876,13542.56972,11421.85883,9447.322827,26892.98831,2803.248,2570.21078
,,,,,2877,13013.35048,11229.93391,9215.320872,27079.13838,2787.97788,2585.22119
,,,,,2878,12035.41191,11104.78374,8722.733556,28806.51325,2776.4208,2519.66492
,,,,,2879,11036.80044,10323.79143,8014.163494,27034.01032,2727.26676,2396.83907
,,,,,2880,10079.84617,9767.817051,7411.264589,25600.86631,2729.133,2165.29342
,,,,,2881,9405.189668,8027.060087,7002.100151,25351.17072,2717.712,2024.40986
,,,,,2882,9299.04778,7913.213825,6863.027567,24937.92341,2683.82808,1954.11553
,,,,,2883,9260.147581,7927.327667,6863.027567,24350.21113,2634.10056,1875.78026
,,,,,2884,9260.147581,7829.407992,6863.027567,24002.09913,2607.633,1851.76557
,,,,,2885,9651.274901,7943.158906,6863.027567,24300.40724,2542.82004,1735.62412
,,,,,2886,11156.38151,8482.593131,7817.024951,25122.77537,2616.79896,1846.41805
,,,,,2887,12111.68331,9246.518623,8401.788677,26105.43098,2675.21616,2036.93328
,,,,,2888,11934.32393,9113.925197,8538.674369,25822.37037,2668.16916,2098.9016
,,,,,2889,12353.18332,9044.96917,9104.022,26948.46494,2783.55528,2270.81847
,,,,,2890,12606.97268,9155.546954,9524.585997,28146.41913,2860.56684,2467.94929
,,,,,2891,13268.24688,9637.394477,10344.65446,28621.01509,2900.51604,2635.16742
,,,,,2892,13090.12635,9755.456675,9444.583635,27916.69255,2914.41564,2769.19947
,,,,,2893,12090.68952,9262.275281,9279.51106,27461.51185,2903.83056,2646.91427
,,,,,2894,12230.74692,9028.957708,9486.624983,28059.69542,2914.41564,2651.14117
,,,,,2895,12208.44279,9283.22597,9391.899111,28130.34549,2914.41564,2697.61741
,,,,,2896,12468.32429,9266.056433,9620.470091,28290.27067,2914.41564,2730.73468
,,,,,2897,14011.54069,9482.312292,9820.371156,28178.39994,2909.3418,2752.8915
,,,,,2898,13494.46102,10243.1367,9639.485837,27442.38057,2877.63516,2743.33674
,,,,,2899,12625.04551,9991.378792,9227.807088,27099.42258,2823.98076,2743.38589
,,,,,2900,12984.18829,9838.895996,9574.899573,27543.57437,2810.41164,2700.35998
,,,,,2901,12476.77194,9673.560624,9327.959731,27734.22824,2792.52684,2715.9307
,,,,,2902,11539.1227,9565.748933,8803.656247,29734.61954,2778.98688,2647.93659
,,,,,2903,10581.65224,8892.956381,8049.463557,27688.00833,2721.39588,2520.53979
,,,,,2904,9664.122784,8414.007467,7407.745863,26220.19026,2723.57316,2280.3634
,,,,,2905,9434.131069,8036.25035,7159.558064,25911.64624,2687.50224,1956.01272
,,,,,2906,9327.66344,7922.273836,6994.304158,25489.27372,2650.23576,1888.96229
,,,,,2907,9315.252714,7936.403826,6992.741739,24888.58376,2595.57048,1814.24446
,,,,,2908,9315.252714,7841.490882,6992.741739,24702.15797,2566.4688,1791.34056
,,,,,2909,9680.971519,7952.253178,6992.741739,24837.68011,2516.49828,1707.78556
,,,,,2910,11190.69719,8492.304574,7992.724079,25678.20752,2576.54844,1786.23879
,,,,,2911,12148.93073,9257.104079,8590.577112,26682.56184,2640.7782,1967.95617
,,,,,2912,11971.02705,9124.358952,8730.526843,26393.25077,2633.03136,2027.05413
,,,,,2913,12391.17189,9055.324032,9308.529172,27544.21142,2759.88708,2191.02836
,,,,,2914,12645.74011,9166.028329,9738.507041,28768.61847,2844.54828,2379.0566
,,,,,2915,13309.04371,9648.427137,10628.58887,29253.69433,2888.47296,2538.54835
,,,,,2916,13130.37654,9766.624411,9656.713913,28533.81915,2912.05368,2703.43677
,,,,,2917,12127.87252,9272.878764,9487.946366,28068.58728,2892.11796,2549.75455
,,,,,2918,12268.35974,9039.294251,9699.696312,28679.97976,2905.58988,2553.78485
,,,,,2919,12245.98716,9293.853424,9602.850103,28752.1899,2912.05368,2598.11815
,,,,,2920,12506.66622,9276.664243,9836.537398,28915.64651,2912.05368,2629.71177
,,,,,2921,14016.98445,9493.167522,10040.91303,28801.30548,2898.18324,2650.84627
,,,,,2922,13535.95208,10252.28287,9855.978791,28049.03355,2863.3176,2641.72403
,,,,,2923,12663.8684,10002.81645,9435.085057,27698.50246,2804.32692,2641.77318
,,,,,2924,13024.11336,9850.159197,9789.946833,28152.46188,2789.41644,2600.73293
,,,,,2925,12515.13979,9684.634663,9537.479509,28347.32571,2769.75288,2615.57623
,,,,,2926,11574.61297,9576.699624,9001.440055,30234.01003,2754.86184,2550.72772
,,,,,2927,10614.20411,8903.137324,8230.365573,28300.08519,2691.54576,2429.21909
,,,,,2928,9693.858831,8423.640441,7574.283718,26799.8552,2693.93688,2200.14077
,,,,,2929,9408.297488,7994.437681,7419.521519,26555.69759,2677.131,1908.11113
,,,,,2930,9302.120621,7881.053772,7279.831091,26122.83916,2635.56828,1843.25279
,,,,,2931,9284.141711,7895.110295,7279.831091,25507.23633,2574.56556,1770.98263
,,,,,2932,9284.141711,7719.052849,7279.831091,25474.0009,2542.10076,1748.82581
,,,,,2933,9654.463819,7910.87724,7279.831091,25474.0009,2521.32912,1687.75202
,,,,,2934,11160.06644,8448.120711,8258.631892,26316.46347,2553.3468,1743.90098
,,,,,2935,12115.68305,9208.943743,8860.750406,27345.75212,2625.00264,1919.66138
,,,,,2936,11938.26523,9076.888807,9001.698631,27049.25855,2616.36156,1976.83266
,,,,,2937,12357.26266,9008.212825,9583.824813,28228.79321,2757.89448,2135.42988
,,,,,2938,12611.13565,9118.341529,10016.87043,29483.59767,2852.35344,2317.30454
,,,,,2939,13272.62778,9598.23217,10831.52493,29980.71612,2901.36168,2471.57656
,,,,,2940,13094.44854,9715.814893,9934.493735,29242.96916,2934.87624,2657.92387
,,,,,2941,12094.68235,9224.63641,9764.522088,28766.18734,2905.43436,2482.40922
,,,,,2942,12234.78591,8992.266389,9977.782798,29392.75839,2920.46148,2486.31173
,,,,,2943,12212.47442,9245.502015,9880.245625,29466.76124,2945.56824,2529.19019
,,,,,2944,12472.44157,9228.402206,10115.6002,29634.27585,2945.56824,2559.74183
,,,,,2945,13987.64224,9443.779806,10321.43399,29517.09617,2912.18976,2580.18823
,,,,,2946,13498.91646,10263.47313,10135.1803,28746.14816,2873.30004,2571.37072
,,,,,2947,12629.21444,9950.778881,9711.283631,28386.91471,2807.4762,2571.41004
,,,,,2948,12988.47557,9798.91535,10068.67723,28852.14423,2790.84528,2531.7165
,,,,,2949,12480.892,9634.251439,9814.408633,29051.84579,2768.89752,2546.07813
,,,,,2950,11542.93375,9526.877594,9274.544718,30819.37113,2752.28604,2483.3529
,,,,,2951,10585.14776,8856.817391,8497.968879,29003.43247,2681.6508,2365.82542
,,,,,2952,9667.315936,8379.813588,7837.206101,27465.95743,2684.3238,2144.24739
,,,,,2953,9464.283788,7968.158407,7510.828575,26692.56001,2699.42868,1870.23614
,,,,,2954,9357.476784,7855.146951,7380.728611,26257.4733,2665.65168,1806.31165
,,,,,2955,9304.901498,7869.1573,7380.728611,25638.70145,2616.09912,1735.08347
,,,,,2956,9304.901498,7679.078403,7380.728611,25632.45398,2589.71904,1713.24121
,,,,,2957,9711.911063,7884.872453,7380.728611,25632.45398,2586.72528,1660.74901
,,,,,2958,11226.44912,8420.351142,8313.253058,26452.09435,2598.85584,1708.38519
,,,,,2959,12187.73711,9178.67496,8889.046962,27486.6816,2657.07864,1881.61928
,,,,,2960,12009.26635,9047.053809,9023.832933,27188.66174,2650.05108,1937.96484
,,,,,2961,12430.75044,8978.603419,9580.508569,28374.26844,2765.0484,2094.29133
,,,,,2962,12686.13011,9088.370364,9994.621439,29635.53242,2841.80724,2273.55121
,,,,,2963,13351.54805,9566.68462,10793.63846,30135.20996,2881.62036,2425.60165
,,,,,2964,13172.31136,9683.881097,9915.846252,29393.6652,2908.8558,2619.77364
,,,,,2965,12166.61177,9194.316078,9753.305762,28914.42899,2884.92516,2436.28686
,,,,,2966,12307.54681,8962.709365,9957.242718,29544.22551,2897.1432,2440.13039
,,,,,2967,12285.10292,9215.113142,9863.969868,29618.60932,2932.6212,2482.39939
,,,,,2968,12546.61291,9198.069504,10089.03475,29786.98627,2919.24648,2512.50868
,,,,,2969,14114.43331,9412.739614,10285.86948,29669.20336,2890.42668,2532.66018
,,,,,2970,13579.17971,10241.56496,10107.7588,28894.28665,2858.81724,2523.97046
,,,,,2971,12704.31619,9918.073257,9702.39489,28533.20392,2805.3378,2524.00978
,,,,,2972,13065.70946,9766.708579,10044.16324,29000.82837,2791.827,2484.88638
,,,,,2973,12555.11349,9602.58557,9801.011269,29201.55796,2773.9908,2499.04158
,,,,,2974,11611.58867,9495.564435,9284.750194,30928.85524,2760.49944,2437.22071
,,,,,2975,10648.11842,8827.705301,8542.126236,29152.89541,2703.09312,2321.37416
,,,,,2976,9724.839455,8352.2684,7910.251995,27607.50571,2705.2704,2102.98105
,,,,,2977,9539.306346,7993.533605,7491.75511,26655.93517,2708.92512,1835.99825
,,,,,2978,9431.654948,7880.16251,7361.488167,26221.44475,2676.12012,1771.44464
,,,,,2979,9427.321623,7894.217444,7361.488167,25603.52094,2627.97696,1699.49887
,,,,,2980,9427.321623,7720.225083,7361.488167,25575.70916,2602.36476,1677.44035
,,,,,2981,9788.891311,7909.982607,7361.488167,25575.70916,2601.83988,1630.85598
,,,,,2982,11315.40299,8447.165365,8294.818335,26415.79907,2611.23912,1672.53518
,,,,,2983,12284.29072,9207.902418,8871.070578,27448.9684,2667.79008,1847.49935
,,,,,2984,12104.40901,9075.862405,9005.96384,27151.35697,2660.96664,1904.39539
,,,,,2985,12529.22526,9007.194184,9563.082597,28335.33878,2772.65916,2062.27502
,,,,,2986,12786.62392,9117.310443,9977.525107,29594.87417,2847.21156,2243.31413
,,,,,2987,13457.30251,9597.146851,10776.81439,30093.86689,2885.87772,2396.87839
,,,,,2988,13276.64881,9714.716286,9898.687213,29353.33843,2912.32584,2601.7061
,,,,,2989,12262.99837,9223.593311,9736.017339,28874.75903,2889.09504,2407.6619
,,,,,2990,12405.04761,8991.24955,9940.116632,29503.6924,2900.95344,2411.54475
,,,,,2991,12382.42628,9244.456558,9846.769535,29577.97426,2938.29768,2454.23644
,,,,,2992,12646.00372,9227.358682,10072.01357,29746.12045,2922.42492,2484.64063
,,,,,2993,14156.20773,9442.711942,10269.00499,29628.49897,2894.43132,2504.98873
,,,,,2994,13686.73378,10260.72563,10090.75253,28854.64429,2863.73556,2496.22037
,,,,,2995,12804.95377,9949.653722,9685.065941,28494.05644,2811.79188,2496.25969
,,,,,2996,13169.20414,9797.807353,10027.10635,28961.03999,2798.66016,2456.74309
,,,,,2997,12654.57151,9633.16205,9783.76082,29161.49448,2781.34884,2471.04574
,,,,,2998,11703.58737,9525.800339,9267.088795,30923.73695,2768.23656,2408.60558
,,,,,2999,10732.50013,8855.815859,8523.873698,29112.89862,2712.48264,2291.60892
,,,,,3000,9801.921912,8378.865961,7891.496477,27569.62692,2714.6016,2071.04338
,,,,,3001,9560.60251,8327.867454,7441.362539,26569.99502,2714.00868,1814.40174
,,,,,3002,9452.711419,8209.757887,7302.429787,26136.90381,2680.40664,1749.98575
,,,,,3003,9445.175912,8224.400263,7302.429787,25520.96992,2631.09708,1678.19726
,,,,,3004,9445.175912,7960.195812,7302.429787,25473.74524,2604.85308,1656.19772
,,,,,3005,9810.743191,8240.824349,7302.429787,25473.74524,2598.46704,1618.16545
,,,,,3006,11340.65374,8800.45926,8277.574619,26330.63225,2613.94128,1651.29255
,,,,,3007,12311.69877,9592.992166,8877.613411,27360.47442,2671.87248,1825.88318
,,,,,3008,12131.41654,9455.433394,9018.074799,27063.8214,2664.8838,1882.66126
,,,,,3009,12557.17867,9383.895108,9598.190312,28243.99038,2779.2882,2040.20667
,,,,,3010,12815.15044,9498.613798,10029.74019,29499.46964,2855.64852,2220.85258
,,,,,3011,13487.32234,9998.505505,10843.15928,29996.85543,2895.25752,2374.08262
,,,,,3012,13306.2664,10120.98889,9947.648021,29258.71173,2922.34716,2589.99857
,,,,,3013,12290.35901,9609.338878,9778.263457,28781.67351,2898.54288,2384.84647
,,,,,3014,12432.72453,9367.28405,9990.787563,29408.58151,2910.69288,2388.71949
,,,,,3015,12410.05283,9631.074127,9893.587284,29482.62416,2941.87464,2431.32271
,,,,,3016,12674.21714,9613.261626,10128.12894,29650.22885,2932.68924,2461.66792
,,,,,3017,14190.95019,9837.615816,10333.25178,29532.98615,2904.01524,2481.96687
,,,,,3018,13717.26445,10749.67064,10147.64141,28761.62355,2872.57104,2473.21817
,,,,,3019,12833.52111,10365.74579,9725.208887,28402.19692,2819.36376,2473.25749
,,,,,3020,13198.5825,10207.55284,10081.36804,28867.67663,2805.921,2433.82936
,,,,,3021,12682.804,10036.026,9827.977694,29067.48558,2788.182,2448.09269
,,,,,3022,11729.70244,9924.176985,9289.978473,30859.14655,2774.74896,2385.79015
,,,,,3023,10756.45301,9226.189757,8516.084933,29019.04622,2717.65368,2269.04907
,,,,,3024,9823.802806,8729.305206,7857.604435,27480.74437,2719.81152,2048.95537
,,,,,3025,9589.348359,8631.482119,7501.696131,26720.63503,2717.48844,1808.12037
,,,,,3026,9481.133728,8509.06946,7356.101324,26285.09122,2682.10764,1745.77851
,,,,,3027,9452.081389,8524.245302,7356.101324,25665.6693,2630.19312,1676.30007
,,,,,3028,9452.081389,8300.002716,7356.101324,25631.24267,2602.55916,1654.99846
,,,,,3029,9840.239154,8541.267768,7356.101324,25631.24267,2594.62764,1624.19124
,,,,,3030,11374.73755,9121.291887,8363.392216,26479.91674,2612.13336,1650.2604
,,,,,3031,12348.69451,9942.699188,8981.717507,27515.59091,2673.12636,1819.22827
,,,,,3032,12167.87166,9800.128729,9126.45953,27217.25795,2665.76832,1874.1878
,,,,,3033,12594.91055,9725.984085,9724.25437,28404.11023,2786.22828,2026.66093
,,,,,3034,12853.65592,9844.882328,10168.95595,29666.69927,2866.6224,2201.49731
,,,,,3035,13527.84351,10362.98662,10993.23769,30166.90176,2908.33092,2349.81235
,,,,,3036,13346.24463,10489.93244,10084.36199,29424.57795,2936.85912,2566.94722
,,,,,3037,12327.29076,9959.64146,9909.815339,28944.83826,2911.80096,2360.22232
,,,,,3038,12470.08321,9708.767835,10128.81623,29575.29644,2924.59248,2363.97738
,,,,,3039,12447.34352,9982.168591,10028.65372,29649.75839,2955.95892,2405.2044
,,,,,3040,12712.3,9963.707126,10270.34316,29818.31224,2947.74552,2434.57644
,,,,,3041,14261.13408,10196.23522,10481.71722,29700.40559,2917.5552,2454.22661
,,,,,3042,13758.47516,11098.29545,10290.45028,28924.67476,2884.44888,2445.75315
,,,,,3043,12872.08168,10743.60659,9855.143902,28563.21269,2828.43252,2445.79247
,,,,,3044,13238.23781,10579.65018,10222.1572,29031.32841,2814.27048,2407.63241
,,,,,3045,12720.91261,10401.8741,9961.044644,29232.26889,2795.59836,2421.43373
,,,,,3046,11764.95292,10285.95008,9406.649613,31008.15571,2781.45576,2361.13651
,,,,,3047,10788.78494,9562.533046,8609.171258,29183.55521,2721.32784,2248.14066
,,,,,3048,9853.337932,9047.545474,7930.623219,27636.54196,2723.61204,2035.13439
,,,,,3049,9625.862055,8916.684767,7509.620541,26957.53746,2729.133,1801.26886
,,,,,3050,9517.236456,8790.229967,7353.649734,26518.13661,2695.71564,1740.29337
,,,,,3051,9516.028531,8805.906925,7353.649734,25895.35974,2646.67824,1672.32875
,,,,,3052,9516.028531,8622.110139,7353.649734,25895.35974,2620.58004,1651.49898
,,,,,3053,9877.705664,8823.491483,7353.649734,25895.35974,2615.41872,1617.60514
,,,,,3054,11418.03166,9422.668354,8383.340662,26714.68745,2629.61964,1646.85922
,,,,,3055,12395.68744,10271.19903,9010.294013,27759.53325,2687.23008,1812.13101
,,,,,3056,12214.17787,10123.92081,9157.055755,27458.55834,2680.28028,1865.88145
,,,,,3057,12642.83854,10047.32786,9763.192174,28655.92105,2794.05288,2015.02221
,,,,,3058,12902.56655,10170.15219,10214.09909,29929.69121,2869.99524,2186.03472
,,,,,3059,13579.31451,10705.3646,11063.44031,30434.32335,2909.3904,2331.09603
,,,,,3060,13397.02597,10836.50226,10128.3247,29685.42573,2936.33424,2538.35175
,,,,,3061,12374.2024,10288.70074,9951.342446,29201.43761,2912.65632,2341.27991
,,,,,3062,12517.53713,10029.54312,10173.39926,29837.47894,2924.73828,2344.9465
,,,,,3063,12494.71108,10311.97173,10071.83909,29912.60031,2957.19336,2385.26916
,,,,,3064,12760.6738,10292.90066,10316.90104,30082.64682,2946.618,2414.00225
,,,,,3065,14275.55401,10533.10698,10531.2246,29963.69602,2918.0898,2433.2199
,,,,,3066,13810.82204,11423.50323,10337.28874,29181.09554,2886.83028,2424.93321
,,,,,3067,12921.06228,11098.55288,9895.908129,28816.43247,2833.9146,2424.97253
,,,,,3068,13288.60897,10929.18253,10268.0427,29288.69369,2820.53988,2387.64802
,,,,,3069,12769.31911,10745.53617,10003.2866,29491.41363,2802.9078,2401.15444
,,,,,3070,11809.72895,10625.78428,9441.155586,31212.99235,2789.5428,2342.17444
,,,,,3071,10829.85376,9878.479567,8632.549284,29442.26857,2732.75856,2231.65575
,,,,,3072,9890.854187,9346.486789,7944.532842,27881.5554,2734.90668,2023.3089
,,,,,3073,9585.612627,9006.942567,7516.683268,26964.00064,2739.79584,1784.3416
,,,,,3074,9495.386514,8879.208554,7354.692141,26524.49455,2707.749,1721.90144
,,,,,3075,9495.386514,8895.0441,7354.692141,25953.01123,2660.71392,1652.31487
,,,,,3076,9495.386514,8812.386809,7354.692141,25953.01123,2635.68492,1630.98377
,,,,,3077,9834.877388,8912.806542,7354.692141,25953.01123,2633.9742,1584.81226
,,,,,3078,11359.43063,9518.044666,8391.221593,26721.09247,2644.35516,1626.23588
,,,,,3079,12327.07533,10375.15905,9018.762061,27766.18849,2699.60364,1795.46916
,,,,,3080,12147.4244,10226.39096,9165.661239,27465.1415,2692.94544,1850.50733
,,,,,3081,12571.69563,10149.02321,9772.365282,28662.79095,2802.06216,2003.21638
,,,,,3082,12828.76406,10273.09003,10223.69445,29936.86616,2874.89412,2178.31817
,,,,,3083,13498.58221,10813.71663,11089.38774,30441.61915,2912.67576,2326.8593
,,,,,3084,13318.16028,10946.18086,10137.83974,29692.54218,2938.52124,2523.48879
,,,,,3085,12305.8103,10392.83781,9960.691749,29208.43815,2915.81532,2337.28893
,,,,,3086,12447.6773,10131.05855,10182.95651,29844.63181,2927.40156,2341.04399
,,,,,3087,12425.08499,10416.34421,10081.30123,29919.77116,2962.43244,2382.32999
,,,,,3088,12688.32427,10397.08021,10326.59268,30089.8584,2948.37732,2411.75118
,,,,,3089,14156.1391,10639.71645,10541.11694,29970.87911,2921.02524,2431.43084
,,,,,3090,13727.71913,11457.28116,10346.99947,29188.09122,2891.03904,2422.94755
,,,,,3091,12847.0704,11210.88239,9905.205519,28823.34081,2840.29092,2422.98687
,,,,,3092,13210.85345,11039.79869,10277.68858,29295.71513,2827.47024,2384.76783
,,,,,3093,12696.88106,10854.29457,10012.68455,29498.48362,2810.54772,2398.59864
,,,,,3094,11747.11699,10733.33127,9450.027119,31090.10492,2797.73676,2338.20312
,,,,,3095,10777.2756,9978.46685,8640.66359,29449.32679,2743.2756,2225.04016
,,,,,3096,9847.891271,9441.092452,7952.002848,27888.23986,2745.33624,2011.69967
,,,,,3097,9476.836843,9117.954147,7643.479925,26838.73392,2746.08468,1773.19438
,,,,,3098,9387.82773,8990.972674,7506.026593,26407.48632,2713.581,1707.82488
,,,,,3099,9387.82773,9004.677381,7506.026593,25857.20713,2665.88496,1634.98458
,,,,,3100,9387.82773,8990.972674,7506.026593,25857.20713,2640.49632,1612.66065
,,,,,3101,9724.423762,9022.658611,7506.026593,25857.20713,2639.3688,1563.07813
,,,,,3102,11238.71499,9635.351705,8474.032859,26600.39009,2649.29292,1607.68667
,,,,,3103,12199.84632,10503.02352,9070.01083,27625.84835,2705.32872,1784.8331
,,,,,3104,12021.40464,10352.423,9209.521632,27330.45815,2698.5636,1842.44673
,,,,,3105,12442.82004,10274.10227,9785.711157,28505.60331,2809.24524,2002.30219
,,,,,3106,12698.1581,10399.69727,10214.34047,29755.73815,2883.10752,2185.6022
,,,,,3107,13363.46759,10946.983,11025.34734,30251.00664,2921.42376,2341.08331
,,,,,3108,13184.26011,11081.07885,10132.80388,29516.00512,2947.6386,2545.20326
,,,,,3109,12178.72442,10520.92004,9964.56564,29040.99759,2924.61192,2352.00444
,,,,,3110,12319.63649,10255.91634,10175.65147,29665.23692,2936.3634,2355.93644
,,,,,3111,12297.19625,10544.71598,10079.109,29738.96438,2972.62872,2399.15895
,,,,,3112,12558.66363,10525.2147,10312.06338,29905.8556,2957.64048,2429.94651
,,,,,3113,14018.8541,10770.83959,10515.79802,29789.11199,2929.8996,2450.55019
,,,,,3114,13591.06215,11540.39241,10331.4438,29021.03298,2899.48572,2441.6737
,,,,,3115,12716.34121,11349.04081,9911.870121,28663.13638,2848.0086,2441.71302
,,,,,3116,13077.67558,11175.84981,10265.61893,29126.6346,2835.00324,2401.70492
,,,,,3117,12567.16283,10988.06076,10013.94343,29325.59299,2817.84744,2416.17468
,,,,,3118,11623.79177,10865.6075,9479.585172,30873.73436,2804.8518,2352.95795
,,,,,3119,10660.47854,10101.4451,8710.929031,29277.35983,2749.61304,2234.50645
,,,,,3120,9737.350047,9557.451638,8056.904864,27745.60633,2751.71256,2011.17868
,,,,,3121,9417.243843,9281.359893,7621.639099,26742.34015,2749.16592,1786.66148
,,,,,3122,9313.522203,9170.121071,7491.923865,26318.16762,2715.24312,1721.233
,,,,,3123,9313.522203,9170.121071,7491.923865,25778.67026,2665.47672,1648.32389
,,,,,3124,9313.522203,9170.121071,7491.923865,25778.67026,2638.98,1625.9803
,,,,,3125,9663.643626,9187.158709,7491.923865,25778.67026,2637.9108,1579.12069
,,,,,3126,11170.67409,9792.81577,8422.5919,26507.90659,2648.15568,1620.99649
,,,,,3127,12127.19696,10650.52343,8997.329771,27516.54115,2706.6312,1798.31986
,,,,,3128,11949.61089,10501.65237,9131.868538,27225.99713,2699.57448,1855.98264
,,,,,3129,12369.00567,10424.23106,9687.523205,28381.8628,2815.0578,2015.99538
,,,,,3130,12623.11943,10548.38376,10100.87657,29611.48788,2892.1374,2199.4625
,,,,,3131,13285.23888,11089.38458,10899.26629,30098.63097,2932.12548,2355.09106
,,,,,3132,13106.89066,11221.9405,10022.24586,29375.68792,2959.46784,2563.18233
,,,,,3133,12106.17634,10668.21443,9860.003481,28908.47338,2935.44,2366.03185
,,,,,3134,12246.41277,10406.25398,10063.56641,29522.47141,2947.70664,2369.96385
,,,,,3135,12224.08012,10691.7371,9970.464624,29594.9893,2985.68268,2413.22568
,,,,,3136,12484.29381,10672.45977,10195.11672,29759.1425,2969.90712,2444.04273
,,,,,3137,13970.85206,10915.26396,10391.59046,29644.31419,2940.96096,2464.66607
,,,,,3138,13511.74216,11654.39236,10213.80644,28888.83632,2909.22516,2455.77975
,,,,,3139,12641.21536,11486.82525,9809.185981,28536.81138,2855.51244,2455.81907
,,,,,3140,13000.81719,11315.62313,10150.32752,28992.70543,2841.94332,2415.77165
,,,,,3141,12492.75226,11129.99061,9907.621493,29188.3997,2824.03908,2430.26107
,,,,,3142,11553.9045,11008.94358,9392.307265,30717.9806,2810.47968,2366.97553
,,,,,3143,10595.21019,10253.55665,8651.045313,29140.95786,2752.84008,2248.4159
,,,,,3144,9676.507931,9715.81029,8020.329958,27634.33437,2755.02708,2024.8817
,,,,,3145,9376.214342,9269.740508,7505.18466,26661.46129,2756.16432,1811.42325
,,,,,3146,9270.398578,9155.233813,7369.1186,26226.8809,2723.48568,1746.45678
,,,,,3147,9263.516146,9155.233813,7369.1186,25649.80787,2675.54664,1674.049
,,,,,3148,9263.516146,9155.233813,7369.1186,25649.80787,2650.03164,1651.85286
,,,,,3149,9621.543473,9173.221625,7369.1186,25649.80787,2645.84232,1607.54905
,,,,,3150,11122.02562,9793.780096,8330.430938,26421.27547,2658.87684,1646.90837
,,,,,3151,12074.39222,10672.59055,8922.601023,27454.65874,2715.19452,1823.00299
,,,,,3152,11897.57779,10520.05671,9061.220448,27156.98569,2708.40024,1880.27257
,,,,,3153,12315.15023,10440.73055,9633.728523,28341.21267,2819.63592,2039.17452
,,,,,3154,12568.15981,10567.93786,10059.6192,29601.00887,2893.87728,2221.3834
,,,,,3155,13227.40224,11122.2493,10868.36408,30100.10492,2932.38792,2375.94049
,,,,,3156,13049.82898,11258.0666,9978.603561,29359.42312,2958.72912,2585.63405
,,,,,3157,12053.46294,10690.71681,9811.440249,28880.74461,2935.5858,2386.80264
,,,,,3158,12193.09001,10422.31116,10021.17739,29509.80822,2947.40532,2390.70515
,,,,,3159,12170.85441,10714.81823,9925.251758,29584.10547,2980.16172,2433.67208
,,,,,3160,12429.93742,10695.0666,10156.71772,29752.28647,2968.78932,2464.2827
,,,,,3161,13926.80678,10943.84467,10359.15064,29634.64063,2940.90264,2484.75859
,,,,,3162,13452.92132,11699.42851,10175.97431,28860.62571,2910.33324,2475.93125
,,,,,3163,12586.17711,11529.46849,9759.081419,28499.96319,2858.6034,2475.97057
,,,,,3164,12944.21642,11354.05416,10110.57002,28967.04345,2845.53,2436.19839
,,,,,3165,12438.35911,11163.85439,9860.502551,29167.53944,2828.28672,2450.58951
,,,,,3166,11503.59082,11039.82916,9329.55847,30779.38594,2815.22304,2387.74632
,,,,,3167,10549.06221,10265.85691,8565.813508,29118.93352,2759.7024,2269.99275
,,,,,3168,9634.351881,9714.879996,7915.968101,27575.34224,2761.81164,2048.00186
,,,,,3169,9300.048439,9055.860894,7445.524707,26619.30345,2756.40732,1825.48998
,,,,,3170,9195.089937,8944.691717,7288.394756,26185.40945,2721.67776,1757.46638
,,,,,3171,9161.750683,8944.691717,7288.394756,25568.33383,2670.70608,1681.65742
,,,,,3172,9161.750683,8944.691717,7288.394756,25517.26598,2643.57756,1658.4193
,,,,,3173,9543.390045,8961.709105,7288.394756,25517.26598,2637.7164,1610.09502
,,,,,3174,11031.71609,9567.048589,8311.819441,26379.49699,2652.9768,1653.24872
,,,,,3175,11976.36713,10424.30651,8933.444574,27411.24812,2712.852,1837.61037
,,,,,3176,11800.98516,10275.51351,9078.959048,27114.04522,2705.63004,1897.56354
,,,,,3177,12215.17464,10198.1328,9679.944164,28296.40182,2823.89328,2063.92646
,,,,,3178,12466.13448,10322.2204,10127.01901,29554.2083,2902.81968,2254.67761
,,,,,3179,13120.03607,10862.93754,10981.73998,30052.51607,2943.77004,2416.48924
,,,,,3180,12943.90142,10995.42396,10041.97358,29313.0041,2971.77336,2633.36853
,,,,,3181,11955.60741,10441.98824,9866.495425,28835.08163,2947.17204,2427.86255
,,,,,3182,12094.10329,10180.16514,10086.66507,29463.15169,2959.73028,2431.95183
,,,,,3183,12072.04783,10465.49857,9985.968016,29537.33159,2992.84632,2476.92408
,,,,,3184,12329.0319,10446.23135,10228.94729,29705.24696,2982.46536,2508.96988
,,,,,3185,13853.89435,10688.90822,10441.4494,29587.78694,2952.81936,2530.40911
,,,,,3186,13343.72813,11427.68593,10249.16172,28814.9945,2920.31568,2521.16891
,,,,,3187,12484.00582,11260.16981,9811.532221,28454.90161,2865.31992,2521.20823
,,,,,3188,12839.14447,11089.05746,10180.50417,28921.24416,2851.42032,2479.57818
,,,,,3189,12337.38536,10903.52228,9917.998127,29121.42349,2833.0884,2494.63774
,,,,,3190,11410.19005,10782.53872,9360.644433,30921.46309,2819.20824,2428.84555
,,,,,3191,10463.39452,10027.54788,8558.910142,29072.89434,2760.17868,2305.56752
,,,,,3192,9556.094686,9490.083487,7876.740868,27531.74102,2762.41428,2073.16666
,,,,,3193,9227.980988,8893.444569,7507.51764,26786.87848,2755.5228,1855.78604
,,,,,3194,9123.833619,8767.319149,7349.962941,26350.25615,2718.22716,1786.27811
,,,,,3195,9071.197092,8782.955273,7349.962941,25729.30037,2663.50356,1708.82754
,,,,,3196,9071.197092,8743.359675,7349.962941,25649.29377,2634.37272,1685.07826
,,,,,3197,9469.442017,8800.494028,7349.962941,25676.67936,2632.11768,1636.11503
,,,,,3198,10946.26607,9398.110206,8380.994144,26545.56411,2644.46208,1679.78972
,,,,,3199,11883.61672,10244.43069,9007.772683,27583.80288,2708.75016,1868.16201
,,,,,3200,11709.59012,10097.53609,9154.493503,27284.73117,2701.00332,1929.4324
,,,,,3201,12120.5787,10021.14264,9760.460916,28474.52241,2827.9854,2099.41276
,,,,,3202,12369.59909,10143.64706,10211.2421,29740.23795,2912.73408,2294.322
,,,,,3203,13018.44724,10677.46538,11065.02044,30241.67908,2956.69764,2459.65277
,,,,,3204,12843.67378,10808.26146,10125.49164,29497.51707,2986.77132,2681.83043
,,,,,3205,11863.01744,10261.88682,9948.558726,29016.58943,2960.35236,2471.27183
,,,,,3206,12000.44301,10003.40423,10170.55362,29648.60878,2973.834,2475.44958
,,,,,3207,11978.55799,10285.09719,10069.02177,29723.25512,3014.28864,2521.41466
,,,,,3208,12233.55605,10266.0758,10314.01539,29892.22635,2998.25064,2554.15839
,,,,,3209,13777.13663,10505.65644,10528.27919,29774.02774,2966.41764,2576.05963
,,,,,3210,13240.41057,11281.87306,10334.39741,28996.376,2931.52284,2566.613
,,,,,3211,12387.33231,11069.62951,9893.139865,28634.01885,2872.46412,2566.66215
,,,,,3212,12739.72641,10900.70032,10265.17067,29103.29375,2857.54392,2524.11791
,,,,,3213,12241.84495,10717.53231,10000.4884,29304.7318,2837.8512,2539.51169
,,,,,3214,11321.81514,10598.09234,9438.51412,31136.91755,2822.95044,2472.28432
,,,,,3215,10382.33657,9852.734155,8630.13328,29255.8975,2759.56632,2346.3227
,,,,,3216,9482.048475,9322.127074,7942.308676,27705.05343,2761.96716,2108.84956
,,,,,3217,9096.321761,8731.404725,7578.717066,26875.41621,2752.04304,1902.78327
,,,,,3218,8993.656244,8619.631648,7435.979489,26437.35238,2712.57984,1833.62922
,,,,,3219,8967.980904,8622.927287,7435.979489,25814.34654,2654.6778,1756.56202
,,,,,3220,8967.980904,8619.631648,7435.979489,25799.21524,2623.90428,1732.9307
,,,,,3221,9334.347185,8640.146685,7435.979489,25799.21524,2623.90428,1693.17818
,,,,,3222,10790.15839,9226.881096,8429.483537,26633.30515,2634.53796,1727.67165
,,,,,3223,11714.17203,10057.79125,9039.96609,27674.97164,2702.55852,1915.10026
,,,,,3224,11542.62156,9913.571393,9182.872229,27374.91255,2694.35484,1976.05609
,,,,,3225,11947.76242,9838.56897,9773.084735,28568.63186,2828.70468,2145.19107
,,,,,3226,12193.23964,9958.842745,10212.1458,29838.52614,2918.36196,2339.11731
,,,,,3227,12832.85572,10482.94098,11031.76875,30341.62276,2964.88188,2503.62236
,,,,,3228,12660.56901,10611.35543,10128.62481,29595.00392,2996.69544,2736.8686
,,,,,3229,11693.86584,10074.92952,9956.292079,29112.4885,2968.75044,2515.18244
,,,,,3230,11829.33607,9821.153546,10172.5152,29746.59446,2983.00968,2519.34053
,,,,,3231,11807.76244,10097.71727,10073.62313,29821.48724,3028.77144,2565.06969
,,,,,3232,12059.13228,10079.04223,10312.24702,29991.01632,3008.83572,2597.64631
,,,,,3233,13552.64511,10314.26044,10520.94005,29872.42748,2975.16564,2619.43942
,,,,,3234,13051.66086,11040.92964,10332.09911,29092.20834,2938.23936,2610.04194
,,,,,3235,12210.72055,10867.96434,9902.314086,28728.65487,2875.76892,2610.09109
,,,,,3236,12558.10064,10702.11112,10264.67224,29199.47908,2859.97392,2567.76311
,,,,,3237,12067.30324,10522.27834,10006.8716,29401.58217,2839.14396,2583.07825
,,,,,3238,11160.36399,10405.01321,9459.508425,31150.9004,2823.37812,2516.1851
,,,,,3239,10234.25271,9673.226969,8672.145157,29352.58665,2756.31984,2390.8526
,,,,,3240,9346.774273,9152.281512,8002.203712,27796.6225,2758.86648,2154.57872
,,,,,3241,9021.054227,8730.989121,7568.855814,26872.24622,2748.35916,1969.97132
,,,,,3242,8919.235861,8635.330724,7426.807887,26434.234,2709.87768,1904.2676
,,,,,3243,8863.263441,8635.330724,7426.807887,25838.00147,2653.4142,1831.0341
,,,,,3244,8863.263441,8635.330724,7426.807887,25838.00147,2623.35996,1808.58238
,,,,,3245,9257.115568,8647.838161,7426.807887,25838.00147,2620.09404,1778.96459
,,,,,3246,10700.91405,9182.448916,8416.984208,26630.16368,2633.77008,1803.58874
,,,,,3247,11617.30314,9939.543599,9025.573761,27671.70745,2700.09936,1981.67885
,,,,,3248,11447.16822,9808.135787,9168.036773,27371.68371,2692.0998,2039.59721
,,,,,3249,11848.96604,9739.796346,9756.419135,28565.26238,2823.11568,2200.30788
,,,,,3250,12092.41769,9849.385373,10194.11874,29835.00704,2910.5568,2384.57123
,,,,,3251,12726.75593,10326.92435,11012.6172,30338.04439,2955.91032,2540.88789
,,,,,3252,12555.89085,10443.93087,10110.85674,29591.51352,2986.93656,2773.61314
,,,,,3253,11597.1645,9955.159365,9939.058385,29109.05495,2959.68168,2551.868
,,,,,3254,11731.51688,9723.928053,10154.61103,29743.08619,2973.591,2555.81966
,,,,,3255,11710.12128,9975.92272,10056.02562,29817.97015,3014.19144,2599.26826
,,,,,3256,11959.41692,9958.906707,10293.90957,29987.47926,2998.78524,2630.22293
,,,,,3257,13486.21653,10173.22887,10501.95548,29868.90439,2965.94136,2650.93474
,,,,,3258,12943.75559,10833.90179,10313.70011,29088.77717,2929.93848,2642.0091
,,,,,3259,12109.75435,10677.74344,9885.247768,28725.26654,2869.01352,2642.04842
,,,,,3260,12454.26801,10526.6241,10246.48232,29196.03527,2853.61704,2601.82406
,,,,,3261,11967.52046,10362.76711,9989.481067,29398.11456,2833.30224,2616.38229
,,,,,3262,11068.06488,10255.91944,9443.81517,31054.22097,2817.9252,2552.82151
,,,,,3263,10149.59546,9589.142812,8658.893377,29349.1248,2752.52904,2433.74089
,,,,,3264,9269.440113,9114.476526,7991.029303,27793.34398,2755.00764,2209.23352
,,,,,3265,9092.740326,8777.650656,7545.512252,26773.04835,2752.85952,2030.20956
,,,,,3266,8990.115119,8688.12182,7401.602136,26336.65119,2720.47248,1966.54065
,,,,,3267,8914.385707,8688.12182,7401.602136,25775.46655,2672.94168,1895.57788
,,,,,3268,8914.385707,8688.12182,7401.602136,25775.46655,2647.64052,1873.83392
,,,,,3269,9330.672293,8698.847012,7401.602136,25775.46655,2646.513,1850.82189
,,,,,3270,10785.9119,9205.507137,8400.763975,26531.85843,2656.40796,1868.98773
,,,,,3271,11709.56275,9923.01924,9014.465001,27569.56178,2712.23964,2041.55338
,,,,,3272,11538.07963,9798.481718,9158.124543,27270.6443,2705.5134,2097.67285
,,,,,3273,11943.06142,9733.715214,9751.448658,28459.82195,2815.79652,2253.38988
,,,,,3274,12188.44226,9837.574685,10192.82446,29724.88475,2889.39636,2431.93217
,,,,,3275,12827.8072,10290.14687,11014.35926,30226.06728,2927.57652,2583.39281
,,,,,3276,12655.58813,10401.03603,10108.86314,29482.28905,2953.69416,2816.64888
,,,,,3277,11689.26453,9937.818579,9935.621874,29001.60942,2930.75496,2594.0387
,,,,,3278,11824.68156,9718.676551,10152.98492,29633.30284,2942.46756,2597.86257
,,,,,3279,11803.11641,9957.49638,10053.5715,29707.91068,2978.5968,2639.96446
,,,,,3280,12054.38755,9941.370002,10293.45342,29876.79477,2963.66688,2669.95579
,,,,,3281,13615.32455,10144.48693,10503.24668,29758.65711,2936.0232,2690.02865
,,,,,3282,13046.52644,10774.29435,10313.41017,28981.40641,2905.71624,2681.37825
,,,,,3283,12205.9163,10622.62436,9881.359308,28619.23613,2854.4238,2681.41757
,,,,,3284,12553.16,10479.40588,10245.62782,29088.26903,2841.46704,2642.44162
,,,,,3285,12062.55531,10324.11569,9986.46805,29289.6032,2824.36956,2656.54767
,,,,,3286,11155.97215,10222.85426,9436.219169,30858.99356,2811.42252,2594.96272
,,,,,3287,10230.22448,9590.938179,8644.704911,29240.79408,2756.37816,2479.56835
,,,,,3288,9343.094502,9141.088494,7971.231525,27690.7498,2758.45824,2262.03045
,,,,,3289,9254.736685,8691.026104,7519.274457,26607.72809,2753.22888,2085.62127
,,,,,3290,9150.288176,8601.758259,7377.141861,26174.02254,2725.41024,2023.44652
,,,,,3291,9044.840132,8601.758259,7377.141861,25619.06033,2684.60568,1954.15485
,,,,,3292,9019.035381,8601.758259,7377.141861,25619.06033,2662.88148,1932.91222
,,,,,3293,9496.895895,8612.407565,7377.141861,25619.06033,2661.6762,1915.14941
,,,,,3294,10977.99017,9117.877577,8367.726724,26368.02578,2670.40476,1928.18399
,,,,,3295,11918.05116,9833.70429,8976.54868,27399.32878,2718.35352,2096.69968
,,,,,3296,11743.52136,9709.459299,9119.066094,27102.25496,2712.57012,2151.50193
,,,,,3297,12155.6983,9644.844927,9707.673141,28284.09801,2807.26236,2303.5622
,,,,,3298,12405.43873,9748.460439,10145.5399,29541.35816,2870.4618,2477.91691
,,,,,3299,13056.16302,10199.96956,10964.17641,30039.44949,2903.24736,2625.81909
,,,,,3300,12880.8842,10310.59825,10062.24609,29300.25874,2925.6714,2859.98935
,,,,,3301,11897.39231,9848.468867,9890.382136,28822.54384,2905.96896,2636.2094
,,,,,3302,12035.21524,9629.841589,10106.0171,29450.3411,2916.02916,2639.95463
,,,,,3303,12013.26695,9868.100446,10007.39403,29524.48878,2946.7638,2681.06369
,,,,,3304,12269.00232,9852.011948,10245.36883,29692.33123,2934.23472,2710.35709
,,,,,3305,13904.33829,10054.65176,10453.49419,29574.92222,2910.49848,2729.95811
,,,,,3306,13278.76815,10683.14496,10265.16692,28802.46544,2884.47804,2721.50431
,,,,,3307,12423.22323,10531.66608,9836.55097,28442.52896,2840.43672,2721.54363
,,,,,3308,12776.63627,10388.78401,10197.92346,28908.66895,2829.30732,2683.48187
,,,,,3309,12277.3152,10233.85859,9940.824073,29108.76133,2814.63012,2697.2537
,,,,,3310,11354.62513,10132.83501,9394.949802,30665.72316,2803.51044,2637.11376
,,,,,3311,10412.43007,9502.403267,8609.728272,29060.25326,2756.24208,2524.4423
,,,,,3312,9509.538804,9053.61025,7941.60916,27519.76934,2758.04028,2312.00617
,,,,,3313,9381.451033,8547.315172,7462.916483,26481.96086,2749.788,2144.27688
,,,,,3314,9275.576329,8457.082925,7327.705336,26050.30295,2724.77844,2084.95283
,,,,,3315,9168.688442,8457.082925,7327.705336,25497.02448,2688.07572,2018.84608
,,,,,3316,9053.644909,8457.082925,7327.705336,25497.02448,2668.53852,1998.57662
,,,,,3317,9626.916814,8468.012642,7327.705336,25497.02448,2664.32976,1988.29444
,,,,,3318,11128.23474,8977.8803,8284.892503,26243.39025,2675.30364,1994.06465
,,,,,3319,12081.13182,9699.934785,8874.715958,27269.82419,2718.42156,2154.84413
,,,,,3320,11904.2189,9574.608849,9012.786067,26974.15294,2713.22136,2207.1299
,,,,,3321,12322.02392,9509.432324,9583.025427,28150.41619,2798.388,2352.21087
,,,,,3322,12575.17444,9613.949303,10007.2284,29401.74048,2855.23056,2518.55413
,,,,,3323,13234.78406,10069.3866,10814.57932,29897.48019,2884.71132,2659.67361
,,,,,3324,13057.11189,10180.97778,9926.533807,29161.77935,2904.88032,2892.15311
,,,,,3325,12060.19088,9714.827815,9760.032924,28686.31988,2887.16076,2669.58225
,,,,,3326,12199.89572,9494.298455,9968.938922,29311.15314,2896.20036,2673.15054
,,,,,3327,12177.64773,9734.630191,9873.393425,29384.95075,2920.07268,2712.37224
,,,,,3328,12436.87506,9718.401721,10103.94214,29552.00077,2912.57856,2740.31893
,,,,,3329,14147.63285,9922.804526,10305.57287,29435.14607,2891.23344,2759.01559
,,,,,3330,13460.42876,10556.15398,10123.12242,28666.33627,2867.82768,2750.95499
,,,,,3331,12593.20177,10403.96892,9707.881579,28308.09915,2828.21868,2750.99431
,,,,,3332,12951.44051,10259.84376,10057.97732,28772.03837,2818.20708,2714.68229
,,,,,3333,12445.30144,10103.57047,9808.900803,28971.18606,2805.00732,2727.825
,,,,,3334,11510.01247,10001.66798,9280.060728,30526.41255,2795.01516,2670.44729
,,,,,3335,10554.95218,9365.751406,8519.342308,28922.90701,2752.5096,2562.93658
,,,,,3336,9639.732357,8913.053839,7872.072085,27389.69612,2754.1134,2360.26164
,,,,,3337,9467.193084,8377.594975,7363.224617,26434.56327,2737.57968,2182.9481
,,,,,3338,9360.353336,8293.225279,7226.546841,26003.67705,2710.24704,2123.93861
,,,,,3339,9252.491169,8293.225279,7226.546841,25442.22184,2670.15204,2058.18574
,,,,,3340,9093.418496,8293.225279,7226.546841,25442.22184,2648.80692,2038.02441
,,,,,3341,9714.896276,8302.450388,7226.546841,25442.22184,2640.59352,2034.81
,,,,,3342,11229.89865,8785.584974,8190.810855,26196.41916,2656.20384,2034.81
,,,,,3343,12191.48136,9469.781137,8784.660021,27221.01812,2703.30696,2193.4662
,,,,,3344,12012.95588,9351.026214,8923.672497,26925.87544,2697.63048,2245.47673
,,,,,3345,12434.56919,9289.266986,9497.8039,28100.03586,2790.67032,2389.78113
,,,,,3346,12690.02716,9388.303994,9924.902175,29349.12312,2852.76168,2555.24952
,,,,,3347,13355.6491,9819.862084,10734.64448,29843.97658,2884.98348,2695.62192
,,,,,3348,13176.35746,9925.602373,9843.656821,29109.59097,2907.01872,2937.98057
,,,,,3349,12170.34954,9483.893305,9676.019523,28634.98149,2887.65648,2705.48141
,,,,,3350,12311.32779,9274.926607,9886.351363,29258.69772,2897.532,2709.03004
,,,,,3351,12288.87701,9502.657414,9790.153741,29332.3634,2919.24648,2748.04531
,,,,,3352,12550.46718,9487.279826,10022.27601,29499.11477,2915.42652,2775.84455
,,,,,3353,14301.18478,9680.965507,10225.28293,29382.46899,2892.09852,2794.44291
,,,,,3354,13583.35054,10284.79399,10041.58721,28615.03361,2866.53492,2786.42163
,,,,,3355,12708.21881,10136.90179,9623.512231,28257.43692,2823.26148,2786.46095
,,,,,3356,13069.72288,10000.3333,9975.99747,28720.54674,2812.32648,2750.34553
,,,,,3357,12558.97037,9852.253645,9725.220939,28919.33841,2797.902,2763.4096
,,,,,3358,11615.15628,9755.694038,9192.771383,30496.21293,2786.97672,2706.33662
,,,,,3359,10651.39065,9153.119458,8426.860845,28871.14567,2740.54428,2599.39605
,,,,,3360,9727.828632,8724.157455,7775.172821,27340.67575,2742.3036,2397.79258
,,,,,3361,9497.499758,8246.307398,7353.956846,26457.82493,2726.05176,2212.722315
,,,,,3362,9390.318902,8162.073099,7219.421884,26039.22031,2695.56984,2153.948745
,,,,,3363,9282.112363,8162.073099,7219.421884,25508.20801,2650.85784,2088.441625
,,,,,3364,9209.084656,8162.073099,7219.421884,25508.20801,2627.05356,2068.358935
,,,,,3365,9745.993793,8171.258839,7219.421884,25508.20801,2617.9848,2064.849625
,,,,,3366,11265.83313,8653.776019,8173.346296,26226.46867,2635.29612,2064.849625
,,,,,3367,12230.48588,9337.097834,8761.313711,27221.86336,2687.83272,2223.201095
,,,,,3368,12051.39043,9218.494671,8898.949345,26935.13317,2681.49528,2275.015025
,,,,,3369,12474.34982,9156.814366,9467.394292,28075.82635,2785.266,2418.768945
,,,,,3370,12730.62339,9255.724812,9890.262392,29289.31073,2854.521,2583.598385
,,,,,3371,13398.37046,9686.731406,10696.51079,29770.05932,2890.44612,2723.430135
,,,,,3372,13218.5064,9792.336568,9809.821729,29056.606,2915.01828,2949
,,,,,3373,12209.2866,9351.191968,9643.844787,28595.52436,2893.43016,2733.250305
,,,,,3374,12350.71494,9142.492312,9852.093405,29201.46274,2904.44292,2736.789105
,,,,,3375,12328.19249,9369.932099,9756.848568,29273.02871,2928.77208,2775.656925
,,,,,3376,12590.61784,9354.574162,9986.671797,29435.02715,2924.39808,2803.348035
,,,,,3377,14286.65511,9548.012328,10187.66804,29321.70614,2898.38736,2821.877585
,,,,,3378,13626.79889,10151.15902,10005.79172,28576.14506,2869.86888,2813.885795
,,,,,3379,12748.87312,10003.36596,9591.85755,28228.74099,2821.60908,2813.925115
,,,,,3380,13111.53136,9866.972,9940.851616,28678.65074,2809.4202,2777.947315
,,,,,3381,12599.14817,9719.081573,9692.558889,28871.77622,2793.3336,2790.962235
,,,,,3382,11652.32076,9622.645362,9165.382954,30386.75047,2781.15444,2734.105515
,,,,,3383,10685.47812,9020.840823,8407.058341,28824.95712,2729.35656,2627.577805
,,,,,3384,9758.967438,8592.426999,7761.82493,27338.11037,2731.32,2426.750905
,,,,,3385,9452.134281,8164.533746,7273.180047,26326.56594,2722.36788,2232.033991
,,,,,3386,9345.464023,8078.496181,7133.195812,25917.97251,2691.63324,2173.339061
,,,,,3387,9237.772968,8078.496181,7133.195812,25402.21648,2646.53244,2107.920411
,,,,,3388,9174.194775,8078.496181,7133.195812,25402.21648,2622.52404,2087.857381
,,,,,3389,9699.444519,8088.206243,7133.195812,25402.21648,2616.35184,2086.166621
,,,,,3390,11212.04351,8578.946263,8113.414308,26100.74271,2630.83464,2086.166621
,,,,,3391,12172.10076,9273.912941,8716.339286,27072.3319,2683.82808,2242.493111
,,,,,3392,11993.8585,9153.288596,8857.476294,26792.45905,2677.43232,2294.238231
,,,,,3393,12414.80296,9090.557163,9440.382163,27905.87183,2782.08756,2437.805381
,,,,,3394,12669.85567,9191.153197,9874.007792,29090.33495,2851.93548,2602.418561
,,,,,3395,13334.42168,9629.504811,10689.14135,29559.58614,2888.16192,2742.063541
,,,,,3396,13155.41446,9736.909649,9791.520763,28863.19551,2912.94792,2949
,,,,,3397,12151.00247,9288.247261,9621.32146,28413.14093,2891.17512,2751.873881
,,,,,3398,12291.75707,9075.99104,9834.867807,29004.58791,2902.28508,2755.402851
,,,,,3399,12269.34191,9307.306752,9737.199994,29074.44234,2930.41476,2794.221521
,,,,,3400,12530.5171,9291.687092,9972.869798,29232.56648,2922.40548,2821.873311
,,,,,3401,14214.78788,9488.421745,10178.97927,29121.95561,2896.1712,2840.373371
,,,,,3402,13561.7619,10100.64881,9992.476125,28394.2251,2867.41944,2832.401241
,,,,,3403,12688.01847,9951.535305,9568.011697,28055.12941,2818.74168,2832.440561
,,,,,3404,13048.94905,9812.816984,9925.883978,28494.27929,2806.44588,2796.502081
,,,,,3405,12539.00679,9662.406275,9671.274822,28682.78605,2790.2232,2809.507171
,,,,,3406,11596.68996,9564.326641,9130.687825,30171.4973,2777.93712,2752.729091
,,,,,3407,10634.45325,8952.266421,8353.071857,28637.08666,2725.70184,2646.339001
,,,,,3408,9712.356359,8516.551761,7691.424067,27185.79879,2727.68472,2445.777511
,,,,,3409,9434.146779,8233.17787,7247.860387,26097.91845,2727.20844,2237.480666
,,,,,3410,9327.678973,8143.379329,7091.468701,25672.5132,2697.02784,2178.363046
,,,,,3411,9220.192309,8143.379329,7091.468701,25079.47235,2652.75324,2112.482386
,,,,,3412,9081.782473,8143.379329,7091.468701,25079.47235,2629.18224,2092.281736
,,,,,3413,9680.987639,8154.182941,7091.468701,25079.47235,2623.73904,2088.330076
,,,,,3414,11190.71582,8662.072911,8091.256067,25862.80359,2637.34704,2088.330076
,,,,,3415,12148.95095,9381.326673,8696.449578,26874.3694,2689.36848,2248.018426
,,,,,3416,11971.04698,9256.486854,8838.11762,26582.98101,2683.08936,2300.127256
,,,,,3417,12391.19251,9191.563138,9423.216698,27742.20583,2785.83948,2444.706896
,,,,,3418,12645.76115,9295.674713,9858.473863,28975.4044,2854.41408,2610.499676
,,,,,3419,13309.06585,9749.345453,10717.89833,29463.96321,2889.98928,2751.137486
,,,,,3420,13130.39838,9860.503781,9775.676473,28738.91916,2914.32816,2949
,,,,,3421,12127.8927,9396.161935,9604.836787,28270.34683,2892.94416,2761.016636
,,,,,3422,12268.38016,9176.487971,9819.186612,28886.12924,2903.85972,2764.575096
,,,,,3423,12246.00754,9415.887501,9721.15132,28958.85787,2932.21296,2803.659176
,,,,,3424,12506.68703,9399.721979,9957.707842,29123.48813,2923.61076,2831.517396
,,,,,3425,14239.50253,9603.331941,10164.59281,29008.3261,2897.85276,2850.145246
,,,,,3426,13535.9746,10234.49746,9977.387938,28250.65269,2869.61616,2842.114136
,,,,,3427,12663.88948,10082.62999,9551.326444,27897.60471,2821.83264,2842.153456
,,,,,3428,13024.13503,9939.063858,9910.545235,28354.82366,2809.7604,2805.969226
,,,,,3429,12515.16061,9783.396729,9654.978102,28551.08666,2793.82932,2819.052956
,,,,,3430,11574.63224,9681.889495,9112.357121,30214.66903,2781.7668,2761.871846
,,,,,3431,10614.22178,9048.439532,8331.815338,28503.50693,2730.48408,2654.734676
,,,,,3432,9693.874972,8597.497901,7667.678069,26992.50496,2732.42808,2452.738006
,,,,,3433,9475.42362,8321.882916,7324.995043,26020.89189,2733.25428,2232.448988
,,,,,3434,9368.491235,8230.902905,7183.658892,25596.74073,2703.89016,2173.940828
,,,,,3435,9260.535546,8230.902905,7183.658892,24993.52121,2660.81112,2108.728608
,,,,,3436,9155.107744,8230.902905,7183.658892,24961.21101,2637.87192,2088.734388
,,,,,3437,9723.341586,8242.050044,7183.658892,24961.21101,2635.71408,2086.581618
,,,,,3438,11239.65756,8755.327487,8170.400715,25786.47015,2645.82288,2086.581618
,,,,,3439,12202.07401,9482.210776,8777.036531,26795.05389,2696.43492,2242.878618
,,,,,3440,12023.39375,9356.046711,8919.042198,26504.52451,2690.33076,2294.456628
,,,,,3441,12445.37261,9290.434313,9505.535693,27660.33196,2790.29124,2437.551938
,,,,,3442,12701.05208,9395.650259,9941.830168,28889.89509,2857.00932,2601.644128
,,,,,3443,13367.25115,9854.133338,10759.16806,29377.01364,2891.62224,2740.836928
,,,,,3444,13187.80406,9966.470784,9858.835455,28654.10701,2915.29044,2949
,,,,,3445,12180.92387,9497.203405,9687.588621,28186.91601,2894.49936,2750.607948
,,,,,3446,12322.02436,9275.199235,9902.449288,28800.88311,2905.1136,2754.127088
,,,,,3447,12299.55412,9517.13821,9804.180356,28873.39734,2936.48004,2792.817968
,,,,,3448,12561.3711,9500.801212,10041.30064,29037.54228,2924.33004,2820.391118
,,,,,3449,14276.73637,9706.570978,10248.67867,28922.71975,2899.27188,2838.832198
,,,,,3450,13595.15003,10343.68582,10061.02764,28167.27993,2871.80316,2830.879728
,,,,,3451,12719.25951,10190.95321,9633.950751,27815.27273,2825.3124,2830.919048
,,,,,3452,13081.07702,10045.86419,9994.025638,28271.14381,2813.56092,2795.098528
,,,,,3453,12569.88166,9888.545815,9737.849433,28466.82823,2798.06724,2808.054468
,,,,,3454,11625.24922,9785.961836,9193.935271,30212.19357,2786.3352,2751.463158
,,,,,3455,10660.64796,9145.792516,8411.53329,28419.38877,2736.43272,2645.417118
,,,,,3456,9736.285154,8690.067494,7745.81324,26912.84119,2738.32812,2445.504408
,,,,,3457,9511.337519,8411.97811,7319.544733,25966.8711,2735.95644,2245.74214
,,,,,3458,9404.000916,8326.118263,7191.460141,25543.59946,2705.87304,2193.43671
,,,,,3459,9295.637141,8326.118263,7191.460141,24951.32019,2661.74424,2135.15464
,,,,,3460,9238.783929,8326.118263,7191.460141,24951.32019,2638.31904,2117.2837
,,,,,3461,9760.192647,8335.776651,7191.460141,24951.32019,2638.31904,2117.16574
,,,,,3462,11282.24049,8825.706285,8114.259929,25732.93545,2646.38664,2117.16574
,,,,,3463,12248.295,9519.525327,8684.521896,26739.42779,2698.23312,2255.06098
,,,,,3464,12068.9393,9399.100175,8818.012912,26449.50085,2691.98316,2301.16368
,,,,,3465,12492.5133,9336.472334,9369.34029,27602.91161,2794.39308,2429.08147
,,,,,3466,12749.15927,9436.902248,9779.474574,28829.92512,2862.74412,2575.7549
,,,,,3467,13417.87666,9874.529988,10575.20549,29316.03357,2898.20268,2700.17321
,,,,,3468,13237.75123,9981.757462,9701.456219,28594.62596,2922.45408,2922.10512
,,,,,3469,12227.06491,9533.835975,9540.477336,28128.40373,2901.14784,2708.91208
,,,,,3470,12368.69877,9321.930264,9742.454969,28741.09771,2912.02452,2712.05768
,,,,,3471,12346.14359,9552.863993,9650.078237,28813.46157,2947.0068,2746.63962
,,,,,3472,12608.95028,9537.270126,9872.980805,28977.26613,2931.70752,2771.28343
,,,,,3473,14295.67212,9733.6799,10067.92445,28862.6817,2906.037,2787.76834
,,,,,3474,13646.63702,10345.01207,9891.524973,28108.80837,2877.8976,2780.66125
,,,,,3475,12767.43552,10196.02869,9490.055589,27757.53109,2830.2696,2780.69074
,,,,,3476,13130.62075,10057.53945,9828.540406,28212.45688,2818.23624,2748.67443
,,,,,3477,12617.49301,9907.37712,9587.724512,28407.73552,2802.35376,2760.264
,,,,,3478,11669.28974,9809.459451,9076.423412,30072.02269,2790.33984,2709.66899
,,,,,3479,10701.04216,9198.409959,8340.934209,28360.39444,2739.22236,2614.8783
,,,,,3480,9773.185144,8763.414819,7715.130696,26856.97084,2741.15664,2436.17873
,,,,,3481,9510.357125,8372.703294,7201.697462,25705.68799,2733.22512,2257.09579
,,,,,3482,9403.031557,8293.760531,7086.382633,25286.66872,2701.68372,2211.9466
,,,,,3483,9294.678921,8293.760531,7086.382633,24724.28815,2655.38736,2161.63666
,,,,,3484,9214.921185,8293.760531,7086.382633,24724.28815,2630.75688,2146.20356
,,,,,3485,9759.186669,8301.407692,7086.382633,24724.28815,2628.70596,2139.61746
,,,,,3486,11281.07804,8759.795612,7947.917391,25474.10256,2639.29104,2142.77289
,,,,,3487,12247.03324,9408.946521,8483.38072,26470.48324,2693.66472,2265.14656
,,,,,3488,12067.69598,9296.274352,8608.725821,26183.46903,2687.11344,2304.9384
,,,,,3489,12491.22643,9237.678496,9126.409991,27325.29213,2794.50972,2415.36862
,,,,,3490,12747.84602,9331.642724,9511.51698,28539.97853,2866.19472,2541.97902
,,,,,3491,13416.49466,9741.09595,10286.58279,29021.20334,2903.37372,2649.3816
,,,,,3492,13236.38775,9841.42011,9438.259476,28307.0433,2928.81096,2828.03202
,,,,,3493,12225.80533,9422.335849,9287.103878,27845.50494,2906.46468,2656.93104
,,,,,3494,12367.42463,9224.072647,9476.756393,28452.04353,2917.87596,2659.64412
,,,,,3495,12344.87177,9440.138841,9390.016692,28523.68039,2951.90568,2689.49783
,,,,,3496,12607.65144,9425.548909,9599.317256,28685.8393,2938.52124,2710.76995
,,,,,3497,14309.76731,9609.313804,9782.365015,28572.40603,2911.59684,2725.00379
,,,,,3498,13645.23151,10185.81488,9616.729818,27826.10644,2882.08692,2718.86987
,,,,,3499,12766.12039,10041.89654,9239.758978,27478.35824,2832.13584,2718.89936
,,,,,3500,13129.26828,9912.323244,9557.588708,27928.71365,2819.50956,2691.2574
,,,,,3501,12616.19329,9771.828381,9331.467928,28122.03044,2802.8592,2701.25451
,,,,,3502,11668.0875,9680.21466,8851.367545,29715.88839,2790.25236,2657.58965
,,,,,3503,10699.93946,9108.504589,8160.759508,28075.16496,2736.64656,2575.76473
,,,,,3504,9772.177831,8701.514476,7573.1439,26586.8454,2738.67804,2421.50254
,,,,,3505,9429.146026,8288.020039,6970.117711,25444.6705,2723.76756,2180.55941
,,,,,3506,9322.734505,8212.246184,6848.870914,25029.9009,2689.24212,2126.36662
,,,,,3507,9215.304664,8212.246184,6848.870914,24440.02365,2638.5912,2065.9711
,,,,,3508,8993.376789,8212.246184,6848.870914,24420.10591,2611.63764,2047.45138
,,,,,3509,9675.856392,8218.971946,6848.870914,24420.10591,2609.03268,2017.12583
,,,,,3510,11184.78645,8662.909737,7738.676654,25215.43379,2620.97856,2043.33261
,,,,,3511,12142.51501,9291.596944,8290.169738,26201.70923,2680.47468,2190.21247
,,,,,3512,11964.70509,9182.476629,8419.267199,25917.60591,2673.30132,2237.98627
,,,,,3513,12384.62851,9125.727938,8952.448883,27047.84869,2790.82584,2370.53399
,,,,,3514,12639.06257,9216.730056,9349.084524,28250.21581,2869.26624,2522.51562
,,,,,3515,13302.01662,9613.275761,10133.66625,28726.56005,2909.95416,2651.43607
,,,,,3516,13123.4436,9710.437322,9273.633967,28019.64298,2937.79224,2835.3652
,,,,,3517,12121.46789,9304.564189,9117.95334,27562.78553,2913.33672,2660.49933
,,,,,3518,12261.88108,9112.550996,9313.283336,28163.17263,2925.8172,2663.75306
,,,,,3519,12239.52029,9321.805963,9223.946975,28234.08296,2962.63656,2699.59324
,,,,,3520,12500.06197,9307.675961,9439.513209,28394.59726,2948.4162,2725.12175
,,,,,3521,14288.84085,9485.647889,9628.040729,28282.31443,2918.95488,2742.20629
,,,,,3522,13528.8054,10046.19188,9457.447038,27543.58377,2886.65532,2734.84362
,,,,,3523,12657.18131,9904.593975,9069.191111,27199.36241,2831.99976,2734.87311
,,,,,3524,13017.23642,9779.10532,9396.535466,27645.15034,2818.18764,2701.70669
,,,,,3525,12508.53108,9643.039389,9163.645482,27836.50652,2799.96264,2713.70912
,,,,,3526,11568.49991,9554.313681,8669.172702,29538.22577,2786.16996,2661.28573
,,,,,3527,10608.59718,9000.626083,7957.890462,27790.11635,2727.50976,2563.06437
,,,,,3528,9688.736913,8606.465844,7352.683856,26316.89125,2729.73564,2377.89666
,,,,,3529,9422.612862,8275.263845,6853.957137,25586.6899,2714.29056,2115.83869
,,,,,3530,9316.274873,8198.219684,6727.993902,25169.60806,2677.49064,2053.76224
,,,,,3531,9208.919268,8198.219684,6727.993902,24576.44238,2623.48632,1984.5787
,,,,,3532,8967.42729,8198.219684,6727.993902,24572.47909,2594.87064,1963.36556
,,,,,3533,9669.152748,8205.314803,6727.993902,24572.47909,2594.87064,1907.69827
,,,,,3534,11177.04011,8655.045152,7640.557616,25356.17526,2604.69756,1958.64716
,,,,,3535,12134.10686,9291.93555,8204.996725,26347.94895,2668.14,2126.89744
,,,,,3536,11956.41981,9181.391419,8337.124684,26062.26182,2660.49036,2181.62105
,,,,,3537,12376.05306,9123.902264,8882.822541,27198.80544,2785.79088,2333.4454
,,,,,3538,12630.3113,9216.091789,9288.769005,28407.87547,2869.42176,2507.5347
,,,,,3539,13292.80724,9617.811674,10081.041,28886.87522,2912.81184,2655.21079
,,,,,3540,13114.35762,9716.241011,9211.547284,28176.01726,2942.47728,2837.40001
,,,,,3541,12113.07429,9305.071994,9052.212132,27716.61293,2916.40824,2665.59127
,,,,,3542,12253.39045,9110.553388,9252.127402,28320.34705,2929.71492,2669.31684
,,,,,3543,12231.04511,9322.53874,9160.693915,28391.65268,2972.63844,2710.36692
,,,,,3544,12491.40676,9308.224368,9381.320459,28553.06181,2953.8108,2739.621
,,,,,3545,14292.66066,9488.518496,9574.273567,28440.15303,2922.39576,2759.1827
,,,,,3546,13519.43931,10055.45913,9399.675275,27697.30412,2887.96752,2750.74856
,,,,,3547,12648.41752,9912.931045,9002.305234,27351.16381,2829.6864,2750.78788
,,,,,3548,13008.22383,9785.804998,9337.333834,27799.4369,2814.9606,2712.7851
,,,,,3549,12499.87001,9647.963661,9098.976874,27991.85985,2795.54004,2726.53727
,,,,,3550,11560.48842,9558.080248,8592.896593,29672.70931,2780.82396,2666.4858
,,,,,3551,10601.249,8997.168064,7864.917359,27945.21107,2718.28548,2553.98145
,,,,,3552,9682.024368,8597.864771,7245.503831,26463.77308,2720.65716,2341.87954
,,,,,3553,9516.631543,8375.548713,6880.789205,25762.30895,2711.74392,2085.84736
,,,,,3554,9409.235355,8292.843995,6755.559939,25342.36782,2677.48092,2020.46803
,,,,,3555,9300.811424,8292.843995,6755.559939,24745.13573,2627.19936,1947.60807
,,,,,3556,9137.045134,8292.843995,6755.559939,24732.25275,2601.43164,1925.27431
,,,,,3557,9765.624816,8301.58499,6755.559939,24732.25275,2601.43164,1885.12859
,,,,,3558,11288.51759,8777.127323,7664.582071,25530.21402,2609.70336,1920.30033
,,,,,3559,12255.10838,9450.571635,8227.006527,26528.78678,2668.7718,2097.49591
,,,,,3560,12075.65311,9333.682895,8358.662881,26241.14113,2661.64704,2155.1292
,,,,,3561,12499.46225,9272.894187,8902.41298,27385.47628,2778.32592,2315.02398
,,,,,3562,12756.25069,9370.37487,9306.910499,28602.83503,2856.19284,2498.37314
,,,,,3563,13425.33931,9795.151209,10097.98574,29085.11854,2896.57944,2653.9034
,,,,,3564,13245.11388,9899.229835,9229.964405,28369.38732,2924.2134,2870.93997
,,,,,3565,12233.86651,9464.462036,9071.197968,27906.83357,2899.94256,2664.82453
,,,,,3566,12375.57899,9258.779161,9270.399681,28514.70656,2912.32584,2668.75653
,,,,,3567,12353.01129,9482.931276,9179.292547,28586.50103,2954.32596,2711.98887
,,,,,3568,12615.96387,9467.79534,9399.131608,28749.01669,2934.7596,2742.79609
,,,,,3569,14375.70936,9658.437333,9591.39601,28635.33387,2905.51212,2763.39977
,,,,,3570,13654.22666,10253.8818,9417.420911,27887.39239,2873.45556,2754.51345
,,,,,3571,12774.53709,10107.20877,9021.469203,27538.87914,2819.1888,2754.55277
,,,,,3572,13137.92393,9972.786402,9355.301985,27990.22534,2805.4836,2714.53484
,,,,,3573,12624.51134,9827.033751,9117.795793,28183.96743,2787.39468,2729.01443
,,,,,3574,11675.7817,9731.991537,8613.521864,29886.61952,2773.6992,2665.77804
,,,,,3575,10706.99662,9138.886159,7888.141007,28136.99885,2715.46668,2547.28722
,,,,,3576,9778.624526,8716.665111,7270.938351,26645.40494,2717.67312,2323.9103
,,,,,3577,9666.159376,8528.295318,6961.241116,25977.17989,2702.37384,2113.21408
,,,,,3578,9557.080222,8438.815349,6831.081642,25553.74041,2668.17888,2054.22425
,,,,,3579,9446.95722,8438.815349,6831.081642,24951.53303,2618.01396,1988.48121
,,,,,3580,9293.505343,8438.815349,6831.081642,24867.58169,2591.3034,1968.32971
,,,,,3581,9919.05453,8449.526332,6831.081642,24900.50079,2583.24552,1945.88782
,,,,,3582,11465.81199,8955.963623,7763.893243,25743.15148,2600.55684,1963.84723
,,,,,3583,12447.54986,9673.160157,8339.850496,26750.04292,2659.49892,2123.72235
,,,,,3584,12265.28242,9548.677408,8474.674705,26460.00102,2652.3936,2175.71322
,,,,,3585,12695.73292,9483.939389,9031.508267,27613.86914,2768.80032,2319.9783
,,,,,3586,12956.54539,9587.753182,9445.738619,28841.3692,2846.502,2485.40737
,,,,,3587,13636.11905,10040.12632,10244.85268,29327.67041,2886.81084,2625.73062
,,,,,3588,13453.06938,10150.96671,9366.941083,28605.97674,2914.37676,2840.29986
,,,,,3589,12425.97512,9687.952988,9204.354482,28139.56964,2890.15452,2635.59011
,,,,,3590,12569.90833,9468.90734,9408.349294,28752.50657,2902.51836,2639.12891
,,,,,3591,12546.98697,9707.622134,9315.049983,28824.89912,2932.35876,2678.13435
,,,,,3592,12814.06018,9691.502849,9540.17871,28988.76864,2924.90352,2705.92376
,,,,,3593,14584.51335,9894.53044,9737.069288,28874.13877,2895.71436,2724.52212
,,,,,3594,13868.59321,10524.09179,9558.908081,28119.96651,2863.72584,2716.50084
,,,,,3595,12975.11835,10372.45758,9153.429166,27768.54994,2809.58544,2716.54016
,,,,,3596,13344.19969,10229.30209,9495.294479,28223.65612,2795.9094,2680.43457
,,,,,3597,12822.7416,10074.0802,9252.073522,28419.01219,2777.85936,2693.49864
,,,,,3598,11859.14477,9972.863302,8735.665987,30221.99279,2764.19304,2636.44532
,,,,,3599,10875.17822,9341.225149,7992.831351,28371.65233,2706.08688,2529.53424
,,,,,3600,9932.257953,8891.573312,7360.77785,26867.63258,2708.2836,2327.98975
,,,,,3601,9881.071889,8638.541886,7070.663786,25974.0186,2687.79384,2146.0856
,,,,,3602,9769.573851,8516.02917,6931.670831,25550.63059,2650.2066,2094.23235
,,,,,3603,9657.008818,8531.217416,6931.670831,24948.4964,2595.05532,2036.44178
,,,,,3604,9464.294156,8484.73059,6931.670831,24762.48127,2565.71064,2018.72812
,,,,,3605,10139.57512,8548.253796,6931.670831,24897.47037,2545.43472,1995.25408
,,,,,3606,11720.63268,9128.752013,7893.531559,25740.01864,2575.87776,2014.78629
,,,,,3607,12724.14107,9950.830712,8483.994907,26746.78769,2640.66156,2155.3258
,,,,,3608,12537.83176,9808.14372,8622.214806,26456.78104,2632.84668,2201.02547
,,,,,3609,12977.8277,9733.938472,9193.072812,27610.50891,2760.81048,2327.8423
,,,,,3610,13244.42382,9852.933899,9617.735995,28837.85976,2846.2104,2473.25749
,,,,,3611,13939.06735,10371.46167,10435.2477,29324.10186,2890.51416,2596.60433
,,,,,3612,13751.95847,10498.51126,9536.95386,28602.49591,2920.82112,2780.11077
,,,,,3613,12702.08789,9967.786833,9370.272343,28136.1455,2894.19804,2605.26456
,,,,,3614,12849.21289,9716.70815,9579.40498,28749.00793,2907.7866,2608.3905
,,,,,3615,12825.78324,9990.332377,9483.755827,28821.39169,2929.57884,2642.67754
,,,,,3616,13098.77893,9971.855823,9714.55466,28985.24128,2929.57884,2667.10509
,,,,,3617,14921.24781,10204.57398,9916.404136,28870.62535,2900.31192,2683.45238
,,,,,3618,14176.69674,10968.00605,9733.755751,28116.54476,2865.14496,2676.39444
,,,,,3619,13263.40865,10752.39276,9318.064419,27765.1709,2805.6294,2676.43376
,,,,,3620,13640.67454,10588.30233,9668.539972,28220.22176,2790.59256,2644.69269
,,,,,3621,13107.65286,10410.38094,9419.193238,28415.55409,2770.75404,2656.17413
,,,,,3622,12122.68781,10294.36217,8889.779431,30304.39817,2755.73664,2606.02147
,,,,,3623,11116.90131,9570.353832,8128.235716,28368.19999,2691.86652,2512.04667
,,,,,3624,10153.07133,9054.945321,7480.263277,26864.36305,2694.2868,2334.89041
,,,,,3625,10384.4605,8849.237487,6857.85071,26619.18701,2679.5124,2132.58901
,,,,,3626,10267.3051,8723.730896,6728.521109,26185.29557,2639.49516,2077.81625
,,,,,3627,10149.02856,8739.290302,6728.521109,25568.22361,2580.78636,2016.76212
,,,,,3628,9923.689808,8671.139643,6728.521109,25416.39384,2557.89576,1998.05563
,,,,,3629,10656.08008,8756.743004,6728.521109,25515.93172,2557.89576,1996.83671
,,,,,3630,12317.35986,9351.427005,7645.043357,26379.38197,2560.35492,1996.83671
,,,,,3631,13371.78586,10193.59505,8209.907387,27411.127,2629.33776,2142.3502
,,,,,3632,13176.02329,10047.42118,8342.134815,27113.92585,2621.01744,2190.63516
,,,,,3633,13638.34445,9971.402562,8888.243485,28296.27545,2757.25296,2324.60823
,,,,,3634,13918.46755,10093.30591,9294.495554,29554.07448,2848.18356,2478.22164
,,,,,3635,14648.35701,10624.50508,10068.59886,30052.3793,2895.35472,2608.52812
,,,,,3636,14451.7543,10754.65941,9217.215698,29312.87172,2927.62512,2838.14709
,,,,,3637,13348.61372,10210.96554,9057.760595,28834.95207,2899.27188,2617.68968
,,,,,3638,13503.20378,9953.751178,9257.826366,29463.01841,2913.74496,2620.98273
,,,,,3639,13478.58532,10234.06203,9166.324046,29537.19787,2979.59796,2657.20628
,,,,,3640,13765.4327,10215.13396,9387.116681,29705.11226,2939.93064,2683.01003
,,,,,3641,15654.1687,10453.53912,9580.215049,29587.65292,2905.78428,2700.28134
,,,,,3642,14898.04362,11260.4476,9405.485316,28814.86506,2868.34284,2692.8302
,,,,,3643,13938.41566,11014.74508,9007.816127,28454.77431,2804.98788,2692.86952
,,,,,3644,14334.82387,10846.64473,9343.096943,28921.11409,2788.96932,2659.33939
,,,,,3645,13774.75689,10664.37543,9104.560543,29121.29224,2767.84776,2671.46961
,,,,,3646,12739.8151,10545.52148,8598.099274,31006.3275,2751.85836,2618.48591
,,,,,3647,11682.99541,9803.820362,7869.572003,29072.76337,2683.85724,2519.21274
,,,,,3648,10670.26109,9275.816681,7249.692168,27531.61918,2686.43304,2332.04954
,,,,,3649,10492.19541,8764.153157,6895.835479,26568.42288,2689.75728,2106.08733
,,,,,3650,10373.82743,8639.852456,6768.866397,26135.35794,2646.69768,2044.56136
,,,,,3651,10254.32671,8655.262364,6768.866397,25519.46141,2583.5274,1976.00694
,,,,,3652,10126.67692,8625.051703,6768.866397,25375.02358,2549.8962,1954.98057
,,,,,3653,10766.6263,8672.547377,6768.866397,25467.26913,2549.32272,1924.60587
,,,,,3654,12445.1006,9261.51755,7673.998561,26329.07462,2561.55048,1950.30149
,,,,,3655,13510.44009,10095.5939,8232.383267,27358.85433,2635.76268,2117.04778
,,,,,3656,13312.65134,9950.824494,8363.093968,27062.2193,2626.81056,2171.27989
,,,,,3657,13779.7576,9875.536273,8902.938448,28242.3167,2773.4076,2321.73787
,,,,,3658,14062.78002,9996.268353,9304.530566,29497.71981,2871.24912,2494.2642
,,,,,3659,14800.22396,10522.36367,10074.78499,29995.07543,2922.00696,2640.61324
,,,,,3660,14601.58638,10651.26745,9228.137156,29256.9765,2956.7268,2854.90724
,,,,,3661,13487.02811,10112.79748,9070.511098,28779.96722,2926.22544,2650.89542
,,,,,3662,13643.2182,9858.054487,9268.281995,29406.83719,2941.78716,2654.5915
,,,,,3663,13618.34494,10135.67206,9177.829261,29480.87535,2990.9412,2695.27787
,,,,,3664,13908.16124,10116.92586,9396.089275,29648.46988,2969.97516,2724.25671
,,,,,3665,15743.4934,10353.04037,9586.97269,29531.23429,2933.22384,2743.6513
,,,,,3666,15052.49487,11124.29054,9414.24721,28759.91848,2892.94416,2735.28597
,,,,,3667,14082.9346,10908.85417,9021.139522,28400.51364,2824.76808,2735.32529
,,,,,3668,14483.4457,10742.36896,9352.574468,28865.96512,2807.53452,2697.66656
,,,,,3669,13917.58193,10561.85093,9116.774222,29065.76195,2784.80916,2711.29094
,,,,,3670,12871.92833,10444.13895,8616.122364,30942.52998,2767.60476,2651.78995
,,,,,3671,11804.17038,9709.564232,7895.951731,29017.32553,2694.4326,2540.28826
,,,,,3672,10780.95408,9186.633703,7283.182284,27479.11699,2697.2028,2330.09337
,,,,,3673,10382.96536,8651.713982,6865.621146,26675.25809,2692.07064,2095.69702
,,,,,3674,10265.82678,8555.740671,6732.337689,26240.45374,2644.65648,2031.24171
,,,,,3675,10147.56724,8555.740671,6732.337689,25622.08347,2575.09044,1959.40407
,,,,,3676,10079.91988,8555.740671,6732.337689,25431.63193,2538.06696,1937.38487
,,,,,3677,10654.54592,8566.859447,6732.337689,25569.68156,2530.43676,1900.08002
,,,,,3678,12315.58707,9112.423168,7664.584171,26434.94849,2550.88764,1932.4797
,,,,,3679,13369.86162,9885.029012,8237.894244,27468.8643,2632.6134,2107.18829
,,,,,3680,13174.12717,9750.928951,8372.098782,27171.03785,2622.75732,2164.00569
,,,,,3681,13636.38192,9681.189389,8926.373058,28355.8751,2784.18708,2321.6494
,,,,,3682,13916.46478,9793.023648,9338.699549,29616.32053,2891.91384,2502.41327
,,,,,3683,14646.2494,10280.34632,10120.23668,30115.67378,2947.80384,2655.76127
,,,,,3684,14449.67493,10399.75004,9260.264179,29374.61028,2986.0326,2872.84699
,,,,,3685,13346.6928,9900.96471,9098.424848,28895.68509,2952.45,2666.52512
,,,,,3686,13501.26066,9664.995991,9301.482071,29525.07288,2969.59608,2670.40797
,,,,,3687,13476.64573,9922.153459,9208.611576,29599.40841,3015.26064,2713.03085
,,,,,3688,13763.45191,9904.788827,9432.70558,29767.67608,3000.62232,2743.39572
,,,,,3689,15545.22869,10123.50196,9628.691222,29649.96962,2960.15796,2763.71433
,,,,,3690,14895.90014,10803.06947,9451.348869,28875.55582,2915.8056,2754.9558
,,,,,3691,13936.41002,10638.3529,9047.733592,28514.70744,2840.72832,2754.99512
,,,,,3692,14332.7613,10484.13747,9388.027643,28982.0284,2821.7646,2715.5375
,,,,,3693,13772.77476,10316.92342,9145.924565,29182.62771,2796.7356,2729.81066
,,,,,3694,12737.98164,10207.88668,8631.890511,31102.45505,2777.7816,2667.4688
,,,,,3695,11681.31375,9527.449304,7892.470047,29133.99674,2697.21252,2550.64908
,,,,,3696,10668.72489,9043.058178,7263.321553,27589.61,2700.2646,2330.40793
,,,,,3697,10210.06871,8670.535604,6939.219142,27098.34994,2693.95632,2097.36812
,,,,,3698,10094.87612,8568.968826,6787.933291,26656.65716,2643.4026,2032.22471
,,,,,3699,9978.581178,8568.968826,6787.933291,26028.49029,2569.239,1959.63016
,,,,,3700,9864.867207,8568.968826,6787.933291,25849.28762,2529.76608,1937.37504
,,,,,3701,10477.13758,8581.713972,6787.933291,25975.2582,2524.25484,1895.60737
,,,,,3702,12110.58438,9152.783748,7746.708362,26854.23322,2543.44212,1932.42072
,,,,,3703,13147.34459,9961.510261,8326.136557,27904.52895,2630.5722,2108.97735
,,,,,3704,12954.86182,9821.140788,8461.773269,27601.98415,2620.06488,2166.39438
,,,,,3705,13409.43727,9748.14078,9021.962526,28805.59231,2792.14776,2325.70919
,,,,,3706,13684.86721,9865.203486,9438.689191,30086.00648,2907.009,2508.38991
,,,,,3707,14402.52814,10375.30934,10267.33448,30593.27079,2966.58288,2663.35003
,,,,,3708,14209.2193,10500.29539,9359.416791,29840.46691,3007.33884,2877.19185
,,,,,3709,13124.56067,9978.190981,9195.85038,29353.9543,2971.54008,2674.24167
,,,,,3710,13276.56074,9731.190313,9401.074543,29993.31323,2989.81368,2678.15401
,,,,,3711,13252.35474,10000.37034,9307.212974,30068.82643,3041.65044,2721.22907
,,,,,3712,13534.39629,9982.193882,9533.698415,30239.75991,3022.89084,2751.91833
,,,,,3713,15326.91036,10211.13224,9731.775532,30120.18866,2979.7632,2772.4532
,,,,,3714,14648.03152,10918.86574,9552.540656,29333.50613,2932.46568,2763.59637
,,,,,3715,13704.4811,10750.05335,9144.618168,28966.94097,2852.4312,2763.63569
,,,,,3716,14094.24792,10588.62808,9488.543694,29441.66551,2832.2136,2723.76521
,,,,,3717,13543.56427,10413.59648,9243.856993,29645.44284,2805.5322,2738.19565
,,,,,3718,12525.96183,10299.46209,8724.337386,31572.79002,2785.33404,2675.18535
,,,,,3719,11486.84804,9587.213079,7977.02614,29596.04143,2699.4384,2557.12705
,,,,,3720,10491.081,9080.175823,7341.16364,28027.18757,2702.6946,2334.55619
,,,,,3721,9939.168919,8870.901883,7077.000067,27410.3918,2692.8774,2099.17684
,,,,,3722,9827.025362,8764.506443,6930.852752,26963.61862,2639.47572,2032.95213
,,,,,3723,9713.808633,8764.506443,6930.852752,26328.22649,2561.11308,1959.15832
,,,,,3724,9602.74732,8764.506443,6930.852752,26309.11317,2519.40456,1936.52966
,,,,,3725,10199.16875,8778.655581,6930.852752,26309.11317,2516.69268,1887.09459
,,,,,3726,11789.37986,9371.743922,7900.450958,27163.46722,2533.84848,1931.4967
,,,,,3727,12798.69808,10211.65226,8491.332734,28225.84359,2625.9066,2110.97284
,,,,,3728,12611.31013,10065.8706,8629.650582,27919.81888,2614.80636,2169.34338
,,,,,3729,13053.85343,9990.055955,9200.913122,29137.27111,2796.62868,2331.30246
,,,,,3730,13321.99301,10111.63221,9625.877239,30432.41277,2917.98288,2517.01082
,,,,,3731,14020.65819,10641.40607,10435.66315,30945.5117,2980.9296,2674.53657
,,,,,3732,13832.46604,10771.21116,9545.037859,30184.04897,3023.9892,2882.42141
,,,,,3733,12776.51722,10228.97613,9378.238224,29691.94043,2986.16868,2685.60515
,,,,,3734,12924.494,9972.451934,9587.519061,30338.65335,3005.4726,2689.5863
,,,,,3735,12900.92871,10252.01065,9491.802127,30415.03511,3064.01616,2733.37895
,,,,,3736,13175.50491,10233.13337,9722.764514,30587.93469,3040.42572,2764.56954
,,,,,3737,14934.16975,10470.89884,9924.75703,30466.98812,2994.84864,2785.44846
,,,,,3738,14259.66334,11202.94714,9741.979211,29671.25706,2944.88784,2776.44418
,,,,,3739,13341.08775,11030.59896,9325.993303,29300.47561,2860.32384,2776.4835
,,,,,3740,13720.53783,10862.94967,9676.717218,29780.6605,2838.95928,2735.95441
,,,,,3741,13184.43022,10681.16943,9427.193786,29986.78171,2810.76156,2750.62077
,,,,,3742,12193.7627,10562.63439,8897.404814,31762.49411,2789.42616,2686.56849
,,,,,3743,11182.15319,9822.923413,8135.321437,29936.81208,2698.67052,2566.55402
,,,,,3744,10212.74311,9296.336476,7486.889817,28349.91305,2702.1114,2340.29691
,,,,,3745,9711.51176,9012.424895,7157.301435,27443.90152,2685.0528,2100.49406
,,,,,3746,9601.93053,8907.149239,7017.320037,26996.58276,2631.08736,2032.22471
,,,,,3747,9491.300648,8907.149239,7017.320037,26363.5315,2551.90824,1956.14051
,,,,,3748,9452.94931,8907.149239,7017.320037,26363.5315,2512.58112,1932.82375
,,,,,3749,9965.570954,8920.972787,7017.320037,26363.5315,2512.58112,1879.95801
,,,,,3750,11519.44791,9508.954942,7985.239832,27196.6754,2524.37148,1927.63351
,,,,,3751,12505.70458,10341.6321,8579.341696,28260.3491,2617.38216,2112.65377
,,,,,3752,12322.59819,10197.10555,8718.413326,27953.95068,2606.16528,2172.83303
,,,,,3753,12755.02999,10121.94363,9292.789038,29172.88961,2789.883,2339.79558
,,,,,3754,13017.04295,10242.47318,9720.069054,30469.61284,2912.5008,2531.24466
,,,,,3755,13699.74458,10767.68595,10511.54036,30983.33834,2976.10848,2693.64609
,,,,,3756,13515.85236,10896.37349,9638.789128,30220.94574,3019.6152,2905.37446
,,,,,3757,12484.03053,10358.80682,9471.080496,29728.23626,2981.39616,2705.05872
,,,,,3758,12628.62625,10104.49117,9681.501838,30375.73892,3000.9042,2709.15783
,,,,,3759,12605.59939,10381.64303,9585.263281,30452.21396,3069.92592,2754.30702
,,,,,3760,12873.9019,10362.92827,9817.484328,30625.32467,3036.21696,2786.47078
,,,,,3761,14556.39398,10598.6467,10020.57763,30504.23041,2990.17332,2807.98865
,,,,,3762,13933.28878,11325.05631,9836.803739,29707.52764,2939.67792,2798.70913
,,,,,3763,13035.70139,11153.5281,9418.55086,29336.29341,2854.23912,2798.74845
,,,,,3764,13406.48156,10987.32218,9771.186091,29817.06468,2832.651,2756.96112
,,,,,3765,12882.62327,10807.10697,9520.302848,30023.43759,2804.1714,2772.07966
,,,,,3766,11914.59115,10689.59246,8987.626721,31760.32823,2782.60272,2706.05155
,,,,,3767,10926.09554,9956.250011,8221.390268,29973.40694,2690.90424,2582.32134
,,,,,3768,9978.83515,9434.196715,7569.424934,28384.57007,2694.37428,2349.0751
,,,,,3769,9504.813768,9025.472557,7124.262399,27349.73604,2672.77644,2112.6636
,,,,,3770,9397.558965,8916.329707,6971.086672,26903.9504,2620.09404,2043.38176
,,,,,3771,9289.277774,8916.329707,6971.086672,26269.96275,2542.8006,1966.16711
,,,,,3772,9265.828395,8916.329707,6971.086672,26255.31704,2504.0664,1942.49647
,,,,,3773,9753.479243,8931.277689,6971.086672,26255.31704,2504.0664,1892.43228
,,,,,3774,11274.36714,9536.894145,7953.188547,27103.35726,2515.91508,1937.22759
,,,,,3775,12239.68542,10394.54431,8547.999189,28163.38536,2606.71932,2125.01008
,,,,,3776,12060.46641,10245.68323,8687.236734,27858.03708,2595.76488,2186.08387
,,,,,3777,12483.71761,10168.26711,9262.29769,29072.79825,2775.11832,2355.53341
,,,,,3778,12740.16799,10292.41148,9690.087461,30365.07714,2894.82012,2549.82336
,,,,,3779,13408.37575,10833.37603,10517.63349,30877.04191,2956.9212,2714.64297
,,,,,3780,13228.38759,10965.92307,9608.710567,30117.26232,2999.3976,2934.39262
,,,,,3781,12218.47151,10412.23412,9440.801854,29626.24153,2962.08252,2726.22271
,,,,,3782,12359.99744,10150.29123,9651.474233,30271.52496,2981.124,2730.39063
,,,,,3783,12337.45944,10435.75521,9555.120862,30347.73789,3047.72544,2776.20826
,,,,,3784,12600.06585,10416.47918,9787.618955,30520.25529,3015.61056,2808.84386
,,,,,3785,14248.01035,10659.26708,9990.95455,30399.57606,2970.64584,2830.68612
,,,,,3786,13636.96178,11405.15002,9806.961413,29605.60388,2921.36544,2821.26898
,,,,,3787,12758.43031,11230.79005,9388.209549,29235.64201,2837.9484,2821.3083
,,,,,3788,13121.33876,11059.59941,9741.265483,29714.7655,2816.87544,2778.90168
,,,,,3789,12608.60206,10873.97934,9490.08293,29920.4311,2789.06652,2794.24631
,,,,,3790,11661.12142,10752.94042,8956.771307,31686.27504,2768.013,2727.22537
,,,,,3791,10693.61174,9997.604138,8189.620716,29870.57192,2678.4918,2601.66678
,,,,,3792,9766.461839,9459.893828,7536.877571,28287.18057,2681.88408,2364.94072
,,,,,3793,9361.003601,8920.308231,7073.160885,27176.09035,2668.49964,2137.312966
,,,,,3794,9255.367411,8793.794363,6942.737933,26733.13187,2624.24448,2068.591436
,,,,,3795,9148.720321,8809.478644,6942.737933,26143.32308,2559.29544,1992.005906
,,,,,3796,9139.401046,8737.896853,6942.737933,26143.32308,2524.73112,1968.522036
,,,,,3797,9605.916397,8827.071416,6942.737933,26143.32308,2504.91204,1932.052736
,,,,,3798,11103.85215,9426.528165,7864.535875,26931.27409,2536.70616,1963.292476
,,,,,3799,12054.60254,10275.45519,8432.401018,27984.57953,2612.99844,2149.561146
,,,,,3800,11878.08817,10128.10817,8565.330968,27681.16776,2603.7936,2210.143436
,,,,,3801,12294.95197,10051.47945,9114.341104,28888.22496,2754.49248,2378.216776
,,,,,3802,12547.53218,10174.36116,9522.751584,30172.30826,2855.06532,2570.943756
,,,,,3803,13205.65584,10709.82357,10298.63762,30681.02617,2907.24228,2734.426486
,,,,,3804,13028.38393,10841.02248,9445.061142,29926.06507,2942.9244,2949
,,,,,3805,12033.70878,10292.96508,9284.758857,29438.15832,2911.5774,2745.917756
,,,,,3806,12173.09889,10033.6864,9485.887573,30079.34939,2927.57652,2750.046356
,,,,,3807,12150.90103,10316.24694,9393.899103,30155.07898,2955.69648,2795.490446
,,,,,3808,12409.54436,10297.16696,9615.864806,30326.50227,2955.69648,2827.870466
,,,,,3809,14030.90486,10537.48548,9809.989103,30206.58839,2918.7702,2849.535786
,,,,,3810,13430.79221,11352.06115,9634.331033,29417.65156,2877.363,2840.187456
,,,,,3811,12565.51891,11103.19551,9234.549034,29050.03597,2807.2818,2840.236606
,,,,,3812,12922.9506,10933.74604,9571.611192,29526.12088,2789.57196,2798.174036
,,,,,3813,12417.95176,10750.0139,9331.807452,29730.48215,2766.20508,2813.390876
,,,,,3814,11484.76981,10630.20607,8822.655363,31363.30268,2748.51468,2746.910586
,,,,,3815,10531.86109,9882.55229,8090.257438,29680.93918,2673.30132,2622.364486
,,,,,3816,9618.703068,9350.311016,7467.084191,28107.58964,2676.14928,2387.555276
,,,,,3817,9387.779419,8912.274931,6973.371239,26767.54736,2648.214,2168.221905
,,,,,3818,9281.841862,8785.874918,6851.235673,26332.66362,2602.044,2101.594165
,,,,,3819,9174.89052,8801.545084,6851.235673,25776.69949,2534.28588,2027.348175
,,,,,3820,9121.754072,8757.541806,6851.235673,25776.69949,2498.22468,2004.581895
,,,,,3821,9633.39092,8819.122023,6851.235673,25776.69949,2449.46916,1983.319605
,,,,,3822,11135.6001,9418.039298,7733.044934,26527.19389,2510.71488,1999.519445
,,,,,3823,12089.06287,10266.20234,8278.162252,27561.29849,2590.31196,2180.086715
,,,,,3824,11912.04493,10118.98793,8405.767227,27263.41765,2580.7086,2238.811135
,,,,,3825,12330.09798,10042.42817,8932.784841,28448.47125,2737.9296,2401.753215
,,,,,3826,12583.39878,10165.19929,9324.83501,29709.14683,2842.857,2588.592025
,,,,,3827,13243.39998,10700.17981,10087.20827,30208.59126,2897.289,2747.081115
,,,,,3828,13065.62234,10831.26065,9250.256731,29467.39244,2931.97968,2949
,,,,,3829,12068.1095,10283.69647,9096.375915,28988.3798,2901.8088,2758.218505
,,,,,3830,12207.89728,10024.65113,9289.447716,29617.88252,2918.50776,2762.219315
,,,,,3831,12185.63608,10306.95738,9201.144166,29692.23162,2931.97968,2806.277375
,,,,,3832,12445.0173,10287.89457,9414.218257,29860.53002,2931.97968,2837.664565
,,,,,3833,14099.21715,10527.99682,9600.566225,29742.80206,2909.32236,2858.661445
,,,,,3834,13469.17863,11320.42468,9431.944754,28968.24686,2866.11696,2849.608015
,,,,,3835,12601.43682,11093.19774,9048.177422,28607.33259,2793.00312,2849.657165
,,,,,3836,12959.88822,10923.90077,9371.737375,29074.73888,2774.5254,2808.872495
,,,,,3837,12453.44868,10740.33398,9141.539814,29275.37482,2750.14764,2823.627325
,,,,,3838,11517.60448,10620.63396,8652.783593,30832.49466,2731.69908,2759.181845
,,,,,3839,10561.97722,9873.653028,7949.72443,29226.73497,2653.22952,2638.439955
,,,,,3840,9646.214071,9341.890739,7351.514568,27682.06623,2656.20384,2410.806645
,,,,,3841,9499.120486,9005.706254,6845.511746,26420.52146,2642.19732,2213.94209
,,,,,3842,9391.929763,8904.196511,6716.411271,25989.86453,2591.51724,2154.02824
,,,,,3843,9283.713263,8904.196511,6716.411271,25377.39263,2517.15924,2087.25305
,,,,,3844,9187.140061,8904.196511,6716.411271,25366.31495,2477.58912,2066.78699
,,,,,3845,9747.637397,8916.925073,6716.411271,25366.31495,2410.8516,2056.68175
,,,,,3846,11267.61664,9487.734771,7631.827931,26182.50408,2491.29432,2062.22587
,,,,,3847,12232.3582,10296.09297,8196.06304,27206.55781,2578.64796,2224.61747
,,,,,3848,12053.24626,10155.78743,8328.143246,26911.57219,2568.11148,2277.43406
,,,,,3849,12476.24459,10082.82066,8873.643877,28085.10779,2740.6512,2423.9797
,,,,,3850,12732.54175,10199.83006,9279.443624,29333.53036,2855.80404,2592.00389
,,,,,3851,13400.3503,10709.7036,10053.17333,29828.1205,2915.54316,2734.53889
,,,,,3852,13220.46967,10834.63273,9202.249812,29094.12568,2948.1246,2949
,,,,,3853,12211.15697,10312.76609,9042.972247,28619.76876,2920.50036,2744.55566
,,,,,3854,12352.59834,10065.87792,9242.815264,29243.15309,2938.82256,2748.15344
,,,,,3855,12330.07381,10334.93535,9151.414823,29316.77956,2948.1246,2787.77817
,,,,,3856,12592.52332,10316.76717,9371.961627,29483.44221,2948.1246,2816.0001
,,,,,3857,14289.31072,10545.60127,9564.844999,29366.85849,2928.74292,2834.89336
,,,,,3858,13628.79976,11253.04756,9390.30981,28599.8315,2881.32876,2826.74429
,,,,,3859,12750.79317,11084.27694,8993.083387,28242.42509,2801.09016,2826.78361
,,,,,3860,13113.48479,10922.92519,9327.990901,28705.28848,2780.81424,2790.10788
,,,,,3861,12601.05444,10747.9733,9089.720088,28903.97436,2754.0648,2803.37838
,,,,,3862,11654.13986,10633.89089,8583.822714,30628.01057,2733.80832,2745.4207
,,,,,3863,10687.20821,9921.966253,7856.106586,28855.80726,2647.69884,2636.83852
,,,,,3864,9760.612236,9415.159914,7236.916926,27326.15176,2650.95504,2432.11894
,,,,,3865,9611.844785,8939.079336,6907.760799,26513.73333,2652.588,2218.36559
,,,,,3866,9503.385327,8839.776429,6776.213481,26081.5588,2594.53044,2160.03437
,,,,,3867,9393.887951,8839.776429,6776.213481,25466.9286,2509.33464,2095.01875
,,,,,3868,9263.566526,8839.776429,6776.213481,25454.3563,2464.00056,2075.09334
,,,,,3869,9863.3032,8851.863326,6776.213481,25454.3563,2411.21124,2054.79439
,,,,,3870,11401.27328,9412.609911,7703.436766,26274.87719,2479.69836,2070.66001
,,,,,3871,12377.43374,10206.71713,8274.388151,27302.5396,2579.7852,2228.7559
,,,,,3872,12196.20179,10068.8851,8408.040551,27006.51448,2567.71296,2280.17663
,,,,,3873,12624.20683,9997.204713,8960.034456,28184.18552,2765.37888,2422.84925
,,,,,3874,12883.53759,10112.15128,9370.664571,29437.00743,2897.30844,2586.43028
,,,,,3875,13559.25047,10613.03599,10148.38392,29933.34046,2965.74696,2725.20039
,,,,,3876,13377.24074,10735.76267,9292.551896,29196.75911,3012.55848,2939.96623
,,,,,3877,12355.98157,10223.09631,9131.378397,28720.73059,2971.43316,2734.95175
,,,,,3878,12499.09707,9980.560658,9333.600211,29346.31167,2992.42836,2738.46106
,,,,,3879,12476.30593,10244.87474,9241.111801,29420.1976,3013.0542,2777.03398
,,,,,3880,12741.86186,10227.02685,9464.283847,29587.44755,3013.0542,2804.51866
,,,,,3881,14474.83978,10451.8267,9659.463173,29470.45301,2980.881,2822.90076
,,,,,3882,13790.40391,11148.16044,9482.850434,28700.72307,2926.55592,2814.97778
,,,,,3883,12902.00503,10981.00577,9080.895694,28342.05719,2834.63388,2815.0171
,,,,,3884,13268.98956,10822.49858,9419.789722,28806.55167,2811.39336,2779.30471
,,,,,3885,12750.49395,10650.63101,9178.682693,29005.93771,2780.75592,2792.22133
,,,,,3886,11792.37148,10538.55982,8666.763456,30736.08416,2757.54456,2735.79713
,,,,,3887,10813.995,9839.186091,7930.385083,28957.60087,2658.88656,2630.08531
,,,,,3888,9876.431613,9341.314515,7303.825005,27422.55499,2662.62876,2430.77223
,,,,,3889,9654.813263,8894.540109,7041.113663,26546.35202,2694.20904,2185.67101
,,,,,3890,9545.870186,8798.865884,6911.973083,26113.64642,2636.85132,2122.68037
,,,,,3891,9435.884564,8798.865884,6911.973083,25505.46403,2552.68584,2052.48434
,,,,,3892,9355.092318,8798.865884,6911.973083,25505.46403,2507.89608,2030.95664
,,,,,3893,9907.392927,8809.897697,6911.973083,25505.46403,2480.53428,1990.94854
,,,,,3894,11452.22079,9354.097594,7827.583264,26307.20237,2523.4092,2026.16943
,,,,,3895,12432.73393,10124.77204,8391.928459,27336.1276,2622.28104,2196.89687
,,,,,3896,12250.69387,9991.007212,8524.034434,27039.73872,2610.36432,2252.42654
,,,,,3897,12680.60738,9921.441988,9069.641496,28218.85692,2805.64884,2406.4823
,,,,,3898,12941.09449,10032.99668,9475.520417,29473.21834,2935.99404,2583.13723
,,,,,3899,13619.82036,10519.10112,10249.31552,29970.16128,3003.60636,2732.98575
,,,,,3900,13436.99905,10638.20635,9398.311544,29232.6748,3049.85412,2940.29062
,,,,,3901,12411.1861,10140.66791,9239.002903,28756.06132,3009.22452,2743.51368
,,,,,3902,12554.93975,9905.289071,9438.88491,29382.41113,3029.967,2747.29823
,,,,,3903,12532.047,10161.80369,9347.466636,29456.38786,3065.3964,2788.95777
,,,,,3904,12798.78703,10144.48246,9568.056471,29623.84333,3065.3964,2818.63454
,,,,,3905,14503.30982,10362.64885,9760.977475,29506.70502,3018.55572,2838.49114
,,,,,3906,13852.00451,11040.7103,9586.408233,28736.02921,2964.8916,2829.92921
,,,,,3907,12959.64428,10876.21274,9189.104309,28376.92259,2874.06792,2829.96853
,,,,,3908,13328.26518,10722.38282,9524.077165,28841.98786,2851.10928,2791.40544
,,,,,3909,12807.45761,10555.58678,9285.759864,29041.61891,2820.8412,2805.35421
,,,,,3910,11845.06288,10446.82262,8779.763787,30733.59424,2797.91172,2744.42787
,,,,,3911,10862.32384,9768.08623,8051.905677,28993.22267,2700.43956,2630.26225
,,,,,3912,9920.579879,9284.906006,7432.59521,27456.29048,2704.13316,2415.0344
,,,,,3913,9617.393333,8996.582589,7038.058587,26585.89888,2738.69748,2158.55004
,,,,,3914,9508.871426,8904.873256,6905.92429,26152.54941,2680.80516,2091.68638
,,,,,3915,9399.311002,8904.873256,6905.92429,25536.24823,2595.86208,2017.16515
,,,,,3916,9390.900581,8904.873256,6905.92429,25518.39941,2550.64464,1994.32023
,,,,,3917,9868.996537,8914.752228,6905.92429,25518.39941,2547.5148,1941.75922
,,,,,3918,11407.85217,9440.872329,7835.979894,26346.39338,2566.31328,1989.23812
,,,,,3919,12384.57469,10185.94288,8408.542463,27376.84966,2666.0988,2170.464
,,,,,3920,12203.23839,10056.62208,8542.57202,27080.01974,2654.06544,2229.40468
,,,,,3921,12631.48987,9989.368003,9096.123613,28260.89248,2851.1676,2392.94639
,,,,,3922,12890.96995,10097.21654,9507.912496,29517.12041,2982.71808,2580.46347
,,,,,3923,13567.0719,10567.17128,10286.58892,30014.8028,3050.9622,2739.53253
,,,,,3924,13384.95737,10682.31951,9429.579393,29276.21893,3097.63764,2945.84457
,,,,,3925,12363.11017,10201.31064,9267.951074,28798.89625,3056.63868,2750.70924
,,,,,3926,12506.30807,9973.75173,9470.743544,29426.17808,3077.56584,2754.72971
,,,,,3927,12483.50382,10221.74423,9377.994137,29500.26488,3140.79444,2798.94505
,,,,,3928,12749.21264,10204.99847,9601.795959,29667.96952,3115.4544,2830.44037
,,,,,3929,14400.29381,10415.91678,9797.526067,29550.65691,3066.04764,2851.52572
,,,,,3930,13798.35844,11074.01295,9620.41494,28778.83433,3011.8878,2842.43297
,,,,,3931,12909.44802,10912.41868,9217.325912,28419.19336,2920.21848,2842.47229
,,,,,3932,13276.64386,10763.69941,9557.176275,28884.95064,2897.05572,2801.55
,,,,,3933,12757.84971,10602.44479,9315.388859,29084.87875,2866.49604,2816.35398
,,,,,3934,11799.17555,10497.29406,8802.025023,30826.70079,2843.36244,2751.68241
,,,,,3935,10820.23573,9841.107139,8063.568644,29036.4105,2744.9766,2630.48834
,,,,,3936,9882.132508,9373.979472,7435.240458,27497.19134,2748.70908,2402.02931
,,,,,3937,9504.934467,9054.627177,7021.097962,26754.82345,2786.00472,2156.93621
,,,,,3938,9397.678307,8960.260217,6893.202423,26318.72369,2730.61044,2088.95193
,,,,,3939,9314.406226,8960.260217,6893.202423,25730.84443,2649.34152,2013.18229
,,,,,3940,9314.406226,8960.260217,6893.202423,25730.84443,2606.08752,1989.954
,,,,,3941,9753.603093,8970.911927,6893.202423,25730.84443,2600.95536,1936.02662
,,,,,3942,11274.51025,9509.150733,7802.80497,26513.7979,2621.07576,1984.78342
,,,,,3943,12239.84076,10271.38332,8363.732681,27550.79407,2716.5456,2169.04677
,,,,,3944,12060.61948,10139.08373,8495.038667,27252.0803,2705.03712,2228.98028
,,,,,3945,12483.87604,10070.28051,9037.341718,28440.44755,2893.60512,2395.25473
,,,,,3946,12740.32966,10180.61325,9440.762774,29704.64824,3019.4694,2585.90758
,,,,,3947,13408.54589,10661.39297,10212.5278,30205.48922,3084.75864,2747.64057
,,,,,3948,13228.55546,10779.19354,9364.021452,29462.21786,3129.41232,2949
,,,,,3949,12218.62659,10287.10506,9205.67753,28981.8658,3090.1824,2759.00405
,,,,,3950,12360.1543,10054.30453,9404.349119,29613.12873,3110.2056,2763.09333
,,,,,3951,12337.61602,10308.00932,9313.484444,29687.68573,3168.12708,2808.04592
,,,,,3952,12600.22575,10290.87783,9532.738461,29856.45473,3146.4612,2840.07206
,,,,,3953,14198.74944,10506.65446,9724.491201,29738.39758,3099.19284,2861.50146
,,,,,3954,13637.13481,11178.13316,9550.979092,28961.67656,3047.3658,2852.26126
,,,,,3955,12758.59222,11014.59284,9156.081105,28599.7531,2959.67196,2852.31041
,,,,,3956,13121.50526,10862.44795,9489.025479,29068.46635,2937.51036,2810.69019
,,,,,3957,12608.76208,10697.47897,9252.151347,29269.66332,2908.2726,2825.74975
,,,,,3958,11661.26943,10589.9062,8749.21941,30906.06231,2886.13044,2759.98705
,,,,,3959,10693.74749,9918.604595,8025.768962,29220.88746,2792.01168,2636.77783
,,,,,3960,9766.585852,9440.71706,7410.208829,27671.8995,2795.57892,2404.4851
,,,,,3961,9377.544552,9009.47625,6999.436126,26661.64903,2840.32008,2181.168015
,,,,,3962,9271.722191,8906.34157,6887.749652,26245.45128,2793.55716,2115.867325
,,,,,3963,9192.783189,8906.34157,6887.749652,25717.96312,2724.93396,2043.086005
,,,,,3964,9192.783189,8906.34157,6887.749652,25717.96312,2688.6006,2020.771905
,,,,,3965,9622.888978,8919.542603,6887.749652,25717.96312,2688.6006,1973.135725
,,,,,3966,11123.46467,9497.761968,7719.1929,26431.62301,2701.06164,2015.807755
,,,,,3967,12075.89065,10316.61345,8235.667124,27421.29442,2781.67932,2192.806735
,,,,,3968,11899.0652,10174.4866,8356.567118,27136.21286,2771.9496,2250.371215
,,,,,3969,12316.66367,10100.57266,8855.892684,28270.34733,2931.18264,2410.089055
,,,,,3970,12569.68903,10219.10095,9227.342646,29476.85446,3037.4514,2593.231785
,,,,,3971,13228.97255,10735.59314,9972.702126,29954.83886,3092.58324,2748.585105
,,,,,3972,13051.38822,10862.14397,9156.683069,29245.48772,3130.28712,2949
,,,,,3973,12054.96007,10333.503,9010.887893,28787.0572,3097.16136,2759.496405
,,,,,3974,12194.59584,10083.40998,9193.814771,29389.51157,3114.07416,2763.428405
,,,,,3975,12172.35885,10355.96004,9110.151116,29460.66606,3168.65196,2806.611595
,,,,,3976,12431.45802,10337.55602,9312.029265,29621.73305,3144.68244,2837.379495
,,,,,3977,14010.68284,10569.3606,9488.585612,29509.0636,3104.77212,2857.963515
,,,,,3978,13454.50569,11284.98929,9328.824327,28767.78933,3061.01268,2849.087025
,,,,,3979,12587.70745,11115.02881,8965.221982,28422.38274,2986.96572,2849.126345
,,,,,3980,12945.76907,10951.58255,9271.780534,28869.70562,2968.245,2809.147735
,,,,,3981,12439.88023,10774.35962,9053.678663,29061.72068,2943.56592,2823.617495
,,,,,3982,11505.05366,10658.79631,8590.604052,30569.82037,2924.87436,2760.449915
,,,,,3983,10550.46554,9937.630198,7924.487009,29015.17078,2845.39392,2642.086885
,,,,,3984,9635.698185,9424.245018,7357.70998,27536.87304,2848.40712,2418.955715
,,,,,3985,9222.218421,9025.916983,6886.223875,26111.89343,2883.438,2218.5327
,,,,,3986,9118.144287,8922.50818,6780.061305,25696.47792,2841.92388,2157.43925
,,,,,3987,9068.390289,8922.50818,6780.061305,25170.18182,2781.01836,2089.35667
,,,,,3988,9068.390289,8922.50818,6780.061305,25170.18182,2748.59244,2068.48758
,,,,,3989,9463.509662,8935.788917,6780.061305,25170.18182,2745.39456,2023.35805
,,,,,3990,10939.29526,9515.258277,7584.796919,25882.29974,2759.82876,2063.83799
,,,,,3991,11875.98679,10335.87995,8086.070383,26870.11108,2831.3874,2229.41451
,,,,,3992,11702.08256,10193.44585,8203.412074,26585.56533,2822.75604,2283.26325
,,,,,3993,12112.78214,10119.37212,8688.041595,27717.56822,2964.09456,2432.66942
,,,,,3994,12361.62742,10238.15665,9048.55912,28921.80775,3058.41744,2603.98666
,,,,,3995,13010.01932,10755.7654,9784.888034,29398.89379,3107.35764,2749.31338
,,,,,3996,12835.36876,10882.58981,8979.979181,28690.87586,3140.8236,2941.74546
,,,,,3997,11855.40198,10352.80602,8838.475018,28233.30695,3111.4206,2759.52675
,,,,,3998,11992.73092,10102.17234,9016.01803,28834.62902,3126.42828,2763.19334
,,,,,3999,11970.8613,10375.3116,8934.816746,28905.64978,3170.6154,2803.59464
,,,,,4000,12225.68004,10356.8678,9130.753261,29066.41404,3153.6054,2832.37688
,,,,,4001,13749.38915,10589.17349,9302.113238,28953.95636,3118.176,2851.63385
,,,,,4002,13231.82657,11306.18254,9147.054014,28214.07529,3079.33488,2843.3275
,,,,,4003,12379.34817,11136.02133,8794.153136,27869.31789,3013.60824,2843.36682
,,,,,4004,12731.49448,10972.22173,9091.689122,28315.80003,2996.99676,2805.9735
,,,,,4005,12233.96312,10794.61568,8880.006379,28507.4542,2975.07816,2819.49958
,,,,,4006,11314.58025,10678.80254,8430.560882,30013.50181,2958.48612,2760.41145
,,,,,4007,10375.7623,9956.077415,7784.048856,28460.99179,2887.94808,2649.69616
,,,,,4008,9476.107255,9441.582399,7233.953088,26985.47248,2890.62108,2440.96594
,,,,,4009,9090.525744,9092.104701,6724.599092,25696.69702,2916.69984,2241.365226
,,,,,4010,8987.933837,8998.487584,6616.151428,25277.82481,2876.49792,2180.664976
,,,,,4011,8934.141766,8998.487584,6616.151428,24682.1129,2817.50724,2113.005086
,,,,,4012,8934.141766,8998.487584,6616.151428,24653.6826,2786.11164,2092.263786
,,,,,4013,9328.380506,9008.921267,6616.151428,24653.6826,2769.55848,2048.805356
,,,,,4014,10783.14791,9543.74081,7431.913181,25465.19287,2796.98832,2087.653516
,,,,,4015,11706.49905,10301.13117,7939.458937,26461.22387,2866.29192,2252.178226
,,,,,4016,11535.07157,10169.67204,8058.268891,26174.31039,2857.93272,2305.692746
,,,,,4017,11939.92195,10101.30591,8548.962444,27315.73276,2994.80976,2454.165066
,,,,,4018,12185.22317,10210.93774,8913.991021,28529.99286,3086.15832,2624.401006
,,,,,4019,12824.38065,10688.66321,9654.045834,29011.04878,3133.55304,2768.813536
,,,,,4020,12652.21746,10805.71543,8844.552961,28297.13937,3165.96924,2949
,,,,,4021,11686.20741,10316.75304,8701.278197,27835.76299,3137.48964,2778.958096
,,,,,4022,11821.58051,10085.43142,8881.042755,28442.08871,3152.02104,2782.605026
,,,,,4023,11800.02235,10337.5245,8798.825421,28513.70044,3178.55664,2822.750746
,,,,,4024,12051.21196,10320.50184,8997.213634,28675.80244,3178.3428,2851.346216
,,,,,4025,13566.83501,10534.9077,9170.71779,28562.40898,3144.0312,2870.485226
,,,,,4026,13043.02891,11202.61056,9013.718353,27816.3713,3106.4148,2862.237856
,,,,,4027,12202.69154,11039.61931,8656.401728,27468.74515,3042.75852,2862.277176
,,,,,4028,12549.82257,10888.44095,8957.660697,27918.9425,3026.67192,2825.119776
,,,,,4029,12059.37707,10724.51997,8743.329228,28112.19145,3005.45316,2838.557386
,,,,,4030,11153.08808,10617.63057,8288.259948,29837.60207,2989.386,2779.842796
,,,,,4031,10227.64081,9950.593538,7633.658301,28065.34242,2921.06412,2669.825436
,,,,,4032,9340.798684,9475.741875,7076.679342,26577.54519,2923.64964,2462.402606
,,,,,4033,8926.441517,8959.134305,6703.952163,25721.21924,2933.60292,2228.308421
,,,,,4034,8825.69641,8858.473506,6573.36761,25301.94778,2885.21676,2159.950601
,,,,,4035,8743.452722,8858.473506,6573.36761,24705.66806,2814.2316,2083.768101
,,,,,4036,8743.452722,8858.473506,6573.36761,24471.70334,2776.44996,2060.412021
,,,,,4037,9160.014553,8870.955227,6573.36761,24655.13814,2754.3564,2026.940871
,,,,,4038,10588.59406,9437.893763,7484.186129,25489.49443,2789.53308,2055.221781
,,,,,4039,11495.32356,10240.76978,8044.056833,26486.4748,2872.93068,2240.487791
,,,,,4040,11326.98202,10101.41577,8175.115387,26199.28785,2862.87048,2300.735861
,,,,,4041,11724.54452,10028.94386,8716.396527,27341.79817,3027.59532,2467.914671
,,,,,4042,11965.42997,10145.1597,9119.05738,28557.21566,3137.52852,2659.609501
,,,,,4043,12593.0817,10651.57535,9898.66716,29038.73009,3194.56548,2822.217361
,,,,,4044,12424.0177,10775.65722,9042.460668,28324.14022,3233.57184,2949
,,,,,4045,11475.39721,10257.32982,8884.415128,27862.32408,3199.29912,2833.639821
,,,,,4046,11608.33339,10012.11601,9082.712343,28469.22772,3216.79512,2837.748761
,,,,,4047,11587.16331,10279.34873,8992.018891,28540.9077,3247.27704,2882.947101
,,,,,4048,11833.83115,10261.30377,9210.859749,28703.16421,3247.27704,2915.150181
,,,,,4049,13371.09955,10488.58593,9402.251152,28589.66267,3207.17232,2936.697541
,,,,,4050,12807.79398,11191.75736,9229.066007,27842.9139,3161.90628,2927.408191
,,,,,4051,11982.58388,11023.60838,8834.912162,27494.95641,3085.29324,2927.457341
,,,,,4052,12323.46605,10863.35089,9167.229139,27945.58287,3065.94072,2885.611031
,,,,,4053,11841.84927,10689.58551,8930.801371,28139.01601,3040.40628,2900.749231
,,,,,4054,10951.87478,10576.27679,8428.817154,30057.17659,3021.06348,2834.632651
,,,,,4055,10043.08688,9869.180339,7706.72997,28092.12233,2938.85172,2710.754991
,,,,,4056,9172.209186,9365.8111,7092.329793,26602.907,2941.96212,2477.204021
,,,,,4057,8895.13842,8994.895684,6871.185839,26401.80743,2964.25008,2280.417251
,,,,,4058,8794.745636,8867.324697,6738.402628,25971.45518,2912.91876,2218.065561
,,,,,4059,8715.59831,8883.140032,6738.402628,25359.4166,2837.58876,2148.587121
,,,,,4060,8715.59831,8531.503193,6738.402628,25087.97344,2797.50348,2127.285511
,,,,,4061,9127.894612,8900.879805,6738.402628,25307.55125,2779.00632,2117.435851
,,,,,4062,10551.47814,9505.345466,7670.793524,26163.95844,2811.39336,2122.537621
,,,,,4063,11455.03665,10361.36592,8244.566184,27187.28766,2899.87452,2291.525151
,,,,,4064,11287.28383,10212.7877,8378.879007,26892.51074,2889.20196,2346.474851
,,,,,4065,11683.45599,10135.51869,8933.600511,28065.21607,3063.97728,2498.957811
,,,,,4066,11923.49901,10259.42717,9346.259696,29312.7554,3180.627,2673.804021
,,,,,4067,12548.95574,10799.36377,10126.22838,29806.99561,3241.14372,2822.119061
,,,,,4068,12380.48298,10931.65894,9267.761038,29073.5201,3282.53148,2949
,,,,,4069,11435.17998,10379.02212,9105.791124,28599.49878,3246.16896,2832.538861
,,,,,4070,11567.65127,10117.57697,9309.012188,29222.44206,3264.72444,2836.293921
,,,,,4071,11546.55522,10402.49851,9216.066759,29296.01645,3301.79652,2877.520941
,,,,,4072,11792.36042,10383.25911,9440.341578,29462.56118,3298.32648,2906.892981
,,,,,4073,13322.2131,10625.58567,9636.485355,29346.05995,3254.51844,2926.543151
,,,,,4074,12762.91714,11664.57858,9458.999909,28579.57562,3206.49192,2918.069691
,,,,,4075,11940.59294,11196.02263,9055.058967,28222.42207,3125.20356,2918.109011
,,,,,4076,12280.28299,11025.15728,9395.627592,28684.95799,3104.6652,2879.948951
,,,,,4077,11800.3505,10839.88992,9153.329167,28883.5033,3077.57556,2893.750271
,,,,,4078,10913.4884,10719.081,8638.880355,30860.58192,3057.05664,2833.443221
,,,,,4079,10007.87869,9965.180016,7898.863274,28835.37028,2969.81964,2720.457201
,,,,,4080,9140.046599,9428.491466,7269.207139,27306.797,2973.12444,2507.431271
,,,,,4081,9003.347681,9171.77656,7111.528131,27116.6775,2988.03492,2303.809232
,,,,,4082,8901.73698,9041.698664,6985.707059,26674.68633,2929.96764,2244.259092
,,,,,4083,8850.121619,9057.824788,6985.707059,26046.09509,2844.76212,2177.896762
,,,,,4084,8850.121619,8719.835179,6985.707059,25825.92531,2800.61388,2161.264402
,,,,,4085,9238.927559,9075.913166,6985.707059,25992.82703,2800.61388,2161.264402
,,,,,4086,10679.78132,9692.257243,7885.299793,26872.39586,2815.12584,2161.264402
,,,,,4087,11594.30137,10565.09944,8440.533357,27923.40114,2915.2224,2314.425632
,,,,,4088,11424.51345,10413.6015,8570.506416,27620.65195,2903.15016,2366.917832
,,,,,4089,11825.49177,10334.81407,9107.304383,28825.07324,3100.84524,2512.559112
,,,,,4090,12068.44689,10461.15748,9506.630189,30106.35241,3232.79424,2679.560982
,,,,,4091,12701.49136,11011.70443,10275.01275,30613.95941,3301.24248,2821.230942
,,,,,4092,12530.97477,11146.59935,9430.667891,29860.64696,3348.054,2949
,,,,,4093,11574.20381,10583.1026,9273.931367,29373.80568,3306.92868,2831.188732
,,,,,4094,11708.28217,10316.51977,9470.58618,30013.59654,3327.91416,2834.766852
,,,,,4095,11686.9302,10607.04034,9380.6439,30089.16076,3397.92732,2874.145832
,,,,,4096,11935.71738,10587.42285,9597.672203,30260.20971,3365.92908,2902.200652
,,,,,4097,13439.41904,10834.5114,9787.478403,30140.55769,3316.3668,2920.975952
,,,,,4098,12918.04843,11875.22172,9615.727667,29353.34369,3262.04172,2912.876032
,,,,,4099,12085.74819,11416.15807,9224.83841,28986.53089,3170.10024,2912.915352
,,,,,4100,12429.5592,11241.93504,9554.402965,29461.57614,3146.86944,2876.465712
,,,,,4101,11943.8044,11053.02697,9319.933414,29665.49114,3116.21256,2889.647742
,,,,,4102,11046.18331,10929.84402,8822.106892,31628.0901,3093.01092,2832.053772
,,,,,4103,10129.58718,10161.12805,8106.00041,29616.05636,2994.33348,2724.120372
,,,,,4104,9251.226967,9613.892977,7496.689015,28046.14263,2998.07568,2520.649202
,,,,,4105,9078.772846,9530.414997,7173.684274,27278.34946,3027.47868,2304.117809
,,,,,4106,8976.31322,9395.254163,7045.395907,26833.72608,2974.00896,2248.322729
,,,,,4107,8880.329549,9412.010433,7045.395907,26201.39136,2895.54912,2186.138149
,,,,,4108,8880.329549,9238.02946,7045.395907,25881.04617,2858.34096,2169.948139
,,,,,4109,9316.32092,9430.805635,7045.395907,26147.80607,2858.34096,2169.948139
,,,,,4110,10769.21256,10071.23404,7956.893948,27032.61303,2868.25536,2169.948139
,,,,,4111,11691.37313,10978.1835,8518.899925,28089.87741,2960.43012,2314.055939
,,,,,4112,11520.16669,10820.76562,8650.458319,27785.32524,2949.31044,2363.235429
,,,,,4113,11924.49506,10738.89948,9193.803833,28996.91928,3131.36604,2499.685659
,,,,,4114,12169.47999,10870.1799,9598.000381,30285.82892,3252.86604,2656.149769
,,,,,4115,12807.81335,11442.24008,10370.40593,30796.45889,3315.90024,2788.864599
,,,,,4116,12635.87215,11582.40616,9521.11154,30038.6602,3359.00844,2949
,,,,,4117,11671.10766,10996.89016,9362.463235,29548.91961,3321.13932,2798.193269
,,,,,4118,11806.30621,10719.89031,9561.516729,30192.52065,3340.46268,2801.545299
,,,,,4119,11784.77585,11021.76329,9470.477385,30268.53488,3412.9836,2838.437289
,,,,,4120,12035.64158,11001.37923,9690.152872,30440.60248,3375.4644,2864.722709
,,,,,4121,13607.19883,11258.12303,9882.274216,30320.23789,3329.829,2882.308579
,,,,,4122,13026.17969,12195.60875,9708.428566,29528.33577,3279.80016,2874.729649
,,,,,4123,12186.92584,11862.49819,9312.771472,29159.33847,3195.13896,2874.759139
,,,,,4124,12533.60928,11681.4672,9646.355861,29637.21278,3173.74524,2840.609719
,,,,,4125,12043.79615,11485.17734,9409.026388,29842.34216,3145.51836,2852.966029
,,,,,4126,11138.67573,11357.18088,8905.127671,31895.83559,3124.14408,2798.999329
,,,,,4127,10214.42172,10558.42648,8180.286542,29792.61298,3033.28152,2697.887949
,,,,,4128,9328.723086,9989.8076,7563.543124,28213.34987,3036.7224,2507.264589
,,,,,4129,9112.391394,9652.486497,7153.047428,27422.07506,3052.9062,2288.36502
,,,,,4130,9009.553384,9515.595559,7018.080184,26975.11165,3001.56516,2236.92463
,,,,,4131,8923.53995,9532.566315,7018.080184,26339.449,2926.22544,2179.58624
,,,,,4132,8923.53995,9427.65565,7018.080184,26016.74022,2887.72452,2162.0102
,,,,,4133,9350.816733,9551.602101,7018.080184,26285.5817,2887.72452,2151.787
,,,,,4134,10809.0739,10200.2282,7961.80545,27175.04534,2900.02032,2158.09786
,,,,,4135,11734.64002,11118.78692,8542.144097,28237.87403,2988.52092,2297.53641
,,,,,4136,11562.80131,10959.35404,8677.993934,27931.71902,2977.84836,2342.8822
,,,,,4137,11968.62287,10876.43998,9239.063412,29149.68959,3152.66256,2468.7062
,,,,,4138,12214.51252,11009.40084,9656.444876,30445.38267,3269.33172,2612.98111
,,,,,4139,12855.20324,11588.78358,10439.74049,30958.70006,3329.85816,2735.36461
,,,,,4140,12682.62707,11730.74384,9577.047916,30196.91313,3371.25564,2935.21834
,,,,,4141,11714.29971,11137.73303,9413.224494,29704.59507,3334.8834,2743.95603
,,,,,4142,11849.99754,10857.18749,9618.771125,30351.58333,3353.4486,2747.05248
,,,,,4143,11828.38767,11162.92455,9524.762072,30427.99762,3416.60916,2781.07411
,,,,,4144,12080.17984,11142.27956,9751.603387,30600.9708,3387.06036,2805.30506
,,,,,4145,13641.69387,11402.30977,9949.991741,30479.97274,3343.23288,2821.52456
,,,,,4146,13074.37601,12294.29335,9770.475236,29683.90289,3295.19664,2814.53543
,,,,,4147,12232.0228,12014.42113,9361.911782,29312.96358,3213.89856,2814.56492
,,,,,4148,12579.98654,11831.07288,9706.377715,29793.35292,3193.35048,2783.07943
,,,,,4149,12088.36454,11632.27045,9461.30654,29999.56188,3166.25112,2794.4724
,,,,,4150,11179.9015,11502.6356,8940.970615,32060.82067,3145.7322,2744.70311
,,,,,4151,10252.23422,10693.65688,8192.485124,29949.57097,3058.47576,2651.46556
,,,,,4152,9363.2647,10117.75948,7555.623498,28361.99631,3061.79028,2475.69533
,,,,,4153,9099.015029,9556.533224,7178.854133,27547.66885,3067.73892,2239.5689
,,,,,4154,8996.327573,9440.630881,7044.060626,27098.66063,3016.67976,2186.92925
,,,,,4155,8920.651371,9440.630881,7044.060626,26460.08988,2941.74828,2128.27364
,,,,,4156,8920.651371,9440.630881,7044.060626,26168.82996,2901.86712,2110.29457
,,,,,4157,9337.091316,9457.544269,7044.060626,26405.97614,2894.20776,2075.61433
,,,,,4158,10793.21361,10093.98383,7986.947571,27299.509,2915.68896,2106.29376
,,,,,4159,11717.42471,10995.28445,8566.809333,28367.20003,3003.70356,2248.93689
,,,,,4160,11545.83757,10838.84702,8702.547537,28059.64439,2993.08932,2295.33449
,,,,,4161,11951.06501,10757.49078,9263.155965,29283.18706,3166.94124,2424.05834
,,,,,4162,12196.59469,10887.95353,9680.194453,30584.80781,3282.9786,2571.65579
,,,,,4163,12836.34745,11456.45069,10463.20678,31100.47358,3343.17456,2696.8605
,,,,,4164,12664.02392,11595.74377,9600.862736,30335.20154,3384.34848,2868.37434
,,,,,4165,11697.11418,11013.87459,9437.173933,29840.63117,3348.17064,2705.65835
,,,,,4166,11832.61335,10738.60001,9642.55166,30490.57935,3366.63864,2708.82361
,,,,,4167,11811.03512,11038.5928,9548.619857,30567.34322,3416.49252,2743.63164
,,,,,4168,12062.45867,11018.3357,9775.274769,30741.10774,3400.056,2768.4229
,,,,,4169,13608.5952,11273.4804,9973.500101,30619.55613,3356.48124,2785.01594
,,,,,4170,13055.19935,12053.40086,9794.13111,29819.84433,3308.70744,2777.8597
,,,,,4171,12214.07933,11874.09127,9385.903387,29447.20801,3227.84676,2777.89902
,,,,,4172,12561.53366,11694.18781,9730.08626,29929.79508,3207.41532,2745.67628
,,,,,4173,12070.63138,11499.12052,9485.216469,30136.94743,3180.46176,2757.33466
,,,,,4174,11163.49832,11371.92128,8965.308122,32176.75561,3160.05948,2706.42509
,,,,,4175,10237.18914,10578.14184,8217.437687,30086.72782,3073.27932,2611.03477
,,,,,4176,9349.52106,10013.06455,7581.099392,28491.89015,3076.56468,2431.20475
,,,,,4177,9095.833199,9456.540025,7177.799411,27529.93301,3078.14904,2184.27515
,,,,,4178,8993.181555,9346.149497,7039.34579,27081.21355,3026.62332,2128.5882
,,,,,4179,8980.811249,9346.149497,7039.34579,26443.05348,2951.01144,2066.52158
,,,,,4180,8980.811249,9346.149497,7039.34579,26216.26303,2910.77064,2047.4907
,,,,,4181,9333.826457,9361.460256,7039.34579,26388.97453,2895.9282,1991.24344
,,,,,4182,10789.44093,9972.766088,7999.893686,27281.93275,2924.70912,2043.25397
,,,,,4183,11713.32971,10838.47332,8589.801997,28348.93714,3013.53048,2194.20345
,,,,,4184,11541.80242,10688.21379,8727.89197,28041.5793,3002.81904,2243.29447
,,,,,4185,11946.88853,10610.07039,9298.213368,29264.3351,3178.25532,2379.49895
,,,,,4186,12192.33258,10735.38102,9722.477366,30565.11877,3295.35216,2535.68782
,,,,,4187,12831.86223,11281.42758,10511.4576,31080.45291,3356.09244,2668.17656
,,,,,4188,12659.59879,11415.21981,9641.771167,30315.67303,3397.64544,2823.03838
,,,,,4189,11693.02626,10856.32932,9475.24633,29821.42071,3361.13712,2677.48557
,,,,,4190,11828.47818,10591.92564,9684.182383,30470.95091,3379.77036,2680.82777
,,,,,4191,11806.90747,10880.07137,9588.62314,30547.66541,3421.4886,2717.66078
,,,,,4192,12058.24334,10860.61425,9819.205021,30721.31818,3413.49876,2743.89705
,,,,,4193,13518.31141,11105.68299,10020.86476,30599.84474,3369.52548,2761.45343
,,,,,4194,13050.6378,11857.84863,9838.388063,29800.64725,3321.31428,2753.88433
,,,,,4195,12209.81113,11682.57505,9423.087482,29428.25057,3239.71488,2753.91382
,,,,,4196,12557.14428,11509.77619,9773.233587,29910.52728,3219.09876,2719.82338
,,,,,4197,12066.4132,11322.41233,9524.12124,30117.54641,3191.9022,2732.16003
,,,,,4198,11159.59651,11200.23633,8995.205083,32102.32543,3171.30552,2678.29163
,,,,,4199,10233.61037,10437.80415,8234.377221,30067.3591,3083.73804,2577.35719
,,,,,4200,9346.251866,9895.042402,7587.013877,28473.54708,3087.06228,2387.06805
,,,,,4201,9041.730319,9221.420672,7205.805698,27592.95494,3077.39088,2129.82678
,,,,,4202,8952.886042,9116.726843,7065.636025,27143.2094,3019.30416,2069.13636
,,,,,4203,8952.886042,9116.726843,7065.636025,26503.59007,2934.05976,2001.50596
,,,,,4204,8952.886042,9116.726843,7065.636025,26325.09042,2888.69652,1980.76466
,,,,,4205,9278.31178,9130.381217,7065.636025,26449.38746,2862.21924,1918.14756
,,,,,4206,10725.29142,9715.710256,8034.464296,27344.38758,2904.41376,1976.15439
,,,,,4207,11643.69961,10544.63017,8629.082953,28413.83185,3004.5492,2140.62995
,,,,,4208,11473.18983,10400.75576,8768.275557,28105.77118,2992.46724,2194.12481
,,,,,4209,11875.87294,10325.93299,9343.150902,29331.32302,3190.2498,2342.54798
,,,,,4210,12119.86099,10445.91868,9770.802597,30635.08114,3322.25712,2512.73477
,,,,,4211,12755.59689,10968.76157,10562.58089,31151.59368,3390.73452,2657.10798
,,,,,4212,12584.35534,11096.86844,9689.451968,30385.065,3437.5752,2824.0607
,,,,,4213,11623.5166,10561.7274,9521.597451,29889.6825,3396.42072,2667.25254
,,,,,4214,11758.16501,10308.55928,9732.201833,30540.69795,3417.42564,2670.89947
,,,,,4215,11736.72226,10584.46057,9635.879561,30617.58788,3454.06032,2711.02553
,,,,,4216,11986.56718,10565.83025,9868.302611,30791.63773,3454.06032,2739.621
,,,,,4217,13397.39403,10800.48506,10071.57258,30669.88652,3405.86856,2758.75018
,,,,,4218,12973.07467,11523.96487,9887.638826,29868.86153,3351.52404,2750.50281
,,,,,4219,12137.23585,11352.8627,9469.022121,29495.61331,3259.53396,2750.54213
,,,,,4220,12482.50859,11187.40674,9821.9641,29978.99282,3236.29344,2713.39456
,,,,,4221,11994.68858,11008.00471,9570.862621,30186.48534,3205.62684,2726.83217
,,,,,4222,11093.2512,10891.02045,9037.723133,32133.11037,3182.41548,2668.12741
,,,,,4223,10172.7581,10160.98702,8270.820152,30136.18326,3083.69916,2558.14937
,,,,,4224,9290.66348,9641.289356,7618.287692,28538.72673,3087.43164,2350.79535
,,,,,4225,8950.842476,9140.859298,7197.95856,27752.093,3063.501,2086.79104
,,,,,4226,8849.822732,9011.219588,7064.05898,27299.75652,2990.6982,2020.72361
,,,,,4227,8843.9005,9027.291389,7064.05898,26656.45237,2883.89484,1947.10674
,,,,,4228,8843.9005,8957.400553,7064.05898,26437.84703,2827.04256,1924.53706
,,,,,4229,9185.052247,9045.318834,7064.05898,26601.93751,2805.8238,1857.51612
,,,,,4230,10617.52616,9659.586666,8002.632506,27502.09367,2846.73528,1919.51393
,,,,,4231,11526.72746,10529.48856,8580.040552,28577.69894,2972.21076,2098.55755
,,,,,4232,11357.92701,10378.50097,8715.204373,28267.86355,2957.07672,2156.79047
,,,,,4233,11756.57329,10299.97894,9273.440555,29500.47571,3204.91728,2318.35635
,,,,,4234,11998.1154,10425.89675,9688.714322,30811.74471,3370.33224,2503.61253
,,,,,4235,12627.47816,10974.5891,10470.26908,31331.23284,3456.1404,2660.76474
,,,,,4236,12457.95327,11109.02961,9609.718302,30560.28824,3514.82976,2844.05492
,,,,,4237,11506.74679,10547.43108,9446.722157,30062.05187,3463.26516,2671.80383
,,,,,4238,11640.04536,10281.74627,9651.230816,30716.81778,3489.58692,2675.77515
,,,,,4239,11618.81757,10571.28818,9557.696491,30794.15066,3548.21796,2719.45967
,,,,,4240,11866.15784,10551.73678,9783.3923,30969.20321,3537.23436,2750.58145
,,,,,4241,13302.56872,10797.99297,9980.778831,30846.7506,3475.10412,2771.41122
,,,,,4242,12842.77576,11626.70489,9802.168849,30041.11095,3406.99608,2762.4266
,,,,,4243,12015.31608,11377.68028,9395.668564,29665.71247,3291.73632,2762.47575
,,,,,4244,12357.12752,11204.04414,9738.395009,30151.87671,3262.6152,2722.03513
,,,,,4245,11874.19782,11015.77244,9494.561398,30360.56457,3224.19204,2736.66217
,,,,,4246,10981.7972,10893.00445,8976.853072,32347.37251,3195.10008,2672.76717
,,,,,4247,10070.53189,10126.87801,8232.147292,30309.97271,3071.39364,2553.03777
,,,,,4248,9197.280124,9581.486381,7598.501697,28703.31333,3076.07868,2327.33114
,,,,,4249,8935.777159,9204.533279,7125.530445,27873.86411,3079.12104,2070.36511
,,,,,4250,8834.926978,9073.991126,6992.978981,27419.54505,3006.8334,2000.57211
,,,,,4251,8809.372764,9090.174805,6992.978981,26773.42132,2900.76876,1922.78732
,,,,,4252,8809.372764,8974.618531,6992.978981,26495.35623,2844.315,1898.93974
,,,,,4253,9169.593806,9108.327742,6992.978981,26718.66752,2832.651,1836.17519
,,,,,4254,10599.66329,9726.871593,7925.047514,27622.76904,2863.87164,1893.64137
,,,,,4255,11507.33848,10602.82902,8498.755151,28703.08866,2988.47232,2082.80006
,,,,,4256,11338.82137,10450.79038,8633.052754,28391.89527,2973.4452,2144.3162
,,,,,4257,11736.79851,10371.72174,9187.711394,29629.90993,3219.5556,2315.00432
,,,,,4258,11977.93519,10498.51609,9600.323815,30946.92618,3383.81388,2510.72945
,,,,,4259,12606.24155,11051.02798,10379.68044,31468.69121,3469.02912,2676.75815
,,,,,4260,12437.00122,11186.40435,9521.834053,30694.36758,3527.31024,2881.33028
,,,,,4261,11487.39134,10620.89644,9359.882494,30193.94746,3476.10528,2688.41653
,,,,,4262,11620.46618,10353.36215,9563.080528,30851.58319,3502.24236,2692.61394
,,,,,4263,11599.27402,10644.91961,9470.145632,30929.25502,3571.82784,2738.76579
,,,,,4264,11846.19912,10625.23211,9694.395035,31105.07482,3549.5496,2771.64714
,,,,,4265,13307.64871,10873.20253,9890.516583,30982.0855,3487.86648,2793.64668
,,,,,4266,12821.17777,11742.11842,9713.051251,30172.91476,3420.225,2784.16073
,,,,,4267,11995.107,11456.92514,9309.156086,29795.87092,3305.772,2784.20005
,,,,,4268,12336.3447,11282.08029,9649.686116,30284.16599,3276.84528,2741.47887
,,,,,4269,11854.22561,11092.498,9407.41515,30493.76853,3238.69428,2756.94146
,,,,,4270,10963.3229,10968.8754,8893.024637,32535.56434,3209.79672,2689.42902
,,,,,4271,10053.58716,10197.41583,8153.091419,30442.95493,3086.96508,2562.94641
,,,,,4272,9181.801158,9648.227639,7523.506639,28829.25361,3091.61124,2324.49027
,,,,,4273,8988.400101,9245.429383,7148.498991,27822.73146,3110.80824,2089.43531
,,,,,4274,8886.957638,9114.307614,7017.001888,27369.2449,3049.44588,2020.83174
,,,,,4275,8831.397617,9130.56315,7017.001888,26724.30514,2959.3998,1944.374
,,,,,4276,8831.397617,9043.548617,7017.001888,26542.18516,2911.5774,1920.93928
,,,,,4277,9223.589927,9148.796687,7017.001888,26669.65167,2911.5774,1871.9269
,,,,,4278,10662.05805,9770.086912,7943.98287,27572.0965,2928.07224,1915.71955
,,,,,4279,11575.06392,10649.93364,8514.796421,28650.43652,3033.855,2101.66383
,,,,,4280,11405.55712,10497.21994,8648.416555,28339.81337,3021.10236,2162.13799
,,,,,4281,11805.87154,10417.80024,9200.277201,29575.55948,3230.03376,2329.91643
,,,,,4282,12048.42439,10545.15756,9610.808185,30890.16241,3369.4866,2522.30919
,,,,,4283,12680.42072,11100.12263,10388.44565,31410.97135,3441.82284,2685.51668
,,,,,4284,12510.18646,11236.10008,9532.714367,30638.06661,3491.30736,2903.89013
,,,,,4285,11554.99963,10668.08128,9371.579778,30138.56346,3447.8298,2696.97846
,,,,,4286,11688.856,10399.35913,9573.752773,30794.99413,3470.02056,2701.10706
,,,,,4287,11667.53938,10692.21112,9481.28669,30872.52363,3541.31676,2746.47251
,,,,,4288,11915.91465,10672.4362,9704.40486,31048.02126,3510.19332,2778.79355
,,,,,4289,13423.42035,10921.50763,9899.537067,30925.2573,3457.81224,2800.41955
,,,,,4290,12896.61924,11770.95157,9722.966965,30117.5693,3400.3962,2791.09088
,,,,,4291,12065.69704,11507.822,9321.109262,29741.21636,3303.22536,2791.14003
,,,,,4292,12408.9388,11332.20083,9659.921476,30228.61668,3278.67264,2749.14627
,,,,,4293,11923.98827,11141.77678,9418.872654,30437.83514,3246.2856,2764.33362
,,,,,4294,11027.85339,11017.60529,8907.077001,32396.74135,3221.75232,2697.98112
,,,,,4295,10112.77487,10242.72039,8170.8764,30387.11464,3117.46644,2573.64145
,,,,,4296,9235.868971,9691.093773,7544.467581,28776.37029,3121.42248,2339.23527
,,,,,4297,9098.089488,9284.872911,7152.273268,27615.76879,3135.98304,2115.63226
,,,,,4298,8995.412449,9153.192115,7016.929978,27165.65182,3085.128,2048.89639
,,,,,4299,8901.551955,9169.516954,7016.929978,26525.50424,3010.50756,1974.51278
,,,,,4300,8901.551955,9062.190232,7016.929978,26375.7243,2970.79164,1951.71701
,,,,,4301,9336.141623,9187.828229,7016.929978,26471.25687,2960.7606,1921.4701
,,,,,4302,10792.1162,9811.767279,7962.469762,27366.99615,2984.54544,1946.64473
,,,,,4303,11716.23354,10695.36518,8543.840609,28437.32366,3072.21012,2127.52656
,,,,,4304,11544.66381,10542.00039,8679.932071,28129.00856,3061.63476,2186.34928
,,,,,4305,11949.85014,10462.24208,9241.999478,29355.57256,3234.78684,2349.5666
,,,,,4306,12195.35491,10590.14238,9660.123304,30660.40744,3350.35764,2536.7298
,,,,,4307,12835.04277,11147.47351,10444.03207,31177.34655,3410.30088,2695.4843
,,,,,4308,12662.73672,11284.03069,9580.585127,30410.18481,3451.30956,2931.63039
,,,,,4309,11695.92507,10713.59019,9416.470326,29914.39318,3415.28724,2706.64135
,,,,,4310,11831.4105,10443.72235,9622.382546,30565.94629,3433.66776,2710.65199
,,,,,4311,11809.83445,10737.8229,9528.206287,30642.89972,3480.43068,2754.78869
,,,,,4312,12061.2325,10717.96367,9755.451066,30817.09332,3466.95876,2786.22503
,,,,,4313,13631.90242,10968.097,9954.192277,30695.24156,3423.55896,2807.26123
,,,,,4314,13053.87247,11836.20338,9774.35648,29893.55502,3375.96984,2798.18814
,,,,,4315,12212.83778,11556.91108,9365.066348,29519.99853,3295.44936,2798.23729
,,,,,4316,12560.25686,11380.54116,9710.144954,30003.77727,3275.09568,2757.38381
,,,,,4317,12069.40438,11189.30525,9464.637892,30211.44114,3248.24904,2772.16813
,,,,,4318,11162.36335,11064.60437,8943.376488,32134.78584,3227.92452,2707.61452
,,,,,4319,10236.14813,10286.4158,8193.559727,30161.09753,3141.504,2586.65637
,,,,,4320,9348.570106,9732.43736,7555.565367,28562.32169,3144.77964,2358.63969
,,,,,4321,9268.668206,9353.626916,7151.281036,27435.87999,3135.87612,2151.41346
,,,,,4322,9164.07127,9220.971677,7000.53515,26988.69182,3087.0234,2089.09126
,,,,,4323,9058.473379,9237.417321,7000.53515,26352.70952,3015.34812,2019.64231
,,,,,4324,9005.558212,9100.077186,7000.53515,26098.79501,2977.19712,1998.35053
,,,,,4325,9511.171539,9255.8641,7000.53515,26298.81513,2961.42156,1987.17382
,,,,,4326,10994.37053,9884.420317,7983.337244,27188.72605,2990.4066,1993.61247
,,,,,4327,11935.7674,10774.55686,8580.393916,28252.08919,3074.62068,2162.51153
,,,,,4328,11760.98959,10620.05717,8720.157229,27945.78023,3064.46328,2217.44157
,,,,,4329,12173.75226,10539.70866,9297.389639,29164.36327,3230.79192,2369.85572
,,,,,4330,12423.84758,10668.55542,9726.794762,30460.70791,3341.79432,2544.61346
,,,,,4331,13075.49659,11230.01081,10546.72277,30974.28342,3399.38532,2692.85969
,,,,,4332,12899.96869,11367.57852,9645.110585,30212.11342,3438.77076,2936.59454
,,,,,4333,11915.07919,10792.91674,9476.567842,29719.54779,3404.16756,2703.27949
,,,,,4334,12053.09798,10521.05188,9688.035729,30366.8614,3421.8288,2707.02472
,,,,,4335,12031.1185,10817.32877,9591.318524,30443.31411,3459.31884,2748.23208
,,,,,4336,12287.21729,10797.32259,9824.694539,30616.37428,3453.8076,2777.59429
,,,,,4337,13927.17403,11049.30691,10028.79794,30495.31537,3412.11852,2797.23463
,,,,,4338,13298.41805,11945.72307,9844.110036,29698.84521,3366.40536,2788.76117
,,,,,4339,12441.65735,11642.47823,9423.776946,29327.71937,3289.0536,2788.80049
,,,,,4340,12795.57261,11464.80317,9778.166034,29808.35027,3269.50668,2750.66009
,,,,,4341,12295.54198,11272.15211,9526.035005,30014.66293,3243.71952,2764.46141
,,,,,4342,11371.54071,11146.52844,8990.709575,32018.51597,3224.20176,2704.18385
,,,,,4343,10428.00674,10362.58125,8220.662191,29964.64688,3141.18324,2591.24698
,,,,,4344,9523.832415,9804.503354,7565.454261,28376.27389,3144.3228,2378.31935
,,,,,4345,9931.379063,9674.184164,7501.120132,27717.62239,3155.52024,2223.096812
,,,,,4346,9819.309361,9561.316297,7328.003143,27265.78429,3110.06952,2161.619992
,,,,,4347,9706.167192,9561.316297,7322.67587,26623.18895,3043.3806,2093.114722
,,,,,4348,9603.003313,9561.316297,7322.67587,26285.95426,3007.88316,2072.108012
,,,,,4349,10191.20767,9573.538985,7325.760984,26568.73415,2857.18428,2068.097372
,,,,,4350,11780.37152,10220.62707,8373.929709,27467.8985,3020.17896,2068.097372
,,,,,4351,12789.02502,11137.00771,9000.229683,28542.31866,3098.52216,2234.047432
,,,,,4352,12601.76048,10977.95287,9146.838478,28232.82465,3089.07432,2288.240222
,,,,,4353,13044.01234,10895.23542,9752.343215,29464.0787,3243.82644,2438.590072
,,,,,4354,13311.97533,11027.881,10202.78022,30773.90293,3347.12088,2610.988612
,,,,,4355,14010.18039,11605.88991,11121.90088,31292.81868,3400.69752,2757.229522
,,,,,4356,13822.11218,11747.51355,10117.09522,30522.72351,3401.82504,2949
,,,,,4357,12766.85878,11155.90889,9940.297407,30025.03611,3401.82504,2767.501872
,,,,,4358,12914.73811,10876.02858,10162.1228,30679.08059,3401.82504,2771.197952
,,,,,4359,12891.18833,11181.04067,10060.66847,30756.32827,3401.82504,2811.854832
,,,,,4360,13165.58371,11160.44464,10305.47504,30931.18794,3401.82504,2840.814012
,,,,,4361,14943.37262,11419.85827,10519.57524,30808.87024,3401.82504,2860.188942
,,,,,4362,14249.02814,12229.03145,10325.84149,30004.11826,3370.01148,2851.833442
,,,,,4363,13331.0575,12030.5182,9884.92086,29629.1334,3298.0446,2851.872762
,,,,,4364,13710.25769,11847.6047,10256.66761,30114.76197,3279.85848,2814.243522
,,,,,4365,13174.50313,11649.27367,9992.187427,30323.21991,3255.8598,2827.858072
,,,,,4366,12184.48803,11519.9462,9430.642236,32495.06973,3237.70284,2768.396402
,,,,,4367,11173.54474,10712.88573,8622.87862,30272.68379,3160.458,2656.983182
,,,,,4368,10204.77308,10138.35389,7935.579191,28667.79465,3163.38372,2446.935742
,,,,,4369,9987.057527,9669.871622,7643.939872,28171.68935,3025.76796,2306.22957
,,,,,4370,9874.361152,9559.55059,7471.614882,27712.45851,2971.57896,2242.541001
,,,,,4371,9760.586314,9559.55059,7471.614882,27059.34934,2892.05964,2171.558571
,,,,,4372,9695.206018,9559.55059,7471.614882,26646.3717,2849.73876,2149.79495
,,,,,4373,10248.33905,9571.032754,7471.614882,27004.00359,2752.49016,2142.668201
,,,,,4374,11846.38919,10206.50734,8533.294858,27917.87961,2864.40624,2144.958591
,,,,,4375,12860.6829,11106.44141,9171.467284,29009.87888,2957.81544,2317.57339
,,,,,4376,12672.37121,10950.24118,9320.855267,28695.32109,2946.54996,2373.72235
,,,,,4377,13117.09605,10869.00828,9937.838251,29946.7203,3131.04528,2529.488531
,,,,,4378,13386.55744,10999.27323,10396.81396,31277.9752,3254.17824,2708.09963
,,,,,4379,14088.66673,11566.90843,11300.0392,31805.38119,3318.05808,2859.60942
,,,,,4380,13899.54687,11705.99031,10309.50468,31022.68612,3342.33864,2949
,,,,,4381,12838.3927,11125.00337,10129.3554,30516.85581,3323.3652,2870.25531
,,,,,4382,12987.09894,10850.14615,10355.38582,31181.60143,3342.33864,2874.089011
,,,,,4383,12963.41748,11149.6841,10252.00828,31260.11299,3342.33864,2916.20073
,,,,,4384,13239.34722,11129.45771,10501.45551,31437.83363,3342.33864,2946.21172
,,,,,4385,14998.1385,11384.21556,10719.6143,31313.51464,3332.18124,2949
,,,,,4386,14328.85007,12180.56412,10522.20804,30495.59571,3281.48172,2949
,,,,,4387,13405.74631,11983.91578,10072.9291,30114.47554,3195.67356,2949
,,,,,4388,13787.06691,11804.28509,10451.72287,30608.04972,3173.99796,2918.68772
,,,,,4389,13248.31653,11609.51357,10182.22907,30819.91833,3145.392,2932.783941
,,,,,4390,12252.76545,11482.50718,9610.03895,33073.82448,3123.73584,2871.17933
,,,,,4391,11236.16916,10689.93128,8786.962968,30768.55537,3031.64856,2755.755471
,,,,,4392,10261.98031,10125.71075,8086.634752,29137.40785,3035.13804,2538.138931
,,,,,4393,9900.735213,9492.634686,7758.932643,28506.96975,2952.16812,2414.449515
,,,,,4394,9789.010413,9367.765721,7581.005534,28042.28015,2894.6646,2348.165825
,,,,,4395,9685.760582,9374.681812,7581.005534,27381.40765,2810.28528,2274.313035
,,,,,4396,9685.760582,9367.765721,7581.005534,26963.12653,2765.37888,2251.664715
,,,,,4397,10159.76418,9393.405314,7581.005534,27325.40401,2711.27736,2248.951635
,,,,,4398,11744.03726,10031.39061,8661.609334,28250.14304,2780.93088,2248.951635
,,,,,4399,12749.58656,10934.88024,9309.340986,29355.12264,2880.05544,2426.255345
,,,,,4400,12562.89834,10778.06287,9460.966661,29036.82577,2868.09984,2484.675035
,,,,,4401,13003.78914,10696.50903,10087.19147,30303.10005,3063.8898,2646.752075
,,,,,4402,13270.92745,10827.28865,10553.04221,31650.17924,3194.55576,2832.607885
,,,,,4403,13966.98373,11397.16653,11467.78762,32183.85437,3262.34304,2949
,,,,,4404,13779.49431,11536.79791,10464.42511,31391.8556,3308.28948,2949
,,,,,4405,12727.48853,10953.51554,10281.57736,30880.01261,3267.98064,2949
,,,,,4406,12874.91275,10677.57238,10510.99351,31552.6599,3288.77172,2949
,,,,,4407,12851.43545,10978.29378,10406.06747,31632.10471,3308.28948,2949
,,,,,4408,13124.98635,10957.98748,10659.25119,31811.93787,3308.28948,2949
,,,,,4409,14816.36453,11213.75185,10880.6778,31686.14112,3277.33128,2949
,,,,,4410,14205.09641,12040.39209,10680.31457,30858.4998,3223.53108,2949
,,,,,4411,13289.95089,11815.82144,10224.30586,30472.84935,3132.47412,2949
,,,,,4412,13667.98406,11635.48105,10608.7736,30972.29052,3109.46688,2949
,,,,,4413,13133.87833,11439.93999,10335.24304,31186.67756,3079.11132,2949
,,,,,4414,12146.91008,11312.43182,9754.482044,33458.52147,3056.13324,2949
,,,,,4415,11139.07804,10516.72451,8919.077155,31134.70406,2958.40836,2882.190405
,,,,,4416,10173.28784,9950.274797,8208.258678,29484.1675,2962.11168,2655.756355
,,,,,4417,9778.178633,9400.069231,7777.520536,28523.70489,2901.35196,2521.488832
,,,,,4418,9667.833232,9290.858001,7624.312647,28058.74282,2839.3092,2459.618812
,,,,,4419,9584.045689,9290.858001,7624.312647,27397.48282,2748.27168,2390.681022
,,,,,4420,9584.045689,9290.858001,7624.312647,27005.59441,2699.81748,2373.311412
,,,,,4421,10034.00952,9302.017477,7624.312647,27341.44634,2679.59988,2373.311412
,,,,,4422,11598.72253,9932.431395,8674.379258,28266.72759,2716.5942,2373.311412
,,,,,4423,12591.85693,10825.19874,9317.936122,29372.35508,2823.55308,2532.508262
,,,,,4424,12407.47363,10670.24243,9468.584534,29053.87159,2810.65464,2587.045102
,,,,,4425,12842.92101,10589.65644,10090.77317,30320.88833,3021.8994,2738.348462
,,,,,4426,13106.76114,10718.88401,10553.62139,31668.75738,3162.888,2911.847962
,,,,,4427,13794.22363,11281.99879,11401.94924,32202.74542,3236.02128,2949
,,,,,4428,13609.04902,11419.97308,10465.57545,31410.28227,3286.05012,2949
,,,,,4429,12570.03173,10843.61288,10283.9062,30898.13916,3242.09628,2949
,,,,,4430,12715.63579,10570.94452,10511.84371,31571.18085,3264.53004,2949
,,,,,4431,12692.44835,10868.09707,10407.59394,31650.67225,3311.92476,2949
,,,,,4432,12962.62189,10848.03175,10659.14583,31830.61085,3305.1402,2949
,,,,,4433,14615.0257,11100.76081,10879.14529,31704.74034,3252.19536,2949
,,,,,4434,14029.39647,11891.52094,10680.07346,30876.61374,3194.1378,2949
,,,,,4435,13125.5497,11695.68526,10227.00383,30490.73717,3095.89776,2949
,,,,,4436,13498.91552,11517.48508,10608.99358,30990.47118,3071.07288,2949
,,,,,4437,12971.40408,11324.26463,10337.22599,31204.98393,3038.31648,2949
,,,,,4438,11996.62133,11198.26968,9760.208139,33455.26383,3013.52076,2949
,,,,,4439,11001.23238,10412.00553,8930.187636,31152.97995,2908.08792,2949
,,,,,4440,10047.36622,9852.278237,8223.950556,29501.47561,2912.08284,2746.753112
,,,,,4441,9740.945899,9307.749346,7671.211219,28138.9875,2870.32572,2578.631515
,,,,,4442,9631.01956,9214.906984,7531.939132,27680.28908,2808.594,2522.679155
,,,,,4443,9529.176037,9214.906984,7531.939132,27027.93713,2718.01332,2460.317635
,,,,,4444,9529.176037,9214.906984,7531.939132,26825.80564,2669.80212,2447.695915
,,,,,4445,9995.805214,9221.307009,7531.939132,26972.65554,2665.47672,2447.695915
,,,,,4446,11554.57587,9777.07934,8514.762058,27885.47203,2686.50108,2447.695915
,,,,,4447,12543.93861,10564.14222,9120.066907,28976.20525,2792.91564,2588.608965
,,,,,4448,12360.25555,10427.53287,9261.761012,28662.01216,2780.08524,2637.926075
,,,,,4449,12794.04922,10356.48834,9846.967731,29911.96051,2990.2608,2774.789165
,,,,,4450,13056.88735,10470.41524,10282.30497,31241.67198,3130.53984,2931.715285
,,,,,4451,13741.73905,10966.85672,11107.91016,31768.4665,3203.31348,2949
,,,,,4452,13557.26769,11088.49472,10199.49235,30986.67887,3253.0896,2949
,,,,,4453,12522.1963,10580.3761,10028.62123,30481.43501,3209.35932,2949
,,,,,4454,12667.24739,10339.99193,10243.01049,31145.40994,3231.67644,2949
,,,,,4455,12644.14801,10601.96134,10144.95716,31223.83048,3297.90852,2949
,,,,,4456,12913.2955,10584.27178,10381.55721,31401.34507,3272.08248,2949
,,,,,4457,14586.32179,10807.07748,10588.48024,31277.17021,3219.40008,2949
,,,,,4458,13976.01876,11515.41191,10401.24092,30460.19957,3161.64384,2949
,,,,,4459,13075.60456,11331.56233,9975.101046,30079.52126,3063.8898,2949
,,,,,4460,13447.55244,11174.46121,10334.38592,30572.5232,3039.19128,2949
,,,,,4461,12922.04434,11004.11825,10078.77177,30784.14617,3006.60984,2949
,,,,,4462,11950.96355,10893.04121,9536.050966,32859.09708,2981.93076,2949
,,,,,4463,10959.35483,10199.87146,8755.365585,30732.84276,2877.03252,2949
,,,,,4464,10009.11118,9706.41639,8091.106135,29103.58636,2880.99828,2782.387755
,,,,,4465,9747.290097,9109.74338,7450.354729,27516.10694,2846.56032,2569.264643
,,,,,4466,9637.292353,9019.148057,7324.509416,27067.54975,2787.76404,2520.183453
,,,,,4467,9549.038445,9019.148057,7324.509416,26435.99131,2701.4796,2465.489332
,,,,,4468,9549.038445,9019.148057,7324.509416,26435.99131,2658.82824,2448.719353
,,,,,4469,10002.31496,9024.894728,7324.509416,26435.99131,2658.82824,2447.235023
,,,,,4470,11562.09815,9570.420625,8242.958504,27268.19636,2671.47396,2447.235023
,,,,,4471,12552.10355,10342.9729,8811.705384,28334.81489,2772.8244,2578.013343
,,,,,4472,12368.30118,10208.88214,8944.841737,28027.56819,2760.60636,2621.275172
,,,,,4473,12802.37663,10139.14741,9494.704334,29249.8818,2960.79948,2741.299472
,,,,,4474,13065.38549,10250.97392,9903.748962,30550.19506,3094.42032,2878.939132
,,,,,4475,13750.68205,10738.2628,10707.64473,31065.34284,3163.73364,2949
,,,,,4476,13566.09086,10857.65824,9825.937888,30300.83953,3211.13808,2949
,,,,,4477,12530.34712,10358.9075,9665.386698,29806.76596,3169.48788,2949
,,,,,4478,12675.49244,10122.95514,9866.827712,30456.06125,3190.74552,2949
,,,,,4479,12652.37805,10380.09478,9774.696409,30532.74802,3266.43516,2949
,,,,,4480,12921.70037,10362.73135,9997.006763,30706.33799,3229.23672,2949
,,,,,4481,14576.97402,10581.42932,10191.43248,30584.90847,3179.05236,2949
,,,,,4482,13985.11395,11278.44875,10015.50166,29786,3124.03716,2949
,,,,,4483,13084.11486,11096.24456,9615.098914,29413.738,3030.92928,2949
,,,,,4484,13456.30435,10942.03982,9952.684435,29895.8403,3007.40688,2949
,,,,,4485,12930.4549,10774.83736,9712.508347,30102.78456,2976.37092,2949
,,,,,4486,11958.74332,10665.80819,9202.565686,31920.69325,2952.86796,2949
,,,,,4487,10966.49047,9985.417987,8469.03055,30052.6154,2852.94636,2915.654183
,,,,,4488,10015.62957,9501.060444,7844.889688,28459.37976,2856.72744,2747.974042
,,,,,4489,9734.439362,8944.580094,7261.667989,26956.50704,2848.16412,2521.865202
,,,,,4490,9624.586256,8849.237892,7153.485808,26517.0608,2805.06564,2464.978992
,,,,,4491,9592.934297,8849.237892,7153.485808,25963.12914,2741.8176,2401.575492
,,,,,4492,9592.934297,8849.237892,7153.485808,25963.12914,2708.15724,2382.141582
,,,,,4493,9989.128891,8856.364777,7153.485808,25963.12914,2695.67676,2340.000372
,,,,,4494,11546.8611,9423.536312,7986.292271,26713.63194,2719.82124,2377.816382
,,,,,4495,12535.56473,10226.74229,8506.259262,27758.58566,2794.1112,2531.999932
,,,,,4496,12352.00404,10087.33101,8627.976869,27457.57966,2785.15908,2582.152592
,,,,,4497,12785.50872,10014.82931,9130.67923,28655.06603,2931.8922,2721.286412
,,,,,4498,13048.17175,10131.09292,9504.641201,29928.96776,3029.83092,2880.827312
,,,,,4499,13732.5672,10637.71669,10279.55357,30433.65202,3080.63736,2949
,,,,,4500,13548.21873,10761.84956,9433.503774,29684.67705,3115.38636,2949
,,,,,4501,12513.8369,10243.30914,9286.722627,29200.63894,3084.85584,2949
,,,,,4502,12658.79137,9997.994552,9470.886587,29836.74596,3100.437,2949
,,,,,4503,12635.70738,10265.3371,9386.657138,29911.87509,3135.24432,2949
,,,,,4504,12904.67556,10247.28472,9589.900532,30081.93916,3128.65416,2949
,,,,,4505,14481.96528,10474.66029,9767.650879,29962.97608,3091.86396,2949
,,,,,4506,13966.69084,11195.58271,9606.809174,29180.29477,3051.5454,2949
,,,,,4507,13066.87649,11009.90262,9240.747891,28815.59403,2983.30128,2949
,,,,,4508,13438.57658,10849.57927,9549.37961,29287.90403,2966.058,2949
,,,,,4509,12913.41857,10675.74247,9329.802779,29490.64491,2943.30348,2949
,,,,,4510,11942.98471,10562.38719,8863.596527,31123.31568,2926.07964,2949
,,,,,4511,10952.03659,9855.000137,8192.974726,29441.49477,2852.83944,2923.391212
,,,,,4512,10002.426,9351.424024,7622.364746,27880.62041,2855.60964,2729.012792
,,,,,4513,9724.043893,8994.819044,7129.263837,26858.6796,2825.1666,2483.900923
,,,,,4514,9614.307789,8867.2293,7009.137713,26420.82611,2781.41688,2424.213163
,,,,,4515,9525.061447,8883.04696,7009.137713,25814.73869,2717.226,2357.683723
,,,,,4516,9525.061447,8839.920767,7009.137713,25814.73869,2683.0602,2337.296303
,,,,,4517,9978.462155,8900.789341,7009.137713,25814.73869,2658.82824,2267.159252
,,,,,4518,11534.53524,9505.343881,7899.23121,26616.68479,2694.88944,2332.754843
,,,,,4519,12522.18582,10361.4902,8451.734938,27657.85114,2770.30692,2494.536983
,,,,,4520,12338.82064,10212.89014,8581.068978,27357.93611,2761.209,2547.156973
,,,,,4521,12771.8636,10135.60976,9115.227749,28551.08227,2910.168,2693.142303
,,,,,4522,13034.24687,10259.53646,9512.590249,29820.36682,3009.58416,2860.537373
,,,,,4523,13717.91338,10799.55245,10306.82422,30323.22188,3061.15848,2949
,,,,,4524,13533.76126,10931.86708,9437.001424,29576.96153,3096.43236,2949
,,,,,4525,12500.48113,10379.14899,9281.035503,29094.67778,3065.445,2949
,,,,,4526,12645.28121,10117.6654,9476.723453,29728.47928,3081.25944,2949
,,,,,4527,12622.22181,10402.62884,9387.223378,29803.3361,3106.24956,2949
,,,,,4528,12890.90351,10383.3866,9603.18465,29972.78379,3106.24956,2949
,,,,,4529,14545.12856,10625.7488,9792.057658,29854.25188,3072.56004,2949
,,,,,4530,13951.78766,11453.51236,9621.151344,29074.40735,3031.62912,2949
,,,,,4531,13052.93168,11196.26963,9232.183915,28711.02845,2962.35468,2949
,,,,,4532,13424.23589,11025.37916,9560.128148,29181.62659,2944.84896,2949
,,,,,4533,12899.63721,10840.08456,9326.811379,29383.63265,2921.75424,2949
,,,,,4534,11930.23695,10719.25788,8831.432447,31150.27844,2904.26796,2949
,,,,,4535,10940.34427,9965.246042,8118.846741,29334.66065,2829.91968,2905.204893
,,,,,4536,9991.745098,9428.478579,7512.531057,27779.44359,2832.73848,2701.252053
,,,,,4537,9866.6256,9168.434409,7232.820219,27399.79908,2821.14252,2468.680285
,,,,,4538,9755.284711,9052.252683,7088.067099,26953.13553,2779.22016,2397.992755
,,,,,4539,9642.87833,9054.506748,7088.067099,26317.89931,2717.70228,2319.215135
,,,,,4540,9553.820022,9052.252683,7088.067099,26169.35995,2684.96532,2295.062825
,,,,,4541,10124.76449,9072.591299,7088.067099,26264.06814,2642.84856,2211.065475
,,,,,4542,11703.59366,9688.804959,8074.547735,27152.93509,2696.29884,2289.685815
,,,,,4543,12705.68768,10561.46246,8678.544226,28215.05077,2768.56704,2481.272515
,,,,,4544,12519.64096,10409.99658,8819.932061,27909.10115,2759.8482,2543.575055
,,,,,4545,12959.01676,10331.22582,9403.873865,29126.25464,2902.5864,2716.455265
,,,,,4546,13225.23713,10457.5425,9838.270129,30421.0785,2997.8424,2914.687045
,,,,,4547,13918.90161,11007.97295,10679.51833,30934.05153,3047.2686,2949
,,,,,4548,13732.05644,11142.83933,9755.636505,30172.77564,3079.64592,2949
,,,,,4549,12683.66559,10579.46182,9585.134726,29680.78785,3051.37044,2949
,,,,,4550,12830.58322,10312.93539,9799.060585,30327.34209,3066.52392,2949
,,,,,4551,12807.1866,10603.39449,9701.219198,30403.70511,3079.64592,2949
,,,,,4552,13079.79752,10583.78115,9937.307832,30576.56225,3079.64592,2949
,,,,,4553,14840.37306,10830.81741,10143.7836,30455.64537,3058.19388,2949
,,,,,4554,14156.19608,11627.86983,9956.949003,29660.10956,3018.96396,2949
,,,,,4555,13244.1952,11412.34101,9531.730221,29289.4191,2952.58608,2949
,,,,,4556,13620.92937,11238.15484,9890.238509,29769.48616,2935.80936,2949
,,,,,4557,13088.65894,11049.28675,9635.176865,29975.55679,2913.68664,2949
,,,,,4558,12105.08212,10926.12987,9093.629141,31975.65941,2896.92936,2949
,,,,,4559,11100.71321,10157.57655,8314.631201,29925.59942,2825.69148,2949
,,,,,4560,10138.24168,9610.457274,7651.807538,28339.08979,2828.38392,2726.059175
,,,,,4561,10028.60699,9239.624428,7538.313469,27676.15677,2825.33184,2507.227021
,,,,,4562,9915.442964,9116.687622,7396.49843,27224.99379,2776.28472,2431.742451
,,,,,4563,9802.877603,9124.812884,7396.49843,26583.35857,2704.32756,2347.607481
,,,,,4564,9802.877603,9116.687622,7396.49843,26423.05363,2666.03076,2321.813561
,,,,,4565,10290.97272,9143.03774,7396.49843,26528.98514,2621.05632,2266.795051
,,,,,4566,11895.65418,9764.032158,8391.591727,27426.80601,2679.29856,2316.072841
,,,,,4567,12914.15682,10643.45998,9003.876657,28499.62084,2763.8334,2520.684291
,,,,,4568,12725.06371,10490.81899,9147.20471,28190.58925,2753.63712,2587.223561
,,,,,4569,13171.63399,10411.4371,9739.159749,29420.00364,2920.617,2771.850621
,,,,,4570,13442.21355,10538.73378,10179.51709,30727.8708,3032.0568,2949
,,,,,4571,14147.23632,11093.43463,11009.26862,31246.01122,3089.87136,2949
,,,,,4572,13957.33169,11229.34733,10095.74951,30477.06669,3129.41232,2949
,,,,,4573,12891.77413,10661.59898,9922.907991,29980.1229,3094.67304,2949
,,,,,4574,13041.09744,10393.00477,10139.76948,30633.19014,3112.40232,2949
,,,,,4575,13017.31772,10685.71733,10040.58545,30710.3224,3129.597,2949
,,,,,4576,13294.39246,10665.95183,10279.91385,30884.92081,3129.597,2949
,,,,,4577,15011.54941,10914.90467,10489.22302,30762.78588,3102.64344,2949
,,,,,4578,14388.41633,11726.48778,10299.82455,29959.23631,3056.76504,2949
,,,,,4579,13461.48204,11500.93989,9868.770634,29584.81172,2979.10224,2949
,,,,,4580,13844.38498,11325.40233,10232.19861,30069.7147,2959.48728,2949
,,,,,4581,13303.39898,11135.06894,9973.636841,30277.86117,2933.5932,2949
,,,,,4582,12303.71675,11010.95658,9424.657642,32298.97883,2913.99768,2949
,,,,,4583,11282.90196,10236.44061,8634.969777,30227.40055,2830.6584,2949
,,,,,4584,10304.6706,9685.07663,7963.050409,28624.90935,2833.80768,2782.103311
,,,,,4585,10071.18308,9164.000253,7513.442454,27719.90147,2843.586,2549.689672
,,,,,4586,9957.539853,9034.012726,7369.603164,27268.02627,2784.3912,2481.528452
,,,,,4587,9906.309429,9050.127646,7369.603164,26625.37816,2697.53328,2405.562212
,,,,,4588,9906.309429,8930.24717,7369.603164,26404.87546,2651.30496,2382.274942
,,,,,4589,10334.65983,9068.203458,7369.603164,26570.91889,2621.55204,2355.999352
,,,,,4590,11946.13643,9684.119343,8374.463973,27470.15708,2667.3138,2377.084702
,,,,,4591,12968.95201,10556.35515,8992.305218,28544.66547,2769.35436,2561.839552
,,,,,4592,12779.05817,10404.96246,9136.933932,28235.14605,2757.04884,2621.920512
,,,,,4593,13227.51949,10326.22976,9734.260797,29466.50121,2958.59304,2788.627482
,,,,,4594,13499.24484,10452.4854,10178.61425,30776.433,3093.11784,2949
,,,,,4595,14207.25309,11002.64987,11011.66638,31295.39137,3162.89772,2949
,,,,,4596,14016.54429,11137.45107,10094.08651,30525.23296,3210.62292,2949
,,,,,4597,12946.47454,10574.3458,9919.676503,30027.50469,3168.69084,2949
,,,,,4598,13096.43018,10307.94817,10138.50595,30681.60288,3190.09428,2949
,,,,,4599,13072.54975,10598.26691,10038.42185,30758.8569,3225.74724,2949
,,,,,4600,13350.79779,10578.66305,10279.92209,30933.73093,3225.74724,2949
,,,,,4601,14989.26561,10825.57994,10491.13068,30811.40319,3178.32336,2949
,,,,,4602,14449.4544,11725.2752,10300.01347,30006.58512,3122.9388,2949
,,,,,4603,13518.59493,11406.82252,9865.047865,29631.56947,3029.19912,2949
,,,,,4604,13903.1193,11232.72053,10231.77385,30117.23792,3005.51148,2949
,,,,,4605,13359.84245,11043.9437,9970.865704,30325.71297,2974.2714,2949
,,,,,4606,12355.92698,10920.84633,9416.904672,32399.30566,2950.61292,2949
,,,,,4607,11330.78947,10152.66441,8620.050611,30275.1727,2850.01092,2949
,,,,,4608,10348.4157,9605.809518,7942.033763,28670.15177,2853.82116,2797.887342
,,,,,4609,9948.656212,9237.856317,7485.17222,27738.76697,2877.59628,2571.750158
,,,,,4610,9836.392052,9106.822037,7342.792918,27286.58461,2809.48824,2511.561068
,,,,,4611,9778.673669,9123.066726,7342.792918,26643.49967,2709.55692,2444.490978
,,,,,4612,9778.673669,8873.843727,7342.792918,26325.98486,2656.36908,2423.926618
,,,,,4613,10208.93566,9141.288097,7342.792918,26589.00339,2642.78052,2407.471198
,,,,,4614,11800.85694,9762.163778,8340.608927,27488.85282,2674.7982,2419.355668
,,,,,4615,12811.26062,10641.42345,8954.44269,28564.09158,2792.19636,2582.474688
,,,,,4616,12623.67114,10488.81164,9098.133305,28254.36177,2778.03432,2635.527198
,,,,,4617,13066.69038,10409.44493,9691.58575,29486.55392,3009.91464,2782.721618
,,,,,4618,13335.11833,10536.71727,10133.05701,30797.37611,3164.67648,2949
,,,,,4619,14034.53487,11091.31206,10963.72859,31316.68722,3244.95396,2949
,,,,,4620,13846.14033,11227.19878,10049.07754,30546.00532,3299.87196,2949
,,,,,4621,12789.05591,10659.55898,9875.798801,30047.93872,3251.6316,2949
,,,,,4622,12937.19183,10391.01613,10093.20886,30702.48152,3276.25236,2949
,,,,,4623,12913.6012,10683.67272,9993.773938,30779.78806,3338.6742,2949
,,,,,4624,13188.47269,10663.911,10233.70774,30954.78096,3320.82828,2949
,,,,,4625,14823.11599,10912.81623,10443.54638,30832.37007,3262.70268,2949
,,,,,4626,14273.79706,11918.92021,10253.66881,30027.00494,3198.97836,2949
,,,,,4627,13354.2336,11498.7394,9821.524499,29651.73437,3091.14468,2949
,,,,,4628,13734.09176,11323.23541,10185.8718,30137.73295,3063.8898,2949
,,,,,4629,13197.40759,11132.93841,9926.655975,30346.34971,3027.94524,2949
,,,,,4630,12205.67467,11008.84978,9376.288081,32502.43465,3000.71952,2949
,,,,,4631,11192.97724,10234.4819,8584.602625,30295.77508,2884.98348,2949
,,,,,4632,10222.52461,9683.223346,7910.983573,28689.66317,2889.37692,2790.890348
,,,,,4633,9865.669252,9543.520011,7463.625498,27694.13409,2927.36268,2562.082189
,,,,,4634,9754.339126,9408.153598,7317.876421,27242.67841,2855.81376,2507.997529
,,,,,4635,9661.833316,9424.935354,7317.876421,26600.62693,2750.83776,2447.719969
,,,,,4636,9661.833316,9081.439267,7317.876421,26316.58451,2695.34628,2429.239569
,,,,,4637,10123.78318,9443.759143,7317.876421,26546.21822,2695.34628,2403.367009
,,,,,4638,11702.45972,10085.16164,8331.952422,27444.62156,2714.31972,2425.120799
,,,,,4639,12704.45686,10993.49057,8955.035789,28518.13237,2837.64708,2571.725419
,,,,,4640,12518.42813,10835.83325,9100.891617,28208.9003,2822.77548,2619.400919
,,,,,4641,12957.76145,10753.84259,9703.286549,29439.11227,3066.34896,2751.683229
,,,,,4642,13223.95609,10885.32269,10151.41016,30747.82791,3228.92568,2903.360129
,,,,,4643,13917.55351,11458.25297,10987.57623,31266.30447,3313.26612,2949
,,,,,4644,13730.7264,11598.63225,10066.16523,30496.86109,3370.9446,2949
,,,,,4645,12682.4369,11012.22568,9890.275429,29999.59491,3320.26452,2949
,,,,,4646,12829.34033,10734.80451,10110.96155,30653.08583,3346.12944,2949
,,,,,4647,12805.94597,11037.13664,10010.02828,30730.26813,3429.83808,2949
,,,,,4648,13078.53054,11016.72158,10253.57755,30904.97981,3392.9604,2949
,,,,,4649,14751.74775,11273.85589,10466.57816,30782.76564,3331.90908,2949
,,,,,4650,14154.82504,12375.16975,10273.8394,29978.69477,3264.96744,2949
,,,,,4651,13242.91232,11879.1503,9835.18329,29604.02728,3151.68084,2949
,,,,,4652,13619.61007,11697.84396,10205.02079,30089.24483,3123.05544,2949
,,,,,4653,13087.3911,11501.25554,9941.898948,30297.52633,3085.29324,2949
,,,,,4654,12103.90937,11373.0644,9383.237791,32423.61715,3056.697,2949
,,,,,4655,11099.63756,10573.0951,8579.622759,30247.03298,2935.11924,2943.830239
,,,,,4656,10137.25907,10003.61135,7895.853223,28643.50216,2939.72652,2759.026239
,,,,,4657,9808.296541,9816.863725,7471.066987,27608.3711,2975.9238,2540.957594
,,,,,4658,9697.612158,9677.623246,7298.640555,27158.31175,2900.97288,2481.073234
,,,,,4659,9585.868564,9694.88528,7295.365162,26518.24609,2791.0008,2414.337364
,,,,,4660,9564.557066,9377.332277,7295.365162,26152.31595,2735.23716,2393.881134
,,,,,4661,10064.91335,9714.24779,7296.40734,26464.00567,2735.23716,2340.828624
,,,,,4662,11634.43319,10374.00665,8340.394962,27359.6303,2752.7526,2389.329844
,,,,,4663,12630.61851,11308.33115,8964.19665,28429.82081,2881.94112,2551.623144
,,,,,4664,12445.66878,11146.16182,9110.220628,28121.54518,2866.35996,2604.410244
,,,,,4665,12882.45387,11061.82466,9713.310031,29347.95219,3121.5294,2750.857584
,,,,,4666,13147.10451,11197.0676,10161.95026,30652.62006,3291.84324,2918.783474
,,,,,4667,13836.6789,11786.39463,11077.37884,31169.49301,3380.18832,2949
,,,,,4668,13650.93544,11930.79144,10076.60706,30402.42946,3440.61756,2949
,,,,,4669,12608.72626,11327.60244,9900.514481,29906.70129,3387.52692,2949
,,,,,4670,12754.77762,11042.24172,10121.45502,30558.17101,3414.62628,2949
,,,,,4671,12731.51895,11353.22633,10020.40539,30635.11458,3507.84108,2949
,,,,,4672,13002.52246,11332.227,10264.23543,30809.28589,3463.68312,2949
,,,,,4673,14710.32106,11596.72027,10477.4816,30687.44972,3399.7158,2949
,,,,,4674,14072.5742,12696.88965,10284.52064,29885.86579,3329.59572,2949
,,,,,4675,13165.95079,12219.33766,9845.358829,29512.35712,3210.92424,2949
,,,,,4676,13540.46361,12032.8425,10215.62269,29996.07393,3180.93804,2949
,,,,,4677,13011.33164,11830.6279,9952.197515,30203.71123,3141.37764,2949
,,,,,4678,12033.55433,11698.76804,9392.892305,32395.34842,3111.4206,2949
,,,,,4679,11035.10754,10875.90434,8588.350825,30153.37405,2984.05944,2949
,,,,,4680,10078.31108,10290.12247,7903.793007,28554.80285,2988.88056,2758.986994
,,,,,4681,9842.667577,9931.540038,7494.602535,27657.01828,3012.45156,2535.311331
,,,,,4682,9731.59634,9790.674266,7321.635306,27206.16689,2930.22036,2466.029491
,,,,,4683,9619.462192,9808.137793,7262.228241,26564.97482,2809.55628,2388.824671
,,,,,4684,9532.52774,9557.702745,7262.228241,26103.95996,2747.91204,2365.154031
,,,,,4685,10100.18129,9827.726312,7319.395087,26510.63894,2747.91204,2292.608631
,,,,,4686,11675.18675,10495.18625,8366.65706,27407.83973,2767.58532,2359.885151
,,,,,4687,12674.85384,11440.4167,8992.415233,28479.91361,2909.33208,2547.657811
,,,,,4688,12489.2577,11276.35444,9138.897199,28171.09546,2892.2346,2608.721771
,,,,,4689,12927.56939,11191.03285,9743.878125,29399.66075,3172.20948,2778.161481
,,,,,4690,13193.14501,11327.85443,10193.92546,30706.62463,3359.07648,2949
,,,,,4691,13885.12953,11924.06042,11186.83849,31224.40719,3456.01404,2949
,,,,,4692,13698.73688,12070.14271,10108.31459,30455.99373,3522.31416,2949
,,,,,4693,12652.88508,11459.91294,9931.669721,29959.39316,3464.0622,2949
,,,,,4694,12799.4469,11171.22134,10153.30322,30612.00936,3493.79568,2949
,,,,,4695,12776.10694,11485.83593,10051.93666,30689.08835,3594.9906,2949
,,,,,4696,13048.05763,11464.59149,10296.53144,30863.56617,3547.62504,2949
,,,,,4697,14804.36026,11732.17206,10510.44643,30741.51559,3477.43692,2949
,,,,,4698,14121.84931,12787.84897,10316.88028,29938.52099,3400.50312,2949
,,,,,4699,13212.05716,12362.057,9876.34108,29564.35501,3270.294,2949
,,,,,4700,13587.87894,12173.38496,10247.76624,30048.92309,3237.3918,2949
,,,,,4701,13056.8976,11968.80999,9983.514853,30256.92579,3193.98228,2949
,,,,,4702,12075.70286,11835.411,9422.455444,32530.62783,3161.11896,2949
,,,,,4703,11073.7664,11002.94236,8615.390609,30206.50003,3021.37452,2949
,,,,,4704,10113.62584,10410.32292,7928.685751,28605.11559,3026.67192,2787.568791
,,,,,4705,9833.394992,9676.608701,7557.743441,27857.53101,3055.64724,2570.192103
,,,,,4706,9722.42812,9539.356038,7383.32537,27403.41504,2972.29824,2496.535913
,,,,,4707,9610.399335,9556.371638,7324.37168,26757.58014,2850.0012,2414.455413
,,,,,4708,9547.144653,9251.45563,7324.37168,26318.07081,2785.4118,2389.290613
,,,,,4709,10090.66674,9575.457725,7381.06636,26702.85082,2785.4118,2328.885263
,,,,,4710,11664.19229,10225.79777,8437.112726,27606.54818,2807.45676,2383.697343
,,,,,4711,12662.92007,11146.78372,9068.119735,28686.38488,2951.12808,2583.315153
,,,,,4712,12477.49832,10986.92954,9215.830386,28375.3306,2933.79732,2648.242303
,,,,,4713,12915.39817,10903.7964,9825.885869,29612.79184,3217.57272,2828.377053
,,,,,4714,13180.72425,11037.10859,10279.70819,30929.21936,3406.96692,2949
,,,,,4715,13872.05857,11618.02231,11273.86029,31450.75115,3505.21668,2949
,,,,,4716,13685.84105,11760.35769,10193.37922,30676.77366,3572.41104,2949
,,,,,4717,12640.97195,11165.77989,10015.25265,30176.57724,3513.38148,2949
,,,,,4718,12787.39606,10884.49303,10238.74521,30833.91899,3543.51348,2949
,,,,,4719,12764.07804,11191.03797,10136.52838,30911.5561,3641.17032,2949
,,,,,4720,13035.7732,11170.33844,10383.17482,31087.2973,3598.06212,2949
,,,,,4721,14774.9437,11431.05576,10598.88412,30964.36296,3526.93116,2949
,,,,,4722,14108.55591,12511.50334,10403.69434,30155.55393,3448.9476,2949
,,,,,4723,13199.61863,12044.78458,9959.459918,29778.67864,3316.97916,2949
,,,,,4724,13575.08727,11860.95185,10334.00057,30266.75544,3283.62984,2949
,,,,,4725,13044.60486,11661.62409,10067.53266,30476.26428,3239.63712,2949
,,,,,4726,12064.33207,11531.64669,9501.767107,32739.90291,3206.32668,2949
,,,,,4727,11063.33705,10720.5303,8687.932643,30425.47339,3064.68684,2949
,,,,,4728,10104.09866,10143.11113,7995.467731,28812.49343,3070.05228,2838.374163
,,,,,4729,9778.170377,9477.98737,7618.715651,27976.19548,3101.02992,2612.900504
,,,,,4730,9667.825069,9343.549742,7442.896569,27520.14751,3020.51916,2543.972544
,,,,,4731,9556.423797,9360.216354,7438.549306,26871.56496,2902.37256,2467.170754
,,,,,4732,9522.041918,8934.770088,7438.549306,26396.85875,2845.15092,2443.627904
,,,,,4733,10034.00105,9378.910988,7440.619413,26816.6028,2845.15092,2406.971834
,,,,,4734,11598.71275,10015.91264,8505.148456,27724.14487,2861.26668,2438.388514
,,,,,4735,12591.8463,10918.00928,9141.224019,28808.57563,3000.06828,2625.178174
,,,,,4736,12407.46316,10761.4337,9290.121154,28496.198,2983.33044,2685.927574
,,,,,4737,12842.91018,10680.0056,9905.076898,29738.92392,3257.4636,2854.482584
,,,,,4738,13106.75008,10810.58358,10362.54454,31060.95206,3440.42316,2949
,,,,,4739,13794.21199,11379.58283,11283.78735,31584.70266,3535.33896,2949
,,,,,4740,13609.03754,11518.99893,10275.52213,30807.43235,3600.25884,2949
,,,,,4741,12570.02112,10936.61585,10095.96477,30305.10789,3543.2316,2949
,,,,,4742,12715.62506,10661.09814,10321.25252,30965.24624,3572.33328,2949
,,,,,4743,12692.43764,10961.35589,10218.21465,31043.21365,3678.76728,2949
,,,,,4744,12962.61095,10941.0809,10466.84227,31219.70253,3625.04484,2949
,,,,,4745,14675.69574,11196.45094,10684.28425,31096.24518,3556.32444,2949
,,,,,4746,14029.38463,12357.31068,10487.52661,30283.99514,3480.98472,2949
,,,,,4747,13125.53862,11797.59226,10039.72388,29905.51647,3353.4972,2949
,,,,,4748,13498.90414,11617.52991,10417.27303,30395.66975,3321.2754,2949
,,,,,4749,12971.39313,11422.29034,10148.66471,30606.06993,3278.77956,2949
,,,,,4750,11996.6112,11294.97876,9578.354657,32904.12972,3246.59664,2949
,,,,,4751,11001.2231,10500.49827,8757.98308,30555.06295,3109.7682,2949
,,,,,4752,10047.35774,9934.921896,8059.955954,28935.22071,3114.95868,2863.840744
,,,,,4753,9703.629124,9466.019733,7710.645944,28067.00016,3129.87888,2644.443991
,,,,,4754,9594.122793,9331.751722,7532.714502,27609.47378,3047.62824,2581.148621
,,,,,4755,9483.568526,9348.397305,7511.366008,26958.78867,2926.935,2510.608541
,,,,,4756,9372.648432,8878.212422,7511.366008,26398.50839,2869.32456,2488.982541
,,,,,4757,9957.514669,9367.068353,7530.409988,26903.64834,2869.32456,2473.962301
,,,,,4758,11510.32956,10003.26632,8607.728709,27814.13245,2884.95432,2484.165841
,,,,,4759,12495.91212,10904.22482,9251.446338,28902.0787,3026.73996,2655.719001
,,,,,4760,12312.93089,10747.84677,9402.132383,28588.68841,3009.63276,2711.514081
,,,,,4761,12745.06711,10666.52141,10024.47645,29835.44297,3289.67568,2866.326751
,,,,,4762,13006.90099,10796.93464,10487.44029,31161.75684,3476.58156,2949
,,,,,4763,13689.13599,11365.21601,11434.64887,31687.20533,3573.54828,2949
,,,,,4764,13505.36946,11504.45621,10399.37236,30907.41528,3639.85812,2949
,,,,,4765,12474.25289,10922.80791,10217.65773,30403.46239,3581.59644,2949
,,,,,4766,12618.74977,10647.63781,10445.65217,31065.74076,3611.33964,2949
,,,,,4767,12595.73865,10947.51673,10341.37636,31143.96093,3722.02128,2949
,,,,,4768,12863.85778,10927.26732,10592.99109,31321.02195,3665.17872,2949
,,,,,4769,14619.95145,11182.31517,10813.04551,31197.16437,3594.98088,2949
,,,,,4770,13922.52057,12377.35133,10613.92394,30382.2812,3518.01792,2949
,,,,,4771,13025.54668,11782.69805,10160.74113,30002.57558,3387.77964,2949
,,,,,4772,13396.07342,11602.86288,10542.82631,30494.31783,3354.86772,2949
,,,,,4773,12872.57319,11407.86964,10270.99083,30705.40008,3311.4582,2949
,,,,,4774,11905.20271,11280.71868,9693.828838,33079.20546,3278.58516,2949
,,,,,4775,10917.38274,10487.24056,8863.600989,30654.22775,3138.80184,2949
,,,,,4776,9970.7698,9922.377759,8157.187486,29029.13433,3144.09924,2874.918171
,,,,,4777,9671.427402,9719.606566,7809.471689,28323.11262,3142.74816,2634.667073
,,,,,4778,9562.283507,9581.744501,7629.269443,27861.41643,3055.482,2574.448493
,,,,,4779,9452.095146,9598.83565,7590.743302,27204.8011,2927.44044,2507.339083
,,,,,4780,9311.070829,9279.558824,7590.743302,26604.62844,2867.3028,2486.764893
,,,,,4781,9924.472653,9618.00648,7626.935518,27149.15822,2867.3028,2472.619523
,,,,,4782,11472.14814,10271.23404,8718.003237,28067.94032,2882.9034,2482.184113
,,,,,4783,12454.46869,11196.30918,9369.936144,29165.80192,3033.3204,2645.391603
,,,,,4784,12272.09307,11035.74525,9522.54528,28849.55545,3015.17316,2698.473603
,,,,,4785,12702.79904,10952.24299,10152.83185,30107.67271,3312.27468,2845.746663
,,,,,4786,12963.76631,11086.14709,10621.70414,31446.07436,3510.5724,2949
,,,,,4787,13643.7433,11669.64007,11595.32288,31976.31169,3613.42944,2949
,,,,,4788,13460.58499,11812.60742,10532.51227,31189.41478,3683.79252,2949
,,,,,4789,12432.88114,11215.3897,10348.47855,30680.86895,3621.98304,2949
,,,,,4790,12576.89977,10932.85392,10579.38272,31349.18321,3653.52444,2949
,,,,,4791,12553.96481,11240.75992,10473.77611,31428.11626,3773.2554,2949
,,,,,4792,12821.19654,11219.96848,10728.60201,31606.79098,3710.64888,2949
,,,,,4793,14593.86547,11481.84339,10951.46482,31481.80459,3636.17424,2949
,,,,,4794,13876.35544,12576.54463,10749.80201,30659.49472,3554.52624,2949
,,,,,4795,12982.3503,12098.29718,10290.83558,30276.32853,3416.35644,2949
,,,,,4796,13351.65069,11913.64822,10677.79702,30772.55243,3381.4422,2949
,,,,,4797,12829.88311,11713.43545,10402.4923,30985.55844,3335.37912,2949
,,,,,4798,11865.71437,11582.88094,9817.964435,33403.26284,3300.50376,2949
,,,,,4799,10881.16382,10768.16319,8977.141021,30933.91974,3152.21544,2949
,,,,,4800,9937.683913,10188.18027,8261.712099,29294.01552,3157.8336,2853.925223
,,,,,4801,9666.96083,9860.114581,7818.862825,28550.81431,3155.22864,2597.304226
,,,,,4802,9557.867208,9720.261113,7638.444791,28085.41087,3068.47764,2539.818386
,,,,,4803,9447.7296,9737.599142,7595.205608,27423.52315,2941.1748,2475.746446
,,,,,4804,9338.17545,9522.729315,7595.205608,26751.33758,2881.90224,2456.106106
,,,,,4805,9919.889528,9757.046892,7636.108071,27367.43349,2881.90224,2437.419276
,,,,,4806,11466.85214,10419.71026,8728.482319,28293.59307,2896.89048,2451.731756
,,,,,4807,12448.72023,11358.148,9381.195902,29400.2701,3046.4424,2607.547086
,,,,,4808,12266.42862,11195.26474,9533.987783,29081.48428,3028.40208,2658.220736
,,,,,4809,12696.93621,11110.5563,10165.02911,30349.70376,3323.78316,2798.819226
,,,,,4810,12957.78328,11246.39463,10634.46287,31698.8523,3520.91448,2949
,,,,,4811,13637.44707,11838.31611,11614.80586,32233.34724,3623.18832,2949
,,,,,4812,13454.37312,11983.3486,10545.16419,31440.13183,3693.13344,2949
,,,,,4813,12427.14263,11377.50413,10360.91009,30927.50256,3631.6836,2949
,,,,,4814,12571.09493,11090.88715,10592.09076,31601.18315,3663.05004,2949
,,,,,4815,12548.17053,11403.24083,10486.35769,31680.75,3783.267,2949
,,,,,4816,12815.27917,11382.14906,10741.48874,31860.85941,3719.83428,2949
,,,,,4817,14566.10927,11647.80672,10964.61842,31734.86942,3645.79704,2949
,,,,,4818,13869.95206,12670.64139,10762.71413,30905.95671,3564.62532,2949
,,,,,4819,12976.3587,12273.16511,10303.19809,30519.71383,3427.25256,2949
,,,,,4820,13345.48899,12085.84893,10690.62291,31019.92223,3392.54244,2949
,,,,,4821,12823.96174,11882.7441,10414.98852,31234.6386,3346.7418,2949
,,,,,4822,11860.2371,11750.30375,9829.760697,33722.16275,3312.07056,2949
,,,,,4823,10876.14003,10923.81749,8987.930415,31182.58526,3164.64732,2949
,,,,,4824,9933.094702,10335.45678,8271.644783,29529.5132,3170.2266,2806.624246
,,,,,4825,9724.511463,9970.122059,7838.486601,28889.44634,3158.9028,2545.451468
,,,,,4826,9614.770097,9828.709469,7657.617655,28418.52956,3077.26452,2489.312337
,,,,,4827,9503.978546,9846.240786,7571.297356,27748.8009,2957.46552,2426.754218
,,,,,4828,9317.310729,9634.251572,7571.297356,26776.30027,2898.42624,2407.566057
,,,,,4829,9978.941926,9865.905345,7655.275095,27692.04677,2898.42624,2386.313598
,,,,,4830,11535.08964,10535.95625,8750.379474,28629.17796,2915.79588,2403.299837
,,,,,4831,12522.78758,11484.85594,9404.72436,29748.96507,3056.53176,2555.458408
,,,,,4832,12339.4136,11320.15681,9557.898109,29426.4028,3039.55092,2604.942627
,,,,,4833,12772.47733,11234.50402,10190.51657,30709.64605,3317.52348,2742.238237
,,,,,4834,13034.87318,11371.85671,10661.12357,32074.77706,3503.0394,2899.675518
,,,,,4835,13718.57248,11970.37708,11700.9819,32615.60381,3599.28684,2949
,,,,,4836,13534.41153,12117.02644,10571.60171,31812.9917,3665.11068,2949
,,,,,4837,12501.08185,11504.42786,10386.88711,31294.28965,3607.27668,2949
,,,,,4838,12645.88887,11214.6156,10618.64557,31975.95088,3636.79632,2949
,,,,,4839,12622.82836,11530.45147,10512.64824,32056.46031,3742.32636,2949
,,,,,4840,12891.52296,11509.12456,10768.41693,32238.70336,3690.23688,2949
,,,,,4841,14701.38077,11777.74385,10992.10427,32111.22085,3620.5542,2949
,,,,,4842,13952.45798,12806.03503,10789.69537,31272.48855,3544.17444,2949
,,,,,4843,13053.5589,12410.07389,10329.03088,30881.67011,3414.89844,2949
,,,,,4844,13424.8809,12220.66946,10717.42397,31387.80415,3382.22952,2949
,,,,,4845,12900.25708,12015.30037,10441.1007,31605.06413,3339.13104,2949
,,,,,4846,11930.81032,11881.38354,9854.410237,34359.21298,3306.51072,2949
,,,,,4847,10940.87017,11045.6834,9010.475999,31552.39414,3167.76744,2941.679107
,,,,,4848,9992.225506,10450.7635,8292.400181,29879.73923,3173.02596,2749.866317
,,,,,4849,9864.571244,9974.372787,7999.931657,29220.70676,3163.0824,2484.086873
,,,,,4850,9753.253477,9832.899952,7815.353049,28744.39667,3089.75472,2427.446413
,,,,,4851,9640.870439,9850.438738,7663.927671,28066.99775,2982.15432,2364.318153
,,,,,4852,9420.151554,9683.094799,7703.581538,27002.27715,2924.88408,2344.962883
,,,,,4853,10122.65652,9870.111674,7812.962443,28009.59363,2906.766,2319.542503
,,,,,4854,11701.15782,10540.44804,8930.527648,28957.45759,2944.7226,2340.657343
,,,,,4855,12703.04373,11489.75198,9598.293288,30090.06938,3071.12148,2494.182283
,,,,,4856,12517.03565,11324.98269,9754.608664,29763.81287,3055.88052,2544.118683
,,,,,4857,12956.32021,11239.2934,10400.20227,31061.75283,3305.54844,2682.652873
,,,,,4858,13222.48529,11376.70461,10880.46151,32442.5184,3472.1784,2841.505673
,,,,,4859,13916.00572,11975.47996,11987.00795,32989.53913,3558.62808,2949
,,,,,4860,13729.19935,12122.19179,10789.10354,32177.73487,3617.75484,2949
,,,,,4861,12681.02621,11509.33223,10600.60041,31653.09223,3565.81116,2949
,,,,,4862,12827.91334,11219.39651,10837.11228,32342.56039,3592.3176,2949
,,,,,4863,12804.52158,11535.36694,10728.94093,32423.99188,3655.31292,2949
,,,,,4864,13077.07588,11514.03094,10989.95549,32608.32212,3640.31496,2949
,,,,,4865,14926.56363,11782.76466,11218.2307,32479.37958,3577.7376,2949
,,,,,4866,14153.25091,12776.41155,11011.67035,31631.04146,3509.12412,2949
,,,,,4867,13241.43942,12415.3641,10541.55753,31235.74705,3393.009,2949
,,,,,4868,13618.09535,12225.87897,10937.91665,31747.67774,3363.67404,2949
,,,,,4869,13085.93547,12020.42239,10655.92593,31967.42595,3324.95928,2949
,,,,,4870,12102.56291,11886.44851,10057.20232,34812.57968,3295.65348,2949
,,,,,4871,11098.40257,11050.39234,9195.958809,31914.15275,3171.04308,2883.892633
,,,,,4872,10136.13092,10455.21899,8463.155102,30222.34127,3175.75728,2690.349763
,,,,,4873,9974.068669,9575.088861,8105.513097,29548.79608,3138.60744,2421.452776
,,,,,4874,9861.518486,9439.275027,7918.508455,29067.14432,3056.37624,2364.458436
,,,,,4875,9747.891239,9456.112251,7832.676634,28382.14856,2935.71216,2300.936976
,,,,,4876,9633.992169,9400.484435,7832.676634,27410.69027,2871.49212,2281.463746
,,,,,4877,10235.01125,9474.998258,7916.086428,28324.10067,2831.03748,2247.756676
,,,,,4878,11830.98837,10118.52075,9048.340508,29282.59465,2893.73148,2277.128716
,,,,,4879,12843.96631,11029.85195,9724.88302,30427.90835,3035.48796,2431.607166
,,,,,4880,12655.8989,10871.67353,9883.252948,30097.99298,3018.39048,2481.848296
,,,,,4881,13100.04684,10789.41187,10537.332,31410.48896,3298.36536,2621.237696
,,,,,4882,13369.15868,10921.32655,11023.9036,32806.73942,3485.23236,2781.073496
,,,,,4883,14070.35718,11496.15051,12070.77268,33359.89483,3582.16992,2916.658686
,,,,,4884,13881.48265,11636.99378,10931.34486,32538.98642,3648.47004,2949
,,,,,4885,12821.70503,11048.64899,10740.36411,32008.46007,3590.21808,2926.183956
,,,,,4886,12970.21836,10770.31087,10979.9846,32705.66041,3619.95156,2929.614626
,,,,,4887,12946.56763,11073.64228,10870.39149,32788.00513,3669.99984,2949
,,,,,4888,13222.13942,11053.15974,11134.83673,32974.40258,3669.99984,2949
,,,,,4889,15012.24883,11311.14395,11366.1123,32844.01399,3603.5928,2949
,,,,,4890,14310.22894,12189.36655,11156.837,31986.162,3526.659,2949
,,,,,4891,13388.32265,11918.43901,10680.54519,31586.43448,3396.44988,2949
,,,,,4892,13769.1486,11736.53341,11082.11391,32104.10632,3363.54768,2949
,,,,,4893,13231.09709,11539.29522,10796.41681,32326.31895,3320.13816,2949
,,,,,4894,12236.83747,11410.68037,10189.82379,35106.07818,3287.27484,2927.019506
,,,,,4895,11221.55993,10608.06697,9317.2604,32272.4483,3147.5304,2823.725866
,,,,,4896,10248.63482,10036.70092,8574.824985,30561.66364,3152.8278,2628.983736
,,,,,4897,9923.139581,9122.604336,8132.077413,29572.63759,3125.71872,2351.935052
,,,,,4898,9811.162616,8993.203508,7944.46238,29090.59766,3031.82352,2289.681662
,,,,,4899,9698.114072,9009.245693,7942.163419,28405.04985,2894.05224,2220.301522
,,,,,4900,9689.487362,8814.1209,7942.163419,27515.71201,2820.72456,2199.029402
,,,,,4901,10182.75318,9027.23992,7942.163419,28346.95518,2797.50348,2154.332392
,,,,,4902,11770.602,9640.375867,9077.982252,29306.22163,2846.12292,2194.291342
,,,,,4903,12778.42086,10508.67483,9756.733027,30452.45835,3007.97064,2363.033122
,,,,,4904,12591.31128,10357.96546,9915.619881,30122.27709,2988.45288,2417.904182
,,,,,4905,13033.19717,10279.58812,10571.83388,31435.83083,3308.13396,2570.170882
,,,,,4906,13300.93843,10405.2739,11059.99367,32833.20654,3521.49768,2744.751682
,,,,,4907,13998.56573,10952.9552,11993.46049,33386.80774,3632.17932,2892.860292
,,,,,4908,13810.65314,11087.14798,10967.1328,32565.23775,3707.8884,2949
,,,,,4909,12756.27295,10526.58429,10775.52869,32034.28384,3641.37444,2903.260432
,,,,,4910,12904.02991,10261.38905,11015.93131,32732.04607,3675.31668,2907.005662
,,,,,4911,12880.49963,10550.39743,10905.98048,32814.45715,3755.9538,2948.173702
,,,,,4912,13154.66794,10530.88205,11171.28888,33001.00482,3736.77624,2949
,,,,,4913,14867.46517,10776.68448,11403.31935,32870.51115,3656.64456,2949
,,,,,4914,14237.21583,11732.36907,11193.36096,32011.9678,3568.7952,2949
,,,,,4915,13320.0048,11355.30362,10715.51451,31611.91814,3420.1278,2949
,,,,,4916,13698.8912,11181.98744,11118.39397,32130.00718,3382.55028,2949
,,,,,4917,13163.57999,10994.06265,10831.76435,32352.39889,3332.988,2949
,,,,,4918,12174.38412,10871.52089,10223.19138,35063.92806,3295.4688,2904.164792
,,,,,4919,11164.27738,10106.80615,9347.77991,32298.48483,3135.90528,2791.336052
,,,,,4920,10196.30737,9562.419494,8602.921154,30586.32143,3141.95112,2578.624682
,,,,,4921,9811.289466,8975.183679,8093.780971,29658.10331,3133.31004,2306.605479
,,,,,4922,9700.571396,8847.872225,7929.129598,29174.6719,3036.80016,2243.880249
,,,,,4923,9588.793794,8863.655385,7929.129598,28487.14515,2895.1992,2173.979119
,,,,,4924,9565.077339,8652.720262,7929.129598,27664.54282,2828.41308,2152.549719
,,,,,4925,10067.98437,8881.359067,7929.129598,28428.88278,2828.41308,2096.813619
,,,,,4926,11637.98188,9484.594996,9034.413838,29390.91829,2845.93824,2147.782169
,,,,,4927,12634.47038,10338.87395,9709.381615,30540.46381,3012.28632,2317.782189
,,,,,4928,12449.46437,10190.59801,9867.382919,30209.32943,2992.22424,2373.066109
,,,,,4929,12886.38239,10113.48619,10519.93953,31526.67494,3320.79912,2526.463259
,,,,,4930,13151.11358,10237.14258,11005.37857,32928.08439,3540.10176,2702.361279
,,,,,4931,13840.89783,10775.98073,11872.36529,33483.28365,3653.86464,2851.570849
,,,,,4932,13655.09784,10908.00676,10913.03527,32659.34207,3731.67324,2949
,,,,,4933,12612.57148,10356.49423,10722.49905,32126.85548,3663.31248,2862.059459
,,,,,4934,12758.66728,10095.58097,10961.5618,32826.63191,3698.19756,2865.824349
,,,,,4935,12735.40154,10379.92286,10852.22377,32909.28088,3829.96188,2907.306949
,,,,,4936,13006.48753,10360.7226,11116.05349,33096.36705,3761.36784,2936.855929
,,,,,4937,14716.26878,10602.55617,11346.79074,32965.49669,3679.01028,2949
,,,,,4938,14076.86492,11560.28137,11138.00255,32104.47503,3588.71148,2948.101449
,,,,,4939,13169.9656,11171.83262,10662.81936,31703.27056,3435.90336,2948.140769
,,,,,4940,13544.59239,11001.31489,11063.45338,32222.85514,3397.2858,2909.744789
,,,,,4941,13015.29938,10816.42444,10778.42128,32445.88882,3346.353,2923.634579
,,,,,4942,12037.2245,10695.8613,10173.24018,35104.62565,3307.78404,2862.963819
,,,,,4943,11038.47383,9943.494052,9302.707787,32391.81912,3143.77848,2749.289699
,,,,,4944,10081.38618,9407.897348,8562.000479,30674.7133,3149.99928,2534.985869
,,,,,4945,9786.236,9193.024067,8028.842491,30092.74155,3139.74468,2262.513402
,,,,,4946,9675.799912,9062.625189,7850.527248,29602.23371,3048.7266,2196.878492
,,,,,4947,9564.306991,9078.791105,7850.527248,28904.64301,2915.18352,2123.743292
,,,,,4948,9507.032538,8870.82352,7850.527248,28097.38675,2855.98872,2101.321062
,,,,,4949,10042.27715,9096.924119,7850.527248,28845.5278,2855.98872,2044.287402
,,,,,4950,11608.27611,9714.789095,8962.787751,29821.6455,2868.72192,2096.327422
,,,,,4951,12602.22671,10589.78513,9632.956717,30988.01795,3025.61244,2274.201272
,,,,,4952,12417.69188,10437.91335,9789.83468,30652.03646,3006.6876,2332.050822
,,,,,4953,12853.49714,10358.9315,10437.75181,31988.66516,3316.5612,2492.564892
,,,,,4954,13117.5541,10485.58668,10919.73954,33410.58831,3523.38336,2676.611982
,,,,,4955,13805.58158,11037.49217,11826.35364,33973.91452,3630.663,2832.732042
,,,,,4956,13620.25479,11172.71995,10828.05277,33137.91216,3704.049,2949
,,,,,4957,12580.38358,10607.83271,10638.8712,32597.63108,3639.57624,2843.702322
,,,,,4958,12726.1073,10340.59206,10876.23429,33307.65077,3672.48816,2847.644152
,,,,,4959,12702.90081,10631.82952,10767.67362,33391.50955,3805.60356,2891.043602
,,,,,4960,12973.29639,10612.16363,11029.62759,33581.33427,3732.06204,2921.958952
,,,,,4961,14702.83744,10859.86189,11258.72437,33448.54824,3654.3798,2942.651102
,,,,,4962,14040.9477,11830.5342,11051.4206,32574.92302,3569.22288,2933.725462
,,,,,4963,13136.3581,11442.94384,10579.61582,32167.84576,3425.11416,2933.774612
,,,,,4964,13510.03078,11268.29089,10977.40146,32695.03597,3388.70304,2893.599402
,,,,,4965,12982.0858,11078.91667,10694.39584,32921.3344,3340.65708,2908.137972
,,,,,4966,12006.50192,10955.42976,10093.51739,35584.60297,3304.28484,2844.655832
,,,,,4967,11010.29492,10184.81689,9229.174213,32866.47324,3149.6202,2725.712832
,,,,,4968,10055.64482,9636.231456,8493.733103,31124.23258,3155.48136,2501.480702
,,,,,4969,9907.052699,9578.21855,8030.310904,30723.40386,3141.47484,2246.433232
,,,,,4970,9795.256794,9442.360359,7845.034247,30222.62809,3060.03096,2182.105712
,,,,,4971,9682.391044,9459.203082,7813.976122,29510.43455,2940.543,2110.415522
,,,,,4972,9587.566465,9151.987959,7813.976122,28591.1217,2877.11028,2088.435642
,,,,,4973,10166.24652,9478.095257,7842.6346,29450.08186,2877.11028,2032.807672
,,,,,4974,11751.52787,10121.82793,8964.426277,30446.63288,2898.97056,2083.540302
,,,,,4975,12757.71713,11033.45676,9634.717311,31637.42131,3039.3468,2257.895012
,,,,,4976,12570.91009,10875.22669,9791.623849,31294.40663,3022.42428,2314.594452
,,,,,4977,13012.08149,10792.93816,10439.659,32659.01532,3299.68728,2471.933432
,,,,,4978,13279.38982,10924.89592,10921.73451,34110.70395,3484.74636,2652.333592
,,,,,4979,13975.88909,11499.90762,11891.63968,34685.82241,3580.74108,2805.367032
,,,,,4980,13788.28034,11640.79689,10830.03104,33832.3198,3646.39968,2949
,,,,,4981,12735.60504,11052.25994,10640.81502,33280.72889,3588.7212,2816.111222
,,,,,4982,12883.12308,10773.83092,10878.22134,34005.6116,3618.16308,2819.984242
,,,,,4983,12859.63084,11077.2614,10769.6409,34091.22581,3712.82616,2862.518652
,,,,,4984,13133.35584,11056.77217,11031.64258,34285.02418,3671.46756,2892.824542
,,,,,4985,14902.61941,11314.84063,11260.78109,34149.45851,3601.95984,2913.103832
,,,,,4986,14214.1533,12390.19091,11053.43956,33257.54547,3525.76476,2904.364962
,,,,,4987,13298.42536,11922.33404,10581.54884,32841.94676,3396.81924,2904.404282
,,,,,4988,13676.69912,11740.36902,10979.40693,33380.17278,3364.2378,2865.025302
,,,,,4989,13142.25348,11543.06641,10696.34977,33611.20836,3321.24624,2879.268972
,,,,,4990,12154.65709,11414.40957,10095.36187,36394.22262,3288.70368,2817.054902
,,,,,4991,11146.18364,10611.53402,9230.86126,33555.19878,3150.31032,2700.461272
,,,,,4992,10179.77879,10039.98137,8495.286194,31776.48735,3155.5494,2480.662472
,,,,,4993,10045.7977,9882.733842,8133.696357,31379.32628,3126.83652,2228.689227
,,,,,4994,9932.440196,9742.559794,7946.044124,30867.87133,3048.3378,2164.047147
,,,,,4995,9817.997899,9759.937566,7834.264651,30140.49005,2933.1558,2092.003077
,,,,,4996,9689.315313,9371.221153,7834.264651,29210.50907,2871.85176,2069.924897
,,,,,4997,10308.61203,9779.429896,7943.613709,30078.85032,2844.801,2013.451547
,,,,,4998,11916.03712,10443.61226,9079.788748,31096.65309,2893.08996,2065.009897
,,,,,4999,12936.28118,11384.20114,9758.674104,32312.83543,3028.40208,2240.200157
,,,,,5000,12746.86476,11220.94451,9917.592462,31962.50586,3012.0822,2297.184667
,,,,,5001,13194.19858,11136.04189,10573.93657,33356.21523,3279.34332,2455.270727
,,,,,5002,13465.24076,11272.1916,11062.19315,34838.86155,3457.71504,2636.555587
,,,,,5003,14171.46897,11865.46991,12145.57423,35426.24459,3550.24944,2790.326277
,,,,,5004,13981.23964,12010.83486,10969.31388,34554.54078,3613.54608,2949
,,,,,5005,12913.86022,11403.60164,10777.67177,33991.18702,3557.93796,2801.129447
,,,,,5006,13063.43884,11116.32766,11018.12206,34731.52807,3586.32036,2805.012297
,,,,,5007,13039.61845,11429.39733,10908.14943,34818.96804,3644.514,2847.753137
,,,,,5008,13317.16693,11408.25721,11173.51043,35016.89922,3637.70028,2878.206477
,,,,,5009,15125.77415,11674.52383,11405.58691,34878.44256,3570.71004,2898.584067
,,,,,5010,14413.06134,12835.00746,11195.58689,33967.50922,3497.26572,2889.796047
,,,,,5011,13484.5422,12301.3157,10717.6457,33543.04774,3372.96636,2889.845197
,,,,,5012,13868.09982,12113.57014,11120.60504,34092.75159,3341.56104,2850.279447
,,,,,5013,13326.18886,11909.99975,10833.91858,34328.71407,3300.12468,2864.591927
,,,,,5014,12324.79739,11777.25581,10225.22494,37147.0673,3268.74852,2802.063297
,,,,,5015,11302.23724,10948.87503,9349.6399,34271.51007,3135.35124,2684.919187
,,,,,5016,10322.33332,10359.16565,8604.633456,32454.86709,3140.40564,2464.058747
,,,,,5017,10116.24457,10187.76057,8316.406246,31701.62214,3114.50184,2211.084979
,,,,,5018,10002.09417,10043.26341,8124.555732,31184.91982,3036.54744,2144.850439
,,,,,5019,9886.851392,10061.17713,7964.680377,30450.07585,2922.1722,2071.036969
,,,,,5020,9813.05334,9765.3682,8008.38072,29567.05359,2861.29584,2048.408309
,,,,,5021,10380.89719,10081.27062,8122.070942,30387.80373,2827.82016,1992.131559
,,,,,5022,11999.56562,10765.93702,9283.665248,31416.04881,2882.37852,2043.375349
,,,,,5023,13026.9459,11735.53459,9977.73908,32644.70878,3016.7478,2222.880979
,,,,,5024,12836.20459,11567.24296,10140.21287,32290.78494,3000.54456,2281.261349
,,,,,5025,13286.66734,11479.72187,10811.24114,33698.7933,3265.94916,2443.249919
,,,,,5026,13559.60537,11620.07057,11310.42133,35196.65108,3443.08644,2628.987769
,,,,,5027,14270.77337,12231.64616,12435.07829,35790.06047,3534.9696,2786.543009
,,,,,5028,14079.21346,12381.49431,11215.4641,34909.41327,3597.82884,2949
,,,,,5029,13004.36812,11755.53342,11019.53444,34340.27969,3542.60952,2797.611589
,,,,,5030,13154.99299,11459.39963,11265.36425,35088.2164,3570.7878,2801.592739
,,,,,5031,13131.00599,11782.12467,11152.93123,35176.55347,3621.19572,2845.395219
,,,,,5032,13410.49581,11760.33257,11424.22907,35376.51535,3621.19572,2876.595639
,,,,,5033,15190.27271,12034.81111,11661.49772,35236.63818,3555.2844,2897.474559
,,,,,5034,14514.05559,13143.9605,11446.79944,34316.35896,3482.35524,2888.470279
,,,,,5035,13579.04181,12680.93386,10958.16543,33887.54265,3358.92096,2888.509599
,,,,,5036,13965.28227,12487.39804,11370.14004,34442.88627,3327.72948,2847.970679
,,,,,5037,13419.58084,12277.54934,11077.03964,34681.26966,3286.58472,2862.637039
,,,,,5038,12411.18501,12140.71145,10454.72791,37473.00722,3255.43212,2798.574929
,,,,,5039,11381.47244,11286.78259,9559.553691,34623.47876,3122.95824,2678.540799
,,,,,5040,10394.71445,10678.886,8797.879464,32788.19764,3127.98348,2452.244369
,,,,,5041,10149.38742,10449.75693,8491.080835,32137.27364,3100.02876,2201.740923
,,,,,5042,10034.86399,10301.54654,8295.216674,31613.4784,3013.16112,2134.444743
,,,,,5043,9966.134629,10319.9206,8164.12823,30868.54702,2885.70276,2059.461503
,,,,,5044,9966.134629,10125.10356,8176.611199,30003.76741,2817.85716,2036.469133
,,,,,5045,10414.90489,10340.53045,8292.6799,30805.42007,2795.98716,1987.545223
,,,,,5046,12038.86293,11042.79118,9478.575573,31847.78017,2841.36012,2031.347703
,,,,,5047,13069.60056,12037.30515,10187.16992,33093.3063,2991.09672,2213.733523
,,,,,5048,12878.23593,11864.68882,10353.04277,32734.52405,2973.03696,2273.047743
,,,,,5049,13330.17074,11774.91864,11038.10943,34161.86055,3268.80684,2437.611773
,,,,,5050,13604.00069,11918.87398,11547.73281,35680.27985,3466.2006,2626.328113
,,,,,5051,14317.49271,12546.16564,12659.51207,36281.83513,3568.6008,2786.399833
,,,,,5052,14125.3068,12699.86454,11450.789,35389.09904,3638.64312,2949
,,,,,5053,13046.949,12057.81791,11250.76036,34812.15281,3577.1058,2797.645353
,,,,,5054,13198.06609,11754.07417,11501.7331,35570.35665,3608.51112,2801.695313
,,,,,5055,13174.0007,12085.0925,11386.94791,35659.90635,3682.65528,2846.185893
,,,,,5056,13454.40387,12062.74039,11663.92149,35862.61317,3665.37312,2877.887643
,,,,,5057,15124.62171,12344.27239,11906.15397,35720.81586,3591.23868,2899.100783
,,,,,5058,14561.56995,13392.74391,11686.96405,34787.9037,3509.96004,2889.949053
,,,,,5059,13623.50065,13006.999,11188.10747,34353.20091,3372.41232,2889.998203
,,,,,5060,14011.0033,12808.48976,11608.70088,34916.1679,3337.6536,2848.810503
,,,,,5061,13463.51858,12593.24843,11309.46861,35157.82364,3291.79464,2863.712783
,,,,,5062,12451.82744,12452.89412,10674.13768,37951.69322,3257.08452,2798.618523
,,,,,5063,11418.74989,11577.02127,9760.235795,35099.23943,3109.45716,2676.667543
,,,,,5064,10428.76731,10953.50315,8982.62681,33238.76487,3115.05588,2446.753673
,,,,,5065,10065.04208,10564.00631,8493.216787,32366.95988,3096.17964,2201.275494
,,,,,5066,9951.467975,10414.17668,8297.303546,31839.42508,3003.68412,2133.222404
,,,,,5067,9906.041818,10432.75148,8196.300397,31089.17537,2867.95404,2057.383954
,,,,,5068,9906.041818,10299.77993,8196.300397,30174.62107,2796.60924,2034.136004
,,,,,5069,10328.35858,10453.5865,8294.766137,31025.59773,2796.60924,1989.940324
,,,,,5070,11938.85509,11163.51963,9480.958971,32075.39961,2820.744,2028.965424
,,,,,5071,12961.04858,12168.89896,10189.73087,33329.818,2980.19088,2213.395884
,,,,,5072,12771.27024,11994.39675,10355.64529,32968.47428,2960.955,2273.388374
,,,,,5073,13219.45881,11903.6458,11040.88361,34406.00104,3275.89272,2439.820104
,,,,,5074,13491.01889,12049.17389,11550.6347,35935.26088,3486.078,2630.659724
,,,,,5075,14198.59653,12683.3189,12629.86002,36541.11089,3595.11696,2792.540164
,,,,,5076,14008.00372,12838.69701,11453.6666,35642.00124,3669.69852,2949
,,,,,5077,12938.58478,12189.63583,11253.58784,35060.93597,3604.176,2803.913474
,,,,,5078,13088.44922,11882.5736,11504.62346,35824.55291,3637.62252,2808.002754
,,,,,5079,13064.58331,12217.2084,11389.80951,35914.74193,3746.77812,2853.004494
,,,,,5080,13342.66212,12194.61209,11666.85249,36118.89595,3698.1684,2885.060124
,,,,,5081,14972.6366,12479.21991,11909.14567,35976.0863,3619.22256,2906.509184
,,,,,5082,14440.65052,13487.2956,11689.90082,35036.51375,3532.67568,2897.259154
,,,,,5083,13510.3572,13149.187,11190.91924,34598.70745,3386.21472,2897.308304
,,,,,5084,13894.64771,12948.50898,11611.61804,35165.69366,3349.20096,2855.648764
,,,,,5085,13351.70128,12730.91608,11312.3108,35409.07467,3300.3774,2870.727984
,,,,,5086,12348.39639,12589.02836,10676.82066,38254.10764,3263.41224,2804.906304
,,,,,5087,11323.88238,11703.58635,9762.689771,35350.07221,3106.2204,2681.569294
,,,,,5088,10342.10609,11073.25611,8984.885934,33476.31506,3112.17876,2449.060304
,,,,,5089,9870.105425,11264.68034,8008.417933,30416.99341,3101.62284,2246.760613
,,,,,5090,9758.747406,11104.93297,7823.689219,29921.2272,3011.92668,2180.014913
,,,,,5091,9646.323731,11124.7373,7678.218995,29216.15814,2880.31788,2105.621473
,,,,,5092,9626.339686,10870.67206,7711.82681,28270.11788,2816.00064,2082.815873
,,,,,5093,10128.28403,11146.95146,7821.296668,29156.4092,2816.00064,2021.319393
,,,,,5094,11707.3561,11903.8775,8939.770727,30142.99114,2834.53668,2077.743593
,,,,,5095,12709.60429,12975.80633,9608.079423,31321.86741,2989.143,2258.654913
,,,,,5096,12523.52895,12789.75322,9764.521921,30982.28411,2970.50004,2317.497293
,,,,,5097,12962.97235,12692.99515,10410.64055,32333.24182,3275.87328,2480.744103
,,,,,5098,13229.23368,12848.15624,10891.29037,33770.40836,3479.68224,2667.936793
,,,,,5099,13923.00488,13524.27748,11953.1236,34339.77357,3585.40668,2826.720783
,,,,,5100,13736.13096,13689.94059,10799.8581,33494.80905,3657.72348,2949
,,,,,5101,12687.57881,12997.91583,10611.20167,32948.73602,3594.19356,2837.877833
,,,,,5102,12834.51905,12670.52811,10847.90588,33666.3673,3626.61948,2841.888473
,,,,,5103,12811.11883,13027.31353,10739.64656,33751.12507,3743.83296,2886.035003
,,,,,5104,13083.77169,13003.22149,11000.87338,33942.98476,3685.32828,2917.481173
,,,,,5105,14757.50015,13306.66848,11229.33424,33808.77523,3608.78328,2938.517373
,,,,,5106,14160.33585,14439.08711,11022.6059,32925.78452,3524.8608,2929.444283
,,,,,5107,13248.19466,14020.98298,10552.11077,32514.34328,3382.8516,2929.493433
,,,,,5108,13624.98679,13807.0214,10948.79222,33047.18511,3346.95564,2888.630123
,,,,,5109,13092.63448,13575.02528,10666.57218,33275.90952,3299.61924,2903.414443
,,,,,5110,12108.90633,13423.74553,10067.36166,36040.46316,3263.77188,2838.851003
,,,,,5111,11104.3829,12479.69308,9205.417747,33220.46023,3111.35256,2717.873193
,,,,,5112,10141.76329,11807.63912,8472.018092,31459.54229,3117.12624,2489.807363
,,,,,5113,9752.842151,11358.53745,7954.371689,30437.45344,3167.1648,2239.122703
,,,,,5114,9642.803953,11197.45985,7770.884841,29941.35411,3084.00048,2175.070423
,,,,,5115,9531.71273,11217.4291,7582.24142,29235.81131,2961.98532,2103.694793
,,,,,5116,9513.02185,10920.07244,7659.774444,28331.34676,2901.08952,2081.813213
,,,,,5117,10007.9608,11239.82823,7768.508375,29176.02222,2901.08952,2027.148583
,,,,,5118,11568.31763,12003.05724,8879.463323,30163.26706,2919.5478,2076.937533
,,,,,5119,12558.68711,13083.91207,9543.279213,31342.93544,3062.88864,2250.535333
,,,,,5120,12374.81714,12896.30969,9698.670003,31003.12397,3045.59676,2306.989023
,,,,,5121,12809.05223,12798.74591,10340.445,32354.9894,3328.7112,2463.630073
,,,,,5122,13072.15782,12955.19904,10817.86358,33793.1216,3517.668,2643.253663
,,,,,5123,13757.7064,13636.95037,11907.1125,34362.86938,3615.6942,2795.608833
,,,,,5124,13573.04733,13803.99297,10727.04597,33517.33711,3682.74276,2949
,,,,,5125,12536.92268,13106.20569,10539.65782,32970.89717,3623.83956,2806.313703
,,,,,5126,12682.12137,12776.09178,10774.77075,33689.01064,3653.90352,2810.167063
,,,,,5127,12658.99849,13135.84818,10667.23921,33773.82536,3759.60852,2852.524533
,,,,,5128,12928.41986,13111.55552,10926.70991,33965.81396,3708.33552,2882.692803
,,,,,5129,14587.39801,13417.52933,11153.6349,33831.51425,3637.3698,2902.883623
,,,,,5130,13992.22452,14590.40957,10948.29632,32947.93025,3559.5612,2894.174243
,,,,,5131,13090.89408,14137.79196,10480.96416,32536.21256,3427.89408,2894.223393
,,,,,5132,13463.22044,13922.04872,10874.97887,33069.41241,3394.62252,2855.011523
,,,,,5133,12937.1776,13688.12075,10594.65609,33298.2905,3350.727,2869.196213
,,,,,5134,11965.10866,13535.58128,9999.473854,36028.63785,3317.49432,2807.247553
,,,,,5135,10972.4909,12583.66766,9143.324491,33242.80395,3176.18496,2691.174913
,,,,,5136,10021.28031,11906.01748,8414.855226,31480.70283,3181.54068,2472.329623
,,,,,5137,9599.74494,11321.73933,7714.384602,29940.68803,3220.27488,2232.919973
,,,,,5138,9491.429883,11161.18327,7536.412142,29452.67663,3144.43944,2169.683583
,,,,,5139,9411.395395,11181.08786,7445.20007,28758.63632,3033.1746,2099.212313
,,,,,5140,9411.395395,11024.05522,7445.20007,28284.30484,2973.95064,2077.605973
,,,,,5141,9850.86857,11203.41447,7534.107097,28699.82198,2966.33988,2020.297073
,,,,,5142,11386.79103,11964.1723,8611.674165,29670.97173,2994.46956,2072.799103
,,,,,5143,12361.65186,13041.52756,9255.540187,30831.40793,3125.18412,2244.185153
,,,,,5144,12180.6612,12854.53259,9406.260968,30497.13641,3109.41828,2299.921253
,,,,,5145,12608.0964,12757.2847,10028.7485,31826.96233,3367.60092,2454.566813
,,,,,5146,12867.08189,12913.23127,10491.81906,33241.6486,3539.91708,2631.900013
,,,,,5147,13541.89514,13592.77524,11493.762,33802.10776,3629.31192,2782.318673
,,,,,5148,13360.12773,13759.27699,10403.73083,32970.36024,3690.45072,2949
,,,,,5149,12340.22824,13063.74899,10221.97431,32432.82893,3636.738,2792.885923
,,,,,5150,12483.1532,12734.70392,10450.02132,33139.23497,3664.1484,2796.690133
,,,,,5151,12460.39241,13093.2955,10345.72146,33222.66695,3742.7346,2838.506953
,,,,,5152,12725.59478,13069.0815,10597.3942,33411.52556,3713.78844,2868.291853
,,,,,5153,14314.09487,13374.06463,10817.49934,33279.41534,3649.07268,2888.227093
,,,,,5154,13772.74083,14434.53894,10618.33187,32410.23644,3578.11668,2879.625843
,,,,,5155,12885.52474,14091.99521,10165.0446,32005.231,3458.04552,2879.674993
,,,,,5156,13252.02068,13876.95049,10547.21785,32529.73807,3427.69968,2840.964453
,,,,,5157,12734.21539,13643.77994,10275.31971,32754.88475,3387.67272,2854.972203
,,,,,5158,11777.36853,13491.73436,9698.024666,35102.8807,3357.36576,2793.809943
,,,,,5159,10800.29464,12542.90283,8867.60543,32700.30281,3228.50772,2679.211803
,,,,,5160,9863.979504,11867.44673,8161.029082,30966.92929,3233.38716,2463.158233
,,,,,5161,9433.55389,11155.98279,7355.073518,29188.63327,3254.97528,2238.077732
,,,,,5162,9327.109347,11026.20019,7185.357256,28712.86621,3180.8214,2174.418652
,,,,,5163,9255.681488,11026.20019,7141.013686,28036.23956,3072.006,2103.475542
,,,,,5164,9255.681488,11026.20019,7141.013686,27665.45825,3014.09424,2081.731582
,,,,,5165,9680.340818,11045.80309,7183.159142,27978.90089,2992.6422,2024.176932
,,,,,5166,11189.73914,11754.19245,8210.737541,28925.68422,3034.15632,2076.885392
,,,,,5167,12147.7649,12757.38556,8824.734418,30057.00476,3161.98404,2249.421552
,,,,,5168,11969.89981,12583.2628,8968.463216,29731.12021,3146.56812,2305.541022
,,,,,5169,12389.95354,12492.70919,9562.07336,31027.58044,3399.04512,2461.228562
,,,,,5170,12644.46656,12637.92083,10003.66194,32406.77184,3567.56076,2639.751192
,,,,,5171,13307.62634,13270.68687,10930.90532,32953.16893,3654.97272,2791.192172
,,,,,5172,13128.99791,13425.7271,9919.660144,32142.29018,3714.77016,2949
,,,,,5173,12126.71126,12778.07733,9746.335362,31618.24567,3662.23356,2801.828232
,,,,,5174,12267.16802,12471.68281,9963.803198,32306.92779,3689.05104,2805.652102
,,,,,5175,12244.80029,12805.58994,9864.341848,32388.26644,3748.96512,2847.753992
,,,,,5176,12505.42283,12783.04277,10104.33941,32572.38654,3737.59272,2877.735492
,,,,,5177,14065.16004,13067.0317,10314.23381,32443.591,3674.29608,2897.808352
,,,,,5178,13534.48551,13932.58978,10124.30578,31596.22004,3604.91472,2889.148122
,,,,,5179,12662.59093,13735.54192,9692.046637,31201.37629,3487.49712,2889.197272
,,,,,5180,13022.75777,13535.30029,10056.49076,31712.72334,3457.82196,2850.231152
,,,,,5181,12513.89456,13318.18055,9797.20605,31932.22103,3418.67952,2864.327372
,,,,,5182,11573.57168,13176.60137,9246.691906,34162.7613,3389.04324,2802.752252
,,,,,5183,10613.37106,12293.08477,8454.796075,31879.00856,3263.02344,2687.377542
,,,,,5184,9693.225336,11664.12521,7780.998022,30189.12585,3267.79596,2469.878962
,,,,,5185,9437.561685,10821.36644,7029.13409,28545.34128,3262.40136,2243.453032
,,,,,5186,9331.072032,10697.21291,6866.907217,28080.04777,3177.28332,2177.051382
,,,,,5187,9227.857496,10697.21291,6857.513939,27418.3164,3052.39104,2103.041312
,,,,,5188,9227.857496,10697.21291,6857.513939,26960.91005,2985.92568,2080.353672
,,,,,5189,9684.453194,10715.17908,6864.806103,27362.23999,2967.89508,2027.212692
,,,,,5190,11194.49116,11397.90005,7847.038618,28288.1808,3008.95236,2075.301052
,,,,,5191,12152.92291,12364.74259,8433.940502,29394.59641,3155.66604,2255.288352
,,,,,5192,11974.98244,12196.92915,8571.326708,29075.88589,3137.97564,2313.826002
,,,,,5193,12395.21419,12109.65674,9138.741502,30343.8058,3427.76772,2476.237262
,,,,,5194,12649.83506,12249.60665,9560.843268,31692.63563,3621.17628,2662.456782
,,,,,5195,13313.27587,12859.4445,10430.6746,32227.00432,3721.51584,2820.434712
,,,,,5196,13134.57174,13008.86686,9480.548382,31433.97628,3790.13904,2949
,,,,,5197,12131.86034,12384.68459,9314.872228,30921.46811,3729.84588,2831.532782
,,,,,5198,12272.37663,12089.39224,9522.743452,31594.98955,3760.6194,2835.523762
,,,,,5199,12249.99942,12411.20029,9427.671221,31674.53761,3837.36852,2879.434372
,,,,,5200,12510.7324,12389.47011,9657.077957,31854.60448,3816.33444,2910.723262
,,,,,5201,14113.93375,12663.16874,9857.70995,31728.64425,3743.68716,2931.651332
,,,,,5202,13540.23117,13500.38156,9676.163234,30899.92734,3664.0512,2922.627392
,,,,,5203,12667.96711,13307.45559,9262.979204,30513.7757,3529.2834,2922.676542
,,,,,5204,13028.28658,13114.46968,9611.340813,31013.86594,3495.22452,2882.019662
,,,,,5205,12519.20773,12905.21725,9363.49805,31228.5316,3450.29868,2896.725342
,,,,,5206,11578.48636,12768.76817,8837.277478,33506.21146,3416.27868,2832.496122
,,,,,5207,10617.87883,11917.26568,8080.327123,31176.49055,3271.63536,2712.147432
,,,,,5208,9697.343173,11311.09638,7436.263023,29523.80898,3277.11744,2485.251372
,,,,,5209,9575.004732,10392.97734,7005.127658,28499.73191,3276.23292,2270.989021
,,,,,5210,9466.968131,10268.74943,6849.021372,28035.18098,3185.47728,2204.351451
,,,,,5211,9357.897658,10268.74943,6849.021372,27374.50568,3052.31328,2130.095631
,,,,,5212,9330.043288,10268.74943,6849.021372,26943.36899,2981.43504,2107.32935
,,,,,5213,9825.482774,10286.73722,6849.021372,27318.51876,2968.57548,2064.618001
,,,,,5214,11357.45669,10969.79736,7820.251084,28242.98184,3005.98776,2102.266901
,,,,,5215,12329.81135,11937.12021,8405.157338,29347.63169,3162.43116,2282.853831
,,,,,5216,12149.28598,11769.2234,8542.076394,29029.42981,3143.56464,2341.588081
,,,,,5217,12575.62233,11681.90764,9107.56182,30295.32621,3452.55372,2504.539991
,,,,,5218,12833.94202,11821.92707,9528.228323,31642.00341,3658.78296,2691.398461
,,,,,5219,13507.02047,12432.06788,10367.70026,32175.51928,3765.76128,2849.897381
,,,,,5220,13325.72034,12581.56448,9448.206462,31383.75686,3838.94316,2949
,,,,,5221,12308.44281,11957.07212,9283.093653,30872.06661,3774.65508,2861.034771
,,,,,5222,12451.00034,11661.63308,9490.258057,31544.51317,3807.46008,2865.045411
,,,,,5223,12428.29806,11983.60099,9395.509097,31623.93427,3896.98128,2909.103471
,,,,,5224,12692.81865,11961.86002,9624.135788,31803.71377,3866.86872,2940.490661
,,,,,5225,14336.96017,12235.69462,9824.085576,31677.95456,3789.41976,2949
,,,,,5226,13737.2727,13073.28198,9643.156169,30850.56023,3704.49612,2949
,,,,,5227,12852.33746,12880.30154,9231.377079,30465.02486,3560.79564,2949
,,,,,5228,13217.89121,12687.21976,9578.554163,30964.31699,3524.48172,2911.698591
,,,,,5229,12701.41709,12477.86337,9331.554133,31178.64005,3476.58156,2926.453421
,,,,,5230,11747.03009,12341.34651,8807.122857,33432.35498,3440.30652,2862.007941
,,,,,5231,10772.46806,11489.42101,8052.746343,31126.68206,3286.089,2741.246391
,,,,,5232,9838.560002,10882.95057,7410.872239,29476.63805,3291.93072,2513.593421
,,,,,5233,9673.525923,10184.99259,7034.972831,28564.23917,3291.5808,2305.589023
,,,,,5234,9564.380446,10074.44513,6872.611796,28098.63798,3200.2128,2237.614573
,,,,,5235,9454.190486,10074.44513,6853.640439,27436.46904,3066.14484,2161.874423
,,,,,5236,9444.90784,10074.44513,6853.640439,26916.2851,2997.72576,2138.655963
,,,,,5237,9926.574844,10088.45517,6870.508945,27380.35554,2997.72576,2104.093683
,,,,,5238,11474.27277,10709.13281,7853.553767,28306.90864,3019.49856,2133.485383
,,,,,5239,12456.60757,11588.11202,8440.941019,29414.05588,3177.00144,2317.689753
,,,,,5240,12274.22931,11435.54889,8578.440844,29095.13461,3158.00856,2377.603603
,,,,,5241,12704.94153,11356.2075,9146.32489,30363.89294,3469.09716,2543.828903
,,,,,5242,12965.91258,11483.43924,9568.775735,31713.6147,3676.72608,2734.422773
,,,,,5243,13645.89943,12037.85713,10451.88237,32248.33674,3784.44312,2896.106613
,,,,,5244,13462.73847,12173.70051,9488.414445,31454.78431,3858.111,2949
,,,,,5245,12435.01971,11606.24177,9322.601276,30941.93723,3793.38552,2907.460263
,,,,,5246,12579.04043,11337.78457,9530.64441,31615.90406,3826.4238,2911.549543
,,,,,5247,12556.10514,11630.34781,9435.493554,31695.50471,3939.0786,2949
,,,,,5248,12823.34074,11610.5924,9665.09001,31875.69065,3886.23096,2949
,,,,,5249,14466.56329,11859.41824,9865.887925,31749.64713,3808.2474,2949
,,,,,5250,13878.51495,12628.11744,9684.19107,30920.38223,3722.76,2949
,,,,,5251,12984.49683,12445.15451,9270.665337,30533.97524,3578.0778,2949
,,,,,5252,13353.80259,12269.7065,9619.315041,31034.39617,3541.52088,2949
,,,,,5253,12832.02743,12079.47021,9371.267312,31249.20377,3493.29024,2949
,,,,,5254,11867.84471,11955.42115,8844.611555,33580.53403,3456.7722,2908.453093
,,,,,5255,10883.27988,11181.30028,8087.035202,31197.12831,3301.50492,2785.273363
,,,,,5256,9939.786295,10630.21756,7442.43846,29543.35389,3307.38552,2553.059273
,,,,,5257,9681.362561,9983.851805,7152.090095,28792.52977,3296.89764,2347.76771
,,,,,5258,9572.128881,9871.644605,6987.037956,28323.21174,3210.62292,2277.54219
,,,,,5259,9504.61576,9871.644605,6912.296877,27655.75678,3084.02964,2199.27573
,,,,,5260,9504.61576,9871.644605,6912.296877,26913.21126,3022.0938,2175.29053
,,,,,5261,9934.615977,9886.137234,6984.900251,27599.19534,3022.0938,2145.2992
,,,,,5262,11483.56463,10514.38327,7984.238854,28533.145,3039.99804,2169.94301
,,,,,5263,12466.69328,11404.08055,8581.361938,29649.13047,3188.71404,2360.2813
,,,,,5264,12284.16763,11249.6571,8721.140797,29327.66329,3170.78064,2422.18081
,,,,,5265,12715.22792,11169.34823,9298.437413,30606.54997,3464.50932,2593.9404
,,,,,5266,12976.40987,11298.13141,9727.8903,31967.04641,3660.56172,2790.87462
,,,,,5267,13656.94624,11859.30974,10690.74193,32506.03707,3762.26208,2949
,,,,,5268,13473.63725,11996.80955,9646.197037,31706.1498,3831.8184,2949
,,,,,5269,12445.08797,11422.43136,9477.635547,31189.20873,3770.70876,2949
,,,,,5270,12589.22508,11150.70066,9689.126956,31868.55575,3801.90024,2949
,,,,,5271,12566.27126,11446.83135,9592.398992,31948.79185,3914.45784,2949
,,,,,5272,12833.72281,11426.83504,9825.800966,32130.41619,3858.37344,2949
,,,,,5273,14413.66501,11678.695,10029.92707,32003.36648,3784.74444,2949
,,,,,5274,13889.74973,12455.75188,9845.218623,31167.48165,3704.01984,2949
,,,,,5275,12995.00914,12271.57361,9424.838779,30777.99002,3567.41496,2949
,,,,,5276,13364.61334,12093.98623,9779.267286,31282.40575,3532.88952,2949
,,,,,5277,12842.41653,11901.43023,9527.108213,31498.92814,3487.35132,2949
,,,,,5278,11877.45463,11775.86855,8991.723237,34026.77313,3452.87448,2949
,,,,,5279,10892.09415,10992.30824,8221.590199,31446.43697,3306.258,2843.41597
,,,,,5280,9947.838105,10434.50574,7566.309389,29779.46066,3311.81784,2603.4755
,,,,,5281,9605.32783,9477.302315,7242.492241,29075.57064,3276.34956,2400.479447
,,,,,5282,9496.949937,9342.887226,7075.362855,28601.64437,3189.99708,2332.809727
,,,,,5283,9469.11216,9359.551044,7008.606137,27927.63566,3063.28716,2257.403797
,,,,,5284,9469.11216,9335.179736,7008.606137,27124.87073,2996.71488,2234.283637
,,,,,5285,9856.597144,9378.242544,7073.198245,27870.51884,2996.71488,2211.910557
,,,,,5286,11393.41064,10015.13741,8085.113925,28813.63897,3019.20696,2229.132717
,,,,,5287,12368.83701,10917.08282,8689.752042,29940.58231,3168.05904,2412.540857
,,,,,5288,12187.74135,10760.53348,8831.290074,29615.95864,3150.1062,2472.189297
,,,,,5289,12615.42451,10679.11903,9415.852199,30907.40272,3444.12648,2637.687177
,,,,,5290,12874.56025,10809.67512,9850.709923,32281.25789,3640.36356,2827.455327
,,,,,5291,13549.76498,11378.57898,10805.30058,32825.54091,3742.16112,2949
,,,,,5292,13367.89212,11517.97171,9767.988518,32017.79954,3811.78548,2949
,,,,,5293,12347.40096,10935.68626,9597.305614,31495.78261,3750.61752,2949
,,,,,5294,12490.40884,10660.21475,9811.458727,32181.80015,3781.83816,2949
,,,,,5295,12467.63484,10960.42216,9713.513403,32262.82409,3883.84956,2949
,,,,,5296,12732.99106,10940.15056,9949.852834,32446.2318,3838.35996,2949
,,,,,5297,14251.37102,11195.47779,10156.54795,32317.93459,3764.66292,2949
,,,,,5298,13780.74459,12022.83562,9969.51487,31473.84219,3683.86056,2949
,,,,,5299,12893.0138,11796.51834,9543.844377,31080.52614,3547.12932,2949
,,,,,5300,13259.72235,11616.48618,9902.733509,31589.89474,3512.57472,2949
,,,,,5301,12741.61667,11421.27934,9647.400912,31808.54316,3466.98792,2949
,,,,,5302,11784.21472,11293.9891,9105.277903,34398.49485,3432.4722,2949
,,,,,5303,10806.574,10499.64179,8325.452432,31755.53658,3285.72936,2878.079827
,,,,,5304,9869.715684,9934.160239,7661.924651,30072.19221,3291.2892,2646.878227
,,,,,5305,9487.886777,9151.534532,7253.8098,29144.35274,3235.72968,2445.737586
,,,,,5306,9380.830706,9021.736508,7089.471998,28669.30662,3145.80996,2386.384046
,,,,,5307,9366.296015,9037.827935,7089.471998,27993.70527,3013.87068,2320.237976
,,,,,5308,9366.296015,8970.966418,7089.471998,27398.36371,2943.64368,2299.958686
,,,,,5309,9736.091504,9055.877395,7089.471998,27936.45349,2939.63904,2281.311176
,,,,,5310,11254.16137,9670.895361,8097.742604,28881.80214,2967.97284,2295.446716
,,,,,5311,12217.69103,10541.85957,8703.321537,30011.40837,3122.97768,2456.314666
,,,,,5312,12038.80409,10390.68759,8845.079802,29686.01764,3104.2764,2508.629926
,,,,,5313,12461.27105,10312.06967,9430.551506,30980.51331,3410.42724,2653.799366
,,,,,5314,12717.24625,10438.14125,9866.085868,32357.6148,3614.75136,2820.250756
,,,,,5315,13384.21591,10987.50366,10719.76757,32903.18392,3720.75768,2949
,,,,,5316,13204.56125,11122.10834,9783.235748,32093.53391,3793.24944,2949
,,,,,5317,12196.51643,10559.824,9612.287262,31570.2835,3729.564,2949
,,,,,5318,12337.78012,10293.81474,9826.773597,32257.92205,3762.06768,2949
,,,,,5319,12315.28388,10583.71023,9728.67587,32339.13744,3861.3186,2949
,,,,,5320,12577.40371,10564.13495,9965.383045,32522.97853,3820.92228,2949
,,,,,5321,14065.67781,10810.69187,10172.39977,32394.37816,3744.18288,2949
,,,,,5322,13612.37839,11648.4703,9985.075675,31548.29124,3660.05628,2949
,,,,,5323,12735.47474,11391.08708,9558.742839,31154.04581,3517.67772,2949
,,,,,5324,13097.71076,11217.2389,9918.190403,31664.61801,3481.69428,2949
,,,,,5325,12585.92411,11028.73729,9662.460509,31883.78308,3434.23152,2949
,,,,,5326,11640.19904,10905.81938,9119.493956,34301.74028,3398.29668,2949
,,,,,5327,10674.48204,10138.75735,8338.455077,31830.65125,3245.48856,2864.652866
,,,,,5328,9749.050044,9592.699702,7673.894847,30143.32925,3251.28168,2661.859966
,,,,,5329,9414.591843,8851.145977,7207.814555,29026.82542,3194.05032,2473.867769
,,,,,5330,9308.360721,8725.605322,7071.465803,28553.69279,3105.88992,2414.003069
,,,,,5331,9274.242996,8741.168951,7071.465803,27880.81276,2976.54588,2347.286859
,,,,,5332,9274.242996,8707.562183,7071.465803,27366.2555,2907.69912,2326.840459
,,,,,5333,9660.883962,8758.626389,7071.465803,27823.79158,2905.09416,2300.840109
,,,,,5334,11167.25593,9353.471795,8021.761379,28765.33238,2931.552,2322.289169
,,,,,5335,12123.36086,10195.86842,8605.823342,29890.38856,3083.50476,2484.533319
,,,,,5336,11945.85238,10049.65487,8742.54476,29566.3085,3065.17284,2537.300759
,,,,,5337,12365.06391,9973.615621,9307.213928,30855.58995,3365.307,2683.708779
,,,,,5338,12619.06663,10095.55206,9727.273214,32227.14448,3565.62648,2851.595349
,,,,,5339,13280.89677,10626.8954,10512.63691,32770.51605,3669.543,2949
,,,,,5340,13102.62648,10757.08506,9647.366862,31964.12731,3740.61564,2949
,,,,,5341,12102.34942,10213.24361,9482.492387,31442.98455,3678.17436,2949
,,,,,5342,12242.52457,9955.959446,9689.357757,32127.85329,3710.04624,2949
,,,,,5343,12220.20169,10236.34638,9594.745564,32208.74155,3808.94724,2949
,,,,,5344,12480.30167,10217.41317,9823.04224,32391.84213,3767.75388,2949
,,,,,5345,13987.55459,10455.88303,10022.70341,32263.75976,3692.51136,2949
,,,,,5346,13507.30108,11246.5782,9842.035166,31421.08087,3610.03716,2949
,,,,,5347,12637.15465,11017.24131,9430.850465,31028.42346,3470.45796,2949
,,,,,5348,12996.59936,10849.09534,9777.52641,31536.93908,3435.18408,2949
,,,,,5349,12488.75642,10666.77657,9530.882916,31755.22136,3388.64472,2949
,,,,,5350,11550.31889,10547.89036,9007.208638,34100.39488,3353.41944,2949
,,,,,5351,10592.04348,9805.987937,8253.92104,31702.30354,3203.6148,2896.380829
,,,,,5352,9673.742647,9277.840949,7612.973459,30021.77807,3209.29128,2691.848019
,,,,,5353,9403.944635,8624.666481,7126.825978,28864.79411,3142.95228,2494.572505
,,,,,5354,9297.833349,8526.261305,6996.224573,28394.29953,3057.7176,2429.517565
,,,,,5355,9224.168768,8526.261305,6996.224573,27725.1713,2932.65036,2357.011485
,,,,,5356,9224.168768,8526.261305,6996.224573,27114.57672,2867.68188,2334.785855
,,,,,5357,9649.958918,8536.740825,6996.224573,27668.46806,2867.68188,2302.631925
,,,,,5358,11154.63159,9102.050008,7918.787785,28604.75908,2889.14364,2329.841365
,,,,,5359,12109.65796,9902.618596,8487.07401,29723.54224,3036.07116,2506.162075
,,,,,5360,11932.34972,9763.665082,8620.10253,29401.26917,3018.3516,2563.500465
,,,,,5361,12351.08835,9691.401452,9169.519766,30683.36193,3308.55192,2722.599015
,,,,,5362,12604.80454,9807.283303,9578.233089,32047.26904,3502.24236,2905.033985
,,,,,5363,13265.88808,10312.24353,10354.2256,32587.61092,3602.718,2949
,,,,,5364,13087.8189,10435.9688,9500.485038,31785.71838,3671.4384,2949
,,,,,5365,12088.67023,9919.131051,9340.063886,31267.48137,3611.06748,2949
,,,,,5366,12228.68724,9674.62197,9541.341743,31948.53147,3641.87988,2949
,,,,,5367,12206.38954,9941.086679,9449.285062,32028.96872,3744.2898,2949
,,,,,5368,12466.19612,9923.093573,9671.415356,32211.04838,3697.67268,2949
,,,,,5369,14025.91504,10149.72254,9865.683599,32083.68016,3624.9282,2949
,,,,,5370,13492.037,10857.27911,9689.895276,31245.69983,3545.1756,2949
,,,,,5371,12622.87216,10683.20736,9289.816832,30855.23177,3410.2134,2949
,,,,,5372,12981.91139,10523.41044,9627.128927,31360.91204,3376.10592,2949
,,,,,5373,12474.64133,10350.14445,9387.147369,31577.97723,3331.12176,2949
,,,,,5374,11537.26242,10237.16138,8877.617735,33997.55443,3297.05316,2949
,,,,,5375,10580.06802,9532.097089,8144.676724,31525.35447,3152.20572,2949
,,,,,5376,9662.803097,9030.174507,7521.041384,29854.19916,3157.69752,2731.436185
,,,,,5377,9428.418582,8579.741824,7119.920201,28361.58811,3098.76516,2518.153781
,,,,,5378,9322.031837,8458.047746,6985.814239,27899.28632,3025.65132,2450.719981
,,,,,5379,9214.62701,8473.134504,6985.814239,27241.80972,2918.36196,2375.569631
,,,,,5380,9204.665723,8421.41039,6985.814239,26790.29401,2861.26668,2352.528111
,,,,,5381,9675.071505,8490.057045,6985.814239,27186.09386,2848.14468,2324.601081
,,,,,5382,11183.65023,9066.676335,7925.2878,28106.08111,2881.04688,2347.396851
,,,,,5383,12141.15579,9883.261852,8503.193589,29205.38275,3007.0764,2530.175871
,,,,,5384,11963.38727,9741.528303,8638.473925,28888.72146,2991.87432,2589.617881
,,,,,5385,12383.21292,9667.818899,9197.191324,30148.48896,3240.81324,2754.545621
,,,,,5386,12637.58774,9786.019191,9612.823069,31488.64617,3406.9572,2943.655161
,,,,,5387,13300.38743,10301.08213,10394.52984,32019.579,3493.15416,2949
,,,,,5388,13121.85599,10427.28276,9533.758952,31231.64993,3552.10596,2949
,,,,,5389,12120.11358,9900.10467,9370.6223,30722.43705,3500.30808,2949
,,,,,5390,12260.49407,9650.703711,9575.307251,31391.62793,3526.74648,2949
,,,,,5391,12238.13849,9922.499564,9481.692297,31470.66451,3595.54464,2949
,,,,,5392,12498.61951,9904.146471,9707.582663,31649.5736,3574.60776,2949
,,,,,5393,14113.30043,10135.30959,9905.139346,31524.42326,3512.20536,2949
,,,,,5394,13527.12341,10921.16027,9726.375398,30701.03479,3443.796,2949
,,,,,5395,12655.70227,10679.46781,9319.524697,30317.36601,3328.02108,2949
,,,,,5396,13015.67354,10516.47384,9662.546583,30814.24079,3298.76388,2949
,,,,,5397,12507.08664,10339.74133,9418.50278,31027.52621,3260.17548,2949
,,,,,5398,11567.27435,10224.49781,8900.348173,33292.86104,3230.94744,2949
,,,,,5399,10607.59512,9505.327342,8155.000434,30975.81977,3106.69668,2949
,,,,,5400,9687.949027,8993.362825,7520.808618,29333.76452,3111.41088,2763.707181
,,,,,5401,9392.138939,8680.796855,7106.224754,27695.42009,3019.275,2534.764694
,,,,,5402,9286.160529,8557.670537,6969.466246,27243.96431,2943.18684,2470.555134
,,,,,5403,9179.167944,8572.934854,6969.466246,26601.91268,2831.54292,2399.002564
,,,,,5404,9176.230497,8476.109366,6969.466246,26352.48971,2772.12456,2377.071834
,,,,,5405,9637.845157,8590.056559,6969.466246,26547.50396,2757.8556,2360.449304
,,,,,5406,11140.63364,9173.462189,7921.738998,27445.90751,2792.71152,2372.186324
,,,,,5407,12094.46409,9999.658252,8506.925691,28519.41857,2923.86348,2546.206814
,,,,,5408,11917.37789,9856.256615,8643.910393,28210.18643,2908.04904,2602.807954
,,,,,5409,12335.59216,9781.679711,9209.666947,29440.3987,3167.09676,2759.832374
,,,,,5410,12588.99064,9901.271124,9630.535142,30749.11465,3339.9864,2939.888484
,,,,,5411,13249.24635,10422.39593,10416.56695,31267.59134,3429.67284,2949
,,,,,5412,13071.40016,10550.08185,9550.474914,30498.14777,3491.02548,2949
,,,,,5413,12073.50264,10016.6993,9385.28294,30000.88147,3437.12808,2949
,,,,,5414,12213.34433,9764.363092,9592.546671,30654.37255,3464.63568,2949
,,,,,5415,12191.07455,10039.35776,9497.752283,30731.55486,3535.46532,2949
,,,,,5416,12450.55579,10020.78867,9726.48859,30906.26658,3514.44096,2949
,,,,,5417,14056.18782,10254.67239,9926.534246,30784.05238,3449.50164,2949
,,,,,5418,13475.11208,11082.90582,9745.518091,29979.98132,3378.31236,2949
,,,,,5419,12607.03563,10805.2349,9333.54157,29605.31374,3257.84268,2949
,,,,,5420,12965.62526,10640.32263,9680.885111,30090.53141,3227.39964,2949
,,,,,5421,12458.99042,10461.51013,9433.766655,30298.81296,3187.2366,2949
,,,,,5422,11522.78533,10344.91028,8909.083936,32367.11871,3156.83244,2949
,,,,,5423,10566.78955,9617.275761,8154.345729,30248.3196,3027.537,2949
,,,,,5424,9650.673252,9099.285838,7512.163874,28644.7884,3032.42616,2768.551584
,,,,,5425,9311.260252,8725.051329,7048.570762,27198.50612,2956.07556,2523.682709
,,,,,5426,9206.192148,8601.297797,6906.104905,26755.14068,2886.63588,2463.208549
,,,,,5427,9100.11858,8616.639871,6906.104905,26124.59498,2784.74112,2395.814069
,,,,,5428,9074.802718,8481.386082,6906.104905,26061.76595,2730.50352,2375.151409
,,,,,5429,9554.855966,8633.848796,6906.104905,26071.1613,2700.42984,2351.883799
,,,,,5430,11044.73618,9220.22633,7868.726993,26953.46494,2749.29228,2370.550969
,,,,,5431,11990.37367,10050.63109,8457.244626,28007.73808,2868.99408,2534.456389
,,,,,5432,11814.80856,9906.498953,8595.009059,27704.04756,2854.55988,2587.764479
,,,,,5433,12229.43056,9831.54215,9163.985954,28912.21371,3090.98916,2735.666659
,,,,,5434,12480.65246,9951.742769,9587.249772,30197.47673,3248.78364,2905.263649
,,,,,5435,13135.23689,10475.52222,10387.64587,30706.66202,3330.63576,2949
,,,,,5436,12958.91831,10603.85857,9506.733834,29951.00732,3386.62296,2949
,,,,,5437,11969.59227,10067.75894,9340.601571,29462.65231,3337.43976,2949
,,,,,5438,12108.23278,9814.137318,9549.045067,30104.43246,3362.54652,2949
,,,,,5439,12086.15429,10090.53283,9453.7111,30180.23162,3407.28768,2949
,,,,,5440,12343.40671,10071.86914,9683.749397,30351.81241,3407.28768,2949
,,,,,5441,13954.62292,10306.94428,9884.933732,30231.78836,3348.7344,2949
,,,,,5442,13359.16253,11168.35621,9702.887216,29442.12671,3283.76592,2949
,,,,,5443,12498.54246,10860.31139,9288.565684,29074.17338,3173.81328,2949
,,,,,5444,12854.05197,10694.55905,9637.886338,29550.69568,3146.0238,2949
,,,,,5445,12351.76889,10514.83566,9389.36126,29755.2447,3109.36968,2949
,,,,,5446,11423.60537,10397.64185,8861.691995,31646.37896,3081.61908,2949
,,,,,5447,10475.82115,9666.300716,8102.657745,29705.65621,2963.60856,2949
,,,,,5448,9567.573874,9145.672121,7456.820527,28130.8612,2968.07976,2743.884539
,,,,,5449,9271.414146,8784.337159,7070.216701,27227.33855,2897.02656,2505.32295
,,,,,5450,9166.794518,8659.743377,6920.523247,26783.50368,2835.09072,2443.56106
,,,,,5451,9061.173717,8675.18962,6920.523247,26166.82883,2744.199,2374.74123
,,,,,5452,9027.255489,8519.321011,6920.523247,26166.82883,2695.83228,2353.64605
,,,,,5453,9513.970089,8692.515388,6920.523247,26166.82883,2667.38184,2314.67993
,,,,,5454,10997.49086,9282.874255,7892.880575,26982.03793,2712.58956,2348.94731
,,,,,5455,11939.09196,10118.91722,8483.197611,28037.4273,2819.35404,2516.32272
,,,,,5456,11764.27623,9973.80647,8621.383262,27733.41524,2806.47504,2570.76126
,,,,,5457,12177.12845,9898.340732,9192.099814,28942.86058,3017.36988,2721.78938
,,,,,5458,12427.27802,10019.35748,9616.65777,30229.4844,3158.11548,2894.97432
,,,,,5459,13079.0684,10546.69324,10436.23622,30739.2088,3231.13212,2949
,,,,,5460,12903.50242,10675.90096,9535.895652,29982.75403,3281.07348,2949
,,,,,5461,11918.39926,10136.16137,9369.255436,29493.88197,3237.1974,2949
,,,,,5462,12056.44799,9880.817727,9578.336253,30136.34162,3259.59228,2949
,,,,,5463,12034.46374,10159.08988,9482.7108,30212.22104,3298.52088,2949
,,,,,5464,12290.61809,10140.29947,9713.452444,30383.98349,3298.52088,2949
,,,,,5465,13902.94488,10376.97071,9915.251904,30263.83236,3247.27704,2949
,,,,,5466,13302.03823,11258.67279,9732.648777,29473.33463,3189.31668,2949
,,,,,5467,12445.09166,10934.09502,9317.060449,29104.99173,3091.24188,2949
,,,,,5468,12799.0837,10767.21727,9667.449158,29582.01855,3066.45588,2949
,,,,,5469,12298.94458,10586.27361,9418.164209,29786.78415,3033.76752,2949
,,,,,5470,11374.74286,10468.28409,8888.881586,31544.2299,3009.01068,2949
,,,,,5471,10431.0042,9731.977357,8127.526574,29737.14316,2903.7528,2941.17532
,,,,,5472,9526.633711,9207.813844,7479.714697,28160.68079,2907.738,2730.17437
,,,,,5473,9269.615979,8946.214237,7128.478875,27216.75106,2845.88964,2492.580589
,,,,,5474,9165.016589,8819.326191,6988.293575,26796.28469,2793.1392,2427.368369
,,,,,5475,9059.416221,8835.05686,6988.293575,26271.26611,2715.73884,2354.705009
,,,,,5476,9053.658261,8686.243094,6988.293575,26271.26611,2674.54548,2332.430229
,,,,,5477,9512.124999,8852.701664,6988.293575,26271.26611,2647.485,2280.822729
,,,,,5478,10995.35878,9453.931368,7957.101444,26984.36584,2688.81444,2327.466079
,,,,,5479,11936.77773,10305.36918,8551.694248,27984.18757,2779.74504,2504.189819
,,,,,5480,11761.99582,10157.58637,8690.880801,27696.18215,2768.77116,2561.665829
,,,,,5481,12174.76817,10080.73101,9265.73115,28841.94859,2948.3676,2721.137919
,,,,,5482,12424.86935,10203.97616,9693.364252,30060.82997,3068.23464,2903.995579
,,,,,5483,13076.53364,10741.02225,10484.98353,30543.7167,3130.4232,2949
,,,,,5484,12901.00163,10872.60919,9612.01716,29827.09028,3172.9482,2949
,,,,,5485,11916.08903,10322.93086,9444.169941,29363.95797,3135.58452,2949
,,,,,5486,12054.11106,10062.88534,9654.765166,29972.59127,3154.65516,2949
,,,,,5487,12032.13106,10346.28158,9558.447082,30044.47554,3186.08964,2949
,,,,,5488,12288.23586,10327.14517,9790.860026,30207.19447,3186.08964,2949
,,,,,5489,13881.28088,10568.17446,9994.121154,30093.36946,3144.16728,2949
,,,,,5490,13299.46034,11455.70187,9810.195401,29344.49248,3094.80912,2949
,,,,,5491,12442.67954,11135.55763,9391.596897,28995.54332,3011.28516,2949
,,,,,5492,12796.6031,10965.607,9744.52353,29447.45405,2990.18304,2949
,,,,,5493,12296.56074,10781.33145,9493.432968,29641.43847,2962.33524,2949
,,,,,5494,11372.53781,10661.16927,8960.316661,31195.72745,2941.25256,2949
,,,,,5495,10428.98171,9911.304231,8193.447025,29594.41114,2851.61472,2949
,,,,,5496,9524.786172,9377.488799,7540.942935,28100.9516,2855.007,2729.994749
,,,,,5497,9294.301509,9079.431203,7138.969004,26835.09708,2783.04984,2509.400613
,,,,,5498,9189.424279,8950.65509,6989.253367,26441.79669,2729.73564,2442.212563
,,,,,5499,9083.543411,8966.619828,6989.253367,25958.17692,2651.50908,2367.337453
,,,,,5500,9076.243368,8809.033952,6989.253367,25958.17692,2609.87832,2344.384403
,,,,,5501,9537.45469,8984.527183,6989.253367,25958.17692,2561.0742,2296.010973
,,,,,5502,11024.62829,9594.703058,7969.597709,26617.72608,2624.3028,2339.272803
,,,,,5503,11968.54787,10458.81009,8565.63005,27552.95015,2716.19568,2521.373553
,,,,,5504,11793.30169,10308.8283,8705.15358,27283.55252,2705.11488,2580.589473
,,,,,5505,12207.17047,10230.82935,9281.395671,28355.29193,2886.61644,2744.907753
,,,,,5506,12457.93598,10355.90835,9710.064092,29495.42239,3007.7568,2933.319363
,,,,,5507,13111.33124,10900.94558,10527.35996,29947.11021,3070.5966,2949
,,,,,5508,12935.33297,11034.49051,9628.520056,29276.78443,3113.57844,2949
,,,,,5509,11947.80422,10476.63308,9460.26647,28843.57472,3075.81624,2949
,,,,,5510,12086.19286,10212.71813,9671.371556,29412.88472,3095.091,2949
,,,,,5511,12064.15448,10500.33125,9574.820282,29480.12461,3113.83116,2949
,,,,,5512,12320.93955,10480.91009,9807.795909,29632.33041,3113.83116,2949
,,,,,5513,13917.94961,10725.52585,10011.54914,29525.85953,3084.48648,2949
,,,,,5514,13334.85008,11629.25682,9827.178096,28825.36688,3034.61316,2949
,,,,,5515,12475.79347,11301.35156,9407.566144,28498.96304,2950.20468,2949
,,,,,5516,12830.65714,11128.8721,9761.34723,28921.67619,2928.86928,2949
,,,,,5517,12329.28655,10941.85457,9509.648766,29103.12743,2900.72988,2949
,,,,,5518,11402.80919,10819.90441,8975.241758,30586.15017,2879.42364,2949
,,,,,5519,10456.74679,10058.88153,8206.515493,29059.1385,2788.83324,2949
,,,,,5520,9550.149494,9517.123039,7552.43166,27662.17015,2792.2644,2754.029993
,,,,,5521,9324.470304,9089.360444,7152.692262,26284.50376,2734.79976,2539.530367
,,,,,5522,9219.253518,8960.443606,6993.65762,25872.61147,2680.84404,2473.236847
,,,,,5523,9113.029846,8976.425789,6993.65762,25360.65912,2601.67464,2399.354567
,,,,,5524,9078.81987,8770.049171,6993.65762,25360.65912,2559.53844,2376.706247
,,,,,5525,9568.410731,8994.352713,6993.65762,25360.65912,2492.31492,2346.891857
,,,,,5526,11060.39928,9605.195386,7984.910781,26056.8573,2574.13788,2371.663457
,,,,,5527,12007.37494,10470.24671,8582.083923,27036.29082,2667.13884,2551.346027
,,,,,5528,11831.56138,10320.10102,8721.874499,26754.15836,2655.92196,2609.775547
,,,,,5529,12246.77011,10242.01683,9299.219511,27876.5605,2839.62024,2771.911567
,,,,,5530,12498.34752,10367.23252,9728.7084,29070.58663,2962.22832,2949
,,,,,5531,13153.85825,10912.86536,10571.2209,29543.62641,3025.836,2949
,,,,,5532,12977.29016,11046.55623,9647.008289,28841.61332,3062.11104,2949
,,,,,5533,11986.56413,10488.08918,9478.432668,28387.92514,3031.11396,2949
,,,,,5534,12125.40083,10223.88583,9689.941806,28984.14728,3050.622,2949
,,,,,5535,12103.29109,10511.81325,9593.205734,29054.5657,3062.11104,2949
,,,,,5536,12360.90755,10492.37086,9826.627274,29213.96649,3062.11104,2949
,,,,,5537,13979.70952,10737.25393,10030.77049,29102.46258,3039.89112,2949
,,,,,5538,13378.10076,11679.86766,9846.046558,28368.85659,2989.40544,2949
,,,,,5539,12516.26283,11313.7089,9425.631474,28027.02315,2903.97636,2949
,,,,,5540,12872.27542,11141.04096,9780.089693,28469.71858,2882.38824,2949
,,,,,5541,12369.28156,10953.81906,9527.90948,28659.7473,2853.90864,2949
,,,,,5542,11439.8046,10831.73563,8992.479623,30191.54334,2832.33996,2949
,,,,,5543,10490.67917,10069.88111,8222.282024,28613.67894,2740.66092,2949
,,,,,5544,9581.146636,9527.530588,7566.946281,27150.67381,2744.13096,2780.915847
,,,,,5545,9209.092992,9049.109295,7177.661881,26047.26054,2691.6138,2565.251545
,,,,,5546,9105.174801,8920.762931,7035.976515,25622.63874,2629.3086,2501.936515
,,,,,5547,9023.516579,8936.674392,7035.976515,25018.74988,2537.87256,2431.376775
,,,,,5548,9023.516579,8699.836936,7035.976515,24985.21183,2489.21424,2409.750775
,,,,,5549,9450.022684,8954.521987,7035.976515,24985.21183,2434.10184,2394.651895
,,,,,5550,10923.59698,9562.661597,8012.022572,25812.57868,2506.06872,2404.934075
,,,,,5551,11858.88498,10423.88495,8610.732866,26822.28156,2613.48444,2576.526555
,,,,,5552,11685.24133,10274.40368,8750.883271,26531.4298,2600.52768,2632.331465
,,,,,5553,12095.32552,10196.66502,9329.714397,27688.51975,2812.6764,2787.173625
,,,,,5554,12343.79793,10321.32662,9760.308811,28919.44722,2954.26764,2949
,,,,,5555,12991.21829,10864.54496,10554.37398,29407.10628,3027.71196,2949
,,,,,5556,12816.82942,10997.64422,9678.3984,28683.3975,3077.95464,2949
,,,,,5557,11838.33102,10441.64846,9509.388857,28215.6881,3033.81612,2949
,,,,,5558,11975.45419,10178.61425,9721.442431,28830.33647,3056.34708,2949
,,,,,5559,11953.61733,10465.26755,9624.457354,28902.93116,3079.41264,2949
,,,,,5560,12208.05426,10445.91121,9858.479733,29067.25823,3079.41264,2949
,,,,,5561,13758.4327,10689.71063,10063.14842,28952.30829,3043.95408,2949
,,,,,5562,13212.69319,11653.34352,9877.949004,28196.03023,2985.65352,2949
,,,,,5563,12361.49213,11263.61471,9456.45175,27843.63244,2886.99552,2949
,,,,,5564,12713.11079,11091.71085,9811.822362,28300.00936,2862.054,2949
,,,,,5565,12216.32492,10905.31743,9558.993026,28495.91091,2829.17124,2949
,,,,,5566,11298.31964,10783.77423,9022.184945,30301.2421,2804.2686,2949
,,,,,5567,10360.90841,10025.29103,8250.00482,28448.41882,2698.37892,2949
,,,,,5568,9462.601402,9485.340477,7592.98221,26940.19955,2702.39328,2795.774875
,,,,,5569,9093.671613,9089.900722,7106.529124,26221.05196,2683.39068,2572.730209
,,,,,5570,8991.052513,8960.976227,6969.773833,25793.60063,2622.73788,2508.884359
,,,,,5571,8887.451385,8976.95936,6969.773833,25185.68767,2533.74156,2437.724989
,,,,,5572,8856.349299,8666.36761,6969.773833,25131.50178,2486.376,2415.912219
,,,,,5573,9331.589421,8994.887349,6969.773833,25134.17192,2455.0776,2408.893599
,,,,,5574,10786.74243,9605.766303,7922.031061,25984.80626,2502.78336,2411.056199
,,,,,5575,11710.33831,10470.86901,8507.208923,27001.23744,2607.33168,2584.113349
,,,,,5576,11538.86539,10320.7144,8644.191558,26708.44755,2594.72484,2640.390099
,,,,,5577,11943.82309,10242.62557,9209.939574,27873.24794,2801.22624,2796.549479
,,,,,5578,12189.18932,10367.8487,9630.801418,29112.37787,2939.04612,2949
,,,,,5579,12828.51622,10913.51395,10416.82798,29603.28652,3010.54644,2949
,,,,,5580,12656.3074,11047.21276,9550.742398,28874.7552,3059.44776,2949
,,,,,5581,11690.0413,10488.71254,9385.552916,28403.92916,3016.48536,2949
,,,,,5582,11825.45027,10224.49349,9592.81352,29022.67332,3038.41368,2949
,,,,,5583,11803.8864,10512.43801,9498.020562,29095.75176,3074.436,2949
,,,,,5584,12055.14259,10492.99448,9726.753418,29261.17384,3074.436,2949
,,,,,5585,13644.53185,10737.89209,9926.796055,29145.45792,3026.35116,2949
,,,,,5586,13047.22244,11762.10911,9745.782631,28384.14029,2969.6058,2949
,,,,,5587,12206.66233,11314.3813,9333.812328,28029.39425,2873.5722,2949
,,,,,5588,12553.88536,11141.7031,9681.150627,28488.8123,2849.30136,2949
,,,,,5589,12063.30986,10954.47008,9434.0359,28686.01927,2817.28368,2949
,,,,,5590,11156.78065,10832.3794,8909.361099,30530.60349,2793.042,2949
,,,,,5591,10231.08808,10070.47963,8154.634282,28638.2107,2689.97112,2949
,,,,,5592,9344.010891,9528.096893,7512.462118,27119.9412,2693.87856,2805.219539
,,,,,5593,9083.239004,9132.111851,7002.623874,26543.70733,2694.70476,2539.231088
,,,,,5594,8980.737325,9002.589103,6869.847809,26122.57892,2642.4792,2477.400388
,,,,,5595,8877.254742,9018.646403,6869.847809,25596.55144,2565.837,2408.492088
,,,,,5596,8798.538258,8654.812517,6869.847809,25596.55144,2525.05188,2387.367418
,,,,,5597,9320.884577,9036.657584,6869.847809,25596.55144,2514.7584,2379.916278
,,,,,5598,10774.37254,9650.371222,7802.904288,26310.95621,2539.18476,2382.658848
,,,,,5599,11696.9116,10519.48829,8377.159677,27312.35221,2629.2114,2550.250518
,,,,,5600,11525.63489,10368.63692,8511.585502,27023.8933,2618.35416,2604.748038
,,,,,5601,11930.12921,10290.18573,9066.773707,28171.4638,2796.17184,2755.972758
,,,,,5602,12175.21469,10415.98994,9479.780072,29392.26436,2914.85304,2929.373958
,,,,,5603,12813.81004,10964.18726,10259.31842,29875.91143,2976.42924,2949
,,,,,5604,12641.79827,11098.50647,9401.215372,29158.15664,3018.53628,2949
,,,,,5605,11676.63781,10537.41462,9239.109188,28694.29511,2981.54196,2949
,,,,,5606,11811.89185,10271.96951,9442.501227,29303.88673,3000.4182,2949
,,,,,5607,11790.35265,10561.25019,9349.477601,29375.88418,3048.44472,2949
,,,,,5608,12041.32134,10541.71643,9573.941108,29538.85933,3034.61316,2949
,,,,,5609,13661.71878,10787.75045,9770.249905,29424.85509,2990.03724,2949
,,,,,5610,13032.26601,11856.59699,9592.615137,28674.79897,2941.16508,2949
,,,,,5611,12192.6677,11366.91477,9188.334349,28325.30037,2858.46732,2949
,,,,,5612,12539.49343,11193.43528,9529.189502,28777.92266,2837.56932,2949
,,,,,5613,12049.47927,11005.33344,9286.687226,28972.21252,2810.0034,2949
,,,,,5614,11143.98735,10882.67621,8771.805595,30528.23828,2789.12484,2949
,,,,,5615,10219.35399,10117.24097,8031.16592,28925.11114,2700.37152,2949
,,,,,5616,9333.291833,9572.341399,7400.980039,27429.30008,2703.73464,2764.367578
,,,,,5617,9163.874879,9082.018762,6903.491989,26441.11499,2692.54692,2490.999002
,,,,,5618,9060.465627,8953.205977,6776.5569,26041.00774,2641.653,2434.378202
,,,,,5619,8956.066785,8969.175261,6776.5569,25547.01486,2566.97424,2371.289262
,,,,,5620,8920.826187,8836.267556,6776.5569,25547.01486,2527.22916,2351.943822
,,,,,5621,9403.624619,8987.087715,6776.5569,25547.01486,2510.24832,2335.006732
,,,,,5622,10869.98209,9597.437358,7681.429231,26219.98194,2540.99268,2347.648112
,,,,,5623,11800.68952,10461.79047,8239.651881,27171.39195,2628.7254,2501.084582
,,,,,5624,11627.89629,10311.76597,8370.324647,26897.33185,2618.14032,2550.981662
,,,,,5625,12035.97209,10233.74481,8910.012453,27987.61987,2791.42848,2689.437212
,,,,,5626,12283.22762,10358.85943,9311.48802,29147.48258,2907.07704,2848.201542
,,,,,5627,12927.47723,10904.05187,10081.50251,29606.98777,2967.06888,2949
,,,,,5628,12753.94243,11037.63483,9235.116781,28925.06065,3008.10672,2949
,,,,,5629,11780.23623,10479.61854,9077.536469,28484.35337,2972.05524,2949
,,,,,5630,11916.68783,10215.62843,9275.249969,29063.51643,2990.4552,2949
,,,,,5631,11894.95792,10503.32346,9184.823486,29131.92004,3028.8492,2949
,,,,,5632,12148.14875,10483.89677,9403.020156,29286.76006,3023.76564,2949
,,,,,5633,13748.64691,10728.58218,9593.848173,29178.44649,2980.32696,2949
,,,,,5634,13147.86746,11613.17982,9421.172822,28465.83041,2932.70868,2949
,,,,,5635,12300.83516,11304.57188,9028.179222,28133.77749,2852.12988,2949
,,,,,5636,12650.73176,11132.0433,9359.517979,28563.80654,2831.76648,2949
,,,,,5637,12156.3789,10944.97252,9123.786167,28748.39817,2804.9004,2949
,,,,,5638,11242.86955,10822.98762,8623.279609,30249.27775,2784.55644,2949
,,,,,5639,10310.04928,10061.74802,7903.317985,28703.64792,2698.06788,2890.559012
,,,,,5640,9416.141732,9519.835246,7290.726377,27282.50222,2701.34352,2697.124272
,,,,,5641,9142.696814,8978.116383,6771.702662,26173.96021,2693.3634,2437.438199
,,,,,5642,9039.525925,8850.776193,6649.093727,25777.35818,2644.53012,2381.446519
,,,,,5643,8951.082705,8866.562915,6649.093727,25288.70697,2572.87428,2319.055509
,,,,,5644,8951.082705,8816.770909,6649.093727,25288.70697,2534.74272,2299.916499
,,,,,5645,9381.893919,8884.270594,6649.093727,25288.70697,2508.18768,2272.058279
,,,,,5646,10844.87136,9487.642683,7533.091298,25954.76444,2547.9522,2295.660109
,,,,,5647,11773.43347,10342.11446,8079.439203,26897.83945,2632.1274,2447.415649
,,,,,5648,11601.03853,10193.80505,8207.332243,26626.1803,2621.97,2496.772079
,,,,,5649,12008.1737,10116.67583,8735.539584,27706.91666,2788.2306,2633.703979
,,,,,5650,12254.85929,10240.36013,9128.474795,28856.61818,2899.19412,2790.718569
,,,,,5651,12897.62388,10779.31991,9891.435393,29312.09779,2956.75596,2923.915069
,,,,,5652,12724.48909,10911.37574,9053.728157,28636.14482,2996.13168,2949
,,,,,5653,11753.02732,10359.73872,8899.499959,28199.29844,2961.5382,2933.273229
,,,,,5654,11889.1644,10098.76656,9093.007615,28773.38763,2979.19944,2936.635089
,,,,,5655,11867.48458,10383.17264,9004.504722,28841.19198,3007.38744,2949
,,,,,5656,12120.09178,10363.96804,9218.059822,28994.6755,3007.38744,2949
,,,,,5657,13672.93639,10605.8562,9404.828465,28887.31083,2969.48916,2949
,,,,,5658,13117.5061,11418.11906,9235.826336,28180.93775,2923.79544,2949
,,,,,5659,12272.42625,11175.26115,8851.19266,27851.79384,2846.47284,2949
,,,,,5660,12621.51632,11004.70492,9175.483041,28278.05554,2826.93564,2949
,,,,,5661,12128.30297,10819.77274,8944.765815,28461.03002,2801.1582,2949
,,,,,5662,11216.8993,10699.18239,8454.906241,29952.71416,2781.64044,2934.089119
,,,,,5663,10286.22923,9946.64532,7750.259942,28416.67181,2698.6608,2832.614029
,,,,,5664,9394.382179,9410.927723,7150.699638,27007.97632,2701.80036,2641.312399
,,,,,5665,9021.22127,8734.352088,6603.32423,26098.81427,2701.40184,2387.438313
,,,,,5666,8919.417613,8610.466738,6479.626831,25676.7207,2652.93792,2329.234883
,,,,,5667,8849.805377,8625.825154,6479.626831,25149.22239,2581.8264,2264.376543
,,,,,5668,8849.805377,8540.688725,6479.626831,25149.22239,2543.97672,2244.490453
,,,,,5669,9257.248509,8643.052409,6479.626831,25149.22239,2515.95396,2212.631423
,,,,,5670,10700.83842,9230.054535,7368.876511,25865.52972,2557.089,2240.066953
,,,,,5671,11617.09512,10061.34381,7918.212113,26869.22076,2640.6324,2397.808963
,,,,,5672,11446.98478,9917.058154,8046.804535,26580.10075,2630.55276,2449.111733
,,,,,5673,11848.72456,9842.021509,8577.900372,27730.3013,2795.5692,2591.450133
,,,,,5674,12092.14104,9962.350163,8972.984344,28953.89974,2905.6968,2754.667453
,,,,,5675,12726.38764,10486.68753,9737.71971,29438.65525,2962.83096,2893.123003
,,,,,5676,12555.54725,10615.16058,8897.828955,28719.25548,3001.90536,2949
,,,,,5677,11596.9594,10078.48991,8742.757363,28254.33086,2967.57432,2902.854703
,,,,,5678,11731.29237,9824.598139,8937.323213,28865.31956,2985.09948,2906.354183
,,,,,5679,11709.89985,10101.28805,8848.336343,28937.48202,3012.06276,2944.838633
,,,,,5680,11959.15948,10082.60449,9063.059266,29100.83068,3012.06276,2949
,,,,,5681,13473.99603,10317.93003,9250.849251,28986.56516,2975.45724,2949
,,,,,5682,12943.35596,11140.76885,9080.922936,28234.79004,2930.11344,2949
,,,,,5683,12109.47519,10871.88657,8694.185896,27884.49044,2853.37404,2949
,,,,,5684,12453.93909,10705.95767,9020.249654,28338.15007,2833.98264,2947.099533
,,,,,5685,11967.26186,10526.04285,8788.270754,28532.8852,2808.3996,2949
,,,,,5686,11067.93621,10408.7242,8295.732389,30091.44293,2789.02764,2903.700083
,,,,,5687,10149.59947,9676.604065,7587.232739,28485.67588,2706.67008,2798.214353
,,,,,5688,9269.571274,9155.420912,6984.393747,26986.43666,2709.7902,2599.363283
,,,,,5689,8960.091778,8633.401852,6579.577198,26399.49492,2710.5192,2348.567381
,,,,,5690,8858.976145,8510.947257,6432.937035,25969.13832,2659.43088,2289.528401
,,,,,5691,8766.848408,8526.128299,6432.937035,25397.09698,2584.47024,2223.746041
,,,,,5692,8766.848408,8443.673469,6432.937035,25397.09698,2544.57936,2203.574881
,,,,,5693,9194.523863,8543.156596,6432.937035,25397.09698,2510.31636,2180.8086
,,,,,5694,10628.35749,9123.379419,7345.401372,26161.64353,2558.4012,2199.0924
,,,,,5695,11538.42181,9945.068118,7894.932074,27184.98309,2646.45468,2359.085481
,,,,,5696,11369.46113,9802.448817,8023.570166,26890.20319,2635.84044,2411.115671
,,,,,5697,11768.48581,9728.278773,8554.854626,28062.92039,2809.77012,2555.488881
,,,,,5698,12010.2572,9847.217747,8950.078916,29310.47233,2925.84636,2721.026081
,,,,,5699,12640.21734,10365.49953,9777.967675,29804.71754,2986.07148,2861.457461
,,,,,5700,12470.53155,10492.48884,8874.896835,29071.2346,3027.25512,2949
,,,,,5701,11518.42217,9962.016194,8719.770167,28597.20849,2991.07728,2871.316951
,,,,,5702,11651.84727,9711.056625,8914.405119,29220.15808,3009.54528,2874.865581
,,,,,5703,11630.59933,9984.551042,8825.386645,29293.73321,3035.08944,2913.900511
,,,,,5704,11878.17438,9966.083253,9040.185828,29460.27962,3035.08944,2941.719411
,,,,,5705,13417.21364,10198.69101,9228.042509,29343.77721,2999.37816,2949
,,,,,5706,12855.71931,11012.35485,9058.055843,28577.28513,2951.58492,2949
,,,,,5707,12027.4742,10746.24989,8671.18145,28220.12797,2870.69508,2949
,,,,,5708,12369.61009,10582.23732,8997.361013,28682.66856,2850.25392,2916.20073
,,,,,5709,11886.22199,10404.40033,8765.299723,28881.21589,2823.29064,2929.274631
,,,,,5710,10992.9743,10288.4366,8272.586429,30542.3204,2802.86892,2872.18199
,,,,,5711,10080.84401,9564.771739,7563.83515,28833.08238,2716.0596,2765.192271
,,,,,5712,9206.763346,9049.607743,6960.782055,27304.49364,2719.34496,2563.50033
,,,,,5713,9013.070312,8505.944223,6718.354201,26733.39464,2705.25096,2308.084855
,,,,,5714,8911.358395,8404.406824,6577.267571,26300.53825,2640.924,2247.482905
,,,,,5715,8821.317863,8404.406824,6577.267571,25756.63827,2546.5428,2179.950805
,,,,,5716,8821.317863,8404.406824,6577.267571,25756.63827,2496.30984,2159.248825
,,,,,5717,9248.884855,8417.030258,6577.267571,25756.63827,2479.82472,2135.627335
,,,,,5718,10691.17387,8988.693678,7500.25544,26494.16165,2513.71836,2154.638555
,,,,,5719,11606.60489,9798.260887,8061.322526,27523.44545,2624.5944,2318.878195
,,,,,5720,11436.64784,9657.745496,8192.661137,27226.95327,2611.21968,2372.294415
,,,,,5721,11838.02558,9584.669602,8735.098934,28406.48238,2830.221,2520.501325
,,,,,5722,12081.22271,9701.853998,9138.620228,29661.28093,2976.38064,2690.432535
,,,,,5723,12714.89776,10212.49013,9946.471866,30158.39704,3052.20636,2834.589485
,,,,,5724,12544.21132,10337.6061,9061.859838,29420.65355,3104.07228,2949
,,,,,5725,11586.48731,9814.958947,8903.476572,28943.87398,3058.50492,2844.714385
,,,,,5726,11720.69922,9567.701514,9102.197526,29570.44207,3081.76488,2848.361315
,,,,,5727,11699.32599,9837.161363,9011.310273,29644.44458,3136.3038,2888.428395
,,,,,5728,11948.36099,9818.966009,9230.618769,29811.9584,3123.8622,2916.974715
,,,,,5729,13490.02647,10048.14235,9422.419154,29694.77927,3068.97336,2936.084235
,,,,,5730,12931.67055,10766.81014,9248.863931,28923.83489,3008.78712,2927.846695
,,,,,5731,12098.54125,10587.62369,8853.867824,28564.60313,2906.94096,2927.886015
,,,,,5732,12442.69473,10426.03061,9186.894925,29029.83047,2881.2024,2890.787595
,,,,,5733,11956.45606,10250.81707,8949.961937,29229.53108,2847.25044,2904.205545
,,,,,5734,11057.94084,10136.56403,8446.905036,30816.32358,2821.54104,2845.599085
,,,,,5735,10140.43167,9423.574612,7723.274833,29181.11799,2712.22992,2735.778325
,,,,,5736,9261.196515,8916.010276,7107.561751,27643.65019,2716.37064,2528.729035
,,,,,5737,9058.834335,8302.2401,6801.542996,26801.37306,2724.28272,2264.949533
,,,,,5738,8956.607335,8211.390443,6668.176917,26405.20761,2659.4406,2202.666653
,,,,,5739,8889.150423,8211.390443,6668.176917,25917.22171,2564.29152,2133.266853
,,,,,5740,8889.150423,8211.390443,6668.176917,25917.22171,2513.65032,2111.984903
,,,,,5741,9295.843076,8219.673103,6668.176917,25917.22171,2512.12428,2079.359133
,,,,,5742,10745.43604,8750.529325,7593.081506,26582.41859,2531.19492,2107.246843
,,,,,5743,11665.50293,9502.306988,8161.063987,27524.45545,2642.9652,2276.047603
,,,,,5744,11494.6852,9371.822044,8294.021404,27253.09535,2629.49328,2330.948153
,,,,,5745,11898.09557,9303.962545,8843.144982,28332.64202,2850.26364,2483.264003
,,,,,5746,12142.52428,9412.781937,9251.639851,29481.07795,2997.60912,2657.923443
,,,,,5747,12779.40836,9886.967193,10035.37674,29936.05616,3074.0472,2806.081203
,,,,,5748,12607.85753,10003.15198,9173.933356,29260.84728,3126.33108,2949
,,,,,5749,11645.28347,9517.813086,9013.597948,28824.48179,3080.40408,2816.491173
,,,,,5750,11780.17506,9288.205695,9214.768223,29397.93902,3103.839,2820.236403
,,,,,5751,11758.69358,9538.430621,9122.760745,29465.66873,3177.05976,2861.424103
,,,,,5752,12008.98974,9521.534111,9344.772313,29618.98329,3146.28624,2890.756823
,,,,,5753,13524.77867,9734.351102,9538.936721,29511.73681,3090.95028,2910.397163
,,,,,5754,12997.27891,10403.86173,9363.242356,28806.14131,3030.27804,2901.923703
,,,,,5755,12159.93052,10235.3225,8963.37775,28477.35972,2927.60568,2901.972853
,,,,,5756,12505.82685,10085.26447,9300.509555,28903.1522,2901.65328,2863.842283
,,,,,5757,12017.1258,9922.558231,9060.656265,29085.92525,2867.42916,2877.633773
,,,,,5758,11114.06038,9816.460946,8551.39897,30576.46408,2841.51564,2817.395533
,,,,,5759,10191.90481,9154.36704,7818.84971,29041.61587,2731.32,2704.527473
,,,,,5760,9308.217084,8683.034301,7195.547697,27634.47108,2735.4996,2491.727633
,,,,,5761,9071.576572,8254.307102,6820.872312,26612.7612,2744.51976,2217.280016
,,,,,5762,8969.206155,8159.224867,6692.906808,26233.66205,2683.58508,2152.293886
,,,,,5763,8913.813899,8159.224867,6692.906808,25771.68384,2594.1708,2079.866446
,,,,,5764,8913.813899,8159.224867,6692.906808,25771.68384,2551.87908,2057.670306
,,,,,5765,9308.917816,8168.738201,6692.906808,25771.68384,2551.87908,2012.796356
,,,,,5766,10760.54445,8718.894865,7602.751148,26403.239,2563.0668,2052.725816
,,,,,5767,11681.90212,9498.005052,8163.802157,27304.69412,2668.10112,2228.859756
,,,,,5768,11510.84474,9362.776041,8295.137006,27045.02386,2655.43596,2286.139166
,,,,,5769,11914.82107,9292.449362,8837.55926,28078.06504,2862.89964,2445.080436
,,,,,5770,12159.59269,9405.225122,9241.068993,29177.02781,3001.37076,2627.318806
,,,,,5771,12797.37026,9896.650422,10012.7636,29612.40614,3073.20156,2781.915216
,,,,,5772,12625.57877,10017.05936,9164.310802,28966.2844,3122.32644,2949
,,,,,5773,11661.65429,9514.074908,9005.932074,28548.71697,3079.16964,2792.777366
,,,,,5774,11796.73512,9276.119637,9204.647334,29097.4704,3101.19516,2796.679876
,,,,,5775,11775.22351,9535.442039,9113.762685,29162.2824,3184.09704,2839.656636
,,,,,5776,12025.87081,9517.931219,9333.064897,29308.99237,3141.08604,2870.267256
,,,,,5777,13526.63104,9738.485638,9524.859787,29206.36593,3089.07432,2890.752976
,,,,,5778,13015.54648,10429.30948,9351.309537,28531.16658,3032.06652,2881.915806
,,,,,5779,12177.02335,10257.67095,8956.324748,28216.54848,2935.5858,2881.964956
,,,,,5780,12523.40494,10102.15723,9289.342307,28623.99836,2911.19832,2842.182946
,,,,,5781,12034.01829,9933.535451,9052.416107,28798.89779,2879.03484,2856.574066
,,,,,5782,11129.68593,9823.580766,8549.37362,30244.66551,2854.67652,2793.721046
,,,,,5783,10206.23666,9137.414985,7825.76415,28756.4972,2751.12936,2675.937986
,,,,,5784,9321.309184,8648.945911,7210.06871,27409.97041,2755.05624,2453.907776
,,,,,5785,9051.449619,8337.217563,6793.301131,26331.18779,2751.47928,2181.051337
,,,,,5786,8949.305735,8244.288843,6663.638233,25937.44698,2695.842,2114.590707
,,,,,5787,8866.887182,8244.288843,6663.638233,25453.15604,2614.21344,2040.521657
,,,,,5788,8866.887182,8244.288843,6663.638233,25453.15604,2570.76504,2017.814357
,,,,,5789,9288.265657,8253.077188,6663.638233,25453.15604,2567.7324,1962.992447
,,,,,5790,10736.68002,8794.049288,7581.672914,26113.57337,2585.8116,2012.761737
,,,,,5791,11655.99884,9560.152658,8147.383054,27049.84471,2681.70912,2192.896487
,,,,,5792,11485.31999,9427.181221,8279.808545,26780.14541,2670.15204,2251.483287
,,,,,5793,11888.40237,9358.028608,8826.735231,27853.08496,2859.56568,2414.032167
,,,,,5794,12132.63235,9468.921637,9233.595824,28994.49214,2985.984,2600.418797
,,,,,5795,12768.9986,9952.142861,10008.05808,29446.68576,3051.56484,2758.524517
,,,,,5796,12597.58726,10070.54164,9156.200212,28775.60934,3096.42264,2949
,,,,,5797,11635.79582,9575.954236,8996.506261,28341.91453,3057.00804,2769.632417
,,,,,5798,11770.57773,9341.971498,9196.87171,28911.86205,3077.12844,2773.623397
,,,,,5799,11749.11372,9596.964654,9105.232328,28979.17722,3137.86872,2817.573327
,,,,,5800,11999.20637,9579.746168,9326.355689,29131.55346,3113.53956,2848.891707
,,,,,5801,13534.49911,9796.618552,9519.743299,29024.96336,3066.05736,2869.839437
,,,,,5802,12986.69201,10477.30359,9344.751838,28323.6863,3014.00676,2860.805667
,,,,,5803,12150.02444,10307.13635,8946.486981,27996.91694,2925.9144,2860.844987
,,,,,5804,12495.63952,10154.21884,9282.270014,28420.10345,2903.6556,2820.168447
,,,,,5805,12007.33582,9988.412115,9043.376311,28601.75789,2874.29148,2834.883957
,,,,,5806,11105.00464,9880.293063,8536.156414,30085.936,2852.05212,2770.595757
,,,,,5807,10183.59884,9205.582444,7806.537881,28557.71969,2757.5154,2650.138937
,,,,,5808,9300.629605,8725.268094,7185.729528,27159.18701,2761.10208,2423.056107
,,,,,5809,9083.74443,8376.349096,6886.676067,26005.97611,2754.28836,2169.95284
,,,,,5810,8981.237062,8292.896539,6759.933761,25639.69925,2704.04568,2104.75045
,,,,,5811,8908.099464,8292.896539,6759.933761,25197.26119,2630.3292,2032.08709
,,,,,5812,8908.099464,8292.896539,6759.933761,25197.26119,2591.08956,2009.81231
,,,,,5813,9321.403192,8299.028401,6759.933761,25197.26119,2560.12164,1941.45449
,,,,,5814,10774.97182,8796.154052,7663.875866,25803.54059,2604.68784,2004.85799
,,,,,5815,11697.56208,9500.163809,8221.56935,26674.50576,2691.29304,2181.5719
,,,,,5816,11526.27587,9377.969869,8352.118245,26423.61834,2680.84404,2239.04791
,,,,,5817,11930.79264,9314.422159,8891.294456,27421.71892,2851.8966,2398.51017
,,,,,5818,12175.89172,9416.327174,9292.389445,28483.51142,2966.06772,2581.34817
,,,,,5819,12814.52251,9860.382727,10062.0896,28904.16393,3025.29168,2736.45574
,,,,,5820,12642.50119,9969.185144,9216.090602,28279.89599,3065.80464,2914.34925
,,,,,5821,11677.28717,9514.68465,9058.659668,27876.45197,3030.21,2747.35721
,,,,,5822,11812.54871,9299.666498,9256.185746,28406.64489,3048.37668,2751.26955
,,,,,5823,11791.00832,9533.992148,9165.844983,28469.26474,3075.165,2794.39376
,,,,,5824,12041.99094,9518.169241,9383.834814,28611.01253,3075.165,2825.10268
,,,,,5825,13568.03775,9717.463854,9574.481935,28511.85724,3038.38452,2845.65721
,,,,,5826,13032.9906,10349.72626,9401.970271,27859.49518,2991.3786,2836.79055
,,,,,5827,12193.3457,10186.60356,9009.349209,27555.51843,2911.8204,2836.8397
,,,,,5828,12540.19067,10046.0802,9340.373874,27949.18711,2891.71944,2796.9299
,,,,,5829,12050.14932,9893.712314,9104.865524,28118.17091,2865.20328,2811.37017
,,,,,5830,11144.60714,9794.356444,8604.833419,29530.30111,2845.12176,2748.30089
,,,,,5831,10219.92247,9174.331943,7885.554281,28077.20444,2759.74128,2630.13446
,,,,,5832,9333.811137,8732.947657,7273.543377,26776.22128,2762.97804,2407.35717
,,,,,5833,8774.536457,8213.805838,6890.496739,25904.39213,2759.00256,1974.49312
,,,,,5834,8675.506137,8132.654951,6765.732523,25546.53893,2712.37572,1912.01364
,,,,,5835,8620.997997,8132.654951,6765.732523,25110.71407,2643.95664,1842.38775
,,,,,5836,8620.997997,8132.654951,6765.732523,25110.71407,2607.5358,1821.03699
,,,,,5837,9004.133838,8139.766861,6765.732523,25110.71407,2605.62096,1743.93047
,,,,,5838,10408.39745,8615.793038,7654.774457,25706.61224,2620.15236,1816.2891
,,,,,5839,11299.69347,9289.922553,8203.195473,26557.54689,2700.52704,1985.62068
,,,,,5840,11134.21728,9172.914883,8331.573802,26312.42939,2690.8362,2040.68834
,,,,,5841,11525.01285,9112.064325,8861.785421,27287.57559,2849.59296,2193.49569
,,,,,5842,11761.79817,9209.644191,9256.21162,28324.94892,2955.5604,2368.69578
,,,,,5843,12378.76662,9634.852722,10012.37339,28735.92724,3010.527,2517.32538
,,,,,5844,12212.58026,9739.037244,9181.181357,28126.01626,3048.12396,2672.00043
,,,,,5845,11280.10628,9303.827087,9026.367942,27731.85067,3015.0954,2527.76484
,,,,,5846,11410.77975,9097.934937,9220.609861,28249.85017,3031.94988,2531.5199
,,,,,5847,11389.97001,9322.315118,9131.771144,28311.02989,3083.61168,2572.83539
,,,,,5848,11632.4393,9307.163782,9346.136576,28449.51776,3062.47068,2602.27624
,,,,,5849,13107.21039,9497.999745,9533.613911,28352.64284,3022.677,2621.96573
,,,,,5850,12589.82428,10099.38635,9363.970506,27715.28385,2979.04392,2613.47261
,,,,,5851,11778.66011,9947.227786,8977.877341,27418.29797,2905.2108,2613.51193
,,,,,5852,12113.74012,9812.668652,9303.398238,27802.91304,2886.55812,2575.27323
,,,,,5853,11640.32095,9666.767703,9071.805558,27968.01053,2861.94708,2589.10404
,,,,,5854,10765.49475,9571.628788,8580.087217,29333.77652,2843.30412,2528.67903
,,,,,5855,9872.175361,8977.919949,7872.767145,27927.98621,2764.06668,2415.44726
,,,,,5856,9016.120906,8555.269309,7270.931816,26656.92315,2767.07016,2201.97898
,,,,,5857,8782.296178,7965.256116,6783.905524,25752.90963,2763.12384,1946.94946
,,,,,5858,8683.178521,7877.379202,6653.898198,25392.98634,2708.71128,1880.50849
,,,,,5859,8621.122446,7877.379202,6653.898198,24954.00683,2628.88092,1806.46893
,,,,,5860,8621.122446,7877.379202,6653.898198,24954.00683,2586.38508,1783.77146
,,,,,5861,9012.096047,7886.446787,6653.898198,24954.00683,2582.361,1711.66841
,,,,,5862,10417.59811,8393.143463,7568.239428,25553.98563,2601.10116,1778.71884
,,,,,5863,11309.68019,9110.707327,8131.052116,26409.84271,2694.89916,1958.78478
,,,,,5864,11144.05806,8986.160822,8262.799351,26163.30728,2683.58508,2017.34209
,,,,,5865,11535.19828,8921.389645,8806.92479,27144.09444,2868.82884,2179.83199
,,,,,5866,11772.19243,9025.256609,9211.701528,28187.4687,2992.47696,2366.13998
,,,,,5867,12389.705,9477.861443,9976.412311,28600.82442,3056.60952,2524.18672
,,,,,5868,12223.37208,9588.758602,9134.702319,27987.38526,3100.4856,2702.12938
,,,,,5869,11290.07572,9125.507735,8975.826288,27590.93953,3061.93608,2535.29462
,,,,,5870,11420.86444,8906.349897,9175.165506,28111.93552,3081.60936,2539.2856
,,,,,5871,11400.03634,9145.186955,9083.995483,28173.46915,3139.73496,2583.21587
,,,,,5872,11642.71948,9129.059414,9303.986296,28312.75813,3117.22344,2614.52442
,,,,,5873,13128.51213,9332.190991,9496.383414,28215.32281,3070.791,2635.46232
,,,,,5874,12600.94879,9967.446615,9322.288223,27574.27688,3019.87764,2626.42855
,,,,,5875,11789.06924,9810.362918,8926.063197,27275.57301,2933.72928,2626.4777
,,,,,5876,12124.44476,9667.134102,9260.126418,27662.41298,2911.95648,2585.81099
,,,,,5877,11650.60808,9511.832715,9022.456279,27828.46551,2883.23388,2600.51667
,,,,,5878,10775.01034,9410.563973,8517.834259,29199.66209,2861.49024,2536.25796
,,,,,5879,9880.903116,8778.60231,7791.952683,27788.20967,2769.0336,2415.85029
,,,,,5880,9024.093686,8328.720172,7174.323983,26509.79384,2772.5328,2188.85593
,,,,,5881,8812.061172,7897.501522,6768.866112,25971.77816,2774.9628,1945.69122
,,,,,5882,8712.608503,7785.485343,6629.910172,25586.02951,2719.57824,1876.14397
,,,,,5883,8662.550541,7799.372304,6629.910172,25107.69418,2638.2996,1798.63442
,,,,,5884,8662.550541,7743.193474,6629.910172,25107.69418,2595.03588,1774.87531
,,,,,5885,9042.637748,7814.949055,6629.910172,25107.69418,2592.081,1709.68275
,,,,,5886,10452.89031,8345.711855,7556.55327,25758.58089,2610.02412,1769.58677
,,,,,5887,11347.98757,9097.357217,8121.772145,26675.84778,2705.50368,1958.08685
,,,,,5888,11181.80565,8966.895235,8254.082637,26411.62284,2693.98548,2019.38673
,,,,,5889,11574.2679,8899.047679,8800.53437,27462.78385,2882.58264,2189.48505
,,,,,5890,11812.06307,9007.847921,9207.041645,28581.02274,3008.45664,2384.52208
,,,,,5891,12431.66279,9481.949727,9995.429309,29024.03774,3073.7556,2549.97081
,,,,,5892,12264.76768,9598.114071,9129.713243,28366.58283,3118.419,2750.2374
,,,,,5893,11328.31684,9112.860586,8970.157971,27941.69116,3079.17936,2561.58987
,,,,,5894,11459.54762,8883.293602,9170.349421,28500.06988,3099.20256,2565.76762
,,,,,5895,11438.64912,9133.474492,9078.78962,28566.01869,3159.75816,2611.76219
,,,,,5896,11682.15251,9116.580956,9299.720957,28715.302,3135.45816,2644.52558
,,,,,5897,13154.75875,9329.360494,9492.940628,28610.87546,3088.1898,2666.44648
,,,,,5898,12643.62057,10057.78127,9318.10113,27923.83292,3036.36276,2656.99002
,,,,,5899,11828.99692,9830.243731,8920.182127,27603.69634,2948.64948,2657.03917
,,,,,5900,12165.50599,9680.212102,9255.673565,28018.293,2926.48788,2614.46544
,,,,,5901,11690.06777,9517.534502,9016.987318,28196.26021,2897.25012,2629.86905
,,,,,5902,10811.51057,9411.455888,8510.207893,29635.20611,2875.10796,2562.60236
,,,,,5903,9914.381327,8749.478501,7781.222964,28153.11591,2780.97948,2436.55227
,,,,,5904,9054.675939,8278.228709,7160.953723,26782.97065,2784.54672,2198.93168
,,,,,5905,8873.808649,7999.184673,6804.774059,26137.86719,2789.4942,1966.97317
,,,,,5906,8773.661001,7885.727351,6678.124358,25752.18425,2737.52136,1896.70833
,,,,,5907,8767.21197,7899.792975,6678.124358,25273.94906,2661.25824,1818.41238
,,,,,5908,8767.21197,7772.559281,6678.124358,25273.94906,2620.67724,1794.40752
,,,,,5909,9105.996507,7915.570129,6678.124358,25273.94906,2618.2764,1765.47783
,,,,,5910,10526.10399,8453.161449,7576.264219,25924.70623,2634.73236,1789.06
,,,,,5911,11427.45623,9214.477093,8129.860651,26841.81687,2724.3216,1979.48676
,,,,,5912,11260.11302,9082.336655,8259.450478,26577.63693,2713.51296,2041.42559
,,,,,5913,11655.31781,9013.616207,8794.665672,27628.61888,2890.46556,2213.25399
,,,,,5914,11894.77471,9123.816216,9192.814048,28746.66728,3008.56356,2410.28651
,,,,,5915,12518.70423,9604.017572,9952.050144,29189.6068,3069.82872,2577.426
,,,,,5916,12350.64284,9721.676426,9117.075728,28532.2639,3111.73164,2829.98819
,,,,,5917,11407.64804,9230.17992,8960.801349,28107.4446,3074.91228,2589.16302
,,,,,5918,11539.79586,8997.659446,9156.876316,28665.7282,3093.70104,2593.38992
,,,,,5919,11518.75133,9251.059035,9067.199235,28731.66578,3150.97128,2639.8465
,,,,,5920,11763.95633,9233.948155,9283.58762,28880.92365,3127.72104,2672.94411
,,,,,5921,13183.85471,9449.465205,9472.834167,28776.51491,3083.36868,2695.0911
,,,,,5922,12732.14318,10240.62562,9301.589847,28089.58941,3034.73952,2685.54617
,,,,,5923,11911.8269,9956.792547,8911.853145,27769.50736,2952.45,2685.59532
,,,,,5924,12250.68751,9804.830689,9240.445963,28184.0334,2931.65892,2642.58907
,,,,,5925,11771.9269,9640.060163,9006.667757,28361.97029,2904.21936,2658.14013
,,,,,5926,10887.23031,9532.616796,8510.3091,29800.7438,2883.44772,2590.18534
,,,,,5927,9983.831873,8862.122749,7796.314091,28318.83334,2795.1318,2462.85735
,,,,,5928,9118.118821,8384.8101,7188.799278,26948.92149,2798.47548,2222.79892
,,,,,5929,8930.216355,8167.006882,6800.813929,26220.65825,2791.60344,2023.20077
,,,,,5930,8831.084873,8051.171038,6677.145316,25850.93448,2742.53688,1959.43356
,,,,,5931,8831.084873,8065.531534,6677.145316,25397.01981,2670.53112,1888.38232
,,,,,5932,8831.084873,7942.267363,6677.145316,25397.01981,2632.20516,1866.59904
,,,,,5933,9163.876154,8081.639441,6677.145316,25397.01981,2627.98668,1862.66704
,,,,,5934,10592.98632,8630.500843,7560.900697,26016.31768,2645.48268,1862.66704
,,,,,5935,11500.05263,9407.776732,8106.314422,26895.4792,2730.06612,2034.55442
,,,,,5936,11331.64856,9272.866098,8233.988783,26642.23076,2719.86984,2090.75253
,,,,,5937,11729.35873,9202.704992,8761.292962,27649.72414,2886.9372,2246.68582
,,,,,5938,11970.33365,9315.215238,9153.556308,28721.50882,2998.44504,2425.48369
,,,,,5939,12598.21853,9805.483551,9907.931672,29146.11995,3056.28876,2577.15076
,,,,,5940,12429.09173,9925.609009,9078.937477,28515.97724,3095.84916,2837.85219
,,,,,5941,11480.11887,9423.808754,8924.972988,28108.73654,3061.09044,2587.80648
,,,,,5942,11613.10443,9186.413713,9118.149773,28643.91892,3078.82944,2591.64018
,,,,,5943,11591.92649,9445.125579,9029.798207,28707.12807,3130.53012,2633.80105
,,,,,5944,11838.68596,9427.655986,9242.988157,28850.2098,3110.95404,2663.84153
,,,,,5945,13252.28859,9647.691143,9429.437452,28750.12139,3069.07056,2683.93405
,,,,,5946,12813.01057,10447.50838,9260.724293,28091.62017,3023.163,2675.26399
,,,,,5947,11987.49394,10165.65411,8876.748288,27784.7828,2945.46132,2675.31314
,,,,,5948,12328.50274,10010.50652,9200.484177,28182.15616,2925.82692,2636.28804
,,,,,5949,11846.70706,9842.281739,8970.161445,28352.73021,2899.92312,2650.40392
,,,,,5950,10956.40198,9732.585927,8481.139463,29749.63701,2880.31788,2588.7305
,,,,,5951,10047.27651,9048.03562,7777.698012,28311.37822,2796.93,2473.18868
,,,,,5952,9176.075317,8560.716573,7179.162874,26998.15194,2800.089,2255.34605
,,,,,5953,8945.591323,8251.267477,6730.783865,26139.49879,2790.08712,2065.89246
,,,,,5954,8844.635746,8134.237418,6603.993747,25761.08338,2744.22816,2008.63271
,,,,,5955,8811.307336,8148.745964,6603.993747,25293.92334,2676.92688,1944.82618
,,,,,5956,8811.307336,7922.672218,6603.993747,25293.92334,2641.10868,1928.70498
,,,,,5957,9179.652326,8165.019936,6603.993747,25293.92334,2632.419,1928.70498
,,,,,5958,10611.21634,8719.539849,7502.811158,25930.35449,2653.52112,1928.70498
,,,,,5959,11519.84013,9504.829098,8056.793019,26830.18376,2732.57388,2076.08617
,,,,,5960,11351.1469,9368.527597,8186.47307,26570.98184,2723.03856,2126.55339
,,,,,5961,11749.53996,9297.643162,8722.060896,27602.15985,2879.19036,2266.58174
,,,,,5962,11990.92865,9411.313337,9120.486473,28699.14055,2983.41792,2427.14496
,,,,,5963,12619.89163,9906.636093,9879.951524,29133.73365,3037.48056,2563.34944
,,,,,5964,12450.47443,10027.99999,9044.695423,28488.77723,3074.45544,2819.79448
,,,,,5965,11499.87214,9521.026403,8888.31224,28071.96293,3041.9712,2572.92386
,,,,,5966,11633.08605,9281.183927,9084.523721,28619.72663,3058.55352,2576.36436
,,,,,5967,11611.87174,9542.562995,8994.784203,28684.42173,3101.14656,2614.21969
,,,,,5968,11859.0549,9524.913298,9211.323244,28830.8671,3088.5786,2641.20304
,,,,,5969,13322.7471,9747.216917,9400.70155,28728.42576,3049.43616,2659.24109
,,,,,5970,12835.05248,10633.40581,9229.338005,28054.44418,3006.52236,2651.46556
,,,,,5971,12008.1184,10270.51985,8839.329958,27740.39353,2933.89452,2651.50488
,,,,,5972,12349.71272,10113.77276,9168.151551,28147.10854,2915.54316,2616.4511
,,,,,5973,11867.08978,9943.813654,8934.210582,28321.69252,2891.34036,2629.1318
,,,,,5974,10975.256,9832.986927,8437.506346,29741.40066,2873.00844,2573.74958
,,,,,5975,10064.56952,9141.379219,7723.014234,28279.3684,2795.06376,2469.9841
,,,,,5976,9191.872436,8649.036135,7115.076454,26935.27018,2798.01864,2274.3671
,,,,,5977,8951.061434,8381.349366,6706.367175,26082.33058,2782.17504,2063.73969
,,,,,5978,8850.04429,8262.475673,6581.152296,25684.65831,2737.28808,2008.49509
,,,,,5979,8812.137934,8277.212779,6581.152296,25188.15235,2671.41564,1946.9298
,,,,,5980,8812.137934,7985.77296,6581.152296,25188.15235,2636.3556,1928.04637
,,,,,5981,9185.265178,8293.743123,6581.152296,25188.15235,2623.60296,1916.88932
,,,,,5982,10617.70222,8856.998671,7472.368789,25862.54331,2648.5056,1923.84896
,,,,,5983,11526.88013,9654.658982,8022.026817,26808.16321,2725.88652,2073.57952
,,,,,5984,11358.08402,9516.210254,8150.694715,26535.77099,2716.5456,2122.27734
,,,,,5985,11756.72004,9444.209141,8682.102273,27619.42372,2869.3926,2257.38086
,,,,,5986,11998.25594,9559.67002,9077.418136,28772.22773,2971.39428,2412.30166
,,,,,5987,12627.60249,10062.79585,9834.314722,29228.93646,3024.30996,2543.71893
,,,,,5988,12458.08198,10186.07165,9002.218635,28551.15941,3060.50724,2758.08174
,,,,,5989,11506.89997,9671.111452,8847.056025,28113.1342,3028.71312,2552.9493
,,,,,5990,11640.19511,9427.490615,9041.736073,28688.77258,3044.9358,2556.27184
,,,,,5991,11618.96787,9692.98732,8952.696973,28756.7599,3081.49272,2592.80995
,,,,,5992,11866.30177,9675.059579,9167.545925,28910.6576,3074.31936,2618.82996
,,,,,5993,13336.75735,9900.86526,9355.446132,28803.0032,3036.01284,2636.24872
,,,,,5994,12842.89456,10847.33201,9185.420081,28094.72396,2994.01272,2628.7386
,,,,,5995,12015.45618,10432.41205,8798.456049,27764.69186,2922.93036,2628.76809
,,,,,5996,12357.25882,10273.19564,9124.711187,28192.10383,2904.9678,2594.95289
,,,,,5997,11874.34155,10100.55909,8892.596129,28375.57207,2881.27044,2607.19124
,,,,,5998,10981.96389,9987.986449,8399.768674,29845.79793,2863.32732,2553.75536
,,,,,5999,10070.72203,9285.483492,7690.853179,28331.09416,2787.04476,2453.63681
,,,,,6000,9197.49274,8785.384277,7087.660357,26918.59728,2789.94132,2264.88115
,,,,,6001,8992.461557,8629.629311,6681.276916,26171.09892,2785.20768,2028.1256
,,,,,6002,8896.658315,8507.236778,6557.804336,25782.74194,2746.54152,1969.97132
,,,,,6003,8896.658315,8522.410125,6557.804336,25300.43174,2689.79616,1905.16213
,,,,,6004,8896.658315,8303.980307,6557.804336,25300.43174,2659.59612,1885.2957
,,,,,6005,9227.745624,8539.429792,6557.804336,25300.43174,2636.76384,1848.48235
,,,,,6006,10666.79014,9119.358552,7440.613807,25956.46007,2670.06456,1880.8722
,,,,,6007,11580.16185,9940.630809,7985.489444,26879.92927,2736.72432,2038.48642
,,,,,6008,11410.58714,9798.08379,8113.037846,26613.91771,2728.67616,2089.74987
,,,,,6009,11811.06196,9723.951336,8639.821805,27672.18638,2860.34328,2231.98014
,,,,,6010,12053.712,9842.830031,9031.698156,28797.98649,2948.21208,2395.06967
,,,,,6011,12685.96158,10360.84914,9785.753883,29243.99703,2993.79888,2533.40726
,,,,,6012,12515.6591,10487.77409,8957.152941,28582.0966,3024.97092,2724.96447
,,,,,6013,11560.08953,9957.570296,8803.340349,28154.33192,2997.57996,2543.12913
,,,,,6014,11693.99953,9706.737916,8996.326552,28716.48624,3011.55732,2546.62861
,,,,,6015,11672.67437,9980.093724,8908.062151,28782.88099,3032.7858,2585.08357
,,,,,6016,11921.14917,9961.635294,9121.041774,28933.1737,3032.7858,2612.47978
,,,,,6017,13332.94196,10194.12516,9307.307124,28828.04107,3003.8688,2630.81273
,,,,,6018,12902.24673,11100.853,9138.760413,28136.35294,2967.69096,2622.90941
,,,,,6019,12070.99158,10741.40654,8755.163225,27814.05168,2906.46468,2622.94873
,,,,,6020,12414.37087,10577.47708,9078.579727,28231.45173,2890.99044,2587.34447
,,,,,6021,11929.22603,10399.73023,8848.484224,28410.6223,2870.57844,2600.2316
,,,,,6022,11032.73206,10283.82527,8359.944696,29856.41079,2855.12364,2543.97451
,,,,,6023,10117.28687,9560.527169,7657.197237,28367.18627,2789.40672,2438.57725
,,,,,6024,9240.029588,9045.624264,7059.252594,26987.77647,2791.89504,2239.88346
,,,,,6025,9040.758152,8705.326349,6676.502007,26256.63296,2783.02068,1978.19903
,,,,,6026,8947.552674,8581.860971,6553.141536,25872.23197,2745.57924,1913.82236
,,,,,6027,8947.552674,8597.167322,6553.141536,25395.95038,2690.65152,1842.08302
,,,,,6028,8947.552674,8486.701651,6553.141536,25395.95038,2661.41376,1820.08348
,,,,,6029,9277.302503,8614.336177,6553.141536,25395.95038,2638.16352,1761.09365
,,,,,6030,10724.05517,9199.348363,7435.410052,26044.18052,2671.542,1815.18814
,,,,,6031,11642.3193,10027.81957,7979.977964,26958.24282,2736.07308,1989.66081
,,,,,6032,11471.83627,9884.023038,8107.454331,26694.94098,2728.28736,2046.4094
,,,,,6033,11874.45621,9809.240767,8633.940782,27742.42962,2855.74572,2203.84668
,,,,,6034,12118.40599,9929.161506,9025.595816,28856.76179,2940.81516,2384.37463
,,,,,6035,12754.04217,10451.72137,9779.468746,29298.22905,2984.95368,2537.50637
,,,,,6036,12582.82748,10579.75889,8951.092702,28643.07105,3015.13428,2724.71872
,,,,,6037,11622.13946,10044.90754,8797.366977,28219.6638,2988.61812,2548.27022
,,,,,6038,11756.76675,9791.876462,8990.244188,28776.09174,3002.14836,2552.14324
,,,,,6039,11735.32736,10067.6284,8902.029636,28841.81016,3021.9966,2594.70714
,,,,,6040,11985.13309,10049.00817,9114.888976,28990.57192,3021.9966,2625.03269
,,,,,6041,13395.4903,10283.53595,9301.04913,28886.51021,2994.70284,2645.32181
,,,,,6042,12971.48584,11111.07019,9132.597608,28201.86795,2959.68168,2636.57311
,,,,,6043,12135.77813,10835.61458,8749.217062,27882.8498,2900.3994,2636.61243
,,,,,6044,12480.99671,10670.24818,9072.45091,28295.99802,2885.42088,2597.21379
,,,,,6045,11993.25322,10490.94327,8842.485357,28473.34348,2865.66012,2611.46729
,,,,,6046,11091.95723,10374.02234,8354.221737,29908.75396,2850.70104,2549.20407
,,,,,6047,10171.60852,9644.384089,7651.871164,28430.34991,2787.08364,2432.54163
,,,,,6048,9289.652266,9124.967749,7054.264218,27064.99144,2789.4942,2212.58555
,,,,,6049,9091.00277,8766.812489,6790.391273,26456.29794,2786.5296,1964.25026
,,,,,6050,8993.125446,8642.475675,6667.320062,26076.29805,2747.59128,1898.68416
,,,,,6051,8993.125446,8657.890061,6667.320062,25606.72338,2690.4474,1825.60794
,,,,,6052,8993.125446,8580.519929,6667.320062,25606.72338,2660.03352,1803.20537
,,,,,6053,9328.858239,8675.180095,6667.320062,25606.72338,2640.37968,1750.3298
,,,,,6054,10783.62996,9264.321376,7548.192827,26246.27791,2670.57,1798.22156
,,,,,6055,11706.98385,10098.64004,8091.966757,27149.8749,2737.69632,1975.9283
,,,,,6056,11535.55586,9953.828577,8219.257263,26889.58766,2729.59956,2033.7287
,,,,,6057,11940.40744,9878.518484,8744.976094,27925.08336,2862.19008,2194.08549
,,,,,6058,12185.70939,9999.285639,9136.060094,29026.65728,2950.68096,2377.96547
,,,,,6059,12824.86877,10525.5338,9889.461378,29463.07008,2996.58852,2533.94791
,,,,,6060,12652.70507,10654.47503,9061.665605,28815.41314,3027.98412,2734.44059
,,,,,6061,11686.69215,10115.84862,8908.164013,28396.85357,3000.39876,2544.89853
,,,,,6062,11822.06565,9861.031619,9100.760009,28946.91084,3014.48304,2548.85019
,,,,,6063,11800.50743,10138.72985,9012.674074,29011.87683,3037.8888,2592.20049
,,,,,6064,12051.69778,10119.9782,9225.223064,29158.93539,3037.8888,2623.09618
,,,,,6065,13475.60155,10356.16131,9411.111796,29056.06511,3006.7362,2643.75884
,,,,,6066,13043.51768,11162.10278,9242.905876,28379.26148,2970.29592,2634.85286
,,,,,6067,12203.17781,10912.13658,8860.084301,28063.89584,2908.64196,2634.89218
,,,,,6068,12550.30987,10745.60301,9182.846873,28472.31383,2893.0608,2594.75629
,,,,,6069,12059.86291,10565.03253,8953.21661,28647.62882,2872.503,2609.2752
,,,,,6070,11153.57123,10447.28636,8465.664881,30071.49362,2856.93156,2545.85204
,,,,,6071,10228.12121,9712.498225,7764.338338,28605.12749,2790.7578,2427.027
,,,,,6072,9341.276454,9189.415774,7167.602705,27255.40133,2793.26556,2202.99147
,,,,,6073,9144.78472,8824.296237,6858.667514,26703.90861,2791.36044,1962.21545
,,,,,6074,9051.25646,8699.144713,6728.32048,26288.17688,2749.74912,1895.29281
,,,,,6075,9051.25646,8714.660101,6728.32048,25764.14973,2688.6978,1820.72243
,,,,,6076,9051.25646,8626.171464,6728.32048,25764.14973,2656.20384,1797.85785
,,,,,6077,9384.043611,8732.063427,6728.32048,25764.14973,2644.98696,1755.8346
,,,,,6078,10847.39895,9325.065023,7644.300884,26474.14015,2667.4596,1792.77574
,,,,,6079,11776.20092,10164.85051,8208.046026,27462.70343,2739.18348,1974.12941
,,,,,6080,11603.76145,10019.09018,8340.011536,27177.94108,2730.53268,2033.11924
,,,,,6081,12011.00179,9943.286622,8885.038469,28310.80565,2872.19196,2196.76908
,,,,,6082,12257.75109,10064.8451,9290.485831,29515.96186,2966.7384,2384.42378
,,,,,6083,12900.68171,10594.54147,10055.75052,29993.41107,3015.78552,2543.60097
,,,,,6084,12727.5022,10724.32758,9213.359052,29284.85419,3049.32924,2764.46141
,,,,,6085,11755.78949,10182.17185,9054.219799,28826.93697,3019.8582,2554.78751
,,,,,6086,11891.96174,9925.685175,9253.889278,29428.71677,3034.90476,2558.80798
,,,,,6087,11870.27632,10205.20301,9162.568206,29499.79159,3069.51768,2603.06264
,,,,,6088,12122.94877,10186.32849,9382.923494,29660.67823,3062.1402,2634.58745
,,,,,6089,13542.28388,10424.05917,9575.639371,29548.13494,3026.63304,2655.6728
,,,,,6090,13120.62072,11242.73207,9401.255744,28807.69067,2987.69472,2646.58005
,,,,,6091,12275.32259,10983.67744,9004.374261,28462.67084,2921.82228,2646.6292
,,,,,6092,12624.50283,10816.05267,9338.99095,28909.49284,2905.17192,2605.66759
,,,,,6093,12131.16208,10634.29902,9100.927046,29101.29291,2883.20472,2620.4814
,,,,,6094,11219.52299,10515.78131,8595.468979,30618.8953,2866.5738,2555.76068
,,,,,6095,10288.61252,9776.178525,7868.384781,29054.79513,2795.87052,2434.48797
,,,,,6096,9396.535098,9249.668606,7249.732809,27578.15263,2798.55324,2205.86183
,,,,,6097,9189.194788,8948.929602,6935.403302,27018.45104,2798.66988,1975.10258
,,,,,6098,9085.497405,8822.011666,6784.161743,26580.20938,2755.62972,1909.07447
,,,,,6099,9047.517075,8837.74604,6784.161743,26021.87889,2692.45944,1835.50675
,,,,,6100,9047.517075,8745.424581,6784.161743,26021.87889,2658.84768,1812.9469
,,,,,6101,9429.612546,8855.395001,6784.161743,26021.87889,2654.1918,1779.75099
,,,,,6102,10900.05575,9456.766336,7742.383493,26776.2417,2670.49224,1807.9336
,,,,,6103,11833.35642,10308.40472,8321.446426,27818.33105,2744.69472,1986.85926
,,,,,6104,11660.08174,10160.5871,8456.997634,27518.15015,2735.7426,2045.05286
,,,,,6105,12069.29457,10083.71364,9016.833756,28712.35404,2882.30076,2206.51061
,,,,,6106,12317.23902,10206.98781,9433.297723,29982.76382,2980.12284,2391.64883
,,,,,6107,12963.28372,10744.16042,10249.86908,30486.06466,3030.87096,2548.70274
,,,,,6108,12789.2654,10875.77836,9354.075295,29739.14274,3065.58108,2777.84004
,,,,,6109,11812.84614,10325.97054,9190.611993,29256.43145,3035.07972,2559.732
,,,,,6110,11949.67794,10065.86376,9395.706787,29890.79482,3050.65116,2563.70332
,,,,,6111,11927.88749,10349.32676,9301.904387,29965.718,3094.85772,2607.35835
,,,,,6112,12181.78378,10330.18584,9528.247054,30135.3159,3078.81972,2638.46047
,,,,,6113,13676.85073,10571.2719,9726.199306,30016.67892,3042.08784,2659.27058
,,,,,6114,13184.28802,11401.68088,9547.077418,29236.14305,3001.80816,2650.29579
,,,,,6115,12334.89562,11138.78873,9139.412078,28872.44201,2933.65152,2650.34494
,,,,,6116,12685.76715,10968.79807,9483.120798,29343.45734,2916.42768,2609.93381
,,,,,6117,12190.03687,10784.47911,9238.588344,29545.64248,2893.70232,2624.55102
,,,,,6118,11273.98219,10664.28863,8719.396234,31122.29659,2876.49792,2560.69534
,,,,,6119,10338.56279,9914.246942,7972.556082,29496.62706,2803.3452,2441.04458
,,,,,6120,9442.164535,9380.30576,7337.09442,27940.03129,2806.1154,2215.4854
,,,,,6121,9219.212781,8923.017455,7017.714192,27167.5309,2806.893,1980.92194
,,,,,6122,9115.177539,8802.443037,6868.997792,26739.70451,2764.49436,1914.70706
,,,,,6123,9090.935798,8812.155614,6868.997792,26197.24605,2702.28636,1840.91325
,,,,,6124,9090.935798,8802.443037,6868.997792,26197.24605,2670.084,1818.28459
,,,,,6125,9460.413849,8829.753505,6868.997792,26197.24605,2670.084,1794.06347
,,,,,6126,10935.64793,9429.384713,7834.229952,26931.07791,2680.64964,1813.25163
,,,,,6127,11871.98941,10278.5588,8420.1353,27948.40094,2753.7246,1992.71794
,,,,,6128,11698.15017,10131.1689,8557.28823,27655.35414,2744.91828,2051.08848
,,,,,6129,12108.69627,10054.51788,9123.739577,28821.17656,2889.26028,2213.03773
,,,,,6130,12357.44856,10177.43535,9545.124631,30061.39374,2985.5952,2398.73626
,,,,,6131,13005.59815,10713.05359,10351.93038,30552.73313,3035.56572,2556.25218
,,,,,6132,12831.01285,10844.29068,9464.966083,29823.56258,3069.75096,2798.43389
,,,,,6133,11851.4123,10296.07379,9299.57124,29352.32341,3039.71616,2567.32076
,,,,,6134,11988.68992,10036.71965,9507.089507,29971.61048,3055.0446,2571.30191
,,,,,6135,11966.82847,10319.36242,9412.178704,30044.75304,3106.23012,2615.08473
,,,,,6136,12221.55199,10300.27689,9641.195918,30210.32027,3082.7952,2646.28515
,,,,,6137,13701.10127,10540.66535,9841.487245,30094.50282,3046.61736,2667.15424
,,,,,6138,13227.32251,11299.90955,9660.248788,29332.51719,3006.95004,2658.15979
,,,,,6139,12375.16269,11106.54001,9247.766328,28977.45987,2939.82372,2658.19911
,,,,,6140,12727.17739,10937.04123,9595.536434,29437.28104,2922.8526,2617.67002
,,,,,6141,12229.83197,10753.25562,9348.114497,29634.66104,2900.47716,2632.33638
,,,,,6142,11310.79267,10633.41292,8822.787426,31183.99213,2883.5352,2568.2841
,,,,,6143,10372.32557,9885.541554,8067.122342,29586.81053,2811.49056,2448.27946
,,,,,6144,9473.006734,9353.145383,7424.151837,28067.20885,2814.22188,2222.03218
,,,,,6145,9208.203966,8818.558538,7064.955122,26885.64128,2806.02792,1984.03805
,,,,,6146,9120.203257,8693.488334,6928.640462,26479.84588,2765.5344,1919.08141
,,,,,6147,9120.203257,8708.99364,6928.640462,25970.96089,2706.11604,1846.69329
,,,,,6148,9120.203257,8662.550473,6928.640462,25970.96089,2677.05324,1824.50698
,,,,,6149,9448.503884,8726.385658,6928.640462,25970.96089,2677.05324,1811.74764
,,,,,6150,10918.22635,9319.00194,7873.416137,26661.36448,2685.4416,1819.56249
,,,,,6151,11851.06958,10158.24176,8453.54166,27626.3003,2755.25064,1995.61779
,,,,,6152,11677.87982,10012.57614,8589.341607,27348.34399,2746.83312,2052.86771
,,,,,6153,12086.89208,9936.821837,9150.205038,28454.1322,2884.7016,2211.73034
,,,,,6154,12334.715,10058.30133,9567.433223,29630.48421,2976.72084,2393.89007
,,,,,6155,12980.44305,10587.65352,10342.42826,30096.522,3024.45576,2548.40784
,,,,,6156,12806.51002,10717.3553,9488.065421,29404.90019,3057.10524,2800.9602
,,,,,6157,11830.56935,10175.55185,9324.302161,28957.92756,3028.42152,2559.26999
,,,,,6158,11967.33408,9919.231827,9529.773307,29545.32435,3043.05984,2563.1725
,,,,,6159,11945.5543,10198.56804,9435.798778,29614.70042,3095.92692,2606.1296
,,,,,6160,12199.32615,10179.70578,9662.556788,29771.74174,3069.56628,2636.73039
,,,,,6161,13610.5784,10417.282,9860.872287,29661.88832,3035.01168,2657.20628
,,,,,6162,13201.33902,11202.64523,9681.421706,28939.14126,2997.12312,2648.36911
,,,,,6163,12352.36295,10976.53664,9273.008293,28602.36768,2933.00028,2648.41826
,,,,,6164,12703.0625,10809.02078,9617.347725,29038.51028,2916.79704,2608.65591
,,,,,6165,12207.5752,10627.38523,9372.36655,29225.72617,2895.42276,2623.0372
,,,,,6166,11291.96952,10508.94454,8852.221713,30717.26198,2879.23896,2560.21367
,,,,,6167,10357.00862,9769.822321,8104.011096,29180.33973,2810.42136,2442.48959
,,,,,6168,9461.049722,9243.654513,7467.383351,27738.99017,2813.02632,2220.55768
,,,,,6169,9127.689898,8816.911221,6996.257129,26391.71078,2803.04388,1993.00301
,,,,,6170,9042.529702,8691.864365,6867.235156,25983.63,2766.47724,1932.05701
,,,,,6171,9042.529702,8707.366776,6867.235156,25471.26229,2712.82284,1864.13171
,,,,,6172,9042.529702,8534.427345,6867.235156,25471.26229,2684.26548,1843.31177
,,,,,6173,9364.073687,8724.755548,6867.235156,25471.26229,2681.68968,1827.71156
,,,,,6174,10809.84433,9317.261204,7776.821819,26166.17088,2694.16044,1838.67201
,,,,,6175,11727.48516,10156.34437,8336.92984,27136.54106,2757.18492,2003.86516
,,,,,6176,11557.11784,10010.70593,8468.043947,26857.01936,2749.58388,2057.58611
,,,,,6177,11959.46449,9934.965771,9009.554524,27969.03518,2874.07764,2206.64823
,,,,,6178,12203.24869,10056.42258,9412.386056,29152.01222,2957.17392,2377.56244
,,,,,6179,12838.45341,10585.67596,10175.4902,29620.67465,3000.2724,2522.54511
,,,,,6180,12667.35493,10715.35353,9335.756876,28925.15775,3029.75316,2754.57243
,,,,,6181,11707.31901,10173.65122,9177.644344,28475.66784,3003.85908,2532.72899
,,,,,6182,11841.85491,9917.379045,9376.025613,29066.37275,3017.07828,2536.39558
,,,,,6183,11820.43008,10196.66311,9285.293718,29136.13954,3056.28876,2576.69858
,,,,,6184,12070.06625,10177.80437,9504.227337,29294.06529,3041.00892,2605.41201
,,,,,6185,13463.52304,10415.33624,9695.699867,29183.5932,3009.80772,2624.61983
,,,,,6186,13055.74948,11299.58807,9522.441313,28456.77574,2975.59332,2616.34297
,,,,,6187,12220.60903,10974.48649,9128.120395,28118.1055,2917.69128,2616.38229
,,,,,6188,12565.59328,10807.0019,9460.578234,28556.70439,2903.06268,2579.06761
,,,,,6189,12078.18086,10625.40026,9224.050249,28744.97465,2883.75876,2592.57403
,,,,,6190,11177.49666,10506.98167,8721.853252,30242.50583,2869.1496,2533.61369
,,,,,6191,10257.77266,9767.99743,7999.459992,28699.3326,2807.00964,2423.16381
,,,,,6192,9376.415067,9241.927842,7384.799384,27249.86559,2809.36188,2214.92509
,,,,,6193,9071.229997,8945.440043,6882.130966,26384.65092,2793.83904,1961.73378
,,,,,6194,8968.860332,8818.571563,6732.566772,25978.08474,2759.46912,1898.23198
,,,,,6195,8956.079122,8834.299806,6732.566772,25468.02515,2709.04176,1827.46581
,,,,,6196,8956.079122,8579.138637,6732.566772,25468.02515,2682.20484,1805.771
,,,,,6197,9308.569502,8851.94189,6732.566772,25468.02515,2668.88844,1762.33223
,,,,,6198,10760.18549,9453.078884,7682.939654,26159.94812,2691.49716,1800.94447
,,,,,6199,11681.5364,10304.38541,8257.574114,27126.71677,2750.74056,1973.04811
,,,,,6200,11510.48028,10156.62538,8392.088674,26848.23251,2743.59636,2029.02013
,,,,,6201,11914.45364,10079.78188,8947.643364,27956.12109,2860.60572,2184.3243
,,,,,6202,12159.22347,10203.00801,9360.922359,29134.7075,2938.6962,2362.39475
,,,,,6203,12796.99637,10739.9713,10174.6867,29601.63049,2979.20916,2513.46219
,,,,,6204,12625.20613,10871.53795,9282.305797,28908.695,3006.91116,2718.20143
,,,,,6205,11661.28872,10321.94438,9120.092606,28460.87338,2982.57228,2524.06876
,,,,,6206,11796.36856,10061.93895,9323.618905,29049.38588,2994.99444,2527.89263
,,,,,6207,11774.8571,10345.2915,9230.533874,29118.89373,3018.6918,2569.87656
,,,,,6208,12025.50257,10326.15803,9455.145551,29276.23334,3017.49624,2599.79908
,,,,,6209,13474.29787,10567.15015,9651.583933,29166.17126,2988.16128,2619.81296
,,,,,6210,13015.17098,11524.76329,9473.831907,28442.05139,2956.00752,2611.18222
,,,,,6211,12176.65401,11134.44583,9069.28425,28104.63813,2901.59496,2611.22154
,,,,,6212,12523.03305,10964.52141,9410.364405,28541.60916,2887.84116,2572.35372
,,,,,6213,12033.64999,10780.27428,9167.70205,28729.18065,2869.70364,2586.41062
,,,,,6214,11129.32426,10660.13063,8652.480541,30222.7385,2855.96928,2524.99278
,,,,,6215,10205.88176,9910.38122,7911.351963,28683.708,2797.5618,2409.91297
,,,,,6216,9320.960779,9376.648102,7280.75009,27239.6207,2799.77796,2192.94521
,,,,,6217,9116.509964,9032.023144,6971.725784,26598.85203,2777.976,1941.33653
,,,,,6218,9013.630663,8903.927534,6813.738355,26185.76326,2741.94396,1876.4487
,,,,,6219,9000.440108,8919.807908,6813.738355,25665.76377,2689.0866,1804.14905
,,,,,6220,9000.440108,8841.590772,6813.738355,25665.76377,2660.9472,1781.9824
,,,,,6221,9355.031034,8937.620633,6813.738355,25665.76377,2648.39868,1712.65141
,,,,,6222,10813.87372,9544.572106,7782.91387,26370.54429,2670.69636,1777.04774
,,,,,6223,11739.81146,10404.11286,8364.996251,27352.82291,2732.79744,1952.88678
,,,,,6224,11567.90376,10254.92364,8501.254274,27069.8709,2725.30332,2010.07772
,,,,,6225,11973.88826,10177.33686,9064.009589,28195.53344,2847.96,2168.75358
,,,,,6226,12219.87665,10301.7549,9482.645153,29393.02804,2929.83156,2350.69705
,,,,,6227,12860.82461,10843.91194,10316.57085,29867.44193,2972.29824,2505.02805
,,,,,6228,12688.17914,10976.75117,9403.00963,29163.3896,3001.3416,2680.26746
,,,,,6229,11719.46298,10421.84167,9238.69397,28708.38353,2975.8266,2515.87054
,,,,,6230,11855.2153,10159.32136,9444.858204,29306.3376,2988.8514,2519.77305
,,,,,6231,11833.59675,10445.41462,9350.566683,29376.96057,3015.387,2562.681
,,,,,6232,12085.49003,10426.09609,9578.089585,29536.82439,3012.43212,2593.24247
,,,,,6233,13539.50043,10669.4192,9777.074034,29424.99658,2981.68776,2613.68887
,,,,,6234,13080.08538,11494.61373,9597.018138,28689.25958,2947.9788,2604.87136
,,,,,6235,12237.39395,11242.20203,9187.22708,28346.43316,2890.93212,2604.92051
,,,,,6236,12585.49741,11070.63401,9532.728024,28790.41456,2876.51736,2565.20731
,,,,,6237,12093.67801,10884.60476,9286.920488,28980.99528,2857.50504,2579.56894
,,,,,6238,11184.85021,10763.29902,8765.021118,30491.66424,2843.1,2516.81422
,,,,,6239,10256.81045,10006.29768,8014.286664,28934.79311,2781.88344,2399.23759
,,,,,6240,9367.484,9467.40205,7375.511469,27467.53817,2784.20652,2177.56126
,,,,,6241,9170.517649,9046.0448,7063.398954,26840.86375,2763.36684,1933.83624
,,,,,6242,9067.030481,8938.189092,6924.424635,26449.04014,2725.95456,1866.67768
,,,,,6243,9053.438496,8938.189092,6924.424635,25961.44708,2671.056,1791.82223
,,,,,6244,9053.438496,8938.189092,6924.424635,25961.44708,2641.83768,1768.86918
,,,,,6245,9410.448033,8953.065758,6924.424635,25961.44708,2637.26928,1708.62111
,,,,,6246,10877.91036,9550.865184,7882.033818,26624.30894,2651.9562,1763.76741
,,,,,6247,11809.31905,10397.44518,8469.459767,27556.02138,2716.4484,1945.80918
,,,,,6248,11636.39562,10250.50553,8606.968651,27287.6353,2708.6724,2005.01527
,,,,,6249,12044.7789,10174.08866,9174.890109,28355.35048,2836.06272,2169.27457
,,,,,6250,12292.22072,10296.63064,9597.368785,29491.19991,2921.07384,2357.63703
,,,,,6251,12936.95576,10830.61265,10376.70046,29941.19171,2965.1832,2517.41385
,,,,,6252,12763.29021,10961.44883,9517.002201,29273.3829,2995.34436,2714.50535
,,,,,6253,11788.85034,10414.90666,9351.178108,28841.79984,2968.84764,2528.63971
,,,,,6254,11925.40476,10156.34481,9559.234948,29408.97216,2982.36816,2532.67984
,,,,,6255,11903.65848,10438.12415,9464.077823,29475.95957,3020.16924,2577.09178
,,,,,6256,12157.04007,10419.09692,9693.689405,29627.59385,3006.86256,2608.73455
,,,,,6257,13617.15321,10658.75103,9894.500549,29521.52276,2974.93236,2629.90837
,,,,,6258,13157.51205,11394.61019,9712.791724,28823.66036,2939.92092,2620.7763
,,,,,6259,12309.84153,11222.89703,9299.238747,28498.48212,2880.68724,2620.81562
,,,,,6260,12660.00177,11053.91604,9647.911421,28919.60804,2865.70872,2579.70656
,,,,,6261,12165.27643,10870.69187,9399.84735,29100.37796,2845.9674,2594.57935
,,,,,6262,11251.07878,10751.21527,8873.156897,30555.26065,2831.00832,2529.61288
,,,,,6263,10317.55566,10005.62854,8115.530635,29056.5542,2767.4298,2407.88799
,,,,,6264,9422.974577,9474.858753,7470.891427,27664.83127,2769.84036,2178.40664
,,,,,6265,9218.913921,9000.552549,7038.932838,26938.40194,2750.47812,1941.20874
,,,,,6266,9114.882043,8896.05694,6903.447616,26560.69531,2713.59072,1872.62483
,,,,,6267,9082.588187,8896.05694,6903.447616,26094.61539,2659.46004,1796.19658
,,,,,6268,9082.588187,8896.05694,6903.447616,26094.61539,2630.64996,1772.76186
,,,,,6269,9460.10719,8909.956615,6903.447616,26094.61539,2630.6208,1731.69212
,,,,,6270,10935.29357,9492.434083,7844.221043,26729.64936,2640.6324,1767.55196
,,,,,6271,11871.60478,10317.31572,8422.06986,27627.79323,2704.22064,1953.42743
,,,,,6272,11697.77116,10174.14222,8557.33686,27369.0768,2696.55156,2013.8721
,,,,,6273,12108.30399,10099.68397,9115.99918,28398.32338,2822.14368,2181.60139
,,,,,6274,12357.04823,10219.08512,9531.589951,29493.2494,2905.95924,2373.92534
,,,,,6275,13005.17687,10739.38085,10305.23257,29927.02849,2949.44652,2537.06402
,,,,,6276,12830.59721,10866.86362,9452.533628,29283.2801,2979.18972,2766.13251
,,,,,6277,11851.02834,10334.32965,9289.413058,28867.2465,2953.06236,2548.5258
,,,,,6278,11988.30152,10082.3949,9494.077831,29413.98423,2966.3982,2552.6544
,,,,,6279,11966.44077,10356.95207,9400.472106,29478.55815,3009.05928,2598.00019
,,,,,6280,12221.15605,10338.41252,9626.340203,29624.72922,2990.54268,2630.3114
,,,,,6281,13711.58029,10571.92415,9823.877411,29522.47976,2959.0596,2651.92757
,,,,,6282,13226.89406,11290.86348,9645.131086,28849.76057,2924.54388,2642.60873
,,,,,6283,12374.76179,11121.61075,9238.320493,28536.29814,2866.1364,2642.64805
,,,,,6284,12726.76511,10956.96084,9581.308562,28942.25136,2851.38144,2600.67395
,,,,,6285,12229.43577,10778.43281,9337.288818,29116.50834,2831.90256,2615.8613
,,,,,6286,11310.42619,10662.01847,8819.185292,30534.35708,2817.16704,2549.52846
,,,,,6287,10371.98942,9935.541575,8073.911031,29074.2635,2754.47304,2425.23794
,,,,,6288,9472.699669,9418.375742,7439.781734,27732.68282,2756.85444,2190.92023
,,,,,6289,9232.805906,8926.890866,7027.903955,26887.34753,2733.10848,1969.0473
,,,,,6290,9128.617671,8820.287484,6895.169664,26523.87864,2696.49324,1902.57684
,,,,,6291,9084.607695,8820.287484,6895.169664,26079.49592,2642.7708,1828.49796
,,,,,6292,9084.607695,8820.287484,6895.169664,26079.49592,2614.60224,1805.79066
,,,,,6293,9474.361682,8834.800021,6895.169664,26079.49592,2614.60224,1784.01721
,,,,,6294,10951.76523,9426.888872,7822.669173,26686.46393,2624.07924,1800.73804
,,,,,6295,11889.48369,10265.38177,8392.967035,27550.75205,2687.20092,1980.89245
,,,,,6296,11715.3888,10119.84579,8526.466453,27301.788,2679.58044,2039.47925
,,,,,6297,12126.53865,10044.15891,9077.828534,28292.23688,2804.24916,2202.04779
,,,,,6298,12375.65675,10165.53028,9487.988633,29345.8894,2887.45236,2388.45408
,,,,,6299,13024.7595,10694.41135,10257.1458,29763.31709,2930.61888,2546.56963
,,,,,6300,12849.91746,10823.99769,9409.965367,29143.83495,2960.13852,2793.14535
,,,,,6301,11868.87632,10282.67645,9248.976351,28743.48383,2934.20556,2557.67753
,,,,,6302,12006.35581,10026.58455,9450.966697,29269.61215,2947.4442,2561.67834
,,,,,6303,11984.46221,10305.67215,9358.584151,29331.75195,2990.83428,2605.62827
,,,,,6304,12239.56033,10286.82668,9581.500749,29472.41306,2971.41372,2636.94665
,,,,,6305,13747.28269,10524.19146,9776.456669,29374.01791,2940.16392,2657.90421
,,,,,6306,13246.80993,11253.74451,9600.046085,28726.65704,2905.90092,2648.86061
,,,,,6307,12393.39693,11082.94837,9198.551431,28425.01065,2847.92112,2648.90976
,,,,,6308,12745.9293,10915.5816,9537.057553,28815.66137,2833.27308,2608.22339
,,,,,6309,12247.85248,10734.1077,9296.226501,28983.34969,2813.94972,2622.9389
,,,,,6310,11327.46166,10615.77242,8784.893218,30363.84766,2799.3114,2558.6507
,,,,,6311,10387.61445,9877.308024,8049.357721,28942.69728,2737.08396,2438.18405
,,,,,6312,9486.973087,9351.608505,7423.514817,27651.6878,2739.44592,2211.07173
,,,,,6313,9230.703908,8868.45574,7039.430107,26562.68974,2717.57592,2005.40847
,,,,,6314,9126.539332,8742.67835,6912.41034,26202.23929,2684.58624,1943.73505
,,,,,6315,9064.308171,8758.271327,6912.41034,25762.45641,2636.18064,1875.01352
,,,,,6316,9064.308171,8731.730976,6912.41034,25762.45641,2612.36664,1853.938
,,,,,6317,9472.204833,8775.761686,6912.41034,25762.45641,2612.36664,1843.64599
,,,,,6318,10949.2729,9371.728808,7812.335859,26363.47438,2619.33588,1849.24909
,,,,,6319,11886.77843,10215.71396,8366.948074,27220.58501,2676.2076,2016.39841
,,,,,6320,11712.72308,10069.2247,8496.775684,26973.68848,2669.34528,2070.75831
,,,,,6321,12123.77956,9993.042056,9032.972933,27955.91217,2781.6696,2221.58983
,,,,,6322,12372.84109,10115.20843,9431.851863,29000.81463,2856.63024,2394.52902
,,,,,6323,13021.79645,10647.55374,10191.69136,29414.77578,2895.51996,2541.24177
,,,,,6324,12846.99411,10777.9889,9355.974573,28800.43813,2922.1236,2783.48246
,,,,,6325,11866.17574,10233.12192,9199.413449,28403.41174,2898.75672,2551.54361
,,,,,6326,12003.62402,9975.352586,9395.848191,28925.17082,2910.68316,2555.24952
,,,,,6327,11981.73539,10256.26825,9306.006562,28986.79457,2953.422,2596.03419
,,,,,6328,12236.77557,10237.29934,9522.791994,29126.28757,2932.27128,2625.08184
,,,,,6329,13768.96019,10476.21889,9712.385787,29028.70954,2904.12216,2644.52558
,,,,,6330,13243.79645,11249.50249,9540.827253,28386.72468,2873.25144,2636.14059
,,,,,6331,12390.57724,11038.63574,9150.375431,28087.58332,2821.01616,2636.17991
,,,,,6332,12743.02957,10870.17269,9479.571178,28474.98987,2807.8164,2598.43271
,,,,,6333,12245.06585,10687.51012,9245.364016,28641.28563,2790.39816,2612.08658
,,,,,6334,11324.88402,10568.39972,8748.0946,30013.86516,2777.21784,2552.43814
,,,,,6335,10385.25023,9825.098272,8032.789496,28600.97081,2721.15288,2440.67104
,,,,,6336,9484.813374,9295.955343,7424.159966,27320.68254,2723.28156,2229.96499
,,,,,6337,9109.596899,8868.184393,6862.652997,25883.63674,2700.28404,2031.33018
,,,,,6338,9016.292802,8742.410849,6741.358484,25527.54394,2672.23212,1975.05343
,,,,,6339,9016.292802,8758.00335,6741.358484,25094.40178,2631.08736,1912.33803
,,,,,6340,9016.292802,8727.515375,6741.358484,25094.40178,2609.17848,1893.11055
,,,,,6341,9347.937576,8775.493173,6741.358484,25094.40178,2605.48488,1880.60679
,,,,,6342,10805.67693,9371.442073,7613.658242,25686.82979,2616.7698,1888.8345
,,,,,6343,11730.91439,10215.40142,8152.55536,26533.57841,2665.11708,2041.35678
,,,,,6344,11559.1367,10068.91664,8278.704267,26289.66673,2659.28508,2090.95896
,,,,,6345,11964.81415,9992.736324,8799.708213,27260.01587,2754.76464,2228.57896
,,,,,6346,12210.61649,10114.89896,9187.284794,28292.28602,2818.49868,2386.38978
,,,,,6347,12851.07971,10647.228,9937.78913,28701.2426,2851.5564,2520.25472
,,,,,6348,12678.56481,10777.65917,9113.557509,28094.33197,2874.16512,2737.0652
,,,,,6349,11710.5813,10232.80885,8961.432589,27702.10541,2854.29744,2529.66203
,,,,,6350,11846.23095,9975.047395,9152.301296,28217.5567,2864.4354,2533.04355
,,,,,6351,11824.62875,10255.95447,9065.005355,28278.43546,2892.43872,2570.25993
,,,,,6352,12076.33151,10236.98614,9275.64811,28416.24206,2882.79648,2596.77144
,,,,,6353,13492.39528,10475.89839,9459.869707,28319.8437,2858.86584,2614.50476
,,,,,6354,13070.17465,11252.25263,9293.172335,27685.62009,2832.62184,2606.85702
,,,,,6355,12228.12055,11038.29804,8913.784077,27390.09519,2788.22088,2606.89634
,,,,,6356,12575.96074,10869.84014,9233.651968,27772.8182,2776.99428,2572.45202
,,,,,6357,12084.5133,10687.18315,9006.081134,27937.10353,2762.19072,2584.91646
,,,,,6358,11176.37285,10568.0764,8522.90199,29298.25136,2750.98356,2530.47792
,,,,,6359,10249.03498,9824.797675,7827.865261,27897.2761,2703.3264,2428.49167
,,,,,6360,9360.381123,9295.670925,7236.481425,26632.46582,2705.13432,2236.2267
,,,,,6361,9006.784028,9004.758214,6631.487104,25262.5501,2662.67736,2052.02233
,,,,,6362,8927.121171,8877.049026,6506.599316,24901.68864,2628.90036,2001.22089
,,,,,6363,8927.121171,8892.881494,6506.599316,24461.27943,2579.3478,1944.60992
,,,,,6364,8927.121171,8861.780634,6506.599316,24461.27943,2552.96772,1927.25997
,,,,,6365,9235.588805,8910.640485,6506.599316,24461.27943,2520.51264,1900.09968
,,,,,6366,10635.00468,9515.760985,7396.237514,25063.10759,2562.10452,1923.39678
,,,,,6367,11523.22382,10372.70879,7944.997719,25921.19554,2620.32732,2061.06593
,,,,,6368,11358.31888,10223.96962,8073.455448,25674.01749,2613.29976,2105.85141
,,,,,6369,11747.76536,10146.6169,8603.994994,26657.36116,2728.28736,2230.08295
,,,,,6370,11983.73327,10270.65961,8998.665139,27703.45507,2805.03648,2372.53931
,,,,,6371,12598.57185,10811.18114,9755.028396,28117.88824,2844.83988,2493.3795
,,,,,6372,12432.95919,10943.61963,8923.588471,27502.8501,2871.54072,2667.49829
,,,,,6373,11503.70425,10390.38412,8768.679306,27105.37099,2848.1544,2501.87262
,,,,,6374,11633.92662,10128.65574,8963.04136,27627.72501,2860.36272,2504.91992
,,,,,6375,11613.18871,10413.88595,8874.147699,27689.41903,2871.54072,2538.51886
,,,,,6376,11854.82097,10394.6257,9088.645712,27829.07108,2871.54072,2562.44508
,,,,,6377,13213.83764,10637.21478,9276.238999,27731.38179,2853.6462,2578.45815
,,,,,6378,12808.9009,11423.62195,9106.490671,27088.66491,2822.04648,2571.54766
,,,,,6379,12000.537,11208.26971,8720.158715,26789.18245,2768.56704,2571.58698
,,,,,6380,12334.46026,11037.21926,9045.880941,27177.03074,2755.05624,2540.49469
,,,,,6381,11862.67541,10851.7512,8814.145025,27343.51611,2737.22976,2551.74021
,,,,,6382,10990.86923,10730.8114,8322.122564,28717.17386,2723.72868,2502.60987
,,,,,6383,10100.63372,9976.093688,7614.365027,27303.15533,2666.3418,2410.54209
,,,,,6384,9247.534491,9438.823725,7012.157473,26021.4072,2668.50936,2236.98361
,,,,,6385,8911.445478,9148.182161,6642.373006,25050.57513,2634.93648,2030.2882
,,,,,6386,8810.87422,9018.440243,6489.046122,24645.10093,2595.63852,1976.84249
,,,,,6387,8778.566717,9034.524715,6474.485285,24136.70545,2537.96976,1917.28252
,,,,,6388,8778.566717,8991.719122,6474.485285,24136.70545,2507.274,1899.01838
,,,,,6389,9144.615457,9052.566373,6487.060278,24136.70545,2459.3544,1867.33629
,,,,,6390,10570.72978,9667.318492,7415.406167,24826.47585,2517.90768,1894.95859
,,,,,6391,11475.89461,10537.90622,7970.109806,25790.64787,2585.65608,2039.81347
,,,,,6392,11307.84357,10386.79958,8099.958816,25512.91158,2577.48156,2086.92866
,,,,,6393,11704.72002,10308.21565,8636.244454,26617.82449,2711.28708,2217.63817
,,,,,6394,11945.18979,10434.23273,9035.189136,27793.24534,2800.59444,2367.51618
,,,,,6395,12571.75844,10983.35767,9888.795277,28258.91424,2846.91996,2494.6574
,,,,,6396,12402.98617,11117.90417,8959.299338,27567.83989,2873.77632,2673.61255
,,,,,6397,11456.00264,10555.86288,8802.712406,27121.22107,2850.76908,2503.59287
,,,,,6398,11588.70943,10289.96861,8999.179529,27708.15289,2864.97972,2506.80728
,,,,,6399,11567.57588,10579.73879,8909.32309,27777.47405,2873.77632,2542.14613
,,,,,6400,11813.81807,10560.17197,9126.144258,27934.39106,2873.77632,2567.33059
,,,,,6401,13272.61291,10806.62231,9315.769303,27824.6246,2857.16484,2584.16938
,,,,,6402,12786.10021,11612.24377,9144.18249,27102.44964,2820.39408,2576.90501
,,,,,6403,11962.31411,11386.76665,8753.666304,26765.94263,2758.16664,2576.94433
,,,,,6404,12302.60805,11212.99361,9082.916317,27201.74,2742.43968,2544.23009
,,,,,6405,11821.82235,11024.57348,8848.670548,27388.8077,2721.6972,2556.06541
,,,,,6406,10933.38362,10901.7087,8351.319161,28879.50086,2705.98968,2504.36944
,,,,,6407,10026.16394,10134.97825,7635.896143,27343.45718,2639.20356,2407.50462
,,,,,6408,9156.789047,9589.156632,7027.166286,25903.24854,2641.73076,2224.90254
,,,,,6409,9128.500852,9287.328636,6825.304837,25406.11522,2624.81796,2004.85799
,,,,,6410,9025.486592,9175.721977,6677.2269,24991.96115,2578.72572,1947.73586
,,,,,6411,8921.486522,9175.721977,6677.2269,24461.53909,2511.10368,1884.07678
,,,,,6412,8836.277519,9175.721977,6677.2269,24461.53909,2475.11052,1864.56423
,,,,,6413,9367.334821,9191.689278,6677.2269,24461.53909,2429.757,1844.12766
,,,,,6414,10828.09125,9806.592937,7619.53032,25177.21871,2487.57156,1860.21937
,,,,,6415,11755.24367,10677.39527,8189.440886,26162.0305,2567.02284,2015.03204
,,,,,6416,11583.11045,10526.25139,8322.849643,25878.34879,2557.43892,2065.3813
,,,,,6417,11989.62753,10447.64808,8873.837286,27006.91428,2714.3586,2205.07543
,,,,,6418,12235.93861,10573.69623,9283.71884,28207.49707,2819.0916,2365.26511
,,,,,6419,12877.7274,11122.95653,10095.32402,28683.13441,2873.4264,2501.1452
,,,,,6420,12704.85544,11257.5362,9205.748561,27977.26642,2909.41956,2710.67165
,,,,,6421,11734.8685,10695.35636,9044.868875,27521.08694,2877.93648,2510.69013
,,,,,6422,11870.7989,10429.39654,9246.722047,28120.58306,2894.59656,2514.1208
,,,,,6423,11849.15199,10719.23815,9154.402239,28191.38816,2909.41956,2551.88766
,,,,,6424,12101.3757,10699.66651,9377.167452,28351.66426,2909.41956,2578.8022
,,,,,6425,13737.3121,10946.1776,9571.990974,28239.54805,2885.4306,2596.81076
,,,,,6426,13097.2758,11700.92474,9395.700193,27501.91368,2842.31268,2589.04506
,,,,,6427,12253.4789,11526.46495,8994.478199,27158.20315,2769.33492,2589.08438
,,,,,6428,12602.03901,11352.64908,9332.754438,27603.32953,2750.88636,2554.11907
,,,,,6429,12109.57443,11164.18249,9092.086937,27794.40173,2726.56692,2566.77028
,,,,,6430,11199.5544,11041.28743,8581.100907,29330.1366,2708.1378,2511.51585
,,,,,6431,10270.29722,10274.36797,7846.064921,27748.0804,2629.82376,2407.99612
,,,,,6432,9379.804123,9728.411811,7220.647035,26277.0416,2632.78836,2212.84113
,,,,,6433,9346.09371,9386.250834,7123.890004,25997.4553,2633.59512,1999.35319
,,,,,6434,9240.630398,9284.474068,6959.498893,25634.60466,2584.26612,1942.8995
,,,,,6435,9134.157841,9284.474068,6943.031389,25191.16408,2511.88128,1879.9875
,,,,,6436,9094.454361,9284.474068,6943.031389,25191.16408,2473.36092,1860.70104
,,,,,6437,9590.605695,9297.583207,6957.369749,25191.16408,2456.50644,1851.05781
,,,,,6438,11086.09001,9867.662825,7952.70604,25796.9134,2486.70648,1856.40533
,,,,,6439,12035.28446,10674.98712,8547.437669,26659.73141,2571.73704,2009.41911
,,,,,6440,11859.05897,10534.86102,8686.656719,26411.19083,2561.48244,2059.17857
,,,,,6441,12275.24055,10461.98759,9261.641285,27399.95502,2729.4246,2197.25075
,,,,,6442,12527.4074,10578.84732,9689.374229,28451.81535,2841.51564,2355.5629
,,,,,6443,13184.45401,11088.06873,10559.76815,28868.53301,2899.66068,2489.86036
,,,,,6444,13007.47222,11212.83807,9608.008145,28250.10457,2939.43492,2711.32043
,,,,,6445,12014.42489,10691.63891,9440.121737,27850.43443,2904.49152,2499.29716
,,,,,6446,12153.58689,10445.06651,9650.766131,28375.66784,2922.32772,2502.69834
,,,,,6447,12131.42535,10713.77982,9554.425559,28437.70194,2959.06932,2540.02285
,,,,,6448,12389.64541,10695.63487,9786.892767,28578.1238,2954.61756,2566.62283
,,,,,6449,14020.51293,10924.17628,9990.201353,28479.89601,2912.52024,2584.41513
,,,,,6450,13409.22194,11629.42484,9806.232657,27833.63626,2866.35996,2576.7379
,,,,,6451,12545.36469,11462.16298,9387.536418,27532.50295,2788.25976,2576.77722
,,,,,6452,12902.21143,11301.0176,9740.545453,27922.4892,2768.51844,2542.22477
,,,,,6453,12398.03904,11126.28948,9489.396266,28089.89229,2742.47856,2554.72853
,,,,,6454,11466.38429,11012.35298,8956.155487,29468.7684,2722.7664,2500.12288
,,,,,6455,10515.03504,10301.33891,8189.106802,28049.30903,2638.94112,2397.80241
,,,,,6456,9603.371441,9795.180793,7536.450366,26760.49548,2642.11956,2204.91815
,,,,,6457,9414.573198,9318.472329,7206.205332,25947.4347,2676.84912,1969.68625
,,,,,6458,9308.339136,9224.630535,7039.922791,25565.19486,2640.98232,1910.51948
,,,,,6459,9201.088452,9224.630535,7034.030979,25092.2067,2588.35824,1844.58967
,,,,,6460,9194.188662,9224.630535,7034.030979,25092.2067,2564.85528,1824.37919
,,,,,6461,9660.872133,9235.432482,7037.76915,25092.2067,2564.85528,1802.14373
,,,,,6462,11167.2858,9769.328849,8044.55745,25736.17669,2570.05548,1819.87705
,,,,,6463,12123.41718,10525.41184,8646.131864,26645.10002,2631.87468,1980.23384
,,,,,6464,11945.90379,10394.17963,8786.952722,26383.27849,2624.41944,2032.38199
,,,,,6465,12365.12692,10325.93151,9368.552869,27424.87802,2746.52208,2177.07959
,,,,,6466,12619.13667,10435.37409,9801.207167,28532.94527,2828.01456,2342.99033
,,,,,6467,13280.98513,10912.27495,10659.55689,28971.93055,2870.29656,2483.73627
,,,,,6468,13102.70991,11029.12511,9718.904912,28320.45593,2899.21356,2699.32783
,,,,,6469,12102.40517,10541.00674,9549.086858,27899.42913,2873.80548,2493.62525
,,,,,6470,12242.58419,10310.08442,9762.154857,28452.72876,2886.77196,2497.18371
,,,,,6471,12220.26069,10561.74235,9664.705822,28518.0777,2938.80312,2536.30711
,,,,,6472,12480.36788,10544.74908,9899.847721,28666.0031,2910.24576,2564.17516
,,,,,6473,14097.12457,10758.78484,10105.49551,28562.52645,2879.63748,2582.8325
,,,,,6474,13507.39571,11424.07672,9919.410129,27881.73333,2846.08404,2574.78173
,,,,,6475,12637.2252,11262.62524,9495.89651,27564.50875,2789.2998,2574.82105
,,,,,6476,12996.67985,11111.70784,9852.96715,27975.33419,2774.95308,2538.60733
,,,,,6477,12488.82286,10948.06981,9598.928324,28151.68259,2756.01852,2551.71072
,,,,,6478,11550.35935,10841.36492,9059.552253,29581.42359,2741.68152,2494.49029
,,,,,6479,10592.05742,10175.47929,8283.678161,28108.93073,2680.73712,2387.26465
,,,,,6480,9673.731174,9701.447289,7623.512477,26751.24848,2683.05048,2185.1107
,,,,,6481,9390.887073,9175.759915,7173.160602,26070.66818,2689.35876,1948.38464
,,,,,6482,9284.919603,9067.862033,7008.536541,25689.03657,2654.289,1888.66739
,,,,,6483,9230.217734,9067.862033,7008.536541,25216.97529,2602.8216,1822.12812
,,,,,6484,9230.217734,9067.862033,7008.536541,25216.97529,2580.28092,1801.73087
,,,,,6485,9636.567927,9082.750961,7008.536541,25216.97529,2580.28092,1764.99616
,,,,,6486,11139.20128,9680.742701,8007.684547,25859.74633,2584.91736,1797.18941
,,,,,6487,12092.93327,10527.59504,8606.511988,26767.22336,2645.37576,1959.0207
,,,,,6488,11915.86534,10380.60812,8746.689815,26505.81845,2638.08576,2011.65052
,,,,,6489,12334.03644,10304.16667,9325.634198,27545.76057,2757.50568,2157.685
,,,,,6490,12587.40876,10426.74807,9756.312865,28652.06464,2837.20968,2325.13905
,,,,,6491,13247.59633,10960.90186,10601.66324,29090.3514,2878.55856,2467.17272
,,,,,6492,13069.76849,11091.78014,9674.386426,28439.91342,2906.84376,2665.3062
,,,,,6493,12071.97398,10545.06214,9505.343814,28019.55656,2881.99944,2477.16
,,,,,6494,12211.80123,10286.41711,9717.438879,28571.97578,2894.67432,2480.74795
,,,,,6495,12189.53375,10568.2871,9620.434827,28637.22073,2946.618,2520.23506
,,,,,6496,12448.98821,10549.25375,9854.502995,28784.91075,2917.63296,2548.35869
,,,,,6497,13987.46295,10788.98495,10059.21173,28681.59875,2887.70508,2567.18314
,,,,,6498,13473.43873,11525.05649,9873.976075,28001.88892,2854.88064,2559.06356
,,,,,6499,12605.4519,11353.31244,9452.396349,27685.16911,2799.34056,2559.10288
,,,,,6500,12964.00451,11184.27709,9807.836495,28095.34084,2785.30488,2522.55494
,,,,,6501,12457.42197,11000.99398,9554.957689,28271.40863,2766.798,2535.77629
,,,,,6502,11521.31352,10881.47894,9018.044574,29699.55403,2752.77204,2478.02504
,,,,,6503,10565.41642,10135.65235,8245.71336,28228.7248,2693.169,2369.80657
,,,,,6504,9649.394698,9604.711818,7588.562195,26873.20292,2695.42404,2165.79475
,,,,,6505,9111.368872,9167.839155,7010.88494,25673.2496,2691.47772,1910.00832
,,,,,6506,9009.908639,9037.818642,6865.750392,25299.95655,2657.62296,1846.06417
,,,,,6507,9009.908639,9053.937651,6865.750392,24840.60257,2607.94404,1774.81633
,,,,,6508,9009.908639,8985.391626,6865.750392,24840.60257,2583.30384,1752.97407
,,,,,6509,9349.755788,9072.01805,6865.750392,24840.60257,2583.30384,1705.7016
,,,,,6510,10807.77795,9688.090232,7826.609543,25466.93634,2590.6716,1748.10822
,,,,,6511,11733.19491,10560.54738,8411.947183,26354.58523,2649.02076,1921.40129
,,,,,6512,11561.38389,10409.11627,8548.96722,26098.89195,2641.98348,1977.75668
,,,,,6513,11967.14005,10330.3636,9114.869708,27116.11159,2757.24324,2134.12249
,,,,,6514,12212.99008,10456.65128,9535.846465,28198.24319,2834.16732,2313.42169
,,,,,6515,12853.57755,11006.95536,10333.01295,28626.95349,2874.07764,2465.52128
,,,,,6516,12681.02918,11141.79077,9455.765586,27990.72742,2901.3714,2666.86917
,,,,,6517,11712.85787,10578.5426,9290.531001,27579.55525,2877.39216,2476.20649
,,,,,6518,11848.53384,10312.07737,9497.848195,28119.90425,2889.62964,2480.05002
,,,,,6519,11826.92745,10602.46978,9403.029355,28183.72361,2933.00028,2522.32885
,,,,,6520,12078.67905,10582.86095,9631.824664,28328.18665,2911.79124,2552.44797
,,,,,6521,13511.51893,10829.84049,9831.921921,28227.13199,2882.89368,2572.59947
,,,,,6522,13072.715,11656.98593,9650.859074,27562.27365,2851.22592,2563.90975
,,,,,6523,12230.49753,11411.23057,9238.776285,27252.47409,2797.62012,2563.9589
,,,,,6524,12578.4052,11237.0844,9586.209421,27653.68367,2784.07044,2524.81584
,,,,,6525,12086.86242,11048.25966,9339.027222,27825.90442,2766.20508,2538.98087
,,,,,6526,11178.54579,10925.13106,8814.209163,29232.17476,2752.67484,2477.13051
,,,,,6527,10251.02801,10156.7542,8059.276275,27784.15322,2695.14216,2361.2643
,,,,,6528,9362.201749,9609.760536,7416.92877,26458.24916,2697.32916,2142.81221
,,,,,6529,8831.798502,9134.166442,6738.997263,25177.99677,2685.0042,1910.29339
,,,,,6530,8734.361937,9004.623168,6604.593932,24806.81995,2650.85784,1848.29558
,,,,,6531,8734.361937,9020.683013,6604.593932,24350.69095,2600.77068,1779.20051
,,,,,6532,8734.361937,8918.109338,6604.593932,24350.69095,2574.10872,1758.01686
,,,,,6533,9062.890118,9038.697048,6604.593932,24350.69095,2553.27876,1709.27972
,,,,,6534,10476.29276,9652.507943,7523.224169,24972.85312,2583.34272,1753.29846
,,,,,6535,11373.3894,10521.76274,8085.960078,25855.46983,2642.1876,1921.34231
,,,,,6536,11206.83628,10370.88747,8217.68934,25601.2261,2635.092,1975.98728
,,,,,6537,11600.17517,10292.42385,8761.740551,26612.67902,2751.32376,2127.62486
,,,,,6538,11838.50151,10418.24799,9166.462069,27688.6759,2828.88936,2301.48807
,,,,,6539,12459.48523,10966.53218,9943.320329,28114.9558,2869.13988,2448.97739
,,,,,6540,12292.21732,11100.87268,9089.473364,27482.33656,2896.6572,2640.26919
,,,,,6541,11353.67474,10539.69191,8930.619007,27073.49537,2872.47384,2459.33821
,,,,,6542,11485.19864,10274.20474,9129.931031,27610.78107,2884.81824,2463.06378
,,,,,6543,11464.25347,10563.53127,9038.773446,27674.23864,2903.14044,2504.06471
,,,,,6544,11708.30077,10543.99441,9258.734247,27817.88269,2903.14044,2533.26964
,,,,,6545,13110.5756,10790.06742,9451.105118,27717.40092,2878.03368,2552.81168
,,,,,6546,12671.91647,11641.48475,9277.033678,27056.31174,2846.09376,2544.38737
,,,,,6547,11855.47319,11369.32351,8880.862704,26748.26846,2792.04084,2544.42669
,,,,,6548,12192.73392,11195.81654,9214.880352,27147.20354,2778.37452,2506.48289
,,,,,6549,11716.23371,11007.68488,8977.242637,27318.44796,2760.36336,2520.20557
,,,,,6550,10835.71408,10885.00822,8472.689456,28719.16664,2746.71648,2460.24257
,,,,,6551,9936.580911,10119.45168,7746.906905,27276.93345,2688.70752,2347.87584
,,,,,6552,9074.955198,9574.465754,7129.362461,25958.54608,2690.90424,2136.03934
,,,,,6553,8680.028951,8271.601019,6427.015032,22776.21077,2687.40504,1926.75864
,,,,,6554,8619.319967,8154.289419,6278.625254,22404.88658,2652.33528,1864.59372
,,,,,6555,8619.319967,8168.832869,6235.825784,21927.57151,2600.8776,1795.32171
,,,,,6556,8619.319967,8138.251142,6235.825784,21927.57151,2573.48664,1774.07908
,,,,,6557,8895.319134,8185.145991,6276.703355,21927.57151,2500.5672,1713.73271
,,,,,6558,10212.07705,8740.999917,7175.156621,22570.98567,2582.97336,1769.36068
,,,,,6559,11047.83259,9528.178343,7711.998871,23453.95283,2643.43176,1937.83705
,,,,,6560,10892.66793,9391.54894,7837.66676,23199.60816,2636.13204,1992.62947
,,,,,6561,11259.11135,9320.493978,8356.684066,24211.46268,2755.54224,2144.66025
,,,,,6562,11481.14157,9434.437611,8742.78278,25287.88681,2835.23652,2318.98547
,,,,,6563,12059.66406,9930.951968,9639.04088,25714.33597,2876.57568,2466.85816
,,,,,6564,11903.83349,10052.60783,8669.336624,25081.46554,2889.08532,2643.03142
,,,,,6565,11029.46596,9544.414614,8517.791771,24672.46201,2880.01656,2477.24847
,,,,,6566,11151.99661,9303.995147,8707.932677,25209.96105,2889.08532,2480.98387
,,,,,6567,11132.48361,9566.003016,8620.969605,25273.44381,2889.08532,2522.09293
,,,,,6568,11359.8436,9548.31086,8830.809158,25417.14491,2889.08532,2551.3765
,,,,,6569,12691.30687,9771.149276,9014.3283,25316.62324,2885.7222,2570.96769
,,,,,6570,12257.56981,10495.63444,8848.266561,24655.27156,2852.90748,2562.51389
,,,,,6571,11496.95277,10295.71112,8470.324948,24347.10597,2797.37712,2562.56304
,,,,,6572,11811.1525,10138.58694,8788.973151,24746.19945,2783.34144,2524.51111
,,,,,6573,11367.23411,9968.218967,8562.270067,24917.51186,2764.82484,2538.27311
,,,,,6574,10546.92208,9857.125624,8080.933332,26355.28269,2750.8086,2478.15283
,,,,,6575,9709.269263,9163.85411,7388.546847,24875.98087,2691.21528,2365.4912
,,,,,6576,8906.559236,8670.326592,6799.418016,23557.07002,2693.47032,2153.10422
,,,,,6577,8553.741085,8299.19189,6341.533826,23015.27121,2623.70016,1900.9254
,,,,,6578,8470.495502,8181.489249,6195.108223,22650.06793,2585.23812,1837.06972
,,,,,6579,8470.495502,8196.081177,6138.003079,22200.4932,2528.81352,1765.91035
,,,,,6580,8470.495502,8144.734485,6138.003079,22200.4932,2498.77872,1744.09758
,,,,,6581,8777.643545,8212.448677,6193.211763,22200.4932,2436.87204,1686.16939
,,,,,6582,10147.07587,8770.155465,7079.772572,22813.42904,2509.17912,1739.24156
,,,,,6583,11016.26424,9559.957841,7609.508862,23681.84136,2575.46952,1912.29871
,,,,,6584,10854.89251,9422.873003,7733.513336,23431.68931,2567.47968,1968.58529
,,,,,6585,11235.99481,9351.581189,8245.660623,24426.86441,2698.4178,2124.74467
,,,,,6586,11466.90692,9465.904637,8626.648706,25485.54475,2785.81032,2303.80795
,,,,,6587,12068.57212,9964.074056,9539.960613,25904.96431,2831.1444,2455.70111
,,,,,6588,11906.50784,10086.13544,8554.174727,25282.52613,2851.19676,2642.18604
,,,,,6589,10997.16289,9576.248233,8404.635811,24880.26462,2834.90604,2466.36666
,,,,,6590,11124.59514,9335.027361,8592.2599,25408.90352,2848.81536,2470.21019
,,,,,6591,11104.30157,9597.908597,8506.447922,25471.33983,2851.19676,2512.43004
,,,,,6592,11340.75666,9580.157467,8713.509915,25612.67215,2851.19676,2542.50984
,,,,,6593,12744.57833,9803.738684,8894.59989,25513.80748,2841.16572,2562.64168
,,,,,6594,12274.39471,10546.40984,8730.736242,24863.35753,2805.18228,2553.96179
,,,,,6595,11483.35062,10330.04908,8357.797287,24560.27175,2744.28648,2554.00111
,,,,,6596,11810.11932,10172.40115,8672.227674,24952.78657,2728.89972,2514.91703
,,,,,6597,11348.44282,10001.46528,8448.525366,25121.27507,2708.59464,2529.0624
,,,,,6598,10495.31575,9890.001622,7973.559889,26496.38505,2693.22732,2467.30051
,,,,,6599,9624.154212,9194.419184,7290.33824,25080.42867,2627.87004,2351.58175
,,,,,6600,8789.333286,8699.24656,6709.007465,23783.25876,2630.34864,2133.41473
,,,,,6601,8569.357409,8427.993724,6443.345576,23408.28986,2587.18212,1887.88099
,,,,,6602,8472.607667,8308.46559,6294.580557,23048.75709,2546.06652,1822.52132
,,,,,6603,8411.266825,8323.28383,6212.110567,22607.82377,2485.7442,1749.69085
,,,,,6604,8411.266825,8217.787541,6212.110567,22607.82377,2453.62932,1727.35709
,,,,,6605,8793.667372,8339.905179,6292.653798,22607.82377,2410.7544,1677.00783
,,,,,6606,10165.59207,8906.26164,7193.379028,23209.58169,2464.75872,1722.39294
,,,,,6607,11036.36236,9708.313341,7731.57882,24064.51018,2535.62724,1899.52954
,,,,,6608,10874.69693,9569.102406,7857.564491,23818.24223,2527.07364,1957.14317
,,,,,6609,11256.49284,9496.704902,8377.894263,24797.96525,2667.05136,2116.97897
,,,,,6610,11487.82522,9612.801433,8764.969324,25840.20746,2760.48,2300.26915
,,,,,6611,12090.58544,10118.69714,9715.979888,26253.11469,2808.94392,2455.74043
,,,,,6612,11928.22621,10242.65162,8691.337441,25640.34111,2840.04792,2658.78891
,,,,,6613,11017.22625,9724.856387,8539.409369,25244.32552,2812.968,2466.67139
,,,,,6614,11144.89043,9479.894335,8730.031094,25764.75623,2827.82988,2470.59356
,,,,,6615,11124.55992,9746.85269,8642.848114,25826.2231,2840.04792,2513.81607
,,,,,6616,11361.44536,9728.82625,8853.218299,25965.36095,2840.04792,2544.60363
,,,,,6617,12877.13715,9955.875068,9037.201516,25868.03136,2819.65536,2565.20731
,,,,,6618,12296.78264,10749.95562,8870.719848,25227.68094,2781.19332,2556.32099
,,,,,6619,11504.29884,10490.3482,8491.822515,24929.30117,2716.08876,2556.37014
,,,,,6620,11831.66226,10330.25525,8811.276499,25315.72142,2699.64252,2516.36204
,,,,,6621,11369.1455,10156.66828,8584.00014,25481.59379,2677.93776,2530.8318
,,,,,6622,10514.46575,10043.47589,8101.446224,26841.82796,2661.51096,2467.61507
,,,,,6623,9641.718691,9337.105415,7407.308866,25441.38162,2591.6436,2349.16357
,,,,,6624,8805.378389,8834.252984,6816.690274,24164.35287,2594.28744,2125.85546
,,,,,6625,8689.982228,8628.006148,6589.775751,23680.62683,2571.44544,1900.58135
,,,,,6626,8591.874829,8505.643264,6437.646082,23301.3273,2529.2898,1836.16536
,,,,,6627,8492.828578,8520.812935,6382.599494,22830.27101,2467.44144,1764.37687
,,,,,6628,8449.202422,8464.300247,6382.599494,22830.27101,2434.5198,1742.3675
,,,,,6629,8917.439857,8537.828479,6435.675744,22830.27101,2409.13116,1704.11897
,,,,,6630,10308.61631,9117.616752,7356.772876,23470.99388,2445.92136,1737.47216
,,,,,6631,11191.60583,9938.690057,7907.14525,24372.92548,2518.57836,1912.06279
,,,,,6632,11027.67181,9796.17757,8035.980367,24113.11797,2509.82064,1968.84087
,,,,,6633,11414.82532,9722.063074,8568.078552,25146.70519,2653.33644,2126.37645
,,,,,6634,11649.40391,9840.91297,8963.908175,26246.24883,2749.12704,2307.02236
,,,,,6635,12260.62247,10358.80659,9881.713898,26681.8573,2798.81568,2460.26223
,,,,,6636,12095.9849,10485.7008,8888.610943,26035.39403,2832.7968,2675.87345
,,,,,6637,11172.20118,9955.62544,8733.246681,25617.60589,2802.93696,2471.02608
,,,,,6638,11301.65683,9704.853824,8928.179739,26166.64937,2818.17792,2474.8991
,,,,,6639,11281.04103,9978.143411,8839.024922,26231.49563,2841.0102,2517.49249
,,,,,6640,11521.25061,9959.689453,9054.153096,26378.28314,2841.0102,2547.84753
,,,,,6641,13129.96814,10192.123,9242.297502,26275.60246,2809.79928,2568.14648
,,,,,6642,12469.71316,10961.88589,9072.050481,25600.04622,2770.35552,2559.38795
,,,,,6643,11666.1087,10739.2718,8684.583544,25285.26183,2703.618,2559.4371
,,,,,6644,11998.0659,10575.38205,9011.262689,25692.92707,2686.74408,2520.00897
,,,,,6645,11529.05881,10397.67826,8778.84597,25867.91894,2664.495,2534.2723
,,,,,6646,10662.38562,10281.80138,8285.378027,27280.00849,2647.65024,2471.95993
,,,,,6647,9777.391595,9558.678496,7575.541211,25825.49595,2576.01384,2355.21885
,,,,,6648,8929.31521,9043.900326,6971.564469,24478.25742,2578.72572,2135.13498
,,,,,6649,8868.230552,8692.847052,6665.611309,23857.17884,2569.1418,1907.23626
,,,,,6650,8768.116932,8595.652344,6511.739101,23468.25521,2526.74316,1842.06336
,,,,,6651,8667.045261,8595.652344,6411.282851,22969.61982,2464.53516,1769.42949
,,,,,6652,8552.510212,8595.652344,6418.561839,22969.61982,2431.42884,1747.15471
,,,,,6653,9100.339514,8608.704419,6509.746195,22969.61982,2418.4332,1717.57624
,,,,,6654,10519.96446,9149.69104,7441.393846,23642.2268,2442.89844,1742.20039
,,,,,6655,11421.01043,9915.814974,7998.070348,24567.04344,2515.9734,1918.85532
,,,,,6656,11253.72408,9782.839968,8128.381181,24300.64374,2507.15736,1976.30184
,,,,,6657,11648.79459,9713.685498,8666.574177,25360.45654,2651.49936,2135.70512
,,,,,6658,11888.17013,9824.581505,9066.937749,26487.89932,2747.844,2318.48414
,,,,,6659,12511.88763,10307.8157,10044.11896,26934.56063,2797.81452,2473.5229
,,,,,6660,12343.88335,10426.21766,8990.778041,26271.69442,2831.99976,2704.08555
,,,,,6661,11401.20897,9931.616977,8833.63419,25843.30559,2801.96496,2484.42437
,,,,,6662,11533.31189,9697.627958,9030.80007,26406.28015,2817.2934,2488.33671
,,,,,6663,11512.27451,9952.627959,8940.624047,26472.77177,2850.67188,2531.44126
,,,,,6664,11757.39619,9935.40901,9158.216363,26623.28378,2845.044,2562.14035
,,,,,6665,13435.22079,10152.28722,9348.51583,26517.99774,2808.86616,2582.68505
,,,,,6666,12725.25407,10819.55106,9176.31875,25825.30037,2769.19884,2573.82822
,,,,,6667,11905.21652,10662.81872,8784.413651,25502.52883,2702.07252,2573.86754
,,,,,6668,12243.96199,10509.8971,9114.834677,25920.53792,2685.1014,2533.9774
,,,,,6669,11765.36406,10344.08593,8879.755787,26099.96992,2662.72596,2548.40784
,,,,,6670,10880.96807,10235.96397,8380.635516,27569.99003,2645.784,2485.36805
,,,,,6671,9977.876602,9561.235243,7662.668019,26056.47051,2573.73936,2367.25077
,,,,,6672,9112.457709,9080.907999,7051.773148,24675.04801,2576.47068,2144.56195
,,,,,6673,9113.154324,8478.367897,6816.199799,24102.6438,2576.93724,1916.37816
,,,,,6674,9010.284038,8375.16837,6658.867391,23709.72371,2535.24816,1851.12662
,,,,,6675,8906.42932,8375.16837,6526.76303,23188.58852,2474.08992,1778.40428
,,,,,6676,8683.268098,8375.16837,6563.594805,23188.58852,2441.53764,1756.10984
,,,,,6677,9351.654494,8389.966419,6656.829669,23188.58852,2431.0692,1730.90572
,,,,,6678,10810.36934,8958.334851,7609.427741,23885.48298,2452.82256,1751.14569
,,,,,6679,11736.22595,9763.235827,8178.622502,24819.80275,2524.66308,1928.00705
,,,,,6680,11564.33331,9623.530347,8311.863699,24550.66561,2516.00256,1985.52238
,,,,,6681,11970.28224,9550.875652,8862.159306,25621.36872,2657.91456,2145.11243
,,,,,6682,12216.24907,9667.384614,9271.526052,26760.39675,2752.62624,2328.10771
,,,,,6683,12857.14088,10175.0775,10276.21635,27211.64782,2801.76084,2483.33324
,,,,,6684,12684.51053,10299.47233,9193.653703,26541.97019,2835.36288,2720.18709
,,,,,6685,11715.87926,9779.837641,9032.976081,26109.17937,2805.84324,2494.24454
,,,,,6686,11851.61968,9534.005366,9234.575726,26677.93889,2820.90924,2498.16671
,,,,,6687,11830.00303,9801.912085,9142.371871,26745.11376,2856.50388,2541.32041
,,,,,6688,12081.87423,9783.821607,9364.857293,26897.17238,2848.19328,2572.05882
,,,,,6689,13862.23559,10011.67701,9559.436118,26790.80446,2812.61808,2592.62318
,,,,,6690,13076.38243,10709.17822,9383.366757,26090.98914,2773.62144,2583.75652
,,,,,6691,12233.76484,10548.04885,8982.648695,25764.9009,2707.62264,2583.79584
,,,,,6692,12581.83779,10387.38718,9320.500061,26187.20532,2690.94312,2543.85655
,,,,,6693,12090.06149,10213.18353,9080.134837,26368.48111,2668.94676,2558.30665
,,,,,6694,11181.31333,10099.58903,8569.790602,27890.51903,2652.28668,2495.18822
,,,,,6695,10253.3549,9390.709191,7835.677815,26324.53471,2581.45704,2376.93332
,,,,,6696,9364.106368,8886.070386,7211.04545,24928.91714,2584.13976,2153.97909
,,,,,6697,9365.226315,8196.532624,7014.785685,24458.99738,2585.69496,1916.04394
,,,,,6698,9259.518909,8080.28496,6852.890199,24060.27543,2543.73372,1849.57348
,,,,,6699,9152.79992,8094.696511,6715.217851,23540.02404,2482.15752,1775.4946
,,,,,6700,8784.525582,7988.333044,6754.854444,23540.02404,2449.38168,1752.7873
,,,,,6701,9610.304224,8110.861684,6850.793378,23540.02404,2441.88756,1728.25162
,,,,,6702,11109.24984,8661.6744,7831.019443,24238.62996,2460.73464,1747.73468
,,,,,6703,12060.6412,9441.713664,8416.722436,25186.7459,2533.07088,1927.87926
,,,,,6704,11884.00783,9306.323395,8553.827997,24913.63468,2524.35204,1986.46606
,,,,,6705,12301.15266,9235.912852,9120.083708,26000.14779,2667.22632,2149.0346
,,,,,6706,12553.90316,9348.823095,9541.323228,27155.9947,2762.58924,2335.43106
,,,,,6707,13212.4705,9840.834411,10557.55944,27613.90894,2812.06404,2493.54661
,,,,,6708,13035.07908,9961.38694,9461.192364,26934.34286,2845.89936,2736.34761
,,,,,6709,12039.73335,9457.802683,9295.854644,26495.16145,2816.1756,2504.65451
,,,,,6710,12179.21744,9219.563654,9503.30124,27072.31927,2831.34852,2508.65532
,,,,,6711,12157.00461,9479.195294,9408.423217,27140.48604,2870.87976,2552.60525
,,,,,6712,12415.82231,9461.663593,9637.361334,27294.78996,2858.81724,2583.9138
,,,,,6713,14324.27372,9682.481019,9837.583487,27186.85141,2822.99904,2604.87136
,,,,,6714,13437.75865,10461.01584,9656.407624,26476.70262,2783.73024,2595.83759
,,,,,6715,12571.90201,10202.28545,9244.067624,26145.79937,2717.28432,2595.87691
,,,,,6716,12929.57467,10046.58628,9591.717619,26574.33953,2700.48816,2555.19054
,,,,,6717,12424.23538,9877.763425,9344.381135,26758.29204,2678.33628,2569.91588
,,,,,6718,11490.42431,9767.677621,8819.235498,28270.93474,2661.56928,2505.61785
,,,,,6719,10536.87316,9080.693599,8063.831399,26713.69673,2590.25364,2385.16103
,,,,,6720,9623.099515,8591.642034,7421.082957,25297.47147,2592.9558,2158.05854
,,,,,6721,9676.198773,8172.119682,7202.683293,24812.05107,2596.54248,1913.12443
,,,,,6722,9566.991309,8056.218019,7036.470324,24407.58099,2554.4646,1846.73261
,,,,,6723,9456.738768,8070.586675,6860.900759,23868.65347,2492.72316,1772.7422
,,,,,6724,9174.633215,7939.553637,6935.820118,23868.65347,2459.85984,1750.05456
,,,,,6725,9929.391408,8086.703734,7034.317584,23868.65347,2454.23196,1726.94423
,,,,,6726,11477.96832,8635.877002,8040.68465,24588.50675,2471.25168,1745.01177
,,,,,6727,12460.86102,9413.594543,8642.007369,25550.2911,2543.78232,1924.95975
,,,,,6728,12278.37917,9278.607252,8782.769309,25273.2426,2535.03432,1983.47774
,,,,,6729,12709.33601,9208.40628,9364.126118,26375.4193,2678.2974,2145.85951
,,,,,6730,12970.45528,9320.980455,9796.599397,27547.92935,2773.91304,2332.04954
,,,,,6731,13650.82832,9811.52734,10846.0717,28012.44506,2823.5142,2489.98815
,,,,,6732,13467.56333,9931.721055,9714.331576,27323.08209,2857.437,2734.42093
,,,,,6733,12439.26089,9429.635674,9544.584573,26877.56927,2827.63548,2501.08622
,,,,,6734,12583.36341,9192.105744,9757.563426,27463.04762,2842.84728,2505.0772
,,,,,6735,12560.41509,9450.964612,9660.155163,27532.19711,2884.7502,2548.98781
,,,,,6736,12827.80246,9433.485092,9895.19868,27688.72554,2870.38404,2580.26687
,,,,,6737,14714.69817,9653.645274,10100.76042,27579.2309,2834.47836,2601.19494
,,,,,6738,13883.57594,10449.77683,9914.752903,26858.84433,2795.10264,2592.171
,,,,,6739,12989.05009,10171.90255,9491.41648,26523.17065,2728.48176,2592.21032
,,,,,6740,13358.56558,10016.6668,9848.337723,26957.88881,2711.64672,2551.5731
,,,,,6741,12836.49409,9848.346438,9594.405186,27144.49326,2689.43652,2566.26895
,,,,,6742,11871.76378,9738.588296,9055.254786,28697.31459,2672.62092,2502.04956
,,,,,6743,10886.63979,9053.649024,8279.705315,27099.25504,2601.11088,2381.73036
,,,,,6744,9942.610362,8566.053081,7619.815839,25662.61293,2603.82276,2154.87362
,,,,,6745,9929.215776,8230.506087,7381.296545,25036.65737,2609.8686,1911.1486
,,,,,6746,9817.160555,8113.776921,7210.979426,24628.53044,2568.56832,1845.8774
,,,,,6747,9704.033006,8128.248164,7047.773499,24100.83065,2507.96412,1773.14523
,,,,,6748,9484.445862,8052.544961,7107.843954,24100.83065,2475.71316,1750.84096
,,,,,6749,10189.01081,8144.480294,7208.773531,24100.83065,2472.82632,1724.66367
,,,,,6750,11777.96931,8697.574495,8239.989925,24811.09197,2486.88144,1745.88664
,,,,,6751,12786.49249,9480.844706,8856.160571,25781.5719,2558.07072,1922.77749
,,,,,6752,12599.25214,9344.893646,9000.39822,25502.01858,2549.48796,1980.30265
,,,,,6753,13041.44686,9274.191461,9596.109957,26614.16018,2690.09748,2139.93202
,,,,,6754,13309.37523,9387.569381,10039.26191,27797.27101,2783.94408,2322.95679
,,,,,6755,14007.49006,9881.618624,11087.24021,28265.98646,2832.63156,2478.22164
,,,,,6756,13819.44615,10002.67049,9954.962727,27570.39088,2865.93228,2713.78776
,,,,,6757,12764.32911,9497.000366,9781.024312,27120.85014,2836.67508,2489.12311
,,,,,6758,12912.18933,9257.774544,9999.262062,27711.62186,2851.605,2493.05511
,,,,,6759,12888.6426,9518.481586,9899.448584,27781.39653,2895.93792,2536.20881
,,,,,6760,13163.00251,9500.877268,10140.29582,27939.34015,2878.63632,2566.95705
,,,,,6761,15037.5003,9722.609327,10350.93332,27828.85556,2843.3916,2587.53124
,,,,,6762,14246.30695,10479.52886,10160.33288,27101.9559,2804.7546,2578.65475
,,,,,6763,13328.45492,10244.56681,9726.543386,26763.24736,2739.35844,2578.7039
,,,,,6764,13707.60611,10088.22272,10092.27777,27201.89585,2722.83444,2538.75478
,,,,,6765,13171.92079,9918.700599,9832.075101,27390.18741,2701.03248,2553.20488
,,,,,6766,12182.03361,9808.158817,9279.611939,28910.07876,2684.52792,2490.07662
,,,,,6767,11171.22095,9118.329284,8484.912514,27344.54019,2614.34952,2371.79223
,,,,,6768,10202.57447,8627.252052,7808.728974,25894.90925,2617.00308,2148.78885
,,,,,6769,10074.47538,8268.099419,7492.224483,25260.95331,2622.3102,1897.57337
,,,,,6770,9960.785235,8150.837447,7319.358479,24853.22438,2581.47648,1831.79101
,,,,,6771,9846.007114,8165.374745,7169.965914,24338.84394,2521.57212,1758.47887
,,,,,6772,9745.706781,8073.513506,7214.67953,24338.84394,2489.6808,1735.99766
,,,,,6773,10338.06092,8181.680966,7317.119571,24338.84394,2489.30172,1701.35674
,,,,,6774,11950.2029,8737.299742,8363.768664,25035.60788,2500.73244,1730.99419
,,,,,6775,12973.44079,9524.145158,8989.160631,26005.1414,2571.10524,1909.29073
,,,,,6776,12783.46854,9387.573555,9135.556873,25725.86069,2562.61968,1967.2779
,,,,,6777,13232.11504,9316.548653,9740.183752,26836.91773,2701.6254,2128.16551
,,,,,6778,13503.95257,9430.444082,10189.96771,28018.8748,2794.4028,2312.64512
,,,,,6779,14212.25316,9926.748393,11232.82312,28487.13315,2842.53624,2469.13872
,,,,,6780,14021.46562,10048.35279,10104.40694,27792.21592,2875.45788,2695.34668
,,,,,6781,12950.95404,9540.374561,9927.865448,27343.11357,2846.53116,2480.13849
,,,,,6782,13100.97159,9300.056801,10149.36924,27933.30917,2861.29584,2484.09015
,,,,,6783,13077.08131,9561.95383,10048.062,28003.0158,2908.09764,2527.5879
,,,,,6784,13355.44423,9544.269158,10292.51365,28160.80539,2888.02584,2558.58189
,,,,,6785,15166.35292,9767.013304,10506.30345,28050.42855,2853.17964,2579.32319
,,,,,6786,14454.55447,10539.21428,10312.85057,27324.23776,2814.97032,2570.37789
,,,,,6787,13523.31065,10291.35324,9872.569186,26985.85952,2750.3226,2570.41721
,,,,,6788,13907.99379,10134.29553,10243.77698,27424.08025,2733.993,2530.15353
,,,,,6789,13364.49263,9963.999627,9979.680239,27612.18818,2712.43404,2544.72159
,,,,,6790,12360.16264,9852.953281,9418.949174,29098.85837,2696.12388,2481.092
,,,,,6791,11334.60186,9159.97505,8612.35665,27566.58548,2626.74252,2361.87376
,,,,,6792,10351.82248,8666.656315,7926.053666,26118.36822,2629.36692,2137.10098
,,,,,6793,10089.95217,8287.575888,7487.158831,25333.79429,2635.7724,1871.89741
,,,,,6794,9976.087825,8170.037879,7314.409225,24936.02223,2596.62024,1803.27418
,,,,,6795,9861.133843,8184.609397,7219.93963,24436.81528,2539.17504,1726.80661
,,,,,6796,9834.130541,8010.600025,7219.93963,24436.81528,2509.97616,1703.36206
,,,,,6797,10353.94156,8200.954003,7312.171824,24436.81528,2509.97616,1661.53541
,,,,,6798,11968.55364,8757.88072,8358.116166,25113.95186,2519.19072,1698.14233
,,,,,6799,12993.35932,9546.578389,8983.08703,26059.80906,2586.67668,1884.12593
,,,,,6800,12803.096,9409.685293,9129.384698,25787.34849,2578.53132,1944.60992
,,,,,6801,13252.42991,9338.493197,9733.604456,26871.27315,2711.8314,2112.43751
,,,,,6802,13524.68395,9452.656739,10183.08556,28024.36644,2800.79856,2304.86959
,,,,,6803,14234.06979,9950.129362,11181.2497,28481.18978,2846.94912,2468.10657
,,,,,6804,14042.98992,10072.02002,10097.5824,27803.24265,2878.51968,2696.31985
,,,,,6805,12970.83812,9562.845996,9921.159779,27365.10752,2850.78852,2479.57818
,,,,,6806,13121.08553,9321.962523,10142.51442,27940.89036,2864.94084,2483.70678
,,,,,6807,13097.15864,9584.476064,10041.2754,28008.89473,2913.48252,2529.08206
,,,,,6808,13375.94807,9566.749761,10285.56244,28162.83105,2890.56276,2561.4031
,,,,,6809,15139.05415,9790.018253,10499.20829,28055.14964,2857.15512,2583.03893
,,,,,6810,14476.74234,10627.87883,10305.88567,27346.69267,2820.52044,2573.71026
,,,,,6811,13544.07169,10315.5925,9865.90075,27016.57774,2758.52628,2573.75941
,,,,,6812,13929.34424,10158.16507,10236.85859,27444.09697,2742.86736,2531.75582
,,,,,6813,13385.01033,9987.468286,9972.93968,27627.61125,2722.19292,2546.953
,,,,,6814,12379.14152,9876.160534,9412.586179,29088.16095,2706.55344,2480.57101
,,,,,6815,11352.00939,9181.551015,8606.536767,27583.12218,2640.02004,2356.21168
,,,,,6816,10367.72421,8687.070996,7920.695898,26170.27085,2642.53752,2121.75635
,,,,,6817,10079.10414,8271.76819,7427.873379,25254.81039,2645.23968,1859.13807
,,,,,6818,9965.361891,8154.454221,7256.486025,24870.8508,2606.8068,1789.72844
,,,,,6819,9890.846489,8168.997965,7221.67463,24392.69295,2550.4308,1712.386
,,,,,6820,9890.846489,7995.739929,7221.67463,24392.69295,2521.76652,1688.66621
,,,,,6821,10342.81046,8185.311416,7254.266268,24392.69295,2521.76652,1648.42219
,,,,,6822,11955.69119,8741.176569,8291.962601,25042.6019,2530.81584,1683.3875
,,,,,6823,12979.39797,9528.370893,8912.00513,25955.6146,2597.04792,1871.50421
,,,,,6824,12789.33867,9391.738731,9057.149137,25692.61511,2589.05808,1932.68613
,,,,,6825,13238.19075,9320.682334,9656.604196,26738.90094,2719.88928,2102.43057
,,,,,6826,13510.15286,9434.628267,10102.54082,27851.95355,2807.20404,2297.06457
,,,,,6827,14218.77802,9931.152652,11017.3433,28292.91388,2852.49924,2462.16925
,,,,,6828,14027.90305,10052.81097,10017.71192,27638.50819,2883.4866,2695.79886
,,,,,6829,12956.90091,9544.607492,9842.680513,27215.58712,2856.26088,2473.76865
,,,,,6830,13106.98721,9304.183169,10062.28962,27771.37613,2870.16048,2477.9464
,,,,,6831,13083.08598,9566.19633,9961.848937,27837.01908,2917.78848,2523.84267
,,,,,6832,13361.57646,9548.503816,10204.20961,27985.61003,2895.30612,2556.53725
,,,,,6833,15050.51073,9771.346733,10416.1707,27881.66781,2862.51084,2578.41883
,,,,,6834,14461.19036,10607.51121,10224.37257,27197.81171,2826.56628,2568.98203
,,,,,6835,13529.5198,10295.91917,9787.857241,26879.15988,2765.71908,2569.03118
,,,,,6836,13914.37922,10138.79182,10155.88982,27291.83369,2750.34204,2526.54592
,,,,,6837,13370.629,9968.420405,9894.052094,27468.97551,2730.0564,2541.91021
,,,,,6838,12365.83879,9857.324818,9338.117374,28893.29009,2714.70852,2474.78114
,,,,,6839,11339.80806,9164.039302,8538.424231,27426.0313,2649.40956,2348.99646
,,,,,6840,10356.57832,8670.501817,7857.991701,26062.24065,2651.87844,2111.85754
,,,,,6841,10084.18548,8245.852617,7373.487856,25095.77387,2651.4702,1857.03445
,,,,,6842,9970.386047,8128.905946,7203.350164,24704.27586,2613.1248,1788.53901
,,,,,6843,9869.580967,8143.404155,7142.394182,24214.63007,2556.86544,1712.19923
,,,,,6844,9869.580967,7999.01685,7142.394182,24214.63007,2526.92784,1688.794
,,,,,6845,10348.0244,8159.666531,7201.146592,24214.63007,2526.24744,1651.07629
,,,,,6846,11961.71612,8713.791326,8231.276613,24879.39901,2537.29908,1683.5841
,,,,,6847,12985.93764,9498.521024,8846.798132,25810.33722,2603.38536,1869.24331
,,,,,6848,12795.78277,9362.316643,8990.883828,25542.17416,2595.41496,1929.629
,,,,,6849,13244.86054,9291.482717,9585.96799,26609.00209,2725.95456,2097.16169
,,,,,6850,13516.9594,9405.071897,10028.65309,27743.90765,2813.08464,2289.25955
,,,,,6851,14225.94086,9900.041715,10977.62137,28193.52551,2858.27292,2452.21146
,,,,,6852,14034.96992,10021.31914,9944.442713,27526.27164,2889.19224,2685.53634
,,,,,6853,12963.42927,9514.706788,9770.68754,27095.04721,2862.03456,2463.66341
,,,,,6854,13113.59103,9275.03521,9988.69538,27661.74823,2875.89528,2467.78218
,,,,,6855,13089.67778,9536.228034,9888.987054,27728.67997,2919.46032,2513.07882
,,,,,6856,13368.30829,9518.590913,10129.58056,27880.18825,2900.99232,2545.35071
,,,,,6857,15093.3721,9740.736132,10339.99616,27774.2053,2868.26508,2566.94722
,,,,,6858,14468.47509,10552.48796,10149.59651,27076.92281,2832.39828,2557.62838
,,,,,6859,13536.33608,10263.66619,9716.264009,26752.01479,2771.68716,2557.67753
,,,,,6860,13921.38902,10107.03078,10081.6131,27172.79076,2756.349,2515.74275
,,,,,6861,13377.36539,9937.192786,9821.684548,27353.41047,2736.10224,2530.92027
,,,,,6862,12372.06995,9826.445028,9269.803399,28797.50104,2720.78352,2464.65624
,,,,,6863,11345.52331,9135.330118,8475.94118,27309.62312,2655.63036,2340.51317
,,,,,6864,10361.79919,8643.337849,7800.469991,25919.05669,2658.09924,2106.46087
,,,,,6865,10142.6402,8254.820549,7369.187469,25132.85259,2649.5748,1853.53497
,,,,,6866,10028.18284,8137.746777,7199.148591,24728.94211,2607.5844,1785.53103
,,,,,6867,9912.630171,8152.260743,7070.502136,24220.38068,2545.9596,1709.74173
,,,,,6868,9831.9389,8039.847391,7096.181608,24220.38068,2513.1546,1686.50361
,,,,,6869,10408.00447,8168.540793,7196.946299,24220.38068,2508.31404,1651.54813
,,,,,6870,12031.02558,8723.267828,8226.478034,24909.61756,2524.51728,1681.33303
,,,,,6871,13061.16853,9508.850396,8841.642066,25870.07125,2596.91184,1865.65536
,,,,,6872,12869.9143,9372.497984,8985.64408,25593.40605,2588.18328,1925.5987
,,,,,6873,13321.58837,9301.587073,9580.382625,26694.05787,2731.1742,2091.93213
,,,,,6874,13595.26033,9415.299706,10022.81062,27864.94572,2826.60516,2282.64396
,,,,,6875,14308.34071,9910.807472,11046.68534,28328.81876,2876.10912,2444.4261
,,,,,6876,14116.26568,10032.2167,9938.649151,27640.40955,2909.9736,2679.44174
,,,,,6877,13038.53003,9525.053751,9764.994893,27195.5131,2880.22068,2455.79941
,,,,,6878,13189.55994,9285.12169,9982.876116,27780.18143,2895.40332,2459.88869
,,,,,6879,13165.50843,9546.598387,9883.225699,27849.23525,2938.17132,2504.85111
,,,,,6880,13445.74982,9528.942098,10123.67947,28005.54712,2922.9012,2536.89691
,,,,,6881,15251.44532,9751.328751,10333.97286,27896.20397,2887.05384,2558.33614
,,,,,6882,14552.27712,10538.68433,10143.6838,27176.81407,2847.75588,2549.08611
,,,,,6883,13614.74904,10274.82714,9710.60297,26841.6048,2781.26136,2549.13526
,,,,,6884,14002.02812,10118.0215,10075.73987,27275.72152,2764.45548,2507.50521
,,,,,6885,13454.85928,9947.99892,9815.962282,27462.06779,2742.28416,2522.56477
,,,,,6886,12443.75183,9837.130798,9264.401658,28938.72082,2725.50744,2456.78241
,,,,,6887,11411.27032,9145.264763,8471.000503,27416.89216,2654.13348,2333.53387
,,,,,6888,10421.8589,8652.73778,7795.921619,25982.23768,2656.83564,2101.1625
,,,,,6889,10231.74508,8343.451455,7492.293402,25367.21725,2651.74236,1841.59152
,,,,,6890,10116.28483,8226.178339,7319.425814,24962.91,2608.06068,1772.48662
,,,,,6891,9999.719673,8239.791224,7168.75642,24453.74394,2543.95728,1695.4784
,,,,,6892,9837.297353,8226.178339,7214.745906,24453.74394,2509.8498,1671.86674
,,,,,6893,10499.43452,8256.245952,7317.186885,24453.74394,2503.94004,1635.78081
,,,,,6894,12136.67679,8816.924986,8363.845567,25143.76293,2521.6596,1666.60769
,,,,,6895,13175.84602,9610.93654,8989.243263,26105.16008,2596.96044,1853.90851
,,,,,6896,12982.91599,9473.121121,9135.640846,25828.22311,2587.88196,1914.82502
,,,,,6897,13438.5477,9401.449364,9740.273263,26929.95611,2736.60768,2083.83221
,,,,,6898,13714.61762,9516.382088,10190.06134,28101.99412,2835.86832,2277.62083
,,,,,6899,14433.94611,10017.20645,11233.79253,28566.32283,2887.35516,2442.01775
,,,,,6900,14240.1881,10139.91836,10104.49979,27877.23739,2922.58044,2680.0512
,,,,,6901,13153.00916,9627.31375,9927.956679,27431.90392,2891.63196,2453.568
,,,,,6902,13305.36241,9384.807315,10149.4625,28017.14657,2907.42696,2457.71626
,,,,,6903,13281.10017,9649.089552,10048.15433,28086.26822,2950.85592,2503.41593
,,,,,6904,13563.79707,9631.243818,10292.60822,28242.73363,2936.0232,2535.97289
,,,,,6905,15435.38049,9856.01659,10506.39998,28133.28308,2898.73728,2557.75617
,,,,,6906,14680.01994,10571.4273,10312.94533,27413.18652,2857.8744,2548.35869
,,,,,6907,13734.27709,10385.13191,9872.659911,27077.64797,2788.70688,2548.40784
,,,,,6908,14124.94957,10226.64381,10243.8711,27512.19112,2771.23032,2506.10935
,,,,,6909,13572.98635,10054.79695,9979.771944,27698.72044,2748.16476,2521.40483
,,,,,6910,12553.01942,9942.739259,9419.035743,29176.41433,2730.70764,2454.57066
,,,,,6911,11511.49114,9243.449779,8612.43583,27653.50044,2656.476,2329.32663
,,,,,6912,10513.41034,8745.638179,7926.126558,26217.43669,2659.2948,2093.21986
,,,,,6913,10320.21659,8395.030845,7708.983232,25497.22673,2661.06384,1838.21983
,,,,,6914,10203.76057,8289.457622,7531.136577,25099.46229,2619.09288,1769.61626
,,,,,6915,10086.19012,8290.730213,7366.339674,24600.26695,2557.51668,1693.15852
,,,,,6916,9949.574633,8289.457622,7423.441596,24600.26695,2524.74084,1669.7238
,,,,,6917,10590.21466,8307.286597,7528.833161,24600.26695,2519.91972,1631.22952
,,,,,6918,12241.57701,8871.429439,8605.638523,25277.38852,2536.0938,1664.50407
,,,,,6919,13289.70835,9670.346302,9249.049411,26223.2276,2608.43004,1850.43852
,,,,,6920,13095.11443,9531.679475,9399.663651,25950.77224,2599.7112,1910.90285
,,,,,6921,13554.67565,9459.564939,10021.71116,27034.67614,2742.5952,2078.68129
,,,,,6922,13833.12648,9575.207703,10484.45439,28187.74734,2837.95812,2271.06422
,,,,,6923,14558.65869,10079.1261,11546.28996,28644.56193,2887.43292,2434.25205
,,,,,6924,14363.22964,10202.5961,10396.42843,27966.62779,2921.26824,2666.91832
,,,,,6925,13266.67454,9686.824688,10214.80038,27528.50105,2891.54448,2445.72366
,,,,,6926,13420.34173,9442.820077,10442.68619,28104.27286,2906.7174,2449.84243
,,,,,6927,13395.87024,9708.735018,10338.46007,28172.27593,2949.47568,2495.20788
,,,,,6928,13681.00521,9690.779035,10589.9549,28326.2093,2934.18612,2527.52892
,,,,,6929,15545.58125,9916.940427,10809.90446,28218.52995,2898.36792,2549.14509
,,,,,6930,14806.85473,10616.54574,10610.87778,27510.08655,2859.09912,2539.82625
,,,,,6931,13852.9555,10449.32456,10157.91091,27179.97794,2792.6532,2539.86557
,,,,,6932,14246.99726,10289.85734,10539.81402,27607.48899,2775.85704,2497.88164
,,,,,6933,13690.27374,10116.94883,10268.10807,27790.99975,2753.70516,2513.06899
,,,,,6934,12661.5103,10004.19886,9691.221109,29251.52946,2736.92844,2446.71649
,,,,,6935,11610.99956,9300.589251,8861.388876,27746.51153,2665.6128,2322.38665
,,,,,6936,10604.31101,8799.702231,8155.311989,26333.68727,2668.31496,2088.00013
,,,,,6937,10379.48279,8456.246125,7803.696337,25532.75995,2669.2092,1829.56943
,,,,,6938,10262.35973,8357.172317,7623.673377,25133.01988,2628.21996,1760.31708
,,,,,6939,10144.11583,8357.172317,7518.268122,24630.81382,2568.08232,1683.13192
,,,,,6940,10111.9792,8357.172317,7518.268122,24630.81382,2536.07436,1659.47111
,,,,,6941,10651.0274,8370.770763,7621.341775,24630.81382,2534.09148,1620.30839
,,,,,6942,12311.84865,8920.326026,8711.32397,25311.82983,2547.16488,1654.20223
,,,,,6943,13365.98362,9698.584533,9362.608257,26262.36675,2617.80984,1841.91591
,,,,,6944,13170.27509,9563.503347,9515.065559,25988.55815,2609.29512,1902.96021
,,,,,6945,13632.46864,9493.253545,10144.72505,27077.84563,2748.84516,2072.34094
,,,,,6946,13912.51443,9605.906024,10613.13085,28236.64395,2841.9822,2266.56208
,,,,,6947,14642.20243,10096.79412,11635.57677,28695.72746,2890.2906,2431.32271
,,,,,6948,14445.65398,10217.07144,10524.02771,28014.42613,2923.3386,2665.80753
,,,,,6949,13342.81788,9714.636822,10340.17709,27574.12329,2894.30496,2442.89262
,,,,,6950,13497.36527,9476.941671,10570.85153,28152.75486,2909.12796,2447.06054
,,,,,6951,13472.75361,9735.980595,10465.34999,28221.09569,2954.17044,2492.85851
,,,,,6952,13759.52181,9718.488918,10719.92236,28375.79363,2935.95516,2525.48428
,,,,,6953,15560.36134,9938.802239,10942.56343,28267.57946,2900.97288,2547.31671
,,,,,6954,14891.82013,10615.52832,10741.10127,27555.61732,2862.62748,2537.89957
,,,,,6955,13932.45703,10457.42001,10282.59147,27223.86912,2797.72704,2537.94872
,,,,,6956,14328.75583,10302.07628,10669.16791,27653.50355,2781.3294,2495.55193
,,,,,6957,13768.84343,10133.63883,10394.13711,27837.92577,2759.69268,2510.88673
,,,,,6958,12734.1873,10023.80434,9810.190796,29303.63829,2743.31448,2443.90511
,,,,,6959,11677.6593,9338.388643,8970.203932,27793.21659,2673.66096,2318.38584
,,,,,6960,10665.20449,8850.453536,8255.486805,26373.37505,2676.29508,2081.74825
,,,,,6961,10366.46133,8474.707324,7842.772247,25456.96763,2671.03656,1815.601
,,,,,6962,10249.48482,8378.349381,7661.851407,25052.37392,2628.05472,1744.48095
,,,,,6963,10131.38889,8378.349381,7602.403529,24542.77132,2564.98164,1665.24132
,,,,,6964,10120.65531,8378.349381,7602.403529,24542.77132,2531.40876,1640.94156
,,,,,6965,10637.66615,8391.158155,7659.508175,24542.77132,2529.98964,1602.06391
,,,,,6966,12296.40917,8928.329153,8754.926753,25233.35498,2543.0436,1635.53506
,,,,,6967,13349.22508,9689.049551,9409.459379,26195.43329,2617.13916,1828.26204
,,,,,6968,13153.76144,9557.012429,9562.677075,25918.30011,2608.19676,1890.94795
,,,,,6969,13615.37664,9488.345711,10195.47705,27020.81369,2754.5508,2064.86031
,,,,,6970,13895.07199,9598.459559,10666.21906,28193.68211,2852.22708,2264.28152
,,,,,6971,14623.84692,10078.28546,11626.94331,28658.33979,2902.89744,2433.44599
,,,,,6972,14427.54442,10195.85232,10576.67152,27968.76613,2937.54924,2676.0209
,,,,,6973,13326.08832,9704.740101,10391.90393,27523.11714,2907.1062,2445.33046
,,,,,6974,13480.44232,9472.401426,10623.72887,28108.77444,2922.64848,2449.60651
,,,,,6975,13455.86146,9725.60289,10517.70114,28177.94506,2970.68472,2496.6234
,,,,,6976,13742.27082,9708.505389,10773.54321,28334.52133,2950.77816,2530.13387
,,,,,6977,15527.07636,9923.853934,10997.29472,28224.99323,2914.09488,2552.54627
,,,,,6978,14873.15226,10586.90424,10794.82775,27504.38647,2873.87352,2542.87355
,,,,,6979,13914.98964,10430.78462,10334.03109,27168.6102,2805.81408,2542.9227
,,,,,6980,14310.79254,10278.94157,10722.53562,27603.46123,2788.6194,2499.39546
,,,,,6981,13751.58077,10114.29987,10446.13307,27790.1227,2765.9232,2515.14312
,,,,,6982,12718.21933,10006.94051,9859.274276,29268.56806,2748.74796,2446.36261
,,,,,6983,11663.01339,9336.9707,9015.097903,27744.87066,2675.70216,2317.49131
,,,,,6984,10651.8255,8860.031244,8296.81606,26307.78945,2678.47236,2074.5232
,,,,,6985,10339.33724,8384.760192,7820.367001,25283.97618,2676.89772,1808.79864
,,,,,6986,10222.66602,8283.590373,7639.960985,24883.5349,2634.61572,1737.13794
,,,,,6987,10116.90709,8283.590373,7599.586622,24380.26027,2572.58268,1657.26919
,,,,,6988,10116.90709,8283.590373,7599.586622,24380.26027,2539.65132,1632.79249
,,,,,6989,10609.83426,8297.79826,7637.624421,24380.26027,2539.65132,1595.56628
,,,,,6990,12264.24827,8856.911273,8729.9259,25062.65852,2551.00428,1627.33684
,,,,,6991,13314.31652,9648.70509,9382.596001,26014.86282,2623.88484,1821.56781
,,,,,6992,13119.363,9511.2746,9535.377705,25740.57392,2615.08824,1884.73539
,,,,,6993,13579.77347,9439.803028,10166.37699,26831.77218,2759.03172,2059.99446
,,,,,6994,13858.73887,9554.414736,10635.77948,27992.60322,2855.1042,2260.95898
,,,,,6995,14585.61183,10053.84026,11569.75027,28452.49203,2904.93864,2431.44067
,,,,,6996,14389.82164,10176.20942,10546.48675,27769.99559,2939.02668,2678.54721
,,,,,6997,13291.24014,9665.036557,10362.24493,27328.92039,2909.07936,2443.41361
,,,,,6998,13445.19131,9423.207461,10593.4102,27908.56697,2924.3592,2447.71915
,,,,,6999,13420.6746,9686.751537,10487.68417,27977.02768,2973.50352,2495.10958
,,,,,7000,13706.33649,9668.955648,10742.79823,28131.99698,2952.03204,2528.8658
,,,,,7001,15464.37263,9893.100612,10965.91304,28023.59298,2915.9514,2551.45514
,,,,,7002,14834.26653,10580.38119,10764.0222,27310.38196,2876.40072,2541.71361
,,,,,7003,13878.60454,10420.73807,10304.53677,26978.05182,2809.45908,2541.76276
,,,,,7004,14273.37447,10262.69264,10691.93578,27408.43989,2792.53656,2497.9013
,,,,,7005,13715.62214,10091.32576,10416.31976,27593.18562,2770.22916,2513.76692
,,,,,7006,12684.95758,9979.581057,9831.130915,29060.73766,2753.32608,2444.45559
,,,,,7007,11632.50554,9282.244748,8989.356712,27548.39801,2681.48556,2314.58163
,,,,,7008,10623.95666,8785.823576,8273.118797,26126.06585,2684.20716,2069.73599
,,,,,7009,10350.00854,8338.002777,7772.34071,25078.02854,2679.55128,1816.46604
,,,,,7010,10233.21721,8240.196115,7593.038236,24680.9862,2638.5426,1747.09573
,,,,,7011,10119.32664,8240.196115,7533.752017,24182.89127,2578.36608,1669.78278
,,,,,7012,10119.32664,8240.196115,7533.752017,24182.89127,2546.33868,1646.08265
,,,,,7013,10620.78403,8253.426123,7590.715964,24182.89127,2545.07508,1611.9234
,,,,,7014,12276.90118,8797.203238,8676.33585,24858.58942,2557.4292,1640.80394
,,,,,7015,13328.05043,9567.27896,9325.013578,25802.71144,2628.12276,1828.82235
,,,,,7016,13132.89621,9433.618048,9476.860717,25530.75069,2619.59832,1889.97478
,,,,,7017,13593.78066,9364.106868,10104.00019,26612.6869,2759.22612,2059.63075
,,,,,7018,13873.03324,9475.574894,10570.53135,27763.66484,2852.41176,2254.16645
,,,,,7019,14600.65448,9961.301687,11528.96042,28219.65013,2900.74932,2419.19249
,,,,,7020,14404.66273,10080.31438,10481.78482,27542.9467,2933.81676,2660.95151
,,,,,7021,13304.95029,9583.162472,10298.67,27105.61533,2904.76368,2430.78206
,,,,,7022,13459.05995,9347.966501,10528.42124,27680.34189,2919.5964,2434.95981
,,,,,7023,13434.518,9604.281832,10423.34194,27748.22151,2965.54284,2480.82659
,,,,,7024,13720.47396,9586.974066,10676.89546,27901.87543,2946.43332,2513.51134
,,,,,7025,15490.62195,9804.970963,10898.64548,27794.39156,2911.44132,2535.37326
,,,,,7026,14849.56516,10475.31631,10697.98961,27087.23425,2873.06676,2525.94629
,,,,,7027,13892.91935,10318.13587,10241.31485,26757.72492,2808.13716,2525.99544
,,,,,7028,14288.09569,10164.42546,10626.34414,27184.45987,2791.7298,2483.52984
,,,,,7029,13729.76918,9997.759002,10352.41406,27367.63749,2770.08336,2498.89413
,,,,,7030,12698.0436,9889.079338,9770.804809,28826.27289,2753.68572,2431.79455
,,,,,7031,11644.5081,9210.870251,8934.179728,27323.23003,2684.00304,2306.06885
,,,,,7032,10634.92097,8728.065403,8222.32303,25912.97058,2686.63716,2069.04789
,,,,,7033,10337.0191,8241.143322,7754.90957,24962.44283,2671.53228,1817.19346
,,,,,7034,10220.37397,8124.736795,7576.007626,24555.52419,2628.22968,1749.02241
,,,,,7035,10102.61258,8138.753329,7486.362841,24038.026,2564.69004,1673.066
,,,,,7036,10052.6626,8124.736795,7486.362841,24038.026,2530.87416,1649.7689
,,,,,7037,10607.45563,8155.006424,7573.690542,24038.026,2526.50016,1617.58548
,,,,,7038,12261.49966,8708.814967,8656.885344,24737.54523,2542.58676,1644.58849
,,,,,7039,13311.33308,9493.096801,9304.114039,25705.15196,2617.23636,1829.33351
,,,,,7040,13116.42316,9356.970155,9455.621979,25426.42628,2608.23564,1889.41447
,,,,,7041,13576.73067,9286.176655,10081.36053,26535.27528,2755.65888,2056.12144
,,,,,7042,13855.63369,9399.701008,10546.84954,27714.88339,2854.06416,2247.27562
,,,,,7043,14582.3441,9894.388334,11546.29759,28182.21116,2905.10388,2409.4313
,,,,,7044,14386.59769,10015.59654,10458.30126,27488.67497,2940.01812,2648.87044
,,,,,7045,13288.26187,9509.273327,10275.59549,27040.46513,2909.3418,2420.82427
,,,,,7046,13442.17861,9269.738535,10504.8335,27629.48781,2925.00072,2424.92338
,,,,,7047,13417.66738,9530.78229,10399.98893,27699.05592,2969.83908,2469.99393
,,,,,7048,13703.26538,9513.155236,10652.97606,27856.53192,2953.34424,2502.10854
,,,,,7049,15511.14308,9735.173671,10874.23073,27746.37444,2916.3888,2523.59692
,,,,,7050,14830.94319,10444.18712,10674.02308,27021.62683,2875.87584,2514.32723
,,,,,7051,13875.49491,10257.80528,10218.36845,26683.92107,2807.31096,2514.37638
,,,,,7052,14270.17656,10101.25927,10602.53766,27121.2709,2789.9802,2472.64803
,,,,,7053,13712.54896,9931.518202,10329.21949,27309.005,2767.12848,2487.74691
,,,,,7054,12682.11489,9820.83365,9748.909451,28804.56617,2749.81716,2421.8171
,,,,,7055,11629.8982,9130.113177,8914.153243,27263.49293,2676.23676,2298.28349
,,,,,7056,10621.57487,8638.401699,8203.886708,25818.15376,2679.01668,2065.3813
,,,,,7057,10388.11417,8271.168191,7835.672672,25020.3028,2662.36632,1809.61453
,,,,,7058,10270.89395,8153.862726,7654.914965,24612.44214,2616.16716,1741.35501
,,,,,7059,10152.55198,8168.405415,7554.344496,24047.03925,2548.37988,1665.29047
,,,,,7060,10104.15111,8058.189998,7554.344496,24047.03925,2512.30896,1641.97371
,,,,,7061,10659.88401,8184.717684,7652.573846,24047.03925,2504.6982,1608.47307
,,,,,7062,12322.08283,8740.542544,8747.004705,24794.88456,2524.79916,1636.78347
,,,,,7063,13377.09215,9527.679807,9400.947151,25764.73133,2604.43512,1821.77424
,,,,,7064,13181.22129,9391.057548,9554.026694,25485.36039,2594.83176,1881.94367
,,,,,7065,13643.79821,9320.006302,10186.25608,26596.77641,2752.1208,2048.8669
,,,,,7066,13924.07628,9433.943976,10656.57364,27779.11535,2857.0968,2240.27666
,,,,,7067,14654.36952,9930.43237,11673.34691,28247.52499,2911.54824,2402.6486
,,,,,7068,14457.65805,10052.08187,10567.10684,27552.38325,2948.79528,2640.67222
,,,,,7069,13353.90719,9543.915228,10382.50585,27103.13579,2916.07776,2414.0514
,,,,,7070,13508.58277,9303.508334,10614.12176,27693.52208,2932.77672,2418.16034
,,,,,7071,13483.9507,9565.502502,10508.18963,27763.25123,2977.06104,2463.28987
,,,,,7072,13770.95676,9547.81127,10763.80101,27921.0918,2963.01564,2495.4438
,,,,,7073,15583.83105,9770.638034,10987.35077,27810.67929,2923.59132,2516.96167
,,,,,7074,14904.19426,10557.41927,10785.06636,27084.25388,2880.36648,2507.68215
,,,,,7075,13944.03542,10295.17245,10324.68519,26745.76632,2807.22348,2507.7313
,,,,,7076,14340.66293,10138.05649,10712.83941,27184.12863,2788.73604,2465.9538
,,,,,7077,13780.28611,9967.697421,10436.68609,27372.29734,2764.34856,2481.06251
,,,,,7078,12744.77178,9856.609886,9850.356458,28987.94645,2745.88056,2415.04423
,,,,,7079,11687.36744,9163.374625,9006.941263,27326.6799,2667.38184,2291.34351
,,,,,7080,10674.07286,8669.872914,8289.307082,25877.99473,2670.35616,2058.13659
,,,,,7081,10427.6311,8298.322254,7963.230879,25160.18173,2663.55216,1797.92666
,,,,,7082,10309.96612,8180.631938,7779.542158,24750.04367,2618.15004,1728.92989
,,,,,7083,10191.17512,8195.222339,7708.608691,24184.94027,2551.52916,1652.05929
,,,,,7084,10125.13653,8133.130126,7708.608691,24184.94027,2516.0706,1628.48695
,,,,,7085,10700.43213,8211.588124,7777.163078,24184.94027,2509.7526,1589.76658
,,,,,7086,12368.93786,8769.236512,8889.340301,24933.50481,2528.35668,1623.23773
,,,,,7087,13427.95023,9558.956184,9553.886523,25908.76697,2606.6124,1810.21416
,,,,,7088,13231.33617,9421.8857,9709.448273,25627.83609,2597.17428,1871.02254
,,,,,7089,13695.66826,9350.601352,10351.92936,26745.45798,2751.75144,2039.74466
,,,,,7090,13977.00979,9464.912828,10829.87319,27934.39881,2854.91952,2233.19906
,,,,,7091,14710.074,9963.030081,11809.85756,28405.42394,2908.43784,2397.31091
,,,,,7092,14512.61614,10085.07869,10738.95567,27706.40069,2945.04336,2631.27474
,,,,,7093,13404.6773,9575.24487,10551.36134,27254.64475,2912.87988,2408.8415
,,,,,7094,13559.93977,9334.049258,10786.73294,27848.32761,2929.29696,2412.98976
,,,,,7095,13535.21423,9596.902966,10679.08311,27918.44611,2974.21308,2458.60096
,,,,,7096,13823.30929,9579.153694,10938.83927,28077.16803,2959.011,2491.10877
,,,,,7097,15652.80279,9802.711499,11166.01392,27966.139,2920.26708,2512.85273
,,,,,7098,14960.84666,10553.73183,10960.44944,27235.65741,2877.79068,2503.47491
,,,,,7099,13997.04466,10328.96679,10492.60312,26895.27981,2805.90156,2503.51423
,,,,,7100,14395.17711,10171.33536,10887.05132,27336.08983,2787.73488,2461.29438
,,,,,7101,13832.67404,10000.41739,10606.42013,27525.30923,2763.77508,2476.5702
,,,,,7102,12793.23064,9888.965404,10010.58307,29137.3905,2745.62784,2409.84416
,,,,,7103,11731.81416,9193.455804,9153.49177,27479.43707,2668.47048,2284.81639
,,,,,7104,10714.67482,8698.335033,8424.221041,26022.6628,2671.3962,2049.11265
,,,,,7105,10441.96416,8284.112759,7971.196039,25218.35211,2666.84724,1785.88491
,,,,,7106,10324.13785,8195.074761,7787.324297,24807.26697,2621.484,1715.90514
,,,,,7107,10205.18399,8195.074761,7755.351898,24246.07815,2554.92144,1637.91392
,,,,,7108,10126.40276,8195.074761,7755.351898,24246.07815,2519.49204,1614.00736
,,,,,7109,10715.1392,8205.755172,7784.942845,24246.07815,2513.96136,1570.56859
,,,,,7110,12385.9325,8709.547418,8898.228211,24991.15175,2531.7684,1608.68933
,,,,,7111,13446.3968,9422.998146,9563.436568,25968.66597,2609.95608,1798.34935
,,,,,7112,13249.51317,9299.165551,9719.153316,25687.08637,2600.52768,1860.0326
,,,,,7113,13714.48187,9234.765648,10362.27455,26807.28905,2754.96876,2031.18273
,,,,,7114,13996.20913,9338.037238,10840.69459,27998.97536,2858.04936,2227.41902
,,,,,7115,14730.27839,9788.047703,11767.61251,28471.08817,2911.51908,2393.89007
,,,,,7116,14532.5498,9898.30919,10749.68648,27770.45075,2948.09544,2625.55368
,,,,,7117,13423.09195,9437.713716,10561.90524,27317.65162,2915.96112,2405.58777
,,,,,7118,13578.56729,9219.812109,10797.51136,27912.7054,2932.36848,2409.79501
,,,,,7119,13553.80786,9457.280133,10689.75427,27982.98582,2978.18856,2456.06482
,,,,,7120,13842.2979,9441.245036,10949.76924,28142.07425,2962.05336,2489.03464
,,,,,7121,15682.11611,9643.212246,11177.17025,28030.78885,2923.34832,2511.09316
,,,,,7122,14981.39486,10269.40285,10971.40094,27298.62044,2880.90108,2501.57772
,,,,,7123,14016.27147,10118.64325,10503.08847,26957.45685,2809.08,2501.62687
,,,,,7124,14414.94976,9976.235435,10897.92969,27399.28478,2790.92304,2458.79756
,,,,,7125,13851.67549,9821.824248,10617.01889,27588.94111,2766.98268,2474.28964
,,,,,7126,12810.80698,9721.135987,10020.58816,29189.9458,2748.85488,2406.60026
,,,,,7127,11747.93529,9092.796783,9162.642873,27542.96304,2671.76556,2279.78343
,,,,,7128,10729.40142,8645.493408,8432.645519,26082.82481,2674.68156,2040.68834
,,,,,7129,10458.48657,8138.122303,7999.56665,25214.4137,2672.69868,1791.2226
,,,,,7130,10340.4743,8051.956765,7815.043012,24803.39268,2628.5796,1723.06138
,,,,,7131,10221.3327,8051.956765,7793.310395,24218.84659,2563.8444,1647.1148
,,,,,7132,10171.00518,8051.956765,7793.310395,24201.17202,2529.39672,1623.83736
,,,,,7133,10732.09276,8061.801972,7812.653117,24201.17202,2524.80888,1583.15099
,,,,,7134,12405.52304,8552.495882,8929.885505,24987.24878,2541.33288,1618.64712
,,,,,7135,13467.66105,9247.397261,9597.452281,25964.61052,2617.37244,1803.36265
,,,,,7136,13270.46668,9126.78425,9753.721105,25683.07484,2608.20648,1863.43378
,,,,,7137,13736.16923,9064.058711,10399.12245,26803.10279,2758.40964,2030.11126
,,,,,7138,14018.34113,9164.645293,10879.23867,27994.60322,2858.66172,2221.22612
,,,,,7139,14753.56896,9602.955719,11792.98341,28466.64239,2910.66372,2383.34248
,,,,,7140,14555.52831,9710.350465,10787.90791,27766.11425,2946.23892,2611.17239
,,,,,7141,13444.31942,9261.730234,10599.46091,27313.38575,2914.98912,2394.73545
,,,,,7142,13600.04015,9049.493956,10835.90234,27908.34671,2930.93964,2398.83456
,,,,,7143,13575.24163,9280.787934,10727.76321,27978.61617,2976.46812,2443.89528
,,,,,7144,13864.18699,9265.169742,10988.70004,28137.67979,2959.81776,2476.00989
,,,,,7145,15686.69241,9461.885909,11216.90726,28026.41174,2922.16248,2497.48844
,,,,,7146,15005.08176,10073.61219,11010.40843,27294.35753,2880.88164,2488.22858
,,,,,7147,14038.43514,9924.955955,10540.43561,26953.24717,2811.024,2488.2679
,,,,,7148,14437.74266,9786.250668,10936.67669,27395.00618,2793.37248,2446.54938
,,,,,7149,13873.57938,9635.854092,10654.76996,27584.63293,2770.09308,2461.64826
,,,,,7150,12831.06809,9537.783674,10056.22465,29274.63373,2752.461,2395.72828
,,,,,7151,11766.51889,8925.780962,9195.237619,27538.66202,2677.49064,2272.21433
,,,,,7152,10746.37748,8490.107243,8462.652145,26078.75155,2680.32888,2039.36129
,,,,,7153,10453.69125,8021.055605,8046.06277,25364.8295,2678.2002,1809.12303
,,,,,7154,10335.73295,7927.523787,7860.47075,24951.35953,2635.25724,1743.86166
,,,,,7155,10216.64583,7927.523787,7819.982282,24377.00097,2572.24248,1671.12949
,,,,,7156,10112.16699,7927.523787,7819.982282,24377.00097,2538.70848,1648.82522
,,,,,7157,10727.1723,7939.510831,7858.067018,24377.00097,2537.2116,1614.98053
,,,,,7158,12399.83725,8463.794775,8981.768116,25136.31108,2550.32388,1643.86107
,,,,,7159,13461.48949,9206.265036,9653.200064,26119.49614,2624.3514,1820.75192
,,,,,7160,13264.38531,9077.395563,9810.373676,25836.28302,2615.41872,1878.28691
,,,,,7161,13729.87488,9010.376201,10459.51186,26962.98432,2761.62696,2037.89662
,,,,,7162,14011.91773,9117.848352,10942.40792,28161.58395,2859.20604,2220.93122
,,,,,7163,14746.80931,9586.162945,11883.18094,28636.43563,2909.8278,2376.18624
,,,,,7164,14548.85922,9700.909307,10850.54836,27931.7336,2944.45044,2601.32273
,,,,,7165,13438.15854,9221.57916,10661.01027,27476.30766,2914.02684,2387.08771
,,,,,7166,13593.80805,8994.814429,10898.82068,28074.81352,2929.54968,2391.01971
,,,,,7167,13569.02088,9241.941439,10790.05543,28145.50165,2977.45956,2434.17341
,,,,,7168,13857.83409,9225.254117,11052.50306,28305.513,2957.65992,2464.92165
,,,,,7169,15716.44125,9435.436322,11282.0316,28193.582,2921.01552,2485.49584
,,,,,7170,14998.20708,10084.25563,11074.33714,27457.16606,2880.83304,2476.61935
,,,,,7171,14032.00254,9930.205433,10601.64321,27114.02329,2812.84164,2476.65867
,,,,,7172,14431.12745,9782.005194,11000.17851,27558.41439,2795.65668,2436.70955
,,,,,7173,13867.22218,9621.313349,10716.63955,27749.17098,2772.98964,2451.16948
,,,,,7174,12825.18768,9516.529603,10114.62869,29380.56686,2755.83384,2388.04122
,,,,,7175,11761.12534,8862.632767,9248.656603,27702.92617,2682.85608,2269.75683
,,,,,7176,10741.4505,8397.135374,8511.829502,26234.31725,2685.62628,2046.76328
,,,,,7177,10495.19322,8064.788161,8086.04094,25527.90184,2675.19672,1819.70011
,,,,,7178,10376.76781,7950.407694,7899.530308,25111.77687,2632.33152,1755.71664
,,,,,7179,10257.20911,7964.587763,7803.481733,24519.97203,2569.4334,1684.40982
,,,,,7180,10024.21284,7915.037584,7803.481733,24475.87648,2535.95772,1662.5479
,,,,,7181,10769.75725,7980.493288,7897.114679,24475.87648,2532.6918,1625.62642
,,,,,7182,12449.04592,8522.45872,9026.377686,25297.91605,2547.55368,1657.68205
,,,,,7183,13514.9023,9289.968807,9701.132976,26287.41442,2621.44512,1831.10291
,,,,,7184,13317.01759,9156.753209,9859.084539,26002.38271,2612.53188,1887.50745
,,,,,7185,13784.35048,9087.473617,10511.43572,27136.31888,2758.4874,2044.00105
,,,,,7186,14067.51022,9198.570268,10996.72194,28342.61506,2855.89152,2223.43787
,,,,,7187,14805.31196,9682.678782,12014.68165,28820.5159,2906.4258,2375.65542
,,,,,7188,14606.57799,9801.294967,10904.4077,28111.28878,2940.99012,2591.29613
,,,,,7189,13491.47896,9305.7994,10713.93147,27652.93841,2910.62484,2386.35046
,,,,,7190,13647.74483,9071.387023,10952.91896,28255.28745,2926.11852,2390.19399
,,,,,7191,13622.8595,9326.848398,10843.61535,28326.4295,2971.7928,2432.51214
,,,,,7192,13912.81641,9309.598295,11107.36201,28487.46833,2954.18016,2462.65092
,,,,,7193,15863.36096,9526.868899,11338.02663,28374.81858,2917.59408,2482.82208
,,,,,7194,15057.70526,10251.70328,11129.30416,27633.67391,2877.48936,2474.12253
,,,,,7195,14087.67457,10038.32411,10654.27057,27288.32771,2809.6146,2474.17168
,,,,,7196,14488.38,9885.125814,11054.77847,27735.57238,2792.4588,2434.99913
,,,,,7197,13922.24168,9719.014633,10769.83609,27927.55387,2769.83064,2449.17399
,,,,,7198,12876.08074,9610.697054,10164.84551,29674.17383,2752.704,2387.28431
,,,,,7199,11807.80473,8934.747532,9294.587173,27881.01211,2679.8526,2271.30997
,,,,,7200,10784.09199,8453.551229,8554.113047,26402.97283,2682.61308,2052.69077
,,,,,7201,10607.53968,8166.005268,8173.98381,25831.27861,2670.59916,1817.68496
,,,,,7202,10487.84978,8050.190264,7985.452439,25410.21431,2627.0244,1752.20733
,,,,,7203,10367.0145,8064.548177,7859.031265,24811.38485,2563.08624,1679.24907
,,,,,7204,10094.67849,7990.771104,7871.287333,24714.06894,2529.05652,1656.88582
,,,,,7205,10885.03536,8080.653185,7983.010638,24760.63886,2520.31824,1617.54616
,,,,,7206,12582.25456,8629.41584,9124.508578,25598.56292,2540.84688,1651.90201
,,,,,7207,13659.49156,9406.551888,9806.574465,26599.80647,2615.96304,1829.34334
,,,,,7208,13459.49395,9271.665526,9966.237345,26311.39148,2606.904,1887.05527
,,,,,7209,13931.81677,9201.517043,10625.65638,27458.78728,2755.26036,2047.17614
,,,,,7210,14217.99993,9314.007047,11116.20041,28679.402,2854.278,2230.77105
,,,,,7211,14963.67951,9804.187154,12169.91495,29162.97543,2905.6482,2386.51757
,,,,,7212,14762.82358,9924.291,11022.886,28445.32991,2940.786,2605.02864
,,,,,7213,13635.81812,9422.581026,10830.34606,27981.539,2909.91528,2397.45836
,,,,,7214,13793.75252,9185.228695,11071.92285,28591.03782,2925.6714,2401.40019
,,,,,7215,13768.60148,9443.894015,10961.435,28663.02431,2965.55256,2444.69151
,,,,,7216,14061.65439,9426.427565,11228.0392,28825.97464,2954.18988,2475.52822
,,,,,7217,16052.13111,9646.423135,11461.20294,28711.98776,2917.00116,2496.17122
,,,,,7218,15218.76773,10397.31392,11250.21909,27962.04583,2876.23548,2487.26524
,,,,,7219,14238.37959,10164.29292,10770.03877,27612.60043,2807.2332,2487.31439
,,,,,7220,14643.36353,10009.17324,11174.88595,28065.15382,2789.79552,2447.23748
,,,,,7221,14071.18029,9840.978722,10886.85638,28259.41409,2766.798,2461.73673
,,,,,7222,13013.84902,9731.302645,10275.31106,30068.16791,2749.37976,2398.41187
,,,,,7223,11934.16654,9046.875498,9395.623965,28212.31989,2675.3328,2279.75394
,,,,,7224,10899.52315,8559.644126,8647.127217,26716.73654,2678.14188,2056.07229
,,,,,7225,10666.6284,8315.291061,8277.045681,26193.63966,2670.38532,1807.00958
,,,,,7226,10546.27345,8197.360248,8086.14617,25766.67569,2624.84712,1737.93417
,,,,,7227,10424.76675,8211.980464,7974.818406,25159.45584,2558.03184,1660.96527
,,,,,7228,10257.50205,8163.37556,7974.818406,25130.72538,2522.46636,1637.36344
,,,,,7229,10945.66598,8228.379692,8083.673697,25130.72538,2514.4182,1596.7852
,,,,,7230,12652.31576,8787.167618,9239.509981,25957.66332,2534.7816,1632.11422
,,,,,7231,13735.53842,9578.501059,9930.14329,26972.93561,2613.28032,1819.31674
,,,,,7232,13534.42952,9441.150477,10091.81169,26680.47954,2603.81304,1880.19393
,,,,,7233,14009.3768,9369.720461,10759.51369,27843.95187,2758.86648,2049.11265
,,,,,7234,14297.15013,9484.265529,11256.21943,29081.669,2862.3456,2242.8128
,,,,,7235,15046.97307,9983.40067,12300.70653,29572.01794,2916.02916,2407.11142
,,,,,7236,14845.00109,10105.69868,11161.7329,28844.31726,2952.75132,2638.88316
,,,,,7237,13711.73344,9594.823031,10966.77447,28374.02803,2920.49064,2418.66167
,,,,,7238,13870.5454,9353.134543,11211.3857,28992.06673,2936.95632,2422.80993
,,,,,7239,13845.2546,9616.525385,11099.51002,29065.06184,2979.94788,2468.48011
,,,,,7240,14139.93586,9598.739843,11369.46303,29230.29532,2966.75784,2501.02724
,,,,,7241,16066.25388,9822.754482,11605.55554,29114.71134,2927.89728,2522.79086
,,,,,7242,15303.47869,10564.40822,11391.92152,28354.26173,2885.2848,2513.40321
,,,,,7243,14317.64303,10350.08516,10905.70966,27999.92015,2813.18184,2513.45236
,,,,,7244,14724.87726,10192.13162,11315.64212,28458.8144,2794.95684,2471.17353
,,,,,7245,14149.5147,10020.86438,11023.99462,28655.79652,2770.91928,2486.46901
,,,,,7246,13086.30837,9909.184644,10404.76768,30402.15545,2752.72344,2419.66433
,,,,,7247,12000.62665,9212.25379,9514.030845,28608.04246,2675.3328,2294.48911
,,,,,7248,10960.23428,8716.121254,8756.132237,27091.50402,2678.26824,2058.5003
,,,,,7249,10646.19399,8526.922917,8375.301566,26335.8057,2677.131,1806.14454
,,,,,7250,10526.06903,8405.992672,8182.144345,25906.5271,2632.73004,1735.12279
,,,,,7251,10404.79452,8420.984736,8110.258429,25307.4209,2567.5866,1655.97163
,,,,,7252,10326.94416,8384.527026,8110.258429,25307.4209,2532.90564,1631.71119
,,,,,7253,10924.69834,8437.801059,8179.642632,25307.4209,2530.51452,1600.17655
,,,,,7254,12628.08678,9010.801099,9349.148633,26098.5501,2544.91956,1626.30469
,,,,,7255,13709.23944,9822.261175,10047.94985,27119.32632,2621.45484,1818.79575
,,,,,7256,13508.51486,9681.417242,10211.53025,26825.28481,2612.23056,1881.40302
,,,,,7257,13982.55453,9608.170488,10887.12895,27995.06448,2763.396,2055.09912
,,,,,7258,14269.77794,9725.628875,11389.70908,29239.49145,2864.2896,2254.26475
,,,,,7259,15018.168,10237.45893,12383.13081,29732.49864,2916.62208,2423.22279
,,,,,7260,14816.58197,10362.86745,11294.10509,29000.85299,2952.42084,2675.42127
,,,,,7261,13685.47995,9838.998277,11096.84095,28528.01426,2920.97664,2435.0876
,,,,,7262,13843.98842,9591.162726,11344.34512,29149.40343,2937.02436,2439.35382
,,,,,7263,13818.74596,9861.252605,11231.14631,29222.79426,2985.52716,2486.32156
,,,,,7264,14112.86409,9843.014708,11504.29198,29388.9235,2966.08716,2519.78288
,,,,,7265,15976.21649,10072.7269,11743.17668,29272.71291,2928.1986,2542.16579
,,,,,7266,15274.18344,10819.70797,11527.01608,28508.1408,2886.65532,2532.51273
,,,,,7267,14290.23167,10613.46961,11035.05394,28151.87828,2816.35056,2532.56188
,,,,,7268,14696.6877,10451.4987,11449.83454,28613.26026,2798.5824,2489.08379
,,,,,7269,14122.42463,10275.87549,11154.73782,28811.31025,2775.14748,2504.81179
,,,,,7270,13061.25005,10161.35531,10528.18748,30485.83964,2757.40848,2436.11975
,,,,,7271,11977.64302,9446.698838,9626.91617,28763.29731,2681.95212,2307.40573
,,,,,7272,10939.23879,8937.947754,8860.05413,27238.53751,2684.8098,2064.74235
,,,,,7273,10619.81283,8676.293872,8347.925692,26309.58872,2684.49876,1817.64564
,,,,,7274,10499.9848,8571.563448,8155.397511,25883.64145,2641.8474,1747.46927
,,,,,7275,10379.01006,8571.563448,8139.757048,25341.49771,2579.27976,1669.26179
,,,,,7276,10351.0131,8571.563448,8139.757048,25341.49771,2545.96932,1645.28642
,,,,,7277,10897.62877,8586.806625,8152.903944,25341.49771,2544.58908,1618.38171
,,,,,7278,12596.80677,9162.155901,9318.601314,26074.17429,2557.50696,1639.94873
,,,,,7279,13675.28704,9976.942874,10015.1268,27087.02898,2631.01932,1830.1494
,,,,,7280,13475.0586,9835.521496,10178.17449,26795.26932,2622.15468,1892.00959
,,,,,7281,13947.92654,9761.974438,10851.57302,27955.97114,2767.35204,2063.64139
,,,,,7282,14234.43999,9879.914392,11352.51644,29190.74097,2864.26044,2260.44782
,,,,,7283,14980.98018,10393.84289,12268.18498,29679.92227,2914.53228,2427.39071
,,,,,7284,14779.89243,10519.76557,11257.2238,28953.95442,2948.92164,2682.38091
,,,,,7285,13651.58627,9993.748596,11060.60206,28484.78506,2918.71188,2439.1179
,,,,,7286,13809.70295,9744.896947,11307.30021,29101.35206,2934.1278,2443.33497
,,,,,7287,13784.52288,10016.09416,11194.47005,29174.17336,2981.83356,2489.7424
,,,,,7288,14077.91401,9997.781494,11466.72619,29339.01338,2962.04364,2522.80069
,,,,,7289,15904.38625,10228.43548,11704.83293,29223.70462,2925.65196,2544.92802
,,,,,7290,15236.36281,10933.64554,11489.37628,28465.06583,2885.74164,2535.38309
,,,,,7291,14254.84317,10771.39517,10999.01628,28111.56802,2818.2168,2535.43224
,,,,,7292,14660.29452,10608.76021,11412.4461,28569.36953,2801.1582,2492.47514
,,,,,7293,14087.45091,10432.41695,11118.31039,28765.88259,2778.64668,2508.01637
,,,,,7294,13028.89934,10317.42725,10493.80048,30300.3461,2761.5978,2440.14022
,,,,,7295,11947.97078,9599.840772,9595.464269,28718.24225,2689.12548,2312.94985
,,,,,7296,10912.13329,9089.003865,8831.099604,27205.31505,2691.87624,2073.17649
,,,,,7297,10450.68744,9880.087028,8341.462655,28486.24422,2685.38328,1739.10394
,,,,,7298,10332.74922,9762.822627,8167.824486,28053.79219,2646.16308,1670.6085
,,,,,7299,10233.35726,9762.822627,8167.824486,27510.4268,2588.60124,1594.26872
,,,,,7300,10233.35726,9762.822627,8167.824486,27510.4268,2583.64404,1580.4674
,,,,,7301,10724.12196,9780.460792,8167.824486,27510.4268,2583.64404,1580.4674
,,,,,7302,12396.50224,10420.99768,9312.110166,28247.23471,2583.64404,1580.4674
,,,,,7303,13457.97381,11328.10079,10008.61548,29275.55697,2636.20008,1751.3128
,,,,,7304,13260.90317,11170.65623,10171.65845,28979.34178,2628.045,1811.68866
,,,,,7305,13726.31352,11088.77623,10845.03748,30157.76899,2761.5978,1979.21152
,,,,,7306,14008.30837,11220.07889,11345.96639,31411.39533,2850.7302,2171.30938
,,,,,7307,14743.07488,11792.23597,12316.66832,31908.04705,2896.96824,2334.25146
,,,,,7308,14545.15849,11932.42581,11250.67651,31170.99275,2928.5874,2661.94434
,,,,,7309,13434.64683,11346.81061,11054.06047,30694.65858,2900.80764,2345.70341
,,,,,7310,13590.26985,11069.76384,11300.75147,31320.64134,2914.98912,2349.82218
,,,,,7311,13565.48689,11371.68796,11187.92458,31394.57471,3036.40164,2395.11882
,,,,,7312,13854.25096,11351.30044,11460.17283,31561.93205,2940.65964,2427.38088
,,,,,7313,15640.33749,11608.08774,11698.27268,31444.86238,2907.18396,2448.97739
,,,,,7314,14994.42987,12391.02277,11482.82227,30674.63821,2870.48124,2439.66838
,,,,,7315,14028.38977,12212.56528,10992.47647,30315.74204,2808.38016,2439.7077
,,,,,7316,14427.44674,12031.50362,11405.89431,30780.53476,2792.68236,2397.78275
,,,,,7317,13863.63745,11835.18051,11111.76712,30980.04882,2771.97876,2412.95044
,,,,,7318,12821.78029,11707.16237,10487.2753,32565.46227,2756.3004,2346.69624
,,,,,7319,11757.89903,10908.27266,9588.965103,30931.68095,2689.64064,2222.55317
,,,,,7320,10738.39772,10339.55745,8824.622574,29395.64943,2692.16784,1988.52053
,,,,,7321,10370.51039,9779.223352,8214.113062,28546.829,2750.14764,1823.61245
,,,,,7322,10253.47458,9666.034754,8047.825056,28153.37158,2707.04916,1753.01339
,,,,,7323,10135.31877,9666.034754,8047.825056,27669.43088,2643.81084,1674.3439
,,,,,7324,10118.05991,9666.034754,8047.825056,27669.43088,2625.50808,1651.0468
,,,,,7325,10641.85271,9682.487829,8047.825056,27669.43088,2625.50808,1651.0468
,,,,,7326,12301.43671,10304.43917,9170.007352,28329.37121,2625.50808,1651.0468
,,,,,7327,13354.78639,11185.22216,9855.926235,29264.96868,2696.10444,1836.19485
,,,,,7328,13159.22365,11032.34595,10016.49105,28995.46349,2687.1426,1898.41875
,,,,,7329,13621.07289,10952.84173,10679.63515,30067.6308,2833.87572,2071.07287
,,,,,7330,13900.91005,11080.33457,11172.95027,31208.21647,2931.81444,2269.0589
,,,,,7331,14630.05446,11635.89019,12127.73541,31660.08463,2982.62088,2436.99462
,,,,,7332,14433.65244,11772.01234,11079.10873,30989.49121,3017.36988,2740.10267
,,,,,7333,13331.6379,11203.38911,10885.48113,30556.10854,2986.83936,2448.79062
,,,,,7334,13486.07016,10934.381,11128.42258,31125.64585,3002.42052,2453.03718
,,,,,7335,13461.47683,11227.54462,11017.31059,31192.91258,3092.11668,2499.71985
,,,,,7336,13748.03141,11207.74866,11285.42084,31345.17914,3030.62796,2532.98457
,,,,,7337,15562.96588,11457.08512,11519.90172,31238.66576,2993.84748,2555.22986
,,,,,7338,14879.4862,12219.49639,11307.72602,30537.89343,2953.52892,2545.63578
,,,,,7339,13920.83779,12044.0234,10824.83316,30211.35927,2885.2848,2545.68493
,,,,,7340,14316.84137,11868.21535,11231.96732,30634.24119,2868.04152,2502.47225
,,,,,7341,13757.34608,11677.58867,10942.31068,30815.76488,2845.287,2518.10195
,,,,,7342,12723.46073,11553.28505,10327.31073,32298.8813,2828.06316,2449.82277
,,,,,7343,11667.7198,10777.57559,9442.654272,30771.75839,2754.82296,2321.87549
,,,,,7344,10656.01924,10225.36198,8689.929259,29374.23228,2757.60288,2080.66695
,,,,,7345,10387.5062,9633.239875,8221.50857,28419.93201,2793.1878,1891.38047
,,,,,7346,10270.2791,9518.907525,8043.566165,28013.77283,2746.41516,1820.34889
,,,,,7347,10151.93017,9518.907525,8043.566165,27510.47566,2677.77252,1741.1879
,,,,,7348,10054.98038,9518.907525,8043.566165,27510.47566,2645.26884,1716.91763
,,,,,7349,10659.29202,9535.69316,8043.566165,27510.47566,2645.26884,1707.41202
,,,,,7350,12321.58856,10162.85998,9178.259617,28195.45415,2653.89048,1711.52096
,,,,,7351,13376.6599,11051.02892,9864.79328,29161.25498,2734.5276,1904.03168
,,,,,7352,13180.77752,10896.87074,10025.50201,28883.04951,2724.8076,1966.64878
,,,,,7353,13643.38163,10816.69983,10689.24048,29989.82898,2884.07952,2140.36454
,,,,,7354,13923.67618,10945.26179,11182.99775,31167.23552,2990.37744,2339.55966
,,,,,7355,14654.01236,11505.47611,12169.6519,31633.69109,3045.52872,2508.52753
,,,,,7356,14457.28932,11642.73973,11089.07209,30941.44929,3083.24232,2790.737
,,,,,7357,13353.47357,11069.34821,10895.27095,30494.07597,3050.10684,2520.40217
,,,,,7358,13508.15825,10798.0843,11138.43015,31081.99932,3067.01964,2524.66839
,,,,,7359,13483.52473,11093.70628,11027.21857,31151.43759,3130.60788,2571.64596
,,,,,7360,13770.54767,11073.74432,11295.56912,31308.61969,3097.64736,2605.10728
,,,,,7361,15641.45659,11325.17164,11530.26017,31198.66779,3057.7176,2627.49019
,,,,,7362,14903.85178,12093.34229,11317.89429,30475.27283,3013.94844,2617.83713
,,,,,7363,13943.63649,11917.03179,10834.56863,30138.19735,2939.87232,2617.88628
,,,,,7364,14340.28733,11739.74947,11242.0677,30574.73093,2921.16132,2574.40819
,,,,,7365,13779.87756,11547.52425,10952.15143,30762.11465,2896.4628,2590.13619
,,,,,7366,12744.30236,11422.17827,10336.60027,32278.5524,2877.77124,2521.43432
,,,,,7367,11686.83586,10639.96396,9451.150907,30716.68751,2798.27136,2392.70064
,,,,,7368,10673.48171,10083.11967,8697.751236,29274.04588,2801.28456,2150.00777
,,,,,7369,10499.54413,9506.07927,8318.368795,28302.03331,2819.10132,1933.76743
,,,,,7370,10381.05601,9391.863254,8126.376836,27863.56027,2765.9718,1860.82883
,,,,,7371,10261.43401,9391.863254,8111.663283,27311.01934,2688.0174,1779.53473
,,,,,7372,10101.98473,9391.863254,8111.663283,27311.01934,2646.52272,1754.61568
,,,,,7373,10774.25354,9408.615063,8123.890214,27311.01934,2639.31048,1731.67246
,,,,,7374,12454.43136,10035.2514,9286.340924,28059.69609,2660.8986,1749.06173
,,,,,7375,13520.85209,10922.6691,9980.926473,29102.33563,2752.48044,1946.76269
,,,,,7376,13322.8626,10768.64131,10143.52005,28801.99625,2741.4288,2011.06072
,,,,,7377,13790.44294,10688.53821,10815.04305,29996.83065,2922.318,2189.46539
,,,,,7378,14073.7526,10816.99142,11314.59126,31267.91117,3043.0404,2394.01786
,,,,,7379,14811.94499,11376.7319,12358.52055,31771.47775,3105.66636,2567.54685
,,,,,7380,14613.10581,11513.87941,11219.56402,31024.16148,3148.5024,2839.42499
,,,,,7381,13497.41634,10940.97289,11023.48991,30541.19532,3110.87628,2579.73605
,,,,,7382,13653.76496,10669.93842,11269.50096,31175.89362,3130.083,2584.12023
,,,,,7383,13628.86645,10965.31036,11156.98506,31250.85636,3182.87232,2632.35604
,,,,,7384,13918.97689,10945.36529,11428.48291,31420.5438,3164.85144,2666.72172
,,,,,7385,15845.46434,11196.57994,11665.92649,31301.84418,3119.51736,2689.71409
,,,,,7386,15064.47194,11964.16478,11451.06992,30520.89621,3069.80928,2679.79562
,,,,,7387,14093.92763,11787.93947,10962.07565,30157.00314,2985.68268,2679.84477
,,,,,7388,14494.84523,11610.8071,11374.354,30628.26716,2964.42504,2635.19691
,,,,,7389,13928.40715,11418.74448,11081.03751,30830.55905,2936.38284,2651.3476
,,,,,7390,12881.69229,11293.50451,10458.26697,32431.76779,2915.14464,2580.79769
,,,,,7391,11812.85064,10511.95183,9562.43277,30781.51775,2824.86528,2448.59402
,,,,,7392,10788.59586,9955.578541,8800.196987,29224.10013,2828.28672,2199.37403
,,,,,7393,10625.92631,9426.383082,8422.591973,28578.29294,2846.07432,1965.46918
,,,,,7394,10506.01574,9292.698393,8228.205189,28149.50053,2790.30096,1890.87914
,,,,,7395,10384.95766,9309.271661,8207.161416,27611.71211,2708.45856,1807.74683
,,,,,7396,10238.58801,9250.07332,8207.161416,27611.71211,2664.89352,1782.25764
,,,,,7397,10903.93362,9327.861593,8225.68755,27611.71211,2653.34616,1751.92226
,,,,,7398,12604.28208,9961.295627,9402.638169,28341.30605,2679.98868,1776.58573
,,,,,7399,13683.50525,10858.33994,10105.88768,29360.92615,2776.1292,1978.75934
,,,,,7400,13483.13889,10702.64128,10270.50937,29067.21767,2764.53324,2044.51221
,,,,,7401,13956.33255,10621.66923,10950.40867,30235.67247,2954.4426,2226.93735
,,,,,7402,14243.04337,10751.51589,11456.18803,31478.69002,3081.1914,2436.12958
,,,,,7403,14990.0978,11317.32838,12511.84651,31971.13883,3146.9472,2613.57091
,,,,,7404,14788.87154,11455.96365,11359.97546,31240.32183,3191.92164,2882.23464
,,,,,7405,13659.78816,10876.8423,11161.45561,30768.01863,3152.40984,2626.03535
,,,,,7406,13818.01375,10602.86767,11410.53529,31388.70403,3172.56912,2630.52766
,,,,,7407,13792.81633,10901.44378,11296.61591,31462.01174,3223.18116,2679.8546
,,,,,7408,14086.40957,10881.28234,11571.50031,31627.95282,3209.08716,2714.98702
,,,,,7409,16018.9936,11135.22214,11811.90566,31511.87385,3161.4786,2738.50038
,,,,,7410,15245.65634,11972.96945,11594.36906,30748.16768,3109.29192,2728.36565
,,,,,7411,14263.4606,11732.99669,11099.27529,30392.30866,3020.976,2728.4148
,,,,,7412,14669.19124,11553.9428,11516.69622,30853.16809,2998.64916,2682.75445
,,,,,7413,14095.95303,11359.7967,11219.72103,31050.99377,2969.20728,2699.27868
,,,,,7414,13036.6723,11233.19815,10589.18231,32626.80671,2946.91932,2627.12648
,,,,,7415,11954.99915,10443.16726,9682.173866,31003.03521,2852.12988,2491.93449
,,,,,7416,10918.44813,9880.75848,8910.430282,29480.00233,2855.72628,2237.07208
,,,,,7417,10672.39815,9464.616569,8449.165162,28714.1923,2870.01468,1997.13161
,,,,,7418,10551.96452,9330.390001,8270.201935,28307.82958,2812.49172,1922.63004
,,,,,7419,10430.3784,9347.030447,8270.201935,27804.22224,2728.07352,1839.60586
,,,,,7420,10343.15345,9205.487782,8270.201935,27804.22224,2683.14768,1814.14616
,,,,,7421,10951.61813,9365.695731,8270.201935,27804.22224,2678.86116,1783.49622
,,,,,7422,12659.38351,10001.69733,9432.289815,28489.60195,2698.7094,1808.48408
,,,,,7423,13743.31424,10902.37773,10137.74833,29455.88676,2797.87284,2010.41194
,,,,,7424,13542.07389,10746.04796,10302.88712,29177.54187,2785.91724,2076.07634
,,,,,7425,14017.33162,10664.7477,10984.92207,30284.87598,2981.78496,2258.29505
,,,,,7426,14305.29307,10795.12068,11492.29015,31462.87255,3112.51896,2467.22187
,,,,,7427,15055.60615,11363.22663,12473.99716,31929.56186,3180.3354,2644.45677
,,,,,7428,14853.50214,11502.42386,11395.77536,31236.97316,3226.71924,2912.3341
,,,,,7429,13719.4937,10920.95509,11196.63193,30789.37566,3185.973,2656.91138
,,,,,7430,13878.40947,10645.86993,11446.49401,31377.59363,3206.76408,2661.39386
,,,,,7431,13853.10215,10945.65628,11332.21679,31447.06669,3268.18476,2710.65199
,,,,,7432,14147.97603,10925.41312,11607.96465,31604.32756,3244.42908,2745.75492
,,,,,7433,16046.00819,11180.38225,11849.12514,31494.32057,3195.32364,2769.23879
,,,,,7434,15312.27944,12085.25749,11630.90523,30770.5631,3141.49428,2759.11389
,,,,,7435,14325.79936,11780.57981,11134.2563,30433.3187,3050.40816,2759.16304
,,,,,7436,14733.29979,11600.80015,11552.98841,30870.07104,3027.38148,2713.56167
,,,,,7437,14157.56113,11405.8671,11255.08037,31057.54866,2997.0162,2730.05641
,,,,,7438,13093.65981,11278.75539,10622.56105,32574.52036,2974.0284,2657.99268
,,,,,7439,12007.2684,10485.52218,9712.70357,31012.09876,2876.26464,2522.9678
,,,,,7440,10966.19595,9920.833734,8938.535837,29568.73418,2879.96796,2268.41012
,,,,,7441,10665.82202,9590.579377,8440.307213,28578.52596,2888.86176,2019.12132
,,,,,7442,10545.46241,9454.567554,8264.994072,28176.49342,2830.29876,1944.48213
,,,,,7443,10423.95101,9471.429323,8264.994072,27679.48493,2744.37396,1861.32033
,,,,,7444,10365.73561,9424.819434,8264.994072,27679.48493,2698.65108,1835.82131
,,,,,7445,10944.8704,9490.342862,8264.994072,27679.48493,2694.20904,1805.01409
,,,,,7446,12651.58622,10134.80348,9422.405688,28356.32883,2714.48496,1830.13957
,,,,,7447,13734.8508,11047.46321,10127.12785,29312.31696,2815.42716,2032.41148
,,,,,7448,13533.73412,10889.0542,10292.09427,29036.9381,2803.25772,2098.19384
,,,,,7449,14008.69978,10806.67262,10973.41732,30132.47251,3002.62464,2280.71728
,,,,,7450,14296.48425,10938.7796,11480.25581,31297.9164,3135.68172,2490.00781
,,,,,7451,15046.33621,11514.44154,12452.20464,31759.6327,3204.71316,2667.53761
,,,,,7452,14844.35641,11655.49013,11383.84176,31074.42419,3251.9232,2935.71967
,,,,,7453,13711.0449,11066.28765,11184.9062,30631.59627,3210.44796,2680.01188
,,,,,7454,13869.863,10787.54377,11434.50748,31213.54622,3231.61812,2684.49436
,,,,,7455,13844.57123,11091.31738,11320.34954,31282.27898,3294.03996,2733.84096
,,,,,7456,14139.26389,11070.80498,11595.80957,31437.86408,3269.94408,2769.00287
,,,,,7457,16016.87386,11329.16527,11836.71834,31329.02932,3219.97356,2792.52606
,,,,,7458,15302.85175,12168.56952,11618.72621,30612.98417,3165.18192,2782.3815
,,,,,7459,14316.97794,11937.34565,11122.59568,30279.33343,3072.46284,2782.43065
,,,,,7460,14724.22793,11755.17487,11540.89071,30711.43176,3049.03764,2736.75064
,,,,,7461,14148.8431,11557.64914,11243.29363,30896.91162,3018.12804,2753.27487
,,,,,7462,13085.59563,11428.8468,10611.43453,32402.52369,2994.72228,2681.09318
,,,,,7463,11999.87189,10625.06335,9702.52675,30851.94604,2895.20892,2545.84221
,,,,,7464,10959.43926,10052.86437,8929.167087,29423.96188,2898.98028,2290.85201
,,,,,7465,10623.36175,9681.991537,8396.413833,28531.13421,2904.00552,2024.963759
,,,,,7466,10503.48004,9566.673502,8202.628567,28130.0147,2846.03544,1948.633809
,,,,,7467,10382.45111,9566.673502,8201.444154,27634.39758,2760.966,1863.574819
,,,,,7468,10338.97661,9566.673502,8201.444154,27634.39758,2715.69024,1837.495829
,,,,,7469,10901.30214,9583.745736,8201.444154,27634.39758,2705.98968,1801.242789
,,,,,7470,12601.24129,10215.40725,9373.427339,28309.4417,2731.37832,1831.696129
,,,,,7471,13680.20467,11109.9414,10074.50069,29263.25877,2831.30964,2038.558649
,,,,,7472,13479.88655,10954.67842,10238.61297,28988.5053,2819.25684,2105.835169
,,,,,7473,13952.96631,10873.93296,10916.40836,30081.55173,3016.63116,2292.506869
,,,,,7474,14239.60811,11003.41627,11420.62262,31244.34888,3148.36632,2506.545289
,,,,,7475,14986.48271,11567.64546,12447.42171,31705.01661,3216.69792,2688.115219
,,,,,7476,14785.30488,11705.8928,11324.70777,31021.36422,3263.4414,2949
,,,,,7477,13656.49329,11128.39198,11126.80223,30579.54197,3222.38412,2700.864729
,,,,,7478,13814.6808,10855.18401,11375.11115,31160.1703,3243.34044,2705.455339
,,,,,7479,13789.48945,11152.92462,11261.54429,31228.74696,3298.725,2755.932389
,,,,,7480,14083.01201,11132.8196,11535.57808,31383.97873,3281.28732,2791.890529
,,,,,7481,15945.61611,11386.04881,11775.23951,31275.39113,3231.81252,2815.944539
,,,,,7482,15241.97973,12159.18289,11558.37606,30560.97214,3177.5652,2805.573889
,,,,,7483,14260.02042,11982.15062,11064.81433,30228.07913,3085.77924,2805.623039
,,,,,7484,14665.65339,11803.59778,11480.94358,30659.19615,3062.5776,2758.901049
,,,,,7485,14092.55318,11609.99495,11184.88735,30844.25479,3031.97904,2775.808649
,,,,,7486,13033.52743,11483.75065,10556.2998,32347.47166,3008.80656,2701.975519
,,,,,7487,11952.11466,10695.93048,9652.09803,30799.39132,2910.29436,2563.657589
,,,,,7488,10915.81315,10135.09547,8882.742558,29374.65014,2914.02684,2302.877519
,,,,,7489,10560.46801,9657.597352,8348.218707,28681.2515,2916.50544,2032.724758
,,,,,7490,10441.29419,9520.957371,8155.540861,28304.62083,2860.24608,1956.335828
,,,,,7491,10320.97991,9537.615215,8150.494911,27846.32276,2777.70384,1871.208028
,,,,,7492,10281.61542,9520.957371,8150.494911,27846.32276,2733.76944,1845.109378
,,,,,7493,10836.76721,9556.660836,8153.045356,27846.32276,2717.97444,1803.184428
,,,,,7494,12526.66851,10205.62204,9319.648894,28473.09359,2748.98124,1839.309678
,,,,,7495,13599.26079,11124.65532,10016.71583,29368.67895,2845.95768,2046.339308
,,,,,7496,13400.12551,10965.14006,10179.89027,29110.69951,2834.26452,2113.664978
,,,,,7497,13870.41181,10882.18317,10853.81227,30137.01412,3025.79712,2300.484128
,,,,,7498,14155.36104,11015.21272,11355.14511,31228.82107,3153.63456,2514.699488
,,,,,7499,14897.82547,11594.89479,12386.72756,31661.36447,3219.95412,2696.416868
,,,,,7500,14697.83557,11736.92839,11259.77839,31019.4499,3265.30764,2949
,,,,,7501,13575.68942,11143.61122,11063.00381,30604.60144,3225.46536,2709.176208
,,,,,7502,13732.94285,10862.92074,11309.89373,31149.7817,3245.7996,2713.776648
,,,,,7503,13707.90025,11168.81574,11196.97586,31214.17167,3291.84324,2764.283188
,,,,,7504,13999.68961,11148.1601,11469.44364,31359.92635,3282.62868,2800.270818
,,,,,7505,15852.06897,11408.32465,11707.73548,31257.96816,3234.61188,2824.344488
,,,,,7506,15151.81383,12228.73155,11492.11134,30587.16532,3181.97808,2813.964008
,,,,,7507,14175.65282,12020.75225,11001.37015,30274.59584,3092.904,2814.013158
,,,,,7508,14578.89059,11837.30927,11415.12135,30679.39264,3070.39248,2767.261678
,,,,,7509,14009.17444,11638.40413,11120.75699,30853.15322,3040.69788,2784.179108
,,,,,7510,12956.40206,11508.7023,10495.76162,32292.12697,3018.2058,2710.286998
,,,,,7511,11881.37486,10699.30564,9596.727072,30811.02872,2922.6096,2571.851108
,,,,,7512,10851.19254,10123.11071,8831.768219,29473.26974,2926.23516,2310.864608
,,,,,7513,10540.04663,9761.225042,8299.067338,28503.82577,2927.5182,2043.41125
,,,,,7514,10421.10265,9622.79468,8107.518885,28118.88972,2873.43612,1968.34937
,,,,,7515,10301.02042,9639.956282,8086.418779,27647.93492,2794.09176,1884.7059
,,,,,7516,10220.19509,9561.642562,8086.418779,27647.93492,2751.85836,1859.05943
,,,,,7517,10815.81294,9659.206139,8105.038008,27647.93492,2734.46928,1813.46789
,,,,,7518,12502.45497,10315.12645,9264.803428,28291.07761,2766.48696,1853.35803
,,,,,7519,13572.97858,11244.01494,9957.784468,29206.41221,2859.70176,2056.78988
,,,,,7520,13374.22736,11082.78913,10120.00245,28942.74388,2848.46544,2122.94578
,,,,,7521,13843.60664,10998.94265,10789.97422,29991.69054,3032.58168,2306.52103
,,,,,7522,14128.00629,11133.39874,11288.36846,31107.57378,3155.47164,2517.01082
,,,,,7523,14869.03875,11719.297,12340.46655,31549.65553,3219.2154,2695.57277
,,,,,7524,14669.43457,11862.8537,11193.56073,30893.5856,3262.81932,2945.40222
,,,,,7525,13549.45267,11263.17411,10997.93956,30469.58899,3224.5128,2708.11585
,,,,,7526,13706.40281,10979.47366,11243.38232,31026.79144,3244.06944,2712.62782
,,,,,7527,13681.40851,11288.64892,11131.12633,31092.60133,3285.66132,2762.25949
,,,,,7528,13972.6351,11267.77177,11401.99702,31241.57016,3279.46968,2797.618
,,,,,7529,15850.67382,11530.72618,11638.8921,31137.36361,3233.3094,2821.27881
,,,,,7530,15122.53725,12406.90541,11424.53185,30451.76838,3182.7168,2811.07527
,,,,,7531,14148.25894,12149.72112,10936.66717,30132.30618,3097.0836,2811.12442
,,,,,7532,14550.719,11964.31101,11347.99315,30546.02947,3075.44688,2765.179
,,,,,7533,13982.10164,11763.27291,11055.35422,30723.62178,3046.89924,2781.80153
,,,,,7534,12931.35971,11632.18023,10434.0223,32184.38355,3025.28196,2709.20698
,,,,,7535,11858.40588,10814.10404,9540.257496,30680.56836,2933.38908,2573.16961
,,,,,7536,10830.21044,10231.73031,8779.782496,29313.30942,2936.86884,2316.71474
,,,,,7537,10624.46464,9943.349293,8313.932779,28300.6411,2932.63092,2040.75715
,,,,,7538,10504.57052,9828.656954,8122.042751,27879.45769,2878.1892,1965.75425
,,,,,7539,10383.52905,9828.656954,8060.608139,27353.26479,2798.31024,1882.16976
,,,,,7540,10274.93409,9828.656954,8060.608139,27353.26479,2755.80468,1856.54295
,,,,,7541,10902.43381,9845.54726,8119.557449,27353.26479,2736.57852,1809.66368
,,,,,7542,12602.54898,10474.35562,9281.391004,28067.85958,2770.53048,1850.84155
,,,,,7543,13681.62409,11364.84925,9975.607792,29069.38634,2864.36736,2054.12595
,,,,,7544,13481.28522,11210.28758,10138.11504,28780.88977,2853.04356,2120.2327
,,,,,7545,13954.41396,11129.90683,10809.28153,29928.61011,3038.38452,2303.67033
,,,,,7546,14241.08544,11258.80528,11308.56453,31149.57008,3162.08124,2514.01267
,,,,,7547,14988.03738,11820.4859,12416.28031,31633.28029,3226.25268,2692.437
,,,,,7548,14786.83872,11958.10879,11213.58774,30915.43178,3270.1482,2940.30045
,,,,,7549,13657.91025,11383.21649,11017.61773,30451.50969,3231.58896,2704.97025
,,,,,7550,13816.11413,11111.24257,11263.49817,31061.18091,3251.26224,2709.48222
,,,,,7551,13790.92017,11407.63831,11151.042,31133.18776,3291.05592,2759.07457
,,,,,7552,14084.47313,11387.62411,11422.39571,31296.18418,3286.89576,2794.41342
,,,,,7553,15991.3047,11639.70951,11659.71323,31182.16506,3240.44388,2818.05457
,,,,,7554,15243.56086,12409.69288,11444.97073,30432.011,3189.51108,2807.86086
,,,,,7555,14261.49987,12233.11878,10956.23607,30082.46677,3103.31412,2807.91001
,,,,,7556,14667.17484,12055.37244,11368.29554,30535.14816,3081.5316,2762.00391
,,,,,7557,14094.01529,11862.6441,11075.13477,30729.46338,3052.79928,2778.60678
,,,,,7558,13034.87988,11736.97003,10452.69486,32285.31514,3031.0362,2706.06138
,,,,,7559,11953.35513,10952.70837,9557.336271,30682.35586,2938.53096,2570.13214
,,,,,7560,10916.94632,10394.4066,8795.505165,29186.34948,2942.03988,2313.86404
,,,,,7561,10707.77729,9948.857368,8386.656956,28474.13572,2934.711,2029.04962
,,,,,7562,10586.94547,9842.957657,8193.095882,28043.3515,2878.50024,1952.65086
,,,,,7563,10464.95733,9842.957657,8135.736168,27502.5277,2796.02604,1867.5034
,,,,,7564,10390.76648,9842.957657,8135.736168,27502.5277,2752.1208,1841.40475
,,,,,7565,10987.92048,9857.291398,8190.588937,27502.5277,2731.806,1795.04647
,,,,,7566,12701.33238,10446.00562,9362.540146,28236.04799,2767.3326,1835.59522
,,,,,7567,13788.847,11279.71949,10062.80242,29260.40441,2864.22156,2042.66417
,,,,,7568,13586.94127,11135.013,10226.72484,28965.3316,2852.53812,2109.99967
,,,,,7569,14063.77039,11059.7575,10903.73608,30139.21407,3043.9152,2296.84831
,,,,,7570,14352.68395,11180.43711,11407.36701,31388.00566,3171.636,2511.10299
,,,,,7571,15105.47785,11706.3038,12511.64962,31882.74199,3237.89724,2692.84003
,,,,,7572,14902.70561,11835.15156,11311.56312,31148.53022,3283.2216,2947.20111
,,,,,7573,13764.9477,11296.9156,11113.88654,30674.03308,3243.39876,2705.6092
,,,,,7574,13924.38891,11042.28331,11361.90819,31297.60167,3263.72328,2710.19981
,,,,,7575,13898.99791,11319.78024,11248.47271,31371.24991,3304.23624,2760.72601
,,,,,7576,14194.84676,11301.04218,11522.18947,31537.96181,3300.51348,2796.71364
,,,,,7577,16088.23882,11537.05409,11761.57363,31421.34364,3252.54528,2820.79714
,,,,,7578,15362.9998,12262.76204,11544.96108,30654.08992,3199.95036,2810.40683
,,,,,7579,14373.25804,12092.62634,11051.97035,30296.57787,3110.95404,2810.46581
,,,,,7580,14782.10582,11926.21348,11467.61818,30759.57807,3088.46196,2763.69467
,,,,,7581,14204.46355,11745.7739,11171.90446,30958.32269,3058.7868,2780.6121
,,,,,7582,13137.04456,11628.11308,10544.04413,32539.36089,3036.32388,2706.71999
,,,,,7583,12047.06113,10893.85759,9640.88844,30910.14135,2940.80544,2568.26444
,,,,,7584,11002.5465,10371.15431,8872.423042,29380.03371,2944.431,2307.22879
,,,,,7585,10777.85875,9616.453038,8463.498225,28677.32741,2945.0628,2024.81289
,,,,,7586,10656.23815,9499.100582,8268.171504,28244.62305,2891.41812,1948.77784
,,,,,7587,10533.45368,9499.100582,8248.723716,27700.87312,2812.71528,1864.03341
,,,,,7588,10438.81835,9499.100582,8248.723716,27700.87312,2770.82208,1838.05272
,,,,,7589,11059.83069,9516.76435,8265.641691,27700.87312,2753.26776,1792.88387
,,,,,7590,12784.42761,10157.70277,9448.283337,28438.17844,2785.33404,1832.27268
,,,,,7591,13879.04145,11065.37451,10154.93334,29467.10073,2877.8004,2038.35863
,,,,,7592,13675.81769,10907.83126,10320.35105,29170.71269,2866.64184,2105.3894
,,,,,7593,14155.75951,10825.89992,11003.53792,30349.82752,3049.27092,2291.35334
,,,,,7594,14446.55908,10957.28489,11511.76293,31604.18535,3171.15972,2504.59553
,,,,,7595,15204.26716,11529.80064,12566.44259,32101.12686,3234.39804,2685.47736
,,,,,7596,15000.17123,11670.07835,11415.08513,31363.64249,3277.64232,2939.96623
,,,,,7597,13854.98613,11084.09606,11215.60536,30887.03037,3239.64684,2698.18755
,,,,,7598,14015.46816,10806.87561,11465.88945,31513.3784,3259.03824,2702.7585
,,,,,7599,13989.91141,11108.989,11351.41922,31587.35491,3299.92056,2753.03895
,,,,,7600,14287.69154,11088.5887,11627.6328,31754.8099,3294.14688,2788.8693
,,,,,7601,16203.21985,11345.53697,11869.2006,31637.67192,3248.3754,2812.83484
,,,,,7602,15463.47019,12128.91541,11650.61213,30866.99832,3198.18132,2802.49368
,,,,,7603,14467.26747,11950.39344,11153.12438,30507.89274,3113.24796,2802.55266
,,,,,7604,14878.78419,11769.21828,11572.56371,30972.95667,3091.7862,2756.00761
,,,,,7605,14297.3711,11572.7721,11274.15252,31172.58715,3063.47184,2772.8464
,,,,,7606,13222.98409,11444.67371,10640.5649,32758.66256,3042.03924,2699.29834
,,,,,7607,12125.88533,10645.28321,9729.170701,31124.19105,2950.88508,2561.49157
,,,,,7608,11074.55218,10076.21149,8953.695428,29587.26326,2954.33568,2301.68467
,,,,,7609,10804.84054,9409.233784,8500.314393,28803.704,2951.29332,2026.14977
,,,,,7610,10682.91626,9276.446006,8311.582444,28391.49185,2898.28044,1951.90378
,,,,,7611,10559.8252,9292.335285,8311.582444,27878.97044,2820.49128,1869.15484
,,,,,7612,10483.12238,9276.446006,8311.582444,27878.97044,2779.0938,1843.79344
,,,,,7613,11087.51657,9310.891419,8311.582444,27878.97044,2759.24556,1798.06428
,,,,,7614,12816.41979,9943.173793,9489.364591,28575.88076,2793.4308,1838.14119
,,,,,7615,13913.76687,10838.58718,10199.07508,29556.07486,2884.80852,2039.38095
,,,,,7616,13710.03566,10683.17159,10365.20921,29273.7233,2873.79576,2104.82909
,,,,,7617,14191.1759,10602.34676,11051.35496,30396.99705,3054.28644,2286.40885
,,,,,7618,14482.70158,10731.95734,11561.78108,31591.9504,3174.7464,2494.62791
,,,,,7619,15242.30166,11296.74111,12568.66838,32065.35753,3237.23628,2671.25335
,,,,,7620,15037.69611,11435.12434,11464.68457,31362.79929,3279.98484,2917.53417
,,,,,7621,13889.65149,10857.05589,11264.34086,30908.7588,3242.42676,2683.65881
,,,,,7622,14050.53424,10583.57938,11515.70892,31505.44393,3261.5946,2688.12163
,,,,,7623,14024.91367,10881.61264,11400.74292,31575.91703,3298.98744,2737.22248
,,,,,7624,14323.43735,10861.48786,11678.15278,31735.44161,3296.295,2772.19762
,,,,,7625,16230.01497,11114.96597,11920.7668,31623.85111,3251.0484,2795.60285
,,,,,7626,15502.15192,11917.10124,11701.23163,30889.67544,3201.44724,2785.50744
,,,,,7627,14503.46169,11711.65369,11201.58927,30547.57654,3117.51504,2785.55659
,,,,,7628,14916.00595,11532.92535,11622.84518,30990.61575,3096.29628,2740.1125
,,,,,7629,14333.14109,11339.13223,11323.14158,31180.79204,3068.32212,2756.55809
,,,,,7630,13256.07134,11212.76384,10686.8099,32713.10892,3047.13252,2684.74011
,,,,,7631,12156.23314,10424.16932,9771.468473,31134.68791,2957.04756,2550.17724
,,,,,7632,11102.27482,9862.783072,8992.634631,29670.54667,2960.45928,2296.49443
,,,,,7633,10780.68685,9299.305311,8549.395824,28849.60682,2950.82676,2012.87927
,,,,,7634,10659.03441,9167.421679,8372.870182,28450.31837,2894.82984,1937.84688
,,,,,7635,10536.21781,9183.771664,8372.870182,27957.49163,2812.66668,1854.2329
,,,,,7636,10477.12938,9125.094557,8372.870182,27957.49163,2768.9364,1828.60609
,,,,,7637,11062.73259,9202.111145,8372.870182,27957.49163,2745.76392,1776.72335
,,,,,7638,12787.78087,9827.011285,9544.132018,28628.92631,2784.08988,1822.89486
,,,,,7639,13882.6812,10711.97024,10257.9226,29578.38933,2880.60948,2026.24807
,,,,,7640,13679.40425,10558.36921,10425.01182,29304.89007,2868.96492,2092.38431
,,,,,7641,14159.47169,10478.48805,11115.10218,30392.9469,3059.613,2275.88092
,,,,,7642,14450.34736,10606.58536,11628.46271,31550.43604,3186.8478,2486.29207
,,,,,7643,15208.25375,11164.77498,12600.0346,32009.00089,3252.85632,2664.77538
,,,,,7644,15004.10441,11301.54251,11530.808,31328.46928,3298.00572,2905.93477
,,,,,7645,13858.61959,10730.22332,11329.31252,30888.66388,3258.3384,2677.30863
,,,,,7646,14019.14361,10459.9398,11582.12568,31466.64173,3278.58516,2681.8206
,,,,,7647,13993.58017,10754.49336,11466.49875,31534.90535,3315.3948,2731.43261
,,,,,7648,14291.43824,10734.60355,11745.50343,31689.4285,3315.23928,2766.78129
,,,,,7649,16183.23023,10985.12216,11989.51223,31581.33659,3267.44604,2790.43227
,,,,,7650,15467.52462,11813.5539,11768.71496,30870.17882,3215.05524,2780.22873
,,,,,7651,14471.06117,11574.84323,11266.20018,30538.80542,3126.39912,2780.27788
,,,,,7652,14882.68559,11398.20164,11689.87787,30967.95445,3103.99452,2734.36195
,,,,,7653,14301.12034,11206.67116,11388.45129,31152.16832,3074.436,2750.97465
,,,,,7654,13226.45214,11081.77819,10748.46137,32650.58168,3052.05084,2678.39976
,,,,,7655,12129.06624,10302.39093,9827.857699,31107.50965,2956.90176,2542.42137
,,,,,7656,11077.45794,9747.559169,9044.546384,29689.27222,2960.50788,2286.07463
,,,,,7657,10756.98051,9298.375015,8560.742393,28711.94592,2952.03204,2007.74801
,,,,,7658,10635.5949,9166.504568,8389.066553,28311.63782,2893.48848,1933.22678
,,,,,7659,10513.04767,9182.852919,8389.066553,27817.25721,2807.58312,1850.17311
,,,,,7660,10460.70307,9140.451859,8389.066553,27817.25721,2761.86024,1824.71341
,,,,,7661,11038.40764,9201.190566,8389.066553,27817.25721,2740.78728,1767.74856
,,,,,7662,12759.67239,9826.028232,9556.793066,28490.70186,2777.69412,1819.05133
,,,,,7663,13852.17128,10710.89871,10271.52687,29442.58949,2878.61688,2021.02834
,,,,,7664,13649.34017,10557.31304,10438.83689,29168.3918,2866.44744,2086.7124
,,,,,7665,14128.35468,10477.43987,11129.83917,30259.22717,3065.77548,2268.97043
,,,,,7666,14418.59238,10605.52437,11643.87807,31419.67214,3198.81312,2477.95623
,,,,,7667,15174.83646,11163.65819,12601.69644,31879.40801,3267.83484,2655.23045
,,,,,7668,14971.13487,11300.41204,11546.09432,31197.13855,3315.03516,2887.35607
,,,,,7669,13828.16244,10729.14997,11344.33257,30756.21004,3273.56964,2667.68506
,,,,,7670,13988.33439,10458.89347,11597.47981,31335.66384,3294.73008,2672.16754
,,,,,7671,13962.82702,10753.41758,11481.70009,31404.10179,3337.05096,2721.44533
,,,,,7672,14260.03179,10733.52976,11761.07344,31559.01954,3333.05604,2756.54826
,,,,,7673,16144.45219,10984.02333,12005.40469,31450.6516,3283.08552,2780.04196
,,,,,7674,15433.53867,11799.65118,11784.31565,30737.67777,3228.31332,2769.90723
,,,,,7675,14439.26076,11573.68544,11281.13683,30405.45816,3135.60396,2769.95638
,,,,,7676,14849.98236,11397.06151,11705.37438,30835.70309,3112.17876,2724.34518
,,,,,7677,14269.69266,11205.55017,11403.54949,31020.38738,3081.27888,2740.84975
,,,,,7678,13197.38152,11080.66969,10762.71387,32521.47564,3057.88284,2668.76636
,,,,,7679,12102.40251,10301.36036,9840.893673,30975.61467,2958.38892,2533.71199
,,,,,7680,11053.10069,9746.584059,9056.547262,29553.75554,2962.16028,2279.09533
,,,,,7681,10764.84721,9347.613858,8498.680223,28487.56236,2959.5456,1999.60877
,,,,,7682,10643.37306,9215.045555,8316.616595,28074.12579,2901.65328,1924.3208
,,,,,7683,10520.73644,9231.480421,8316.616595,27559.73844,2816.71992,1840.41192
,,,,,7684,10466.00668,9162.983265,8316.616595,27559.73844,2771.5122,1814.68681
,,,,,7685,11046.47962,9249.915111,8316.616595,27559.73844,2752.98588,1752.93475
,,,,,7686,12768.9999,9878.059406,9487.541106,28259.0624,2787.17112,1808.96575
,,,,,7687,13862.29567,10767.6126,10197.11575,29242.16806,2886.95664,2013.02672
,,,,,7688,13659.31662,10613.21416,10363.21808,28958.97782,2874.92328,2079.38905
,,,,,7689,14138.68053,10532.9183,11049.23249,30085.58813,3072.006,2263.53444
,,,,,7690,14429.12993,10661.68063,11559.56091,31284.09097,3203.54676,2474.67301
,,,,,7691,15185.92564,11222.76807,12548.12511,31758.9043,3271.79088,2653.77561
,,,,,7692,14982.07547,11360.24562,11462.48299,31054.25918,3318.46632,2882.59835
,,,,,7693,13838.26932,10785.96045,11262.17762,30598.87001,3277.45764,2666.36784
,,,,,7694,13998.55811,10514.27375,11513.49757,31197.32754,3298.3848,2670.88964
,,,,,7695,13973.03213,10810.35648,11398.55357,31268.00997,3343.01904,2720.67859
,,,,,7696,14270.45369,10790.36341,11675.91033,31428.0084,3336.28308,2756.14523
,,,,,7697,16157.42001,11042.18259,11918.47792,31316.08643,3286.87632,2779.88468
,,,,,7698,15444.81655,11881.68635,11698.98477,30579.72997,3232.71648,2769.64182
,,,,,7699,14449.8134,11634.96518,11199.43805,30236.6149,3141.05688,2769.69097
,,,,,7700,14860.83459,11457.40656,11620.61333,30680.97012,3117.89412,2723.60793
,,,,,7701,14280.1216,11264.88175,11320.96709,30871.7113,3087.33444,2740.27961
,,,,,7702,13207.0283,11139.34041,10684.75721,32407.24031,3064.20084,2667.45897
,,,,,7703,12111.25059,10355.90698,9769.59099,30825.47022,2965.82472,2531.00874
,,,,,7704,11061.18339,9798.194816,8990.906226,29356.97991,2969.5572,2273.75764
,,,,,7705,10807.98453,9427.04082,8484.354559,28598.98224,2965.67892,1987.08535
,,,,,7706,10686.02485,9293.346808,8288.548604,28171.22632,2908.01988,1908.25858
,,,,,7707,10562.89807,9309.921232,8276.407141,27635.01743,2823.40728,1820.4177
,,,,,7708,10469.01626,9292.107166,8276.407141,27635.01743,2778.37452,1793.4835
,,,,,7709,11090.74259,9328.51246,8286.012584,27635.01743,2756.79612,1727.14083
,,,,,7710,12820.1476,9961.990664,9471.555839,28362.5682,2793.97512,1787.4872
,,,,,7711,13917.81316,10859.09753,10179.93961,29379.72365,2893.37184,2001.13242
,,,,,7712,13714.02282,10703.38801,10345.76316,29086.72513,2881.37736,2070.62069
,,,,,7713,14195.3027,10622.41032,11030.62624,30252.35551,3077.71164,2263.39682
,,,,,7714,14486.913,10752.26603,11540.09818,31492.3684,3208.74696,2484.45386
,,,,,7715,15246.73353,11318.11797,12585.39652,31983.62685,3276.71892,2671.97094
,,,,,7716,15042.0686,11456.76292,11443.18318,31254.57641,3323.20968,2909.22782
,,,,,7717,13893.69078,10877.60118,11243.21398,30783.41487,3282.36624,2685.15297
,,,,,7718,14054.62022,10603.60745,11494.11214,31402.59993,3303.21564,2689.89103
,,,,,7719,14028.99222,10902.20437,11379.36106,31475.73044,3343.90356,2742.00969
,,,,,7720,14327.60254,10882.04153,11656.25233,31641.2704,3340.9584,2779.14743
,,,,,7721,16246.18509,11135.99904,11898.41282,31525.47202,3291.74604,2803.99767
,,,,,7722,15506.65921,11941.40247,11679.28804,30763.61191,3237.79032,2793.28297
,,,,,7723,14507.67913,11733.81527,11180.57971,30408.61308,3146.49036,2793.33212
,,,,,7724,14920.34313,11554.7489,11601.04813,30868.3585,3123.41508,2745.08648
,,,,,7725,14337.3091,11360.58926,11301.90479,31065.70599,3092.97204,2762.54456
,,,,,7726,13259.92675,11233.98187,10666.76266,32638.79985,3069.92592,2686.29325
,,,,,7727,12159.76934,10443.8959,9753.13236,31017.86336,2971.9386,2543.43386
,,,,,7728,11105.50513,9881.447901,8975.75446,29498.51199,2975.65164,2274.11152
,,,,,7729,10857.08895,9502.471919,8588.939018,28886.90099,2968.76016,1986.86909
,,,,,7730,10734.5766,9389.239757,8390.729936,28449.02232,2909.67228,1905.6438
,,,,,7731,10610.89185,9389.239757,8368.361969,27897.38716,2822.9796,1815.11933
,,,,,7732,10520.36127,9389.239757,8368.361969,27897.38716,2776.83876,1787.36924
,,,,,7733,11141.12838,9405.705498,8388.162792,27897.38716,2753.81208,1719.91578
,,,,,7734,12878.37047,10027.85549,9588.256219,28644.89226,2792.82816,1781.196
,,,,,7735,13981.01028,10908.91979,10305.33398,29686.11847,2894.6646,2001.33885
,,,,,7736,13776.29644,10755.99476,10473.19269,29386.1862,2882.38824,2072.94057
,,,,,7737,14259.75731,10676.46515,11166.46109,30579.40096,3083.54364,2271.58521
,,,,,7738,14552.68909,10803.99871,11682.18578,31848.75848,3217.79628,2499.3758
,,,,,7739,15315.95287,11359.73177,12744.5543,32351.64245,3287.44008,2692.59428
,,,,,7740,15110.36047,11495.89739,11584.08134,31605.33919,3335.0778,2938.30496
,,,,,7741,13956.77859,10927.09255,11381.65792,31123.02772,3293.2332,2706.16951
,,,,,7742,14118.43731,10657.99852,11635.63535,31756.86565,3314.58804,2711.05502
,,,,,7743,14092.69317,10951.25577,11519.47593,31831.72678,3355.1496,2764.76614
,,,,,7744,14392.65669,10931.45349,11799.76549,32001.18421,3353.26392,2803.03433
,,,,,7745,16314.77997,11180.86959,12044.89801,31882.64549,3302.83656,2828.63165
,,,,,7746,15577.05644,11943.50022,11823.08391,31102.75612,3247.55892,2817.59256
,,,,,7747,14573.54932,11767.99533,11318.25494,30739.35633,3154.01364,2817.65154
,,,,,7748,14988.08338,11592.13113,11743.88377,31209.98152,3130.36488,2767.9314
,,,,,7749,14402.40723,11401.44356,11441.06904,31411.9992,3099.18312,2785.9203
,,,,,7750,13320.14255,11277.10024,10798.13181,33011.64869,3075.57324,2707.34911
,,,,,7751,12214.9996,10501.14302,9873.288528,31363.02438,2975.16564,2560.14486
,,,,,7752,11155.95782,9948.753038,9086.369869,29807.71791,2978.97588,2282.6243
,,,,,7753,10912.89485,9444.081129,8802.50062,29320.91591,2969.71272,1995.506668
,,,,,7754,10789.75439,9322.449453,8618.610661,28878.157,2908.01016,1912.344868
,,,,,7755,10665.43552,9326.749971,8618.610661,28319.08475,2817.4878,1819.657798
,,,,,7756,10589.57107,9322.449453,8618.610661,28319.08475,2769.30576,1791.249098
,,,,,7757,11198.39052,9345.374783,8618.610661,28319.08475,2750.3712,1735.709598
,,,,,7758,12944.53924,9979.997328,9826.558547,29076.20995,2785.995,1784.928408
,,,,,7759,14052.83216,10878.72477,10561.38945,30129.04081,2892.34152,2010.330308
,,,,,7760,13847.06877,10722.73397,10733.40395,29825.76575,2879.52084,2083.632618
,,,,,7761,14333.00829,10641.60999,11443.83603,31032.2791,3089.57004,2287.034978
,,,,,7762,14627.44189,10771.70028,11972.32884,32315.78384,3229.7616,2520.261558
,,,,,7763,15394.61884,11338.5744,12955.56961,32824.27255,3302.48664,2718.100138
,,,,,7764,15187.97239,11477.4698,11871.79557,32069.6516,3352.2336,2949
,,,,,7765,14028.47623,10897.26184,11664.36063,31581.96468,3308.53248,2731.999758
,,,,,7766,14190.96375,10622.77315,11924.62594,32222.86685,3330.83988,2736.993398
,,,,,7767,14165.08763,10921.90948,11805.59069,32298.56232,3379.37184,2791.992248
,,,,,7768,14466.58903,10901.71021,12092.81955,32469.90838,3371.21676,2831.164798
,,,,,7769,16385.38396,11156.12648,12344.02097,32350.04853,3318.56352,2857.381408
,,,,,7770,15657.06106,11942.485,12116.71528,31561.46716,3260.84616,2846.076908
,,,,,7771,14648.40908,11755.02262,11599.38793,31194.0172,3163.15044,2846.135888
,,,,,7772,15065.0684,11575.63278,12035.55433,31669.8876,3138.47136,2795.226318
,,,,,7773,14476.38956,11381.12241,11725.24262,31874.1568,3105.89964,2813.647738
,,,,,7774,13388.57624,11254.28631,11066.38779,33486.60893,3081.24972,2733.208848
,,,,,7775,12277.76734,10462.77309,10118.64758,31824.63615,2976.40008,2582.485458
,,,,,7776,11213.29598,9899.309069,9312.246681,30251.9955,2980.37556,2298.329648
,,,,,7777,10992.57953,9412.022275,8995.750013,29643.93342,2977.40124,2017.942147
,,,,,7778,10868.5422,9278.541119,8819.676266,29220.88081,2917.37052,1935.488107
,,,,,7779,10743.31788,9295.089154,8819.676266,28691.83938,2829.27816,1843.597267
,,,,,7780,10660.65462,9257.564433,8819.676266,28691.83938,2782.38888,1815.424487
,,,,,7781,11280.15454,9313.650783,8819.676266,28691.83938,2770.13196,1765.586387
,,,,,7782,13039.02097,9946.120419,10019.61629,29410.11883,2798.631,1809.152947
,,,,,7783,14155.3859,10841.79899,10754.30968,30416.09034,2902.11984,2032.637997
,,,,,7784,13948.12388,10686.33738,10926.29198,30126.31343,2889.63936,2105.321017
,,,,,7785,14437.60263,10605.48861,11636.59111,31279.12734,3094.04124,2306.983467
,,,,,7786,14734.18068,10735.13758,12164.98501,32505.50592,3230.46144,2538.214557
,,,,,7787,15506.9452,11300.08862,13126.73962,32991.36283,3301.23276,2734.372207
,,,,,7788,15298.79368,11438.51283,12064.47056,32270.32852,3349.63836,2949
,,,,,7789,14130.85258,10860.27318,11857.07443,31804.34755,3307.11336,2748.144037
,,,,,7790,14294.52355,10586.71567,12117.29104,32416.72448,3328.81812,2753.108187
,,,,,7791,14268.45896,10884.8372,11998.27806,32489.05089,3383.51256,2807.635197
,,,,,7792,14572.15628,10864.70646,12285.45317,32652.77069,3368.11608,2846.473527
,,,,,7793,16504.98342,11118.25964,12536.60758,32538.24555,3316.88196,2872.464047
,,,,,7794,15771.29886,11938.03715,12309.34443,31784.76232,3260.71008,2861.257847
,,,,,7795,14755.30058,11715.12408,11792.1139,31433.66682,3165.64848,2861.316827
,,,,,7796,15174.99454,11536.3428,12228.19866,31888.3572,3141.63036,2810.839777
,,,,,7797,14582.02819,11342.49229,11917.94503,32083.53479,3109.93344,2829.103917
,,,,,7798,13486.29201,11216.08648,11259.21351,33644.29016,3085.94448,2749.343297
,,,,,7799,12367.39278,10427.2584,10311.65066,32036.2182,2983.92336,2599.907637
,,,,,7800,11295.16857,9865.705889,9505.400676,30533.57257,2987.7822,2318.179837
,,,,,7801,11032.50377,9364.083836,9104.802024,29593.09436,2975.57388,2034.356538
,,,,,7802,10908.01709,9251.145656,8932.850221,29186.47268,2917.44828,1951.931988
,,,,,7803,10782.33912,9251.145656,8932.850221,28682.47069,2832.165,1860.080468
,,,,,7804,10728.05233,9251.145656,8932.850221,28682.47069,2786.7726,1831.927348
,,,,,7805,11321.1206,9267.525919,8932.850221,28682.47069,2777.72328,1782.325168
,,,,,7806,13086.35894,9888.335364,10112.90085,29368.36088,2802.49956,1825.655808
,,,,,7807,14206.76818,10767.50124,10836.28002,30335.26148,2902.69332,2049.032728
,,,,,7808,13998.7553,10614.90571,11005.61381,30056.73921,2890.61136,2121.686258
,,,,,7809,14490.00731,10535.54746,11704.9744,31164.779,3088.50084,2323.250408
,,,,,7810,14787.65978,10662.80623,12225.23108,32343.52627,3220.5762,2554.383198
,,,,,7811,15563.22383,11217.34185,13180.26476,32810.51299,3289.09248,2750.442548
,,,,,7812,15354.31823,11353.21407,12126.26454,32117.48292,3335.9526,2949
,,,,,7813,14182.14598,10785.63483,11922.0623,31669.60018,3294.7884,2764.224208
,,,,,7814,14346.40988,10517.12063,12178.27159,32258.19301,3315.80304,2769.178528
,,,,,7815,14320.25087,10809.746,12061.0914,32327.71034,3372.14988,2823.676048
,,,,,7816,14625.04841,10789.98638,12343.84404,32485.07143,3353.84712,2862.504548
,,,,,7817,16543.38398,11038.86507,12591.13069,32374.99433,3304.23624,2888.485238
,,,,,7818,15828.53517,11800.01535,12367.36738,31650.77563,3249.85284,2877.279038
,,,,,7819,14808.85619,11624.72573,11858.10215,31313.31631,3157.82388,2877.338018
,,,,,7820,15230.0706,11449.24046,12287.47125,31750.34698,3134.56392,2826.890458
,,,,,7821,14634.95608,11258.96377,11981.9955,31937.94407,3103.8876,2845.134938
,,,,,7822,13535.25034,11134.88837,11333.40838,33455.59513,3080.6568,2765.423468
,,,,,7823,12412.29762,10360.6031,10400.43792,31892.46521,2981.88216,2616.046788
,,,,,7824,11336.18902,9809.403354,9606.604111,30448.18082,2985.62436,2334.446778
,,,,,7825,11020.29055,9339.733522,9010.228052,29329.55316,2967.6132,2050.841875
,,,,,7826,10895.94133,9232.005232,8841.353731,28922.1951,2910.64428,1969.066105
,,,,,7827,10776.07306,9232.005232,8841.353731,28417.07091,2827.05228,1877.932175
,,,,,7828,10776.07306,9232.005232,8841.353731,28417.07091,2782.56384,1849.995315
,,,,,7829,11308.58867,9246.870655,8841.353731,28417.07091,2769.91812,1800.412795
,,,,,7830,13071.87778,9843.923143,10006.55475,29104.4127,2797.97976,1843.772925
,,,,,7831,14191.04983,10689.44535,10721.48662,30073.06435,2896.1712,2065.409935
,,,,,7832,13983.26664,10542.6893,10888.84301,29794.03767,2884.33224,2137.493325
,,,,,7833,14473.9762,10466.36792,11580.03677,30904.08411,3078.28512,2337.494505
,,,,,7834,14771.29999,10588.75678,12094.21813,32084.96608,3207.73608,2566.818575
,,,,,7835,15546.00764,11122.07159,13044.23391,32552.79851,3274.88184,2761.354275
,,,,,7836,15337.33272,11252.7443,11996.40728,31858.51337,3320.81856,2949
,,,,,7837,14166.45482,10706.88501,11794.58962,31409.81952,3280.46112,2775.017975
,,,,,7838,14330.53734,10448.64623,12047.80701,31999.47828,3301.0578,2779.942805
,,,,,7839,14304.40721,10730.0735,11931.9952,32069.12151,3351.71844,2834.017635
,,,,,7840,14608.86818,10711.07004,12211.44598,32226.76757,3338.35344,2872.541405
,,,,,7841,16481.31717,10950.42471,12455.84493,32116.49113,3289.734,2898.315665
,,,,,7842,15811.02602,11685.3405,12234.69462,31390.96087,3236.42952,2887.197935
,,,,,7843,14792.473,11513.86582,11731.37637,31052.89042,3146.22792,2887.256915
,,,,,7844,15213.22229,11345.09597,12155.73148,31490.71255,3123.43452,2837.202555
,,,,,7845,14618.76492,11162.10073,11853.82294,31678.64938,3093.37056,2855.309415
,,,,,7846,13520.2735,11042.77342,11212.80974,33198.23225,3070.5966,2776.207405
,,,,,7847,12398.56078,10298.11828,10290.73409,31633.08816,2973.79512,2628.010325
,,,,,7848,11323.64045,9768.011681,9506.170319,30186.18818,2977.45956,2348.602405
,,,,,7849,10991.43397,9304.406943,8794.251535,29161.26787,2958.31116,2064.479077
,,,,,7850,10867.40953,9197.560948,8631.433922,28765.4947,2903.27652,1983.302937
,,,,,7851,10789.42965,9197.560948,8631.433922,28278.02497,2822.51304,1892.827617
,,,,,7852,10789.42965,9197.560948,8631.433922,28278.02497,2779.5312,1865.097187
,,,,,7853,11278.97908,9212.169833,8631.433922,28278.02497,2756.74752,1812.880227
,,,,,7854,13037.66268,9805.199084,9767.409831,28942.5302,2794.42224,1858.923947
,,,,,7855,14153.91156,10645.02374,10465.71681,29883.63428,2889.29916,2078.948837
,,,,,7856,13946.67108,10499.25661,10629.18152,29612.54287,2877.849,2150.501407
,,,,,7857,14436.09896,10423.44951,11304.30238,30691.0206,3065.24088,2349.047747
,,,,,7858,14732.64618,10545.01366,11806.52706,31838.31937,3190.30812,2576.710547
,,,,,7859,15505.33037,11074.73473,12746.66723,32292.84707,3255.18912,2769.830727
,,,,,7860,15297.20049,11204.5269,11710.99068,31618.30677,3299.57064,2949
,,,,,7861,14129.38079,10662.34589,11513.86606,31182.37336,3260.58372,2783.396127
,,,,,7862,14293.03475,10405.84725,11761.19518,31755.26276,3280.48056,2788.281637
,,,,,7863,14266.97287,10685.37812,11648.07643,31822.9254,3316.6584,2841.963267
,,,,,7864,14570.63862,10666.50271,11921.02891,31976.08816,3316.50288,2880.201967
,,,,,7865,16383.38412,10904.24449,12159.74466,31868.94787,3269.53584,2905.799287
,,,,,7866,15769.65655,11634.71748,11943.73694,31164.05104,3218.03928,2894.760197
,,,,,7867,14753.76388,11463.88885,11452.12275,30835.595,3130.88976,2894.809347
,,,,,7868,15173.41422,11296.25626,11866.60999,31260.96587,3108.86424,2845.118697
,,,,,7869,14580.5095,11114.49413,11571.72198,31443.55794,3079.81116,2863.097767
,,,,,7870,13484.88723,10995.97091,10945.61478,32932.74944,3057.8148,2784.575727
,,,,,7871,12366.1043,10256.33362,10044.98091,31399.29244,2964.28896,2637.450117
,,,,,7872,11293.99155,9729.79915,9278.661249,29993.54097,2967.82704,2360.077007
,,,,,7873,10903.19778,9259.823153,8639.994243,29226.46659,2943.6048,2075.632708
,,,,,7874,10780.16646,9153.193176,8476.122385,28841.92506,2887.16076,1994.790788
,,,,,7875,10698.28741,9153.193176,8476.122385,28371.57146,2804.33664,1904.698838
,,,,,7876,10698.28741,9153.193176,8476.122385,28371.57146,2760.25644,1877.086368
,,,,,7877,11188.44041,9167.739251,8476.122385,28371.57146,2729.26908,1822.785448
,,,,,7878,12933.04148,9759.783464,9617.185288,29013.93647,2775.52656,1870.932788
,,,,,7879,14040.35209,10598.21315,10318.38603,29928.33296,2872.82376,2090.033658
,,,,,7880,13834.77107,10452.68814,10482.52814,29664.93486,2861.09172,2161.301158
,,,,,7881,14320.27989,10377.00696,11160.44669,30712.80647,3053.26584,2359.002118
,,,,,7882,14614.45253,10498.36919,11664.75258,31827.54606,3181.53096,2585.711408
,,,,,7883,15380.94951,11027.21038,12606.61172,32269.17472,3248.06436,2778.015698
,,,,,7884,15174.48621,11156.78696,11568.8203,31613.77719,3293.5734,2949
,,,,,7885,14016.01775,10615.50652,11370.8788,31190.21513,3253.59504,2791.531948
,,,,,7886,14178.36125,10359.43393,11619.23284,31746.84652,3273.99732,2796.387968
,,,,,7887,14152.50806,10638.50049,11505.64534,31812.58896,3306.39408,2849.843508
,,,,,7888,14453.74224,10619.65644,11779.72893,31961.40511,3306.39408,2887.924928
,,,,,7889,16262.68655,10857.00332,12019.4339,31857.30536,3262.77072,2913.414118
,,,,,7890,15643.15912,11586.38855,11802.53105,31172.41278,3209.96196,2902.424178
,,,,,7891,14635.40113,11415.71811,11308.87963,30853.278,3120.58656,2902.473328
,,,,,7892,15051.69116,11248.36395,11725.0845,31266.57727,3097.99728,2852.989108
,,,,,7893,14463.53408,11066.90374,11428.97447,31443.98756,3068.20548,2870.899368
,,,,,7894,13376.68491,10948.57738,10800.2727,32903.71438,3045.64536,2792.701718
,,,,,7895,12266.86056,10210.16866,9895.906619,31400.97827,2949.7284,2646.195398
,,,,,7896,11203.33266,9684.508772,9126.411342,30035.12061,2953.36368,2369.982228
,,,,,7897,10868.96485,9232.70963,8662.538333,29366.86573,2927.77092,2084.42372
,,,,,7898,10746.31884,9124.902123,8499.421724,28979.78401,2867.27364,2003.50316
,,,,,7899,10656.12822,9124.902123,8499.421724,28505.55937,2778.49116,1913.31291
,,,,,7900,10656.12822,9124.902123,8499.421724,28505.55937,2731.24224,1885.67095
,,,,,7901,11153.31418,9139.790579,8499.421724,28505.55937,2698.79688,1834.06345
,,,,,7902,12892.45167,9737.204293,9636.840368,29152.93169,2747.61072,1879.51737
,,,,,7903,13996.2945,10583.23805,10335.96805,30073.36846,2851.90632,2098.84433
,,,,,7904,13791.3573,10436.39322,10499.62488,29808.23041,2839.32864,2170.17081
,,,,,7905,14275.34565,10360.02566,11175.53921,30863.02402,3045.31488,2368.08803
,,,,,7906,14568.59703,10482.48856,11678.35414,31985.1273,3182.80428,2595.02341
,,,,,7907,15332.69356,11016.12604,12618.98183,32429.67326,3254.11992,2787.53413
,,,,,7908,15126.87685,11146.8778,11582.70548,31769.94633,3302.9046,2949
,,,,,7909,13972.03637,10600.68827,11385.34918,31343.58632,3260.04912,2801.06021
,,,,,7910,14133.87146,10342.29325,11632.96898,31903.89468,3281.91912,2805.92606
,,,,,7911,14108.09923,10623.89078,11519.71729,31970.0714,3317.11524,2859.43075
,,,,,7912,14408.39003,10604.87583,11792.99057,32119.87059,3317.11524,2897.56132
,,,,,7913,16225.06784,10844.37531,12031.98687,32015.08318,3269.89548,2923.07017
,,,,,7914,15594.08201,11579.69,11815.72528,31325.66637,3213.2862,2912.0704
,,,,,7915,14589.48002,11408.15731,11323.53331,31004.42346,3117.48588,2912.11955
,,,,,7916,15004.46635,11239.28535,11738.50769,31420.45288,3093.27336,2862.58618
,,,,,7917,14418.15121,11056.1794,11443.2731,31599.03511,3061.33344,2880.50627
,,,,,7918,13334.70574,10936.77989,10816.43004,33065.42576,3037.15008,2802.22998
,,,,,7919,12228.35703,10191.67422,9914.737674,31555.74171,2934.34164,2655.57621
,,,,,7920,11168.1598,9661.246903,9147.517367,30180.86153,2938.22964,2379.07797
,,,,,7921,10898.75779,9201.898705,8896.442425,29443.50744,2920.7628,2095.584189
,,,,,7922,10775.77645,9078.281564,8741.063736,29045.87894,2858.71032,2015.302579
,,,,,7923,10659.67054,9087.574442,8741.063736,28555.58183,2767.66308,1925.829919
,,,,,7924,10659.67054,9078.281564,8741.063736,28555.58183,2719.20888,1898.394389
,,,,,7925,11183.88456,9105.721948,8741.063736,28555.58183,2694.384,1848.143429
,,,,,7926,12927.777,9724.080759,9841.145006,29223.74436,2735.99532,1892.289959
,,,,,7927,14034.63785,10599.77614,10519.03308,30169.26021,2842.9542,2109.886839
,,,,,7928,13829.14033,10447.78298,10677.71799,29896.89796,2830.05576,2180.653009
,,,,,7929,14314.45195,10368.738,11333.09793,30980.43145,3041.31024,2377.007259
,,,,,7930,14608.5051,10495.49441,11820.63726,32133.1086,3182.30856,2602.153579
,,,,,7931,15374.69075,11047.84101,12748.64809,32589.76707,3255.46128,2793.140649
,,,,,7932,15168.31131,11183.17688,11727.89442,31912.06461,3305.49012,2949
,,,,,7933,14010.31339,10617.83815,11536.53383,31474.0876,3261.53628,2806.558599
,,,,,7934,14172.59096,10350.3839,11776.63091,32049.66263,3283.97004,2811.385129
,,,,,7935,14146.74827,10641.85414,11666.81982,32117.64247,3325.7952,2864.476959
,,,,,7936,14447.86009,10622.17252,11931.79101,32271.52323,3324.5802,2902.292969
,,,,,7937,16302.70394,10870.06876,12163.52657,32163.88069,3271.62564,2927.605219
,,,,,7938,15636.79385,11647.61358,11953.83504,31455.67938,3213.56808,2916.684089
,,,,,7939,14629.4452,11453.61675,11476.59594,31125.68359,3115.31832,2916.743069
,,,,,7940,15045.56613,11278.82421,11878.96333,31553.04854,3090.49344,2867.602899
,,,,,7941,14457.64795,11089.29863,11592.69802,31736.49658,3057.73704,2885.375539
,,,,,7942,13371.24024,10965.71302,10984.89855,33230.55529,3032.94132,2807.718539
,,,,,7943,12261.86667,10194.48423,10110.59975,31692.02357,2927.49876,2662.224709
,,,,,7944,11198.77076,9645.460331,9366.687717,30279.68213,2931.49368,2387.908729
,,,,,7945,10979.71381,9249.444752,9021.272989,29561.97149,2927.49876,2100.54321
,,,,,7946,10855.82128,9125.356669,8859.489669,29160.4772,2867.14728,2020.00602
,,,,,7947,10739.42547,9134.530166,8859.489669,28664.28895,2778.58836,1930.25812
,,,,,7948,10739.42547,9125.356669,8859.489669,28664.28895,2731.44636,1902.74395
,,,,,7949,11266.95309,9152.771378,8859.489669,28664.28895,2711.14128,1852.80755
,,,,,7950,13023.76614,9774.323138,9990.474859,29340.07184,2747.77596,1896.61986
,,,,,7951,14138.82778,10654.54025,10685.94283,30294.78009,2851.81884,2114.88518
,,,,,7952,13931.80772,10501.76226,10848.74297,30019.76991,2839.27032,2185.87744
,,,,,7953,14420.71504,10422.30912,11521.1191,31113.83761,3044.76084,2382.84115
,,,,,7954,14716.94685,10549.72005,12021.30195,32277.72119,3181.90032,2608.6854
,,,,,7955,15488.80921,11104.91874,12959.75568,32738.81934,3253.05072,2800.2721
,,,,,7956,15280.9007,11240.95343,11926.15398,32054.52819,3301.70904,2949
,,,,,7957,14114.3231,10672.69553,11729.83078,31612.29313,3258.96048,2813.72937
,,,,,7958,14277.80299,10403.86025,11976.15437,32193.46396,3280.78188,2818.56573
,,,,,7959,14251.76883,10696.83552,11863.49551,32262.1047,3326.10624,2871.82467
,,,,,7960,14555.11161,10677.05228,12135.33829,32417.48151,3320.28396,2909.76847
,,,,,7961,16418.68095,10926.22855,12373.08353,32308.79245,3268.77768,2935.14953
,,,,,7962,15752.85426,11706.85335,12157.954,31593.70595,3212.30448,2924.19891
,,,,,7963,14738.04209,11512.78974,11668.33849,31260.50191,3116.73744,2924.25789
,,,,,7964,15157.24609,11337.09464,12081.14062,31692.02174,3092.59296,2874.96044
,,,,,7965,14564.97199,11146.59043,11787.45148,31877.25328,3060.7308,2892.79206
,,,,,7966,13470.51502,11022.36667,11163.88975,33381.45333,3036.61548,2814.89914
,,,,,7967,12352.92204,10247.15558,10266.91746,31832.3479,2934.05004,2668.9433
,,,,,7968,11281.94959,9695.296748,9503.71331,30406.27554,2937.93804,2393.78194
,,,,,7969,11003.32058,9248.083244,8961.520648,29617.67866,2930.1426,2100.011535
,,,,,7970,10879.16236,9137.255465,8790.150403,29236.22167,2869.47036,2018.520835
,,,,,7971,10770.67658,9137.255465,8790.150403,28770.56866,2780.44488,1927.701465
,,,,,7972,10770.67658,9137.255465,8790.150403,28770.56866,2733.0696,1899.862905
,,,,,7973,11291.17588,9153.022103,8790.150403,28770.56866,2711.41344,1848.245575
,,,,,7974,13051.75657,9764.208174,9967.394875,29406.85332,2749.47696,1893.670005
,,,,,7975,14169.20957,10629.7458,10689.17774,30313.91513,2854.06416,2114.520615
,,,,,7976,13961.74554,10479.51571,10858.13786,30052.62983,2841.4476,2186.358255
,,,,,7977,14451.70137,10401.38762,11555.95515,31092.09611,3048.01704,2385.651675
,,,,,7978,14748.56847,10526.67371,12075.06376,32197.89399,3185.88552,2614.169685
,,,,,7979,15522.08616,11072.61329,13029.1492,32635.98021,3257.40528,2808.017285
,,,,,7980,15313.73177,11206.37931,11976.31562,31985.83984,3306.32604,2949
,,,,,7981,14144.65234,10647.5983,11772.56399,31565.67531,3263.3442,2821.641665
,,,,,7982,14308.48283,10383.24643,12028.2079,32117.84177,3285.28224,2826.537005
,,,,,7983,14282.39283,10671.33571,11911.2863,32183.05687,3329.35272,2880.425065
,,,,,7984,14586.38616,10651.8824,12193.41498,32330.67932,3324.99816,2918.811215
,,,,,7985,16441.67207,10896.90313,12440.15594,32227.41458,3273.21,2944.497005
,,,,,7986,15786.69748,11647.42645,12216.8864,31548.01576,3216.4452,2933.418595
,,,,,7987,14769.70895,11473.68217,11708.74499,31231.44087,3120.38244,2933.477575
,,,,,7988,15189.81197,11300.91716,12137.16658,31641.42492,3096.10188,2883.600155
,,,,,7989,14596.26769,11113.59001,11832.36494,31817.41215,3064.07448,2901.638205
,,,,,7990,13499.46355,10991.43794,11185.20907,33269.0471,3039.8328,2822.821265
,,,,,7991,12379.47379,10229.15513,10254.29742,31774.74785,2936.73276,2675.135345
,,,,,7992,11306.20454,9686.499715,9462.215395,30419.8462,2940.63048,2396.720255
,,,,,7993,10936.41063,9194.788041,8933.247045,29490.12966,2935.0026,2105.87107
,,,,,7994,10813.00549,9078.638576,8763.748828,29118.66475,2876.91588,2025.41252
,,,,,7995,10718.80832,9080.552062,8763.748828,28668.23888,2791.6812,1935.75309
,,,,,7996,10718.80832,9078.638576,8763.748828,28668.23888,2746.31796,1908.26841
,,,,,7997,11222.51993,9098.685555,8763.748828,28668.23888,2725.36164,1854.29188
,,,,,7998,12972.42178,9716.566849,9931.960302,29284.82678,2762.0352,1902.14432
,,,,,7999,14083.09683,10591.58599,10648.60469,30168.12854,2862.16092,2120.20321
,,,,,8000,13876.89118,10439.7102,10816.36196,29913.68748,2850.08868,2191.12666
,,,,,8001,14363.87517,10360.72627,11509.21137,30925.92545,3047.86152,2387.89377
,,,,,8002,14658.94162,10487.38479,12024.62438,32002.75749,3179.8494,2613.52176
,,,,,8003,15427.76752,11039.30485,12975.65743,32429.36824,3248.3268,2804.91186
,,,,,8004,15220.6769,11174.53621,11926.57924,31796.25799,3295.16748,2949
,,,,,8005,14058.68855,10609.63406,11724.27815,31387.09947,3254.013,2818.3593
,,,,,8006,14221.52532,10342.38634,11978.10209,31924.80219,3275.01792,2823.19566
,,,,,8007,14195.59358,10633.63149,11862.01287,31988.30902,3316.93056,2876.39562
,,,,,8008,14497.74302,10613.96508,12142.13303,32132.06456,3313.04256,2914.3001
,,,,,8009,16326.7895,10861.66989,12387.11741,32031.5048,3263.46084,2939.6615
,,,,,8010,15690.77382,11627.15511,12165.43736,31369.90251,3209.11632,2928.73054
,,,,,8011,14679.95387,11444.76724,11660.91348,31061.62014,3117.13596,2928.77969
,,,,,8012,15097.50874,11270.10968,12086.28508,31460.86486,3093.89544,2879.53139
,,,,,8013,14507.56462,11080.73045,11783.65336,31632.24219,3063.23856,2897.35318
,,,,,8014,13417.41318,10957.24028,11141.1047,33057.66428,3040.01748,2819.52907
,,,,,8015,12304.21674,10186.60706,10216.82035,31590.69546,2941.31088,2673.72068
,,,,,8016,11237.45743,9638.007135,9430.377271,30271.2848,2945.05308,2398.82473
,,,,,8017,11209.93627,9808.995338,8992.167782,29140.64017,2947.75524,2220.002987
,,,,,8018,11083.43087,9700.630686,8829.659703,28773.11918,2894.4702,2137.745547
,,,,,8019,11034.46078,9700.630686,8829.659703,28332.51308,2816.29224,2046.090627
,,,,,8020,11034.46078,9700.630686,8829.659703,28332.51308,2774.68092,2017.986657
,,,,,8021,11503.2334,9713.989601,8829.659703,28332.51308,2711.88,1946.188337
,,,,,8022,13297.09742,10324.81946,9987.491358,28937.51704,2789.09568,2011.734777
,,,,,8023,14435.67557,11189.85263,10701.70342,29811.4406,2880.93996,2234.649687
,,,,,8024,14224.28949,11039.71009,10868.89131,29559.70099,2869.86888,2307.155767
,,,,,8025,14723.5078,10961.62754,11559.38916,30561.19181,3051.27324,2508.307057
,,,,,8026,15025.9871,11086.84061,12073.05283,31626.59089,3172.34556,2738.968007
,,,,,8027,15814.12795,11632.462,13057.65282,32048.67223,3235.14648,2934.624327
,,,,,8028,15601.83467,11766.15006,11975.34046,31422.28385,3272.45184,2949
,,,,,8029,14410.65409,11207.69473,11773.72599,31017.46945,3240.36612,2948.376497
,,,,,8030,14577.58175,10943.49692,12026.68844,31549.46327,3259.63116,2949
,,,,,8031,14550.99854,11231.4183,11910.99323,31612.29583,3272.45184,2949
,,,,,8032,14860.73877,11211.97632,12190.16265,31754.52509,3272.45184,2949
,,,,,8033,16696.48025,11456.85425,12434.31554,31655.03299,3249.03636,2949
,,,,,8034,16083.74167,12214.75423,12213.38789,31000.45507,3199.18248,2949
,,,,,8035,15047.52724,12033.29713,11710.57639,30695.4458,3114.81288,2949
,,,,,8036,15475.5722,11860.63281,12134.50425,31090.45165,3093.49692,2949
,,,,,8037,14870.80711,11673.41484,11832.89968,31260.00943,3065.37696,2949
,,,,,8038,13753.26818,11551.33397,11192.53186,32689.93816,3044.08044,2949
,,,,,8039,12612.1053,10789.49543,10271.38458,31218.90382,2953.53864,2800.503807
,,,,,8040,11518.54617,10247.15629,9487.610724,29913.50162,2956.9698,2519.483767
,,,,,8041,11158.95545,9867.387997,8861.332973,29032.83064,2920.87944,2193.586617
,,,,,8042,11033.02385,9762.446127,8691.640586,28644.55412,2865.4074,2111.319348
,,,,,8043,10927.54673,9762.446127,8691.640586,28172.31822,2784.02184,2019.654598
,,,,,8044,10927.54673,9762.446127,8691.640586,28172.31822,2740.70952,1991.540798
,,,,,8045,11450.92225,9774.809826,8691.640586,28172.31822,2680.75656,1925.473368
,,,,,8046,13236.64971,10370.03189,9884.138296,28818.23625,2755.70748,1985.288918
,,,,,8047,14370.06354,11212.96193,10618.07038,29741.51414,2851.32312,2208.243148
,,,,,8048,14159.63625,11066.6558,10789.87447,29475.55769,2839.7952,2280.749227
,,,,,8049,14656.59023,10990.5684,11499.43756,30533.60713,3028.63536,2481.939837
,,,,,8050,14957.69755,11112.58204,12027.28393,31659.17401,3154.6746,2712.630278
,,,,,8051,15742.26357,11644.26184,13023.5981,32105.09215,3220.06104,2908.316088
,,,,,8052,15530.9332,11774.53393,11926.87363,31443.32884,3261.1572,2949
,,,,,8053,14345.15555,11230.34813,11719.69242,31015.65278,3225.49452,2922.058427
,,,,,8054,14511.32607,10972.90104,11979.63938,31577.69065,3245.54688,2927.002918
,,,,,8055,14484.86342,11253.46552,11860.74973,31644.07163,3261.1572,2949
,,,,,8056,14793.19875,11234.52032,12147.62726,31794.33321,3261.1572,2949
,,,,,8057,16700.22538,11473.14118,12398.52142,31689.22236,3234.51468,2949
,,,,,8058,16010.65438,12213.80569,12171.49376,30997.67752,3182.6196,2949
,,,,,8059,14979.13999,12034.85492,11654.7992,30675.44303,3094.78968,2949
,,,,,8060,15405.24343,11866.60248,12090.43208,31092.75661,3072.59892,2949
,,,,,8061,14803.22142,11684.16826,11780.49994,31271.89007,3043.32228,2949
,,,,,8062,13690.75139,11565.20677,11122.45101,32756.26811,3021.15096,2923.257688
,,,,,8063,12554.76456,10822.83457,10175.87005,31228.46304,2926.89612,2774.175907
,,,,,8064,11466.16557,10294.35316,9370.455524,29849.339,2930.46336,2493.106718
,,,,,8065,11242.55461,9852.175789,8976.857678,29138.93865,2910.90672,2187.943583
,,,,,8066,11115.68208,9740.482097,8804.123343,28708.71753,2847.24072,2105.892573
,,,,,8067,10987.59543,9740.482097,8804.123343,28172.5614,2753.8218,2014.453913
,,,,,8068,10906.65608,9740.482097,8804.123343,28172.5614,2704.09428,1986.418753
,,,,,8069,11536.7029,9754.808971,8804.123343,28172.5614,2648.71944,1928.706823
,,,,,8070,13335.77281,10380.81916,10011.2992,28901.16213,2721.31812,1980.186533
,,,,,8071,14477.65519,11267.35012,10753.58104,29924.17955,2831.06664,2202.560793
,,,,,8072,14265.65565,11113.47624,10927.33971,29629.49245,2817.83772,2274.889933
,,,,,8073,14766.32272,11033.45319,11644.97533,30801.84047,3034.60344,2475.559553
,,,,,8074,15069.67984,11161.77804,12178.82687,32048.99968,3179.28564,2705.650363
,,,,,8075,15860.10791,11720.95921,13180.10101,32543.0893,3254.34348,2900.834843
,,,,,8076,15647.19854,11857.96968,12077.27423,31809.83727,3305.6748,2949
,,,,,8077,14452.56109,11285.63563,11867.73597,31335.96038,3260.574,2914.547693
,,,,,8078,14619.97319,11014.87198,12130.64028,31958.71386,3283.59096,2919.482353
,,,,,8079,14593.31282,11309.94878,12010.39805,32032.26583,3307.73544,2949
,,,,,8080,14903.95194,11290.02363,12300.53932,32198.75981,3307.73544,2949
,,,,,8081,16905.01452,11540.98726,12554.28784,32082.29408,3270.9258,2949
,,,,,8082,16130.50406,12315.65067,12324.67734,31316.04329,3211.36164,2949
,,,,,8083,15091.28248,12131.75589,11802.10447,30958.99857,3110.5458,2949
,,,,,8084,15520.56965,11954.80052,12242.69344,31421.39355,3085.06968,2949
,,,,,8085,14914.0495,11762.92981,11929.23529,31619.87837,3051.45792,2949
,,,,,8086,13793.26741,11637.81499,11263.69989,33214.29231,3026.02068,2915.746953
,,,,,8087,12648.79281,10857.04326,10306.34992,31571.76001,2917.81764,2767.038713
,,,,,8088,11552.06011,10301.22591,9491.77239,30043.65248,2921.91948,2486.706773
,,,,,8089,11427.19962,9852.782007,9246.648782,29517.48635,2926.27404,2202.678753
,,,,,8090,11298.24887,9713.045206,9074.32009,29065.69079,2857.91328,2120.244373
,,,,,8091,11168.06412,9730.368771,9074.32009,28496.65694,2757.6126,2028.373193
,,,,,8092,11058.51421,9664.120566,9074.32009,28496.65694,2704.23036,2000.210243
,,,,,8093,11726.16616,9749.800298,9074.32009,28496.65694,2668.74264,1946.223883
,,,,,8094,13554.70547,10411.91087,10279.53862,29267.78597,2722.7178,1993.938703
,,,,,8095,14715.29228,11349.56576,11020.70702,30342.10497,2840.55336,2217.364773
,,,,,8096,14499.82011,11186.81838,11194.20504,30032.6401,2826.34272,2290.037963
,,,,,8097,15008.68829,11102.1806,11910.76419,31263.77823,3059.0784,2491.651263
,,,,,8098,15317.0145,11237.90562,12443.81495,32573.47914,3214.404,2722.833203
,,,,,8099,16120.39006,11829.33331,13444.42768,33092.34603,3294.99252,2918.941703
,,,,,8100,15903.99317,11974.24482,12342.41464,32322.32337,3350.10492,2949
,,,,,8101,14689.78714,11368.90575,12133.19069,31824.68283,3301.67988,2932.713533
,,,,,8102,14859.9415,11082.52787,12395.70064,32478.66573,3326.39784,2937.667853
,,,,,8103,14832.84443,11394.62097,12275.63877,32555.90613,3366.87192,2949
,,,,,8104,15148.57193,11373.5468,12565.34482,32730.74934,3366.87192,2949
,,,,,8105,17190.85568,11638.98285,12818.71271,32608.44316,3312.79956,2949
,,,,,8106,16395.2154,12525.56632,12589.44664,31803.76695,3248.84196,2949
,,,,,8107,15338.97101,12263.81956,12067.65764,31428.81739,3140.60976,2949
,,,,,8108,15775.29005,12076.65963,12507.58572,31914.40024,3113.25768,2949
,,,,,8109,15158.83489,11873.72424,12194.59776,32122.83855,3077.16732,2949
,,,,,8110,14019.69399,11741.39437,11530.06068,33773.85007,3049.85412,2933.912793
,,,,,8111,12856.47249,10915.59757,10574.14675,32072.30718,2933.6904,2784.506623
,,,,,8112,11741.77493,10327.72768,9760.79111,30467.56915,2938.09356,2502.847633
,,,,,8113,11576.29872,10092.79594,9392.702001,29996.88363,2958.54444,2230.870988
,,,,,8114,11445.66983,9949.657448,9218.09664,29539.22077,2888.69652,2145.625228
,,,,,8115,11313.79088,9967.40273,9218.09664,28961.24563,2786.20884,2050.637938
,,,,,8116,11260.69667,9804.659948,9218.09664,28961.24563,2731.66992,2021.521478
,,,,,8117,11879.15595,9987.307289,9218.09664,28961.24563,2712.44376,1964.350198
,,,,,8118,13731.49153,10665.53597,10434.30066,29743.94049,2750.5656,2015.033678
,,,,,8119,14907.18199,11626.01669,11181.71823,30832.21126,2870.95752,2246.058338
,,,,,8120,14688.90571,11459.30746,11356.6791,30518.72749,2856.43584,2321.189028
,,,,,8121,15204.3962,11372.6093,12079.27993,31765.85393,3094.24536,2529.644008
,,,,,8122,15516.73491,11511.63835,12616.82511,33092.56342,3252.95352,2768.680118
,,,,,8123,16330.56545,12117.46347,13621.15,33618.16864,3335.29164,2949
,,,,,8124,16111.3524,12265.90264,12514.56984,32838.14599,3391.60932,2949
,,,,,8125,14881.34493,11645.82748,12303.58181,32334.04278,3342.13452,2949
,,,,,8126,15053.71365,11352.47815,12568.30512,32996.5187,3367.38708,2949
,,,,,8127,15026.26394,11672.16871,12447.23095,33074.7622,3425.00724,2949
,,,,,8128,15346.10026,11650.58151,12739.37966,33251.87603,3413.10024,2949
,,,,,8129,17367.79592,11922.47921,12994.88382,33127.98151,3353.48748,2949
,,,,,8130,16608.96731,12901.40947,12763.68469,32312.85528,3288.13992,2949
,,,,,8131,15538.97715,12562.52666,12237.49622,31933.03639,3177.54576,2949
,,,,,8132,15980.97437,12370.8106,12681.13356,32424.92532,3149.60076,2949
,,,,,8133,15356.49678,12162.93504,12365.50663,32636.07053,3112.7328,2949
,,,,,8134,14202.53132,12027.38379,11695.36651,34302.47411,3084.81696,2949
,,,,,8135,13024.17188,11181.48418,10731.39278,32584.88294,2966.12604,2832.457158
,,,,,8136,11894.96785,10579.30346,9911.179324,30959.30479,2970.6264,2541.223748
,,,,,8137,11645.98801,10236.19396,9571.453982,30662.53026,2990.03724,2278.675917
,,,,,8138,11514.57476,10091.0231,9394.050621,30223.50706,2916.78732,2188.141617
,,,,,8139,11414.16131,10109.02034,9394.050621,29673.93727,2809.29384,2087.256327
,,,,,8140,11414.16131,10027.7298,9394.050621,29673.93727,2752.08192,2056.331147
,,,,,8141,11950.66377,10129.20752,9394.050621,29673.93727,2746.78452,1994.854327
,,,,,8142,13814.12178,10817.06607,10623.75568,30419.88897,2771.901,2049.440317
,,,,,8143,14996.87172,11791.18425,11378.85341,31463.83673,2898.17352,2294.806947
,,,,,8144,14777.2848,11622.10799,11555.61211,31163.1205,2882.952,2374.597057
,,,,,8145,15295.87057,11534.17884,12285.63808,32359.45408,3132.35748,2596.007977
,,,,,8146,15610.08473,11675.1819,12828.70685,33632.12944,3298.8222,2849.877557
,,,,,8147,16428.80195,12289.60888,13837.59395,34136.32785,3385.17468,2949
,,,,,8148,16208.27263,12440.15567,12725.40085,33388.07391,3444.24312,2949
,,,,,8149,14970.87952,11811.27633,12512.2448,32904.50177,3392.34804,2949
,,,,,8150,15144.28324,11513.76186,12779.68829,33539.99643,3418.83504,2949
,,,,,8151,15116.66871,11837.99156,12657.37002,33615.05323,3497.23656,2949
,,,,,8152,15438.4255,11816.09786,12952.52073,33784.95359,3466.7838,2949
,,,,,8153,17388.72444,12091.85612,13210.65035,33666.10503,3404.26476,2949
,,,,,8154,16708.87549,13017.08825,12977.07551,32884.17719,3335.72904,2949
,,,,,8155,15632.46053,12740.99132,12445.48014,32519.82754,3219.73056,2949
,,,,,8156,16077.11174,12546.55317,12893.67611,32991.68286,3190.42476,2949
,,,,,8157,15448.88444,12335.72607,12574.80594,33194.22857,3151.74888,2949
,,,,,8158,14287.98995,12198.2502,11897.77973,34811.73355,3122.47224,2949
,,,,,8159,13102.55499,11340.34001,10923.9006,33145.12574,2997.9882,2917.606257
,,,,,8160,11966.57061,10729.60919,10095.25897,31585.75401,3002.7024,2608.305307
,,,,,8161,11637.61451,10365.11573,9686.09448,31100.36096,3021.66612,2347.565212
,,,,,8162,11506.2955,10218.11769,9512.953706,30682.55022,2946.618,2251.850502
,,,,,8163,11445.13613,10236.34145,9512.953706,30165.30653,2836.4904,2145.185172
,,,,,8164,11445.13613,10184.26141,9512.953706,30165.30653,2777.8788,2112.480762
,,,,,8165,11942.07176,10256.78271,9512.953706,30165.30653,2777.13036,2057.196842
,,,,,8166,13804.19335,10953.29899,10722.09073,30869.44346,2798.18388,2105.206562
,,,,,8167,14986.09507,11939.6779,11465.4882,31862.95039,2927.55708,2364.610432
,,,,,8168,14766.66562,11768.47357,11639.50801,31576.76399,2911.95648,2448.981322
,,,,,8169,15284.87948,11679.4377,12358.22221,32715.29385,3167.48556,2683.063112
,,,,,8170,15598.8683,11822.21549,12892.87612,33926.47686,3338.02296,2949
,,,,,8171,16416.99836,12444.37595,13894.81296,34406.31372,3426.4944,2949
,,,,,8172,16196.6272,12596.8176,12791.17085,33694.21345,3487.01112,2949
,,,,,8173,14960.12151,11960.02287,12581.31765,33234.00626,3433.85244,2949
,,,,,8174,15133.40086,11658.76373,12844.6171,33838.79547,3460.98096,2949
,,,,,8175,15105.80614,11987.07435,12724.19415,33910.22572,3546.95436,2949
,,,,,8176,15427.33217,11964.90508,13014.77149,34071.91694,3510.10584,2949
,,,,,8177,17323.60383,12244.13417,13268.90138,33958.81083,3446.06076,2949
,,,,,8178,16696.87104,13155.54117,13038.94579,33214.66371,3375.83376,2949
,,,,,8179,15621.22805,12901.43971,12515.58752,32867.91848,3256.99704,2949
,,,,,8180,16065.56037,12704.55426,12956.83868,33316.97498,3226.96224,2949
,,,,,8181,15437.78362,12491.0736,12642.9094,33509.73421,3187.35324,2949
,,,,,8182,14277.72168,12351.86738,11976.37374,35071.59122,3157.35732,2949
,,,,,8183,13093.13688,11483.15912,11017.5849,33463.0039,3029.81148,2949
,,,,,8184,11957.96719,10864.74134,10201.78309,31978.97694,3034.65204,2696.058372
,,,,,8185,11597.50683,10421.3382,9679.501176,31089.39066,3049.10568,2435.809122
,,,,,8186,11466.63925,10273.54332,9508.520159,30670.35635,2973.24108,2336.290202
,,,,,8187,11364.7762,10291.86587,9508.520159,30151.24803,2861.91792,2225.397972
,,,,,8188,11364.7762,10242.49345,9508.520159,30151.24803,2803.90896,2191.396002
,,,,,8189,11900.91749,10312.41794,9508.520159,30151.24803,2803.90896,2141.184362
,,,,,8190,13756.63788,11012.70983,10707.23583,30857.79692,2823.19344,2183.826902
,,,,,8191,14934.47672,12004.43562,11444.70503,31854.21337,2953.96632,2453.532612
,,,,,8192,14715.80157,11832.30323,11617.33712,31567.18886,2938.20048,2541.255532
,,,,,8193,15232.23403,11742.78472,12330.3199,32709.05295,3196.49976,2784.626672
,,,,,8194,15545.14349,11886.33647,12860.71018,33923.78295,3368.9034,2949
,,,,,8195,16360.46116,12511.86948,13859.12549,34405.02503,3458.33712,2949
,,,,,8196,16140.84754,12665.13748,12759.81596,33690.83935,3519.50508,2949
,,,,,8197,14908.59244,12024.89087,12551.63626,33229.28443,3465.7632,2949
,,,,,8198,15081.27614,11721.99869,12812.83601,33835.84479,3493.19304,2949
,,,,,8199,15053.77627,12052.08899,12693.37338,33907.48422,3583.92924,2949
,,,,,8200,15374.19703,12029.79955,12981.63349,34069.64895,3542.85252,2949
,,,,,8201,17321.78387,12310.54226,13233.73681,33956.21162,3478.1076,2949
,,,,,8202,16639.37175,13223.77105,13005.61502,33209.88523,3407.12244,2949
,,,,,8203,15567.42637,12971.41086,12486.43028,32862.12455,3286.99296,2949
,,,,,8204,16010.23127,12773.45815,12924.16267,33312.49613,3256.6374,2949
,,,,,8205,15384.61255,12558.82027,12612.73684,33505.81985,3216.591,2949
,,,,,8206,14228.53842,12418.85945,11951.51649,35070.88674,3186.2646,2949
,,,,,8207,13048.02573,11545.44218,11000.37356,33458.95269,3057.33852,2949
,,,,,8208,11916.75828,10923.67213,10191.0774,31970.57971,3062.22768,2798.142922
,,,,,8209,11618.04814,10542.32665,9675.575912,31028.93483,3076.2828,2521.907143
,,,,,8210,11486.94936,10393.08012,9505.404313,30570.98397,3003.11064,2416.686823
,,,,,8211,11354.72227,10411.35215,9505.404313,29992.56991,2895.74352,2299.424753
,,,,,8212,11354.72227,10393.08012,9505.404313,29992.56991,2838.59964,2263.476443
,,,,,8213,11921.99481,10432.14267,9505.404313,29992.56991,2837.63736,2213.363103
,,,,,8214,13780.99361,11140.55953,10700.21434,30775.83252,2858.39928,2255.484653
,,,,,8215,14960.91326,12143.79157,11435.4618,31864.78815,2984.526,2540.652953
,,,,,8216,14741.8518,11969.66206,11607.5738,31551.1071,2969.3142,2633.399003
,,,,,8217,15259.19661,11879.10494,12318.40861,32799.01838,3218.4378,2890.728743
,,,,,8218,15572.65887,12024.32221,12847.201,34126.56278,3384.70812,2949
,,,,,8219,16389.41692,12657.11281,13844.29653,34652.49877,3470.9634,2949
,,,,,8220,16169.41532,12812.15906,12746.61074,33871.98524,3529.9638,2949
,,,,,8221,14934.98326,12164.48414,12539.05821,33367.56479,3478.13676,2949
,,,,,8222,15107.97203,11858.07774,12799.47105,34030.45762,3504.58488,2949
,,,,,8223,15080.42358,12191.99783,12680.36832,34108.75036,3588.11856,2949
,,,,,8224,15401.41041,12169.44978,12967.76001,34285.97565,3552.48504,2949
,,,,,8225,17391.92159,12453.44973,13219.10383,34162.00316,3490.03404,2949
,,,,,8226,16668.82025,13350.61153,12991.66929,33346.36396,3421.57608,2949
,,,,,8227,15594.98112,13121.98591,12474.04868,32966.30605,3305.71368,2949
,,,,,8228,16038.56829,12921.7365,12910.46232,33458.50453,3276.43704,2949
,,,,,8229,15411.84433,12704.60833,12599.97471,33669.78262,3237.80976,2949
,,,,,8230,14253.72782,12563.02366,11940.7464,35336.94175,3208.572,2949
,,,,,8231,13071.12959,11679.47277,10992.46895,33618.56281,3084.22404,2949
,,,,,8232,11937.86359,11050.48879,10185.61093,31991.96166,3088.93824,2905.021563
,,,,,8233,11689.18767,10645.28152,9793.25622,31320.0757,3090.69756,2610.855372
,,,,,8234,11557.2882,10525.1957,9622.557738,30841.27624,3016.8936,2500.140082
,,,,,8235,11427.56728,10525.1957,9622.557738,30231.0906,2908.60308,2376.753923
,,,,,8236,11427.56728,10525.1957,9622.557738,30231.0906,2850.96348,2338.928083
,,,,,8237,11994.99071,10541.96269,9622.557738,30231.0906,2849.59296,2285.944383
,,,,,8238,13865.34339,11206.24077,10819.9101,31055.45069,2870.92836,2330.503772
,,,,,8239,15052.46944,12146.96521,11556.60379,32193.98192,2998.15344,2630.584183
,,,,,8240,14832.07005,11983.68505,11729.05433,31866.02028,2982.80556,2728.176423
,,,,,8241,15352.57456,11898.7702,12441.28734,33170.74375,3234.087,2949
,,,,,8242,15667.9513,12034.93953,12971.11986,34558.72569,3401.79588,2949
,,,,,8243,16489.69772,12628.30334,13969.0745,35108.60535,3488.7996,2949
,,,,,8244,16268.35245,12773.68924,12870.33175,34292.55831,3548.30544,2949
,,,,,8245,15026.38107,12166.36851,12662.37096,33765.1737,3496.03128,2949
,,,,,8246,15200.42637,11879.05313,12923.29604,34458.24527,3522.71268,2949
,,,,,8247,15172.70966,12192.16792,12803.95903,34540.10235,3606.49908,2949
,,,,,8248,15495.65693,12171.02475,13091.91601,34725.39596,3571.02108,2949
,,,,,8249,17490.0962,12437.32974,13343.75423,34595.77952,3508.03548,2949
,,,,,8250,16770.80751,13254.25187,13115.87232,33743.00768,3438.97488,2949
,,,,,8251,15690.40988,13064.21195,12597.23356,33345.64732,3322.12104,2949
,,,,,8252,16136.70628,12876.43933,13034.50562,33860.25354,3292.58196,2949
,,,,,8253,15506.15458,12672.8396,12723.40729,34081.15024,3253.6242,2949
,,,,,8254,14340.96484,12540.07653,12062.88228,35803.0028,3224.13372,2949
,,,,,8255,13151.14385,11711.57636,11112.73958,34027.59861,3098.70684,2949
,,,,,8256,12010.9564,11121.782,10304.29447,32326.94511,3103.45992,2949
,,,,,8257,11746.10571,10628.12197,9905.346959,31834.93575,3100.85496,2694.994029
,,,,,8258,11613.56561,10511.1094,9733.913387,31382.93438,3027.43008,2581.270759
,,,,,8259,11519.9762,10511.1094,9733.913387,30813.58687,2919.6936,2454.532569
,,,,,8260,11519.9762,10511.1094,9733.913387,30813.58687,2863.93968,2415.674579
,,,,,8261,12053.394,10526.9828,9733.913387,30813.58687,2863.93968,2365.679199
,,,,,8262,13932.83082,11177.24695,10934.81274,31585.12162,2882.21328,2407.034009
,,,,,8263,15125.72264,12098.12541,11673.52416,32659.93003,3008.78712,2715.253659
,,,,,8264,14904.25279,11938.28989,11846.44703,32350.32419,2993.517,2815.499999
,,,,,8265,15427.28535,11855.16644,12560.63077,33582.02316,3243.50568,2949
,,,,,8266,15744.19384,11988.46308,13091.91445,34892.32071,3410.34948,2949
,,,,,8267,16569.93141,12569.309,14091.06766,35411.42397,3496.90608,2949
,,,,,8268,16347.51109,12711.62777,12990.85028,34641.05053,3556.10088,2949
,,,,,8269,15099.50756,12117.11937,12782.31991,34143.18328,3504.09888,2949
,,,,,8270,15274.39818,11835.86533,13043.95964,34797.4641,3530.6442,2949
,,,,,8271,15246.54686,12142.3745,12924.29578,34874.73969,3619.34892,2949
,,,,,8272,15571.06265,12121.67738,13213.04144,35049.66255,3578.69988,2949
,,,,,8273,17522.42433,12382.36427,13465.56942,34927.30066,3516.03504,2949
,,,,,8274,16852.40653,13183.811,13237.06337,34122.25787,3447.3438,2949
,,,,,8275,15766.7615,12996.02147,12717.00411,33747.13751,3331.08288,2949
,,,,,8276,16215.22552,12812.21019,13155.47381,34232.94157,3301.69932,2949
,,,,,8277,15581.61128,12612.90569,12843.52341,34441.47482,3262.94568,2949
,,,,,8278,14410.76233,12482.94346,12181.1893,36093.02628,3233.601,2949
,,,,,8279,13215.16248,11671.92174,11228.44424,34390.92044,3108.82536,2949
,,,,,8280,12069.43724,11094.56996,10417.78489,32785.45136,3113.54928,2949
,,,,,8281,11774.34126,10556.50697,9913.039899,32099.73074,3097.68624,2754.209949
,,,,,8282,11641.48337,10406.79636,9737.873956,31658.17473,3025.12644,2639.719939
,,,,,8283,11528.053,10425.35641,9737.873956,31104.74514,2918.66328,2512.136369
,,,,,8284,11528.053,10402.30036,9737.873956,31104.74514,2865.6018,2473.012969
,,,,,8285,12082.36636,10446.17487,9737.873956,31104.74514,2865.6018,2429.269469
,,,,,8286,13966.30958,11155.54401,10956.78292,31855.68961,2881.63008,2464.313419
,,,,,8287,15162.06164,12160.12463,11705.73922,32905.66011,3006.69732,2774.607199
,,,,,8288,14940.06077,11985.76105,11881.06029,32603.20899,2991.6216,2875.531809
,,,,,8289,15464.34742,11895.0822,12605.14875,33806.44445,3238.64568,2949
,,,,,8290,15782.01577,12040.49467,13143.80059,35086.46214,3403.51632,2949
,,,,,8291,16609.73325,12674.1359,14149.03952,35593.56937,3489.0426,2949
,,,,,8292,16386.77963,12829.39056,13041.3348,34840.9986,3547.54728,2949
,,,,,8293,15135.78371,12180.84502,12829.91241,34354.63664,3496.15764,2949
,,,,,8294,15311.09367,11874.02673,13095.18071,34993.79759,3522.3822,2949
,,,,,8295,15283.17557,12208.39569,12973.85728,35069.28741,3614.78052,2949
,,,,,8296,15608.46947,12185.81733,13266.60744,35240.16795,3569.87412,2949
,,,,,8297,17589.60986,12470.19905,13522.63762,35120.63373,3507.95772,2949
,,,,,8298,16892.88567,13372.30573,13290.96252,34334.1948,3440.06352,2949
,,,,,8299,15804.63755,13139.63389,12763.69077,33967.74314,3325.18284,2949
,,,,,8300,16254.17687,12939.1153,13208.24143,34442.32069,3296.1492,2949
,,,,,8301,15619.04339,12721.69526,12891.96472,34646.03492,3257.8524,2949
,,,,,8302,14445.38704,12579.92026,12220.44496,36270.18439,3228.85764,2949
,,,,,8303,13246.92046,11695.18168,11254.48668,34596.64881,3105.55944,2949
,,,,,8304,12098.44806,11065.35219,10432.58462,33028.28075,3110.23476,2949
,,,,,8305,11783.63932,10861.18426,9902.708247,32136.85556,3088.6272,2778.377004
,,,,,8306,11650.67678,10707.1555,9729.008154,31713.32901,3018.36132,2665.951294
,,,,,8307,11555.82638,10726.25088,9729.008154,31187.37487,2915.24184,2540.658114
,,,,,8308,11555.82638,10548.88264,9729.008154,31187.37487,2862.2484,2502.252304
,,,,,8309,12091.90705,10747.66982,9729.008154,31187.37487,2862.2484,2465.085074
,,,,,8310,13977.33424,11477.49953,10940.84403,31902.77903,2879.37504,2493.700204
,,,,,8311,15174.02819,12511.05561,11685.77676,32909.87752,3000.50568,2798.400714
,,,,,8312,14951.85245,12331.6628,11860.15596,32619.77597,2985.89652,2897.506774
,,,,,8313,15476.55208,12238.36846,12580.35445,33773.88137,3225.15432,2949
,,,,,8314,15794.47066,12387.97512,13116.11252,35001.63384,3384.8442,2949
,,,,,8315,16622.84013,13039.89267,14118.96135,35488.03505,3467.67804,2949
,,,,,8316,16399.71088,13199.6254,13014.1972,34766.19297,3524.33592,2949
,,,,,8317,15147.72956,12532.37364,12803.91063,34299.68997,3474.5598,2949
,,,,,8318,15323.17761,12216.70569,13067.75384,34912.75293,3499.96788,2949
,,,,,8319,15295.23752,12560.71896,12947.08219,34985.16038,3585.72744,2949
,,,,,8320,15620.78765,12537.48937,13238.25963,35149.06359,3545.96292,2949
,,,,,8321,17577.72055,12830.0736,13492.91435,35034.41015,3485.99052,2949
,,,,,8322,16906.21559,13874.31146,13262.48386,34280.0828,3420.24444,2949
,,,,,8323,15817.11026,13518.81718,12738.04474,33928.59397,3308.96988,2949
,,,,,8324,16267.00367,13312.51496,13180.20717,34383.79373,3280.84992,2949
,,,,,8325,15631.36991,13088.8238,12865.62957,34579.18998,3243.7584,2949
,,,,,8326,14456.78907,12942.95954,12197.71738,36156.04165,3215.67732,2949
,,,,,8327,13257.37846,12032.70215,11236.94845,34531.82039,3096.2574,2949
,,,,,8328,12108.00142,11384.70628,10419.46185,33027.49136,3100.7772,2949
,,,,,8329,11729.55867,11046.30654,9760.444646,31872.91428,3067.5348,2744.285335
,,,,,8330,11597.20482,10889.65407,9591.928232,31467.01852,2997.0648,2636.125845
,,,,,8331,11580.19597,10909.07472,9591.928232,30967.9323,2893.66344,2515.610045
,,,,,8332,11580.19597,10673.36766,9591.928232,30967.9323,2838.6288,2478.659075
,,,,,8333,12036.41518,10930.8585,9591.928232,30967.9323,2835.44064,2444.755405
,,,,,8334,13913.21108,11673.12008,10778.75158,31648.58201,2857.69944,2470.431365
,,,,,8335,15104.42669,12724.28167,11509.45577,32613.75646,2979.17028,2763.552135
,,,,,8336,14883.26805,12541.8331,11680.50425,32335.73142,2964.52224,2858.883475
,,,,,8337,15405.56566,12446.9496,12386.94663,33441.79309,3204.441,2949
,,,,,8338,15722.02884,12599.10464,12912.47148,34618.43602,3364.578,2949
,,,,,8339,16546.60612,13262.12691,13906.8682,35084.58906,3447.64512,2949
,,,,,8340,16324.49833,13424.58051,12812.50279,34392.79622,3504.45852,2949
,,,,,8341,15078.24845,12745.96284,12606.23278,33945.71305,3454.54632,2949
,,,,,8342,15252.89332,12424.91782,12865.03647,34533.2551,3480.02244,2949
,,,,,8343,15225.08114,12774.79099,12746.66971,34602.64833,3557.74356,2949
,,,,,8344,15549.14094,12751.1657,13032.28553,34759.72849,3526.15356,2949
,,,,,8345,17395.07935,13048.7338,13282.07623,34649.8479,3466.0062,2949
,,,,,8346,16828.68431,14151.60763,13056.04706,33926.9221,3400.07544,2949
,,,,,8347,15744.56479,13749.20938,12541.62496,33590.06523,3288.48984,2949
,,,,,8348,16192.39865,13539.39303,12975.3419,34026.3157,3260.30184,2949
,,,,,8349,15559.67474,13311.89153,12666.77287,34213.57789,3223.1034,2949
,,,,,8350,14390.47102,13163.54263,12011.61809,35744.17758,3194.93484,2949
,,,,,8351,13196.55119,12237.77997,11069.20028,34168.18022,3075.18444,2949
,,,,,8352,12052.43587,11578.7462,10267.32803,32726.47421,3079.72368,2949
,,,,,8353,11617.59404,11163.35173,9543.419455,31488.0214,3048.07536,2670.285095
,,,,,8354,11500.11263,11005.04039,9383.080642,31068.96264,2980.18116,2568.937795
,,,,,8355,11500.11263,11024.66669,9383.080642,30549.81707,2880.56088,2456.000925
,,,,,8356,11500.11263,10877.11147,9383.080642,30549.81707,2827.52856,2421.369835
,,,,,8357,11921.52887,11046.68116,9383.080642,30549.81707,2811.1698,2383.426035
,,,,,8358,13780.45519,11796.80289,10530.44505,31256.41415,2845.89936,2413.663115
,,,,,8359,14960.32884,12859.09573,11238.70276,32252.88873,2962.93788,2688.332975
,,,,,8360,14741.27592,12674.71512,11404.4968,31965.84747,2948.82444,2777.668015
,,,,,8361,15258.60056,12578.82685,12089.238,33107.77817,3179.98548,2949
,,,,,8362,15572.0506,12732.59314,12598.61927,34322.57904,3334.27104,2949
,,,,,8363,16388.7768,13402.63646,13579.68222,34803.8492,3414.30552,2949
,,,,,8364,16168.78378,13566.81036,12501.72152,34089.62185,3469.04856,2949
,,,,,8365,14934.39985,12881.00648,12301.78791,33628.04,3420.954,2949
,,,,,8366,15107.38187,12556.56177,12552.64142,34234.63575,3445.497,2949
,,,,,8367,15079.8345,12910.13991,12437.91076,34306.27936,3504.32244,2949
,,,,,8368,15400.80881,12886.26444,12714.75275,34468.45356,3489.93684,2949
,,,,,8369,17184.42388,13186.98363,12956.87015,34355.0096,3431.99592,2949
,,,,,8370,16668.16924,14229.06857,12737.78436,33608.63967,3368.466,2949
,,,,,8371,15594.37198,13894.87687,12239.16478,33260.85871,3260.9628,2949
,,,,,8372,16037.94186,13682.83868,12659.55838,33711.25656,3233.7954,2949
,,,,,8373,15411.24233,13452.92806,12360.46827,33904.59156,3197.95776,2949
,,,,,8374,14253.17097,13303.00822,11725.43917,35469.72258,3170.81952,2949
,,,,,8375,13070.61884,12367.44223,10811.97146,33857.72167,3055.44312,2949
,,,,,8376,11937.39702,11701.42964,10034.73191,32369.26185,3059.81712,2949
,,,,,8377,11530.80531,11061.11383,9406.397187,31379.67887,3026.47752,2581.254785
,,,,,8378,11400.68847,10938.59668,9247.61588,30949.01877,2959.31232,2484.694695
,,,,,8379,11372.8442,10938.59668,9247.61588,30412.19367,2860.76124,2377.095515
,,,,,8380,11372.8442,10938.59668,9247.61588,30412.19367,2808.3024,2344.106035
,,,,,8381,11832.47541,10956.07061,9247.61588,30412.19367,2782.34028,2298.396535
,,,,,8382,13677.55023,11631.43548,10387.46494,31141.65973,2826.46908,2336.763025
,,,,,8383,14848.63223,12587.86059,11091.44748,32165.721,2942.25372,2598.457285
,,,,,8384,14631.21155,12421.85529,11256.24077,31870.73321,2928.28608,2683.565425
,,,,,8385,15144.68143,12335.52321,11936.84876,33044.27746,3156.97824,2919.711515
,,,,,8386,15455.79584,12473.96521,12443.15532,34292.70923,3309.60168,2949
,,,,,8387,16266.43633,13077.23225,13421.67871,34787.303,3388.7808,2949
,,,,,8388,16048.08255,13225.04464,12346.84246,34053.30278,3442.94064,2949
,,,,,8389,14822.89645,12607.58773,12148.11568,33578.94236,3395.36124,2949
,,,,,8390,14994.58952,12315.47706,12397.455,34202.33128,3419.6418,2949
,,,,,8391,14967.24741,12633.81773,12283.41687,34275.9583,3466.02564,2949
,,,,,8392,15285.83003,12612.32168,12558.5878,34442.62217,3463.60536,2949
,,,,,8393,17125.98607,12883.0713,12799.24373,34326.0376,3406.28652,2949
,,,,,8394,16543.74692,13712.23642,12581.48039,33559.00495,3343.437,2949
,,,,,8395,15477.95089,13520.41616,12085.87055,33201.59592,3237.09048,2949
,,,,,8396,15918.21558,13329.50962,12503.72658,33664.46271,3210.21468,2949
,,,,,8397,15296.1858,13122.51181,12206.44184,33863.15006,3174.75612,2949
,,,,,8398,14146.74364,12987.53293,11575.24588,35458.71562,3147.90948,2949
,,,,,8399,12973.00312,12145.20511,10667.29201,33814.98261,3033.76752,2949
,,,,,8400,11848.22533,11545.56709,9894.743995,32285.31584,3038.09292,2932.824735
,,,,,8401,11496.49015,10803.66785,9443.974371,31547.68932,3004.22844,2503.813062
,,,,,8402,11366.75953,10697.85393,9282.735381,31124.81444,2934.78876,2411.125992
,,,,,8403,11355.72603,10697.85393,9282.735381,30599.85341,2832.90372,2307.842182
,,,,,8404,11355.72603,10697.85393,9282.735381,30599.85341,2778.67584,2276.179752
,,,,,8405,11797.26481,10710.47119,9282.735381,30599.85341,2753.15112,2223.677722
,,,,,8406,13636.86291,11309.6698,10434.44336,31313.97296,2797.4646,2269.131642
,,,,,8407,14804.46881,12158.23127,11145.17194,32319.52184,2917.15668,2520.327462
,,,,,8408,14587.69349,12010.9477,11311.54439,32029.86667,2902.71276,2602.014762
,,,,,8409,15099.63924,11934.35197,11998.67441,33182.19626,3139.1226,2828.684732
,,,,,8410,15409.83018,12057.18077,12509.83274,34408.0596,3296.90736,2949
,,,,,8411,16218.06446,12592.4126,13492.36345,34893.7124,3378.7692,2949
,,,,,8412,16000.35882,12723.55501,12412.59695,34172.98101,3434.74668,2949
,,,,,8413,14778.80941,12175.73362,12211.96584,33707.19581,3385.56348,2949
,,,,,8414,14949.99285,11916.56659,12463.69449,34319.31546,3410.67024,2949
,,,,,8415,14922.7319,12199.00545,12348.56357,34391.61149,3460.21308,2949
,,,,,8416,15240.36888,12179.93369,12626.37137,34555.26251,3456.12096,2949
,,,,,8417,17054.22449,12420.14872,12869.33343,34440.78548,3396.85812,2949
,,,,,8418,16494.55191,13165.20447,12649.48333,33687.61881,3331.88964,2949
,,,,,8419,15431.91947,12985.61514,12149.12423,33336.67081,3221.94672,2949
,,,,,8420,15870.87732,12816.23864,12570.98444,33791.17016,3194.15724,2949
,,,,,8421,15250.69391,12632.58562,12270.85091,33986.26576,3157.51284,2949
,,,,,8422,14104.66362,12512.82938,11633.60641,35561.40784,3129.76224,2949
,,,,,8423,12934.4071,11765.49755,10716.95193,33938.96905,3011.76144,2949
,,,,,8424,11812.96797,11233.48547,9937.000844,32436.95471,3016.23264,2841.267132
,,,,,8425,11482.39473,10504.21877,9489.659374,31623.37196,2996.12196,2432.855207
,,,,,8426,11372.30963,10394.05765,9330.590518,31229.97535,2928.98592,2341.986687
,,,,,8427,11372.30963,10394.05765,9330.590518,30749.93686,2830.464,2240.727857
,,,,,8428,11372.30963,10394.05765,9330.590518,30749.93686,2778.03432,2209.684717
,,,,,8429,11781.29618,10407.93891,9330.590518,30749.93686,2758.03056,2153.653717
,,,,,8430,13609.4374,11026.96062,10471.82707,31405.94778,2796.19128,2202.774227
,,,,,8431,14769.77153,11903.59477,11176.5989,32341.40064,2911.92732,2449.035387
,,,,,8432,14554.34628,11751.43866,11341.57695,32071.9371,2897.9694,2529.130227
,,,,,8433,15063.10367,11672.30895,12022.94802,33143.93871,3126.56436,2751.347207
,,,,,8434,15371.36275,11799.20125,12529.82224,34284.34809,3279.11976,2949
,,,,,8435,16174.5634,12352.13998,13508.81449,34736.14642,3358.26972,2949
,,,,,8436,15958.21362,12487.62093,12433.4014,34065.65664,3412.4004,2949
,,,,,8437,14744.27194,11921.67614,12234.45181,33632.34095,3364.84044,2949
,,,,,8438,14914.38926,11653.93517,12484.07068,34201.79023,3389.121,2949
,,,,,8439,14887.29809,11945.71787,12369.90469,34269.04657,3442.66848,2949
,,,,,8440,15202.95685,11926.01516,12645.38414,34421.2896,3433.06512,2949
,,,,,8441,16956.06078,12174.17715,12886.30989,34314.79268,3375.76572,2949
,,,,,8442,16449.32891,12941.12328,12668.30239,33614.12866,3312.94536,2949
,,,,,8443,15393.31447,12758.35072,12172.13689,33287.64496,3206.63772,2949
,,,,,8444,15829.53853,12583.37079,12590.46141,33710.46153,3179.77164,2949
,,,,,8445,15213.21757,12393.64203,12292.84336,33891.95716,3144.33252,2949
,,,,,8446,14074.32468,12269.92394,11660.93972,35389.76703,3117.50532,2949
,,,,,8447,12911.35643,11497.86837,10751.96788,33847.95747,3003.41196,2949
,,,,,8448,11796.90155,10948.25591,9978.553704,32450.64736,3007.72764,2763.683857
,,,,,8449,11378.78203,10329.86557,9461.561488,31440.52449,2991.97152,2373.962694
,,,,,8450,11268.81221,10208.23671,9305.89529,31056.88905,2927.23632,2281.894914
,,,,,8451,11268.81221,10208.23671,9305.89529,30591.7258,2832.25248,2179.289374
,,,,,8452,11268.81221,10208.23671,9305.89529,30591.7258,2781.69876,2147.833374
,,,,,8453,11676.48513,10225.45236,9305.89529,30591.7258,2764.76652,2095.360834
,,,,,8454,13497.29698,10896.76663,10430.71318,31228.49516,2799.2142,2140.834414
,,,,,8455,14652.97912,11847.45545,11126.14515,32140.73707,2910.79008,2390.368964
,,,,,8456,14438.41754,11682.44578,11288.93686,31877.9596,2897.3376,2471.525444
,,,,,8457,14945.13523,11596.6315,11961.27818,32923.36214,3117.72888,2696.691424
,,,,,8458,15252.15844,11734.24316,12461.43514,34035.47508,3264.82164,2949
,,,,,8459,16052.13892,12333.89203,13434.87928,34476.06315,3341.13336,2949
,,,,,8460,15836.65652,12480.81789,12366.29209,33822.20992,3393.32976,2949
,,,,,8461,14627.58176,11867.06427,12169.97905,33399.64589,3347.4708,2949
,,,,,8462,14797.01705,11576.70558,12416.28989,33954.96569,3370.87656,2949
,,,,,8463,14770.03449,11893.13695,12303.63687,34020.55323,3425.34744,2949
,,,,,8464,15084.42771,11871.76983,12575.46557,34169.01872,3413.24604,2949
,,,,,8465,16833.62379,12140.89559,12813.1985,34065.16426,3357.99756,2949
,,,,,8466,16325.80284,12965.58769,12598.08011,33381.88549,3297.43224,2949
,,,,,8467,15274.02216,12774.41788,12108.48995,33063.50267,3194.93484,2949
,,,,,8468,15708.49731,12584.65633,12521.2707,33475.82809,3169.04076,2949
,,,,,8469,15094.6473,12378.90002,12227.59678,33652.82036,3134.86524,2949
,,,,,8470,13960.32045,12244.73069,11604.06733,35125.02315,3109.00032,2949
,,,,,8471,12802.01476,11407.45485,10707.14147,33609.91241,2998.98936,2949
,,,,,8472,11692.02794,10811.41325,9943.976833,32247.2731,3003.15924,2709.195184
,,,,,8473,11277.19216,10348.63065,9432.266242,31329.47703,2988.01548,2327.045176
,,,,,8474,11149.92978,10233.64212,9280.03921,30952.34265,2924.28144,2236.766456
,,,,,8475,11111.15072,10233.64212,9280.03921,30497.08651,2830.76532,2136.156406
,,,,,8476,11111.15072,10233.64212,9280.03921,30497.08651,2780.9892,2105.309866
,,,,,8477,11572.2443,10248.92701,9280.03921,30497.08651,2762.45316,2050.546936
,,,,,8478,13376.84238,10889.96156,10388.51316,31121.04073,2798.23248,2098.448526
,,,,,8479,14522.23352,11797.76944,11074.68508,32017.82384,2908.09764,2343.127056
,,,,,8480,14309.58255,11640.20256,11235.30912,31759.49939,2894.84928,2422.710736
,,,,,8481,14811.78807,11558.25893,11898.69786,32787.18658,3111.83856,2643.512196
,,,,,8482,15116.07733,11689.66361,12392.19496,33880.45371,3256.66656,2896.683846
,,,,,8483,15908.93422,12262.26523,13360.14259,34313.57559,3331.79244,2949
,,,,,8484,15695.37063,12402.56398,12298.3188,33670.80253,3383.18208,2949
,,,,,8485,14497.06232,11816.4938,12104.61977,33255.39925,3338.03268,2949
,,,,,8486,14664.98883,11539.23177,12347.65084,33801.30863,3361.0788,2949
,,,,,8487,14638.24655,11841.39047,12236.49786,33865.78472,3412.449,2949
,,,,,8488,14949.8402,11820.98712,12504.70702,34011.73433,3402.79704,2949
,,,,,8489,16778.7017,12077.97392,12739.2744,33909.63978,3348.40392,2949
,,,,,8490,16180.16125,12869.22854,12527.02043,33237.93981,3288.77172,2949
,,,,,8491,15137.74636,12682.92111,12043.94943,32924.9523,3187.85868,2949
,,,,,8492,15568.35264,12501.71878,12451.23378,33330.29047,3162.3534,2949
,,,,,8493,14959.96878,12305.24313,12161.47028,33504.28344,3128.71248,2949
,,,,,8494,13835.74276,12177.12553,11546.24346,34959.43157,3103.23636,2949
,,,,,8495,12687.75143,11377.61513,10661.26066,33462.10261,2994.93612,2949
,,,,,8496,11587.6487,10808.45806,9908.257967,32122.55451,2999.03796,2655.770206
,,,,,8497,11214.27352,10295.33094,9406.957762,31225.74907,2991.12588,2295.276329
,,,,,8498,11087.7193,10188.72748,9260.123702,30842.51664,2926.84752,2208.113719
,,,,,8499,11075.87735,10188.72748,9260.123702,30377.96755,2832.54408,2110.973659
,,,,,8500,11075.87735,10188.72748,9260.123702,30377.96755,2782.35,2081.188759
,,,,,8501,11507.68383,10201.57431,9260.123702,30377.96755,2757.30156,2019.859389
,,,,,8502,13302.24007,10804.37316,10342.32435,31013.94247,2799.73908,2074.563339
,,,,,8503,14441.25758,11658.03313,11013.51322,31925.22607,2910.52764,2310.807729
,,,,,8504,14229.78993,11509.86462,11170.62992,31662.72465,2897.16264,2387.639009
,,,,,8505,14729.20088,11432.80868,11819.53309,32707.02898,3115.989,2600.812389
,,,,,8506,15031.79691,11556.37548,12302.25433,33817.97363,3262.04172,2845.254999
,,,,,8507,15820.24188,12094.8232,13261.29746,34258.09886,3337.7994,2949
,,,,,8508,15607.86668,12226.75357,12210.42803,33604.93251,3389.62644,2949
,,,,,8509,14416.22645,11675.64064,12020.95855,33182.81239,3344.09796,2949
,,,,,8510,14583.21853,11414.91643,12258.68287,33737.54882,3367.32876,2949
,,,,,8511,14556.62505,11699.05231,12149.95699,33803.06745,3411.45756,2949
,,,,,8512,14866.48481,11679.86595,12412.30961,33951.37699,3409.39692,2949
,,,,,8513,16652.38668,11921.5243,12641.75505,33847.63162,3354.54696,2949
,,,,,8514,16089.95964,12670.55574,12434.13579,33165.07064,3294.40932,2949
,,,,,8515,15053.34535,12490.38827,11961.613,32847.0223,3192.65064,2949
,,,,,8516,15481.55549,12319.99409,12360.004,33258.91456,3166.93152,2949
,,,,,8517,14876.55703,12135.23761,12076.5677,33435.7209,3133.00872,2949
,,,,,8518,13758.58686,12014.76182,11474.77479,34906.86644,3107.31876,2949
,,,,,8519,12616.98362,11262.93971,10609.11621,33392.85802,2998.09512,2910.467219
,,,,,8520,11523.00251,10727.73108,9872.55587,32031.65018,3002.23584,2612.657539
,,,,,8521,11211.38285,10263.13705,9360.55536,31205.74991,2999.36844,2282.507978
,,,,,8522,11084.86117,10161.71397,9211.171506,30809.52437,2933.95284,2198.107598
,,,,,8523,11060.91596,10161.71397,9211.171506,30325.1748,2837.97756,2104.054158
,,,,,8524,11060.91596,10161.71397,9211.171506,30325.1748,2786.88924,2075.212938
,,,,,8525,11504.71773,10173.05454,9211.171506,30325.1748,2753.97732,2008.899758
,,,,,8526,13298.81262,10752.23101,10305.67554,30986.76222,2804.58936,2068.803778
,,,,,8527,14437.53731,11572.43791,10983.86327,31928.94199,2917.34136,2297.538048
,,,,,8528,14226.12402,11430.0758,11142.61832,31657.54072,2903.74308,2371.931488
,,,,,8529,14725.40659,11356.03951,11798.28797,32737.25116,3126.44772,2578.341828
,,,,,8530,15027.92482,11474.764,12286.04281,33885.86129,3275.08596,2815.018738
,,,,,8531,15816.1671,11992.11112,13249.24344,34340.90852,3352.19472,2949
,,,,,8532,15603.84649,12118.87143,12193.25898,33665.59722,3404.93544,2949
,,,,,8533,14412.51261,11589.35542,12001.8138,33229.16553,3358.6002,2949
,,,,,8534,14579.46176,11338.84842,12242.01701,33802.70975,3382.24896,2949
,,,,,8535,14552.87512,11611.84963,12132.15738,33870.44973,3421.61496,2949
,,,,,8536,14862.65522,11593.41514,12397.2457,34023.78755,3421.61496,2949
,,,,,8537,16664.6521,11825.60342,12629.0837,33916.52481,3369.23388,2949
,,,,,8538,16085.81552,12548.54899,12419.29947,33210.82227,3308.03676,2949
,,,,,8539,15049.46773,12372.17486,11941.84942,32881.9908,3204.46044,2949
,,,,,8540,15477.56778,12208.45806,12344.39467,33307.84787,3178.2942,2949
,,,,,8541,14872.72485,12030.94178,12058.00281,33490.64865,3143.76876,2949
,,,,,8542,13755.04209,11915.18717,11449.93468,34995.87986,3117.62196,2949
,,,,,8543,12613.73234,11192.82734,10575.24939,33446.33255,3006.46404,2878.156828
,,,,,8544,11520.03247,10678.59237,9831.008521,32038.9743,3010.6728,2589.803608
,,,,,8545,11271.92637,9957.095379,9382.195625,31270.12608,3005.60868,2298.452238
,,,,,8546,11144.72326,9836.174236,9225.832425,30857.27346,2933.77788,2209.785638
,,,,,8547,11065.60742,9836.174236,9225.832425,30347.58555,2828.3742,2110.974478
,,,,,8548,11065.60742,9836.174236,9225.832425,30347.58555,2772.28008,2080.688248
,,,,,8549,11566.84111,9853.184105,9225.832425,30347.58555,2742.81876,2012.025698
,,,,,8550,13370.59877,10521.27122,10354.01352,31041.94886,2791.71036,2073.944868
,,,,,8551,14515.45648,11467.38986,11051.35867,32023.66594,2915.53344,2314.239218
,,,,,8552,14302.90455,11303.17343,11214.59823,31740.87568,2900.60352,2392.397548
,,,,,8553,14804.87619,11217.77167,11888.7892,32865.89472,3145.16844,2609.227688
,,,,,8554,15109.02374,11354.72181,12390.32213,34062.70474,3308.3964,2857.867708
,,,,,8555,15901.51139,11951.48803,13364.90275,34536.84742,3393.07704,2949
,,,,,8556,15688.04726,12097.70758,12294.91734,33833.19758,3450.9888,2949
,,,,,8557,14490.29701,11486.90441,12098.06423,33378.45162,3400.1046,2949
,,,,,8558,14658.14532,11197.94154,12345.05269,33976.06386,3426.07644,2949
,,,,,8559,14631.41548,11512.85176,12232.08975,34046.64645,3473.6364,2949
,,,,,8560,14942.86402,11491.58736,12504.66627,34206.41889,3473.09208,2949
,,,,,8561,16825.81531,11759.41937,12743.05322,34094.65501,3411.78804,2949
,,,,,8562,16172.6121,12580.54776,12527.34302,33359.33861,3344.58396,2949
,,,,,8563,15130.68268,12389.89617,12036.40597,33016.70817,3230.84052,2949
,,,,,8564,15561.08842,12201.04684,12450.32231,33460.43576,3202.09848,2949
,,,,,8565,14952.98789,11996.27965,12155.84046,33650.90753,3164.18076,2949
,,,,,8566,13829.28543,11862.75531,11530.59564,35199.75759,3135.4776,2949
,,,,,8567,12681.82874,11029.50445,10631.20228,33604.73177,3013.40412,2924.200548
,,,,,8568,11582.23834,10436.32815,9865.938128,32138.31561,3018.03084,2621.279268
,,,,,8569,11339.21667,9939.029602,9506.98747,31555.76379,3031.78464,2341.620385
,,,,,8570,11211.25619,9798.070425,9346.177874,31123.34249,2960.33292,2248.618755
,,,,,8571,11082.82284,9815.545531,9346.177874,30583.83348,2855.493,2144.981065
,,,,,8572,11082.82284,9710.900193,9346.177874,30583.83348,2799.69048,2113.200675
,,,,,8573,11635.88733,9835.14704,9346.177874,30583.83348,2778.73416,2049.118905
,,,,,8574,13450.38454,10503.04956,10495.81393,31316.77127,2819.02356,2106.132905
,,,,,8575,14602.05872,11448.90678,11205.36387,32345.02045,2942.18568,2358.183935
,,,,,8576,14388.24125,11284.73573,11371.46042,32048.8263,2927.33352,2440.156305
,,,,,8577,14893.20162,11199.35757,12057.45095,33227.16977,3170.60568,2667.602845
,,,,,8578,15199.16007,11336.26986,12567.7616,34480.70702,3332.97828,2928.392745
,,,,,8579,15996.36618,11932.87119,13549.59217,34977.32344,3417.20208,2949
,,,,,8580,15781.63108,12079.05034,12470.68706,34240.32152,3474.81252,2949
,,,,,8581,14576.74944,11468.41594,12270.38866,33764.0212,3424.20048,2949
,,,,,8582,14745.59712,11179.53291,12521.69986,34389.95947,3450.03624,2949
,,,,,8583,14718.70814,11494.35612,12406.75987,34463.88759,3507.43284,2949
,,,,,8584,15032.01104,11473.09759,12684.10697,34631.23303,3496.80888,2949
,,,,,8585,16988.68376,11740.8556,12926.66612,34514.17169,3435.8256,2949
,,,,,8586,16269.08102,12663.53672,12707.1806,33744.00225,3368.97144,2949
,,,,,8587,15220.94796,12371.1582,12207.65127,33385.13158,3255.83064,2949
,,,,,8588,15653.91633,12182.36105,12628.81189,33849.89128,3227.24412,2949
,,,,,8589,15042.19518,11977.65044,12329.17609,34049.39116,3189.5208,2949
,,,,,8590,13911.80222,11844.16299,11692.98836,35649.57696,3160.96344,2949
,,,,,8591,12757.51357,11011.14236,10777.85399,34001.02673,3039.5412,2949
,,,,,8592,11651.37623,10418.12996,9999.196337,32465.10437,3044.13876,2680.234395
,,,,,8593,11407.10986,10031.02972,9698.492682,32072.07934,3059.59356,2411.135822
,,,,,8594,11278.38524,9888.766639,9535.58128,31651.51091,2987.60724,2317.092212
,,,,,8595,11153.69432,9906.403395,9535.58128,31130.06473,2881.97028,2212.284752
,,,,,8596,11153.69432,9810.942006,9535.58128,31130.06473,2825.7498,2180.150482
,,,,,8597,11705.55217,9926.186222,9535.58128,31130.06473,2811.33504,2115.990072
,,,,,8598,13530.88515,10600.267,10695.35906,31839.63772,2845.21896,2173.004072
,,,,,8599,14689.43688,11554.87362,11410.6782,32839.70211,2969.3142,2427.895972
,,,,,8600,14474.34254,11389.18395,11578.12524,32551.62678,2954.35512,2510.792362
,,,,,8601,14982.31842,11303.01602,12269.6934,33697.67131,3199.46436,2740.804532
,,,,,8602,15290.10399,11441.19479,12784.15327,34916.84851,3363.05196,2949
,,,,,8603,16092.07084,12043.31482,13769.41089,35399.85245,3447.91728,2949
,,,,,8604,15876.05339,12190.84617,12686.28944,34683.05209,3505.9554,2949
,,,,,8605,14663.97646,11574.56325,12484.36246,34219.80739,3454.96428,2949
,,,,,8606,14833.83246,11283.00799,12737.71702,34828.5884,3480.99444,2949
,,,,,8607,14806.7829,11600.74338,12621.84248,34900.49012,3546.9252,2949
,,,,,8608,15121.95678,11579.28821,12901.44463,35063.24854,3528.117,2949
,,,,,8609,17080.54905,11849.52304,13145.97596,34949.3959,3466.67688,2949
,,,,,8610,16366.41427,12771.46503,12924.70586,34200.33717,3399.31728,2949
,,,,,8611,15312.02199,12485.65609,12421.11497,33851.30331,3285.33084,2949
,,,,,8612,15747.57596,12295.11253,12845.69995,34303.32373,3256.52076,2949
,,,,,8613,15132.20174,12088.50829,12543.62787,34497.35523,3218.51556,2949
,,,,,8614,13995.05832,11953.78605,11902.26745,36066.44664,3189.74436,2949
,,,,,8615,12833.87652,11113.05978,10979.69233,34450.31648,3067.40844,2949
,,,,,8616,11721.13357,10514.56187,10194.70359,32956.49447,3072.04488,2753.573702
,,,,,8617,11506.44245,10183.49605,9838.329271,32458.28371,3080.87064,2501.579686
,,,,,8618,11376.59981,10039.07208,9671.660103,32051.57917,3004.8408,2403.810506
,,,,,8619,11245.51463,10056.97673,9671.660103,31551.26045,2893.27464,2294.844956
,,,,,8620,11239.72752,10019.02517,9671.660103,31551.26045,2833.89516,2261.442616
,,,,,8621,11807.47681,10077.06004,9671.660103,31551.26045,2824.64172,2195.719236
,,,,,8622,13648.6633,10761.37968,10849.57004,32233.50444,2854.46268,2254.011136
,,,,,8623,14817.27736,11730.48617,11575.20376,33200.60207,2985.52716,2518.998446
,,,,,8624,14600.31487,11562.27978,11745.06531,32922.02305,2969.72244,2605.187886
,,,,,8625,15112.70266,11474.80301,12446.60559,34030.28863,3228.5952,2844.312466
,,,,,8626,15423.16142,11615.08063,12968.48376,35209.2761,3401.3682,2949
,,,,,8627,16232.09357,12226.34648,13959.8685,35676.35799,3491.00604,2949
,,,,,8628,16014.19995,12376.11874,12869.20877,34983.1867,3552.31008,2949
,,,,,8629,14791.59581,11750.47488,12664.37009,34535.21268,3498.45156,2949
,,,,,8630,14962.92705,11454.49107,12921.37791,35123.92545,3525.93972,2949
,,,,,8631,14935.64256,11777.05266,12803.83251,35193.45695,3602.78604,2949
,,,,,8632,15253.55381,11755.2716,13087.4664,35350.85011,3575.70612,2949
,,,,,8633,17234.94958,12029.61113,13335.52377,35240.75058,3510.8154,2949
,,,,,8634,16508.81975,12917.2295,13111.06305,34516.38429,3439.67472,2949
,,,,,8635,15445.26979,12675.40664,12600.2106,34178.85621,3319.2828,2949
,,,,,8636,15884.60666,12481.96884,13030.91791,34615.97594,3288.8592,2949
,,,,,8637,15263.88775,12272.22641,12724.49008,34803.61126,3248.72532,2949
,,,,,8638,14116.86793,12135.45783,12073.88152,36336.33267,3218.3406,2949
,,,,,8639,12945.60096,11281.96146,11138.00327,34758.12313,3089.12292,2949
,,,,,8640,11823.19353,10674.37275,10341.69532,33313.54442,3094.0218,2857.592796
,,,,,8641,11600.1424,10284.40518,9960.114935,32721.40687,3104.23752,2615.060155
,,,,,8642,11469.24515,10138.55104,9791.882073,32322.84125,3026.65248,2511.913965
,,,,,8643,11337.09526,10156.63299,9791.882073,31834.9256,2912.81184,2396.971775
,,,,,8644,11332.52673,10136.3571,9791.882073,31834.9256,2852.21736,2361.731225
,,,,,8645,11903.62183,10176.91518,9791.882073,31834.9256,2850.13728,2298.878205
,,,,,8646,13759.76286,10868.01136,10977.33722,32501.12585,2873.21256,2353.886885
,,,,,8647,14937.86867,11846.71452,11707.26309,33448.87005,3006.94032,2633.432425
,,,,,8648,14719.14397,11676.84245,11878.12938,33175.86591,2990.81484,2724.350095
,,,,,8649,15235.69349,11588.49944,12583.81928,34261.95301,3254.96556,2949
,,,,,8650,15548.67387,11730.16617,13108.78437,35417.34673,3431.2572,2949
,,,,,8651,16364.17635,12347.48514,14102.71875,35875.08143,3522.7224,2949
,,,,,8652,16144.51295,12498.74053,13008.92217,35195.7818,3585.2706,2949
,,,,,8653,14911.97853,11866.90117,12802.87187,34756.77259,3530.31372,2949
,,,,,8654,15084.70137,11567.98635,13061.39989,35333.70411,3558.36564,2949
,,,,,8655,15057.19527,11893.74214,12943.15921,35401.84415,3645.66096,2949
,,,,,8656,15377.68866,11871.74539,13228.4708,35556.08757,3609.15264,2949
,,,,,8657,17369.34587,12148.80159,13477.99544,35448.19134,3542.94,2949
,,,,,8658,16643.15016,13029.65916,13252.20703,34738.32099,3470.34132,2949
,,,,,8659,15570.9618,12800.99215,12738.33287,34407.54748,3347.49996,2949
,,,,,8660,16013.86707,12605.63882,13171.58783,34835.91962,3316.45428,2949
,,,,,8661,15388.10654,12393.8194,12863.34747,35019.8,3275.50392,2949
,,,,,8662,14231.77036,12255.69645,12208.89053,36531.17007,3244.49712,2949
,,,,,8663,13050.99009,11393.74825,11267.47654,34975.22218,3112.65504,2949
,,,,,8664,11919.46621,10780.14283,10466.45841,33559.5522,3117.65112,2949
,,,,,8665,11585.18487,10393.85341,9908.558121,32432.15738,3122.63748,2762.12187
,,,,,8666,11454.45597,10266.57395,9737.184531,32018.90194,3044.09016,2653.47088
,,,,,8667,11326.55673,10266.57395,9737.184531,31508.60016,2928.82068,2532.39477
,,,,,8668,11326.55673,10266.57395,9737.184531,31508.60016,2870.10216,2495.26686
,,,,,8669,11888.27399,10285.43258,9737.184531,31508.60016,2870.10216,2440.3958
,,,,,8670,13742.02779,10982.51344,10937.79446,32203.75753,2888.72568,2487.00966
,,,,,8671,14918.61842,11969.69188,11676.34123,33186.43247,3024.135,2781.47714
,,,,,8672,14700.17501,11798.34877,11849.22556,32903.36629,3007.8054,2877.241
,,,,,8673,15216.06019,11709.24073,12563.25013,34029.48302,3275.2512,2949
,,,,,8674,15528.63804,11852.13425,13094.41539,35227.46077,3453.74928,2949
,,,,,8675,16343.09168,12474.79902,14093.4708,35702.06607,3546.35172,2949
,,,,,8676,16123.7108,12627.36423,12993.37375,34997.72968,3609.68724,2949
,,,,,8677,14892.76157,11990.05334,12784.88986,34542.54002,3554.04024,2949
,,,,,8678,15065.26227,11688.55001,13046.47127,35140.73535,3582.44208,2949
,,,,,8679,15037.79154,12017.12675,12926.83408,35211.38681,3679.506,2949
,,,,,8680,15357.87274,11994.93951,13215.51539,35371.31514,3633.86088,2949
,,,,,8681,17339.13969,12274.39493,13467.98708,35259.44221,3566.82204,2949
,,,,,8682,16621.7067,13127.54073,13239.53196,34523.40836,3493.3194,2949
,,,,,8683,15550.89731,12932.23327,12719.58861,34180.44362,3368.94228,2949
,,,,,8684,15993.23294,12735.18823,13157.96059,34624.60415,3337.5078,2949
,,,,,8685,15368.27722,12521.53452,12846.07972,34815.26177,3296.052,2949
,,,,,8686,14213.42823,12382.21547,12183.89322,36365.16858,3264.6564,2949
,,,,,8687,13034.16659,11512.80305,11231.36052,34769.04095,3131.16192,2949
,,,,,8688,11904.09799,10893.884,10420.88184,33301.19401,3136.22604,2949
,,,,,8689,11551.66901,10505.59401,9783.327506,31956.66371,3138.25752,2908.591679
,,,,,8690,11421.31734,10379.23034,9615.279891,31523.99175,3061.61532,2795.566339
,,,,,8691,11342.59535,10379.23034,9615.279891,30984.10074,2949.15492,2669.614549
,,,,,8692,11342.59535,10379.23034,9615.279891,30984.10074,2890.23228,2631.002309
,,,,,8693,11853.88354,10397.82269,9615.279891,30984.10074,2890.23228,2589.214979
,,,,,8694,13702.28821,11090.72759,10799.84117,31717.53265,2910.03192,2622.410889
,,,,,8695,14875.4837,12071.9922,11529.25856,32746.3779,3042.14616,2928.733349
,,,,,8696,14657.67063,11901.67554,11700.00582,32450.01205,3026.21508,2949
,,,,,8697,15172.06718,11813.10132,12405.20413,33629.03859,3287.1582,2949
,,,,,8698,15483.74306,11955.13882,12929.80351,34883.30249,3461.32116,2949
,,,,,8699,16295.84654,12574.07342,13923.43585,35380.2068,3551.66856,2949
,,,,,8700,16077.09869,12725.72467,12830.01088,34642.77764,3613.4586,2949
,,,,,8701,14849.70146,12092.23168,12624.10412,34166.20122,3559.1724,2949
,,,,,8702,15021.7044,11792.53455,12882.45204,34792.50234,3586.88412,2949
,,,,,8703,14994.31294,12119.1429,12764.29373,34866.47331,3677.78556,2949
,,,,,8704,15313.47052,12097.08858,13049.40657,35033.91576,3637.04904,2949
,,,,,8705,17224.68243,12374.86988,13298.75738,34916.78656,3571.63344,2949
,,,,,8706,16573.6576,13223.40422,13073.12626,34146.17067,3499.929,2949
,,,,,8707,15505.9381,13028.76735,12559.61007,33787.09197,3378.5748,2949
,,,,,8708,15946.99734,12832.90273,12992.56322,34252.12108,3347.9082,2949
,,,,,8709,15323.84498,12620.52895,12684.53759,34451.73661,3307.44384,2949
,,,,,8710,14172.32839,12482.0445,12030.53656,36052.58,3276.81612,2949
,,,,,8711,12996.46959,11617.84043,11089.77838,34403.34414,3146.56812,2949
,,,,,8712,11869.66189,11002.6291,10289.31825,32866.53143,3151.50588,2949
,,,,,8713,11541.87442,10600.97142,9648.120044,31661.91262,3154.34412,2949
,,,,,8714,11411.63299,10479.75309,9490.393151,31224.97742,3083.26176,2945.803284
,,,,,8715,11342.04937,10479.75309,9490.393151,30678.58955,2978.94672,2816.922154
,,,,,8716,11342.04937,10479.75309,9490.393151,30678.58955,2923.42608,2777.415384
,,,,,8717,11843.83337,10496.84937,9490.393151,30678.58955,2911.21776,2743.089024
,,,,,8718,13690.67481,11166.29164,10625.1544,31420.42533,2942.65224,2768.627364
,,,,,8719,14862.87811,12114.32941,11326.24272,32459.4081,3065.202,2949
,,,,,8720,14645.24925,11949.77989,11490.3585,32160.12207,3050.41788,2949
,,,,,8721,15159.21077,11864.20489,12168.16836,33350.76591,3292.46532,2949
,,,,,8722,15470.62306,12001.43282,12672.39338,34617.38846,3454.01172,2949
,,,,,8723,16282.03974,12599.40953,13649.19753,35119.18891,3537.80784,2949
,,,,,8724,16063.47689,12745.92568,12576.47649,34374.49365,3595.12668,2949
,,,,,8725,14837.11768,12133.88355,12378.56672,33893.22137,3544.77708,2949
,,,,,8726,15008.97515,11844.33454,12626.88094,34525.69363,3570.47676,2949
,,,,,8727,14981.60686,12159.88352,12513.31165,34600.39346,3638.02104,2949
,,,,,8728,15300.49452,12138.57599,12787.35129,34769.48577,3617.0064,2949
,,,,,8729,17198.32133,12406.95127,13027.01784,34651.20245,3556.33416,2949
,,,,,8730,16559.61584,13229.57615,12810.14976,33872.99345,3489.8202,2949
,,,,,8731,15492.79933,13038.70695,12316.57749,33510.37664,3377.25288,2949
,,,,,8732,15933.48557,12849.47456,12732.71563,33979.98782,3348.81216,2949
,,,,,8733,15310.86021,12644.29201,12436.65308,34181.57023,3311.28324,2949
,,,,,8734,14160.31747,12510.49683,11808.05211,35793.59767,3282.87168,2949
,,,,,8735,12985.45311,11675.55578,10903.83104,34132.70093,3162.0618,2949
,,,,,8736,11859.59836,11081.17628,10134.45915,32580.74554,3166.63992,2949
,,,,,8737,11558.13876,10860.82078,9085.21782,30577.02511,3148.9398,2949
,,,,,8738,11427.71427,10756.58511,8875.548419,30078.63594,3076.74936,2949
,,,,,8739,11364.36553,10756.58511,8864.803129,29369.83658,2970.83052,2924.04163
,,,,,8740,11364.36553,10756.58511,8864.803129,28573.30515,2914.45452,2884.98704
,,,,,8741,11860.52212,10768.74347,8872.832845,29309.77152,2900.21472,2850.74915
,,,,,8742,13709.95936,11360.74525,10142.31488,30301.57317,2933.99172,2876.29732
,,,,,8743,14883.81023,12199.11484,10900.85361,31486.68653,3058.41744,2949
,,,,,8744,14665.87548,12053.60026,11078.4178,31145.30659,3043.40976,2949
,,,,,8745,15180.55939,11977.92451,11811.77052,32503.41182,3289.17996,2949
,,,,,8746,15492.40939,12099.27803,12357.31407,33948.18198,3453.20496,2949
,,,,,8747,16304.96653,12628.08132,13470.30432,34520.55954,3538.29384,2949
,,,,,8748,16086.09648,12757.64861,12253.5373,33671.12456,3596.4972,2949
,,,,,8749,14858.01359,12216.40697,12039.40989,33122.16242,3545.37,2949
,,,,,8750,15030.11261,11960.35274,12308.07213,33843.59047,3571.4682,2949
,,,,,8751,15002.70585,12239.3993,12185.19645,33928.79667,3637.81692,2949
,,,,,8752,15322.04172,12220.5566,12481.69216,34121.67143,3618.71712,2949
,,,,,8753,17213.09817,12457.88647,12740.99809,33986.75184,3557.11176,2949
,,,,,8754,16582.93278,13194.99485,12506.35884,33099.08949,3489.56748,2949
,,,,,8755,15514.61683,13016.5612,11972.34098,32685.47144,3375.27,2949
,,,,,8756,15955.92246,12849.21904,12422.57939,33221.13238,3346.39188,2949
,,,,,8757,15332.42198,12667.77184,12102.25612,33451.06689,3308.28948,2949
,,,,,8758,14180.26212,12549.45396,11422.14469,36120.09925,3279.44052,2949
,,,,,8759,13003.74645,11811.09816,10443.82757,33395.32424,3156.77412,2949
,,,,,8760,11876.30928,11285.47595,9611.409795,31625.08981,3161.42028,2949