HL_to_IME,HL_to_JL,IME_to_JL,IME_to_LN,JL_to_LN,IME_to_SD,LN_to_JB,
730.2613146,1557.618571,-2359.552222,5405.721111,2094.652222,2818.72,2061.793125,
730.2613146,1557.618571,-2359.552222,5405.721111,2094.652222,2743.59,1959.473125,
730.2613146,1557.618571,-2359.552222,5405.721111,2094.652222,2633.35,1845.443125,
730.2613146,1557.618571,-2359.552222,5405.721111,2094.652222,2574.68,1810.483125,
730.2613146,1557.618571,-2359.552222,5405.721111,2094.652222,2562.92,1738.793125,
812.7828647,1557.618571,-2598.627143,5708.9275,2212.14,2595,1802.703125,
848.5894761,1910.14625,-2647.5375,5708.9275,2212.14,2724.51,2080.023125,
848.5894761,1910.14625,-2647.5375,5708.9275,2212.14,2708.89,2170.213125,
848.5894761,1910.14625,-2647.5375,5747.641429,2227.141429,2964.68,2420.453125,
812.7828647,2042.083333,-2598.627143,5747.641429,2227.141429,3135.4,2707.393125,
812.7828647,2042.083333,-2598.627143,5708.9275,2212.14,3223.96,2950.803125,
730.2613146,1910.14625,-2359.552222,5405.721111,2094.652222,3284.53,3000,
730.2613146,1910.14625,-2359.552222,5405.721111,2094.652222,3231.32,2967.903125,
730.2613146,1910.14625,-2359.552222,5708.9275,2212.14,3258.48,2974.053125,
730.2613146,2042.083333,-2359.552222,5708.9275,2212.14,3331.24,3000,
812.7828647,2042.083333,-2598.627143,5708.9275,2212.14,3307.66,3000,
812.7828647,2042.083333,-2598.627143,5747.641429,2227.141429,3243.54,3000,
848.5894761,2042.083333,-2647.5375,5747.641429,2227.141429,3173.24,3000,
848.5894761,2042.083333,-2647.5375,5747.641429,2227.141429,3054.29,3000,
848.5894761,2042.083333,-2647.5375,5747.641429,2227.141429,3024.22,3000,
848.5894761,2042.083333,-2647.5375,5747.641429,2227.141429,2984.57,3000,
848.5894761,1910.14625,-2647.5375,5708.9275,2212.14,2954.54,2969.393125,
812.7828647,1910.14625,-2598.627143,5405.721111,2094.652222,2826.87,2783.953125,
812.7828647,1557.618571,-2598.627143,5405.721111,2094.652222,2831.71,2434.353125,
725.7881653,1540.777143,-2342.721111,5410.024444,2096.32,2819.36,2066.751333,
725.7881653,1540.777143,-2342.721111,5410.024444,2096.32,2747.17,1961.631333,
725.7881653,1540.777143,-2342.721111,5410.024444,2096.32,2641.23,1844.481333,
725.7881653,1540.777143,-2342.721111,5410.024444,2096.32,2584.85,1808.571333,
725.7881653,1540.777143,-2342.721111,5410.024444,2096.32,2565.91,1745.691333,
810.2136543,1540.777143,-2587.534286,5717.38125,2215.415,2604.38,1800.571333,
846.879798,1902.29875,-2638.1,5717.38125,2215.415,2728.83,2085.481333,
846.879798,1902.29875,-2638.1,5717.38125,2215.415,2713.82,2178.141333,
846.879798,1902.29875,-2638.1,5758.715714,2231.432857,2959.63,2435.231333,
810.2136543,2037.267778,-2587.534286,5758.715714,2231.432857,3123.68,2730.021333,
810.2136543,2037.267778,-2587.534286,5717.38125,2215.415,3208.78,2980.081333,
725.7881653,1902.29875,-2342.721111,5410.024444,2096.32,3266.99,3000,
725.7881653,1902.29875,-2342.721111,5410.024444,2096.32,3215.86,2997.651333,
725.7881653,1902.29875,-2342.721111,5717.38125,2215.415,3241.96,3000,
725.7881653,2037.267778,-2342.721111,5717.38125,2215.415,3302.64,3000,
810.2136543,2037.267778,-2587.534286,5717.38125,2215.415,3289.21,3000,
810.2136543,2037.267778,-2587.534286,5758.715714,2231.432857,3227.6,3000,
846.879798,2037.267778,-2638.1,5758.715714,2231.432857,3160.05,3000,
846.879798,2037.267778,-2638.1,5758.715714,2231.432857,3045.73,3000,
846.879798,2037.267778,-2638.1,5758.715714,2231.432857,3016.85,3000,
846.879798,2037.267778,-2638.1,5758.715714,2231.432857,2978.74,3000,
846.879798,1902.29875,-2638.1,5717.38125,2215.415,2949.88,2999.181333,
810.2136543,1902.29875,-2587.534286,5410.024444,2096.32,2827.2,2808.671333,
810.2136543,1540.777143,-2587.534286,5410.024444,2096.32,2831.85,2449.511333,
725.2134226,1527.791429,-2339.981111,5417.752222,2099.315556,2809.14,2080.055,
725.2134226,1527.791429,-2339.981111,5417.752222,2099.315556,2734.04,1970.435,
725.2134226,1527.791429,-2339.981111,5417.752222,2099.315556,2623.85,1848.285,
725.2134226,1527.791429,-2339.981111,5417.752222,2099.315556,2565.21,1810.835,
725.2134226,1527.791429,-2339.981111,5417.752222,2099.315556,2541.07,1751.035,
811.8034411,1527.791429,-2599.075714,5735.6125,2222.48,2585.52,1802.495,
849.5658505,1911.35625,-2653.46875,5735.6125,2222.48,2714.97,2099.575,
849.5658505,1911.35625,-2653.46875,5735.6125,2222.48,2699.36,2196.195,
849.5658505,1911.35625,-2653.46875,5778.601429,2239.138571,2955.04,2464.275,
811.8034411,2053.948889,-2599.075714,5778.601429,2239.138571,3125.68,2771.665,
811.8034411,2053.948889,-2599.075714,5735.6125,2222.48,3214.2,3000,
725.2134226,1911.35625,-2339.981111,5417.752222,2099.315556,3274.75,3000,
725.2134226,1911.35625,-2339.981111,5417.752222,2099.315556,3221.56,3000,
725.2134226,1911.35625,-2339.981111,5735.6125,2222.48,3248.71,3000,
725.2134226,2053.948889,-2339.981111,5735.6125,2222.48,3306.47,3000,
811.8034411,2053.948889,-2599.075714,5735.6125,2222.48,3297.86,3000,
811.8034411,2053.948889,-2599.075714,5778.601429,2239.138571,3233.77,3000,
849.5658505,2053.948889,-2653.46875,5778.601429,2239.138571,3163.51,3000,
849.5658505,2053.948889,-2653.46875,5778.601429,2239.138571,3044.6,3000,
849.5658505,2053.948889,-2653.46875,5778.601429,2239.138571,3014.56,3000,
849.5658505,2053.948889,-2653.46875,5778.601429,2239.138571,2974.92,3000,
849.5658505,1911.35625,-2653.46875,5735.6125,2222.48,2944.9,3000,
811.8034411,1911.35625,-2599.075714,5417.752222,2099.315556,2817.29,2853.675,
811.8034411,1527.791429,-2599.075714,5417.752222,2099.315556,2822.12,2479.165,
728.2896251,1535.477143,-2352.485556,5438.991111,2107.543333,2811.35,2092.2375,
728.2896251,1535.477143,-2352.485556,5438.991111,2107.543333,2735.54,1979.8775,
728.2896251,1535.477143,-2352.485556,5438.991111,2107.543333,2624.31,1854.6675,
728.2896251,1535.477143,-2352.485556,5438.991111,2107.543333,2565.11,1816.2775,
728.2896251,1535.477143,-2352.485556,5438.991111,2107.543333,2540.37,1757.5475,
815.1839427,1535.477143,-2613.578571,5756.85375,2230.71125,2585.61,1807.7375,
852.9685116,1922.05375,-2668.43875,5756.85375,2230.71125,2716.29,2112.2575,
852.9685116,1922.05375,-2668.43875,5756.85375,2230.71125,2700.53,2211.2875,
852.9685116,1922.05375,-2668.43875,5798.397143,2246.808571,2958.62,2486.0675,
815.1839427,2065.731111,-2613.578571,5798.397143,2246.808571,3130.88,2801.1475,
815.1839427,2065.731111,-2613.578571,5756.85375,2230.71125,3220.24,3000,
728.2896251,1922.05375,-2352.485556,5438.991111,2107.543333,3281.37,3000,
728.2896251,1922.05375,-2352.485556,5438.991111,2107.543333,3227.67,3000,
728.2896251,1922.05375,-2352.485556,5756.85375,2230.71125,3255.07,3000,
728.2896251,2065.731111,-2352.485556,5756.85375,2230.71125,3312.94,3000,
815.1839427,2065.731111,-2613.578571,5756.85375,2230.71125,3304.7,3000,
815.1839427,2065.731111,-2613.578571,5798.397143,2246.808571,3240,3000,
852.9685116,2065.731111,-2668.43875,5798.397143,2246.808571,3169.07,3000,
852.9685116,2065.731111,-2668.43875,5798.397143,2246.808571,3049.04,3000,
852.9685116,2065.731111,-2668.43875,5798.397143,2246.808571,3018.71,3000,
852.9685116,2065.731111,-2668.43875,5798.397143,2246.808571,2978.69,3000,
852.9685116,1922.05375,-2668.43875,5756.85375,2230.71125,2948.4,3000,
815.1839427,1922.05375,-2613.578571,5438.991111,2107.543333,2819.57,2885.2175,
815.1839427,1535.477143,-2613.578571,5438.991111,2107.543333,2824.45,2501.3375,
731.1967382,1563.831429,-2377.338889,5463.606667,2117.084444,2817.73,2099.231667,
731.1967382,1563.831429,-2377.338889,5463.606667,2117.084444,2742.34,1987.361667,
731.1967382,1563.831429,-2377.338889,5463.606667,2117.084444,2631.73,1862.701667,
731.1967382,1563.831429,-2377.338889,5463.606667,2117.084444,2572.86,1824.481667,
731.1967382,1563.831429,-2377.338889,5463.606667,2117.084444,2556.72,1767.771667,
818.6589121,1563.831429,-2625.757143,5780.33625,2239.81125,2593.25,1815.981667,
856.6013871,1929.965,-2676.41875,5780.33625,2239.81125,2723.2,2119.161667,
856.6013871,1929.965,-2676.41875,5780.33625,2239.81125,2707.53,2217.761667,
856.6013871,1929.965,-2676.41875,5818.624286,2254.645714,2964.19,2491.341667,
818.6589121,2067.103333,-2625.757143,5818.624286,2254.645714,3135.49,2805.041667,
818.6589121,2067.103333,-2625.757143,5780.33625,2239.81125,3224.36,3000,
731.1967382,1929.965,-2377.338889,5463.606667,2117.084444,3285.14,3000,
731.1967382,1929.965,-2377.338889,5463.606667,2117.084444,3231.74,3000,
731.1967382,1929.965,-2377.338889,5780.33625,2239.81125,3258.99,3000,
731.1967382,2067.103333,-2377.338889,5780.33625,2239.81125,3326.77,3000,
818.6589121,2067.103333,-2625.757143,5780.33625,2239.81125,3308.34,3000,
818.6589121,2067.103333,-2625.757143,5818.624286,2254.645714,3244,3000,
856.6013871,2067.103333,-2676.41875,5818.624286,2254.645714,3173.47,3000,
856.6013871,2067.103333,-2676.41875,5818.624286,2254.645714,3054.1,3000,
856.6013871,2067.103333,-2676.41875,5818.624286,2254.645714,3023.94,3000,
856.6013871,2067.103333,-2676.41875,5818.624286,2254.645714,2984.15,3000,
856.6013871,1929.965,-2676.41875,5780.33625,2239.81125,2954.02,3000,
818.6589121,1929.965,-2625.757143,5463.606667,2117.084444,2825.91,2888.741667,
818.6589121,1563.831429,-2625.757143,5463.606667,2117.084444,2830.76,2506.541667,
734.4004865,1580.091429,-2394.844444,5481.256667,2123.921111,2813.86,2090.081667,
734.4004865,1580.091429,-2394.844444,5481.256667,2123.921111,2734.32,1983.711667,
734.4004865,1580.091429,-2394.844444,5481.256667,2123.921111,2617.6,1865.171667,
734.4004865,1580.091429,-2394.844444,5481.256667,2123.921111,2555.48,1828.821667,
734.4004865,1580.091429,-2394.844444,5481.256667,2123.921111,2550.95,1778.101667,
821.7908758,1580.091429,-2638.98,5797.28875,2246.37875,2577,1820.741667,
859.7033551,1939.35625,-2688.25125,5797.28875,2246.37875,2714.11,2109.031667,
859.7033551,1939.35625,-2688.25125,5797.28875,2246.37875,2697.58,2202.801667,
859.7033551,1939.35625,-2688.25125,5833.882857,2260.558571,2968.4,2462.951667,
821.7908758,2074.276667,-2638.98,5833.882857,2260.558571,3149.15,2761.251667,
821.7908758,2074.276667,-2638.98,5797.28875,2246.37875,3242.91,3000,
734.4004865,1939.35625,-2394.844444,5481.256667,2123.921111,3307.05,3000,
734.4004865,1939.35625,-2394.844444,5481.256667,2123.921111,3250.7,3000,
734.4004865,1939.35625,-2394.844444,5797.28875,2246.37875,3279.46,3000,
734.4004865,2074.276667,-2394.844444,5797.28875,2246.37875,3366.07,3000,
821.7908758,2074.276667,-2638.98,5797.28875,2246.37875,3331.53,3000,
821.7908758,2074.276667,-2638.98,5833.882857,2260.558571,3263.64,3000,
859.7033551,2074.276667,-2688.25125,5833.882857,2260.558571,3189.22,3000,
859.7033551,2074.276667,-2688.25125,5833.882857,2260.558571,3063.27,3000,
859.7033551,2074.276667,-2688.25125,5833.882857,2260.558571,3031.44,3000,
859.7033551,2074.276667,-2688.25125,5833.882857,2260.558571,2989.45,3000,
859.7033551,1939.35625,-2688.25125,5797.28875,2246.37875,2957.66,3000,
821.7908758,1939.35625,-2638.98,5481.256667,2123.921111,2822.49,2840.831667,
821.7908758,1580.091429,-2638.98,5481.256667,2123.921111,2827.61,2477.391667,
733.3027854,1590.938571,-2402.895556,5475.277778,2121.602222,2811.86,2073.65,
733.3027854,1590.938571,-2402.895556,5475.277778,2121.602222,2735.23,1970.52,
733.3027854,1590.938571,-2402.895556,5475.277778,2121.602222,2622.79,1855.59,
733.3027854,1590.938571,-2402.895556,5475.277778,2121.602222,2563.07,1820.35,
733.3027854,1590.938571,-2402.895556,5475.277778,2121.602222,2563.07,1771.19,
820.5829002,1590.938571,-2640.542857,5781.26875,2240.17125,2583.68,1812.51,
858.4326023,1940.34125,-2688.2225,5781.26875,2240.17125,2715.77,2092.02,
858.4326023,1940.34125,-2688.2225,5781.26875,2240.17125,2699.84,2182.93,
858.4326023,1940.34125,-2688.2225,5817.437143,2254.185714,2960.74,2435.15,
820.5829002,2071.76,-2640.542857,5817.437143,2254.185714,3134.87,2724.36,
820.5829002,2071.76,-2640.542857,5781.26875,2240.17125,3225.2,2969.68,
733.3027854,1940.34125,-2402.895556,5475.277778,2121.602222,3286.99,3000,
733.3027854,1940.34125,-2402.895556,5475.277778,2121.602222,3232.71,2986.92,
733.3027854,1940.34125,-2402.895556,5781.26875,2240.17125,3260.41,2993.12,
733.3027854,2071.76,-2402.895556,5781.26875,2240.17125,3349.42,3000,
820.5829002,2071.76,-2640.542857,5781.26875,2240.17125,3310.57,3000,
820.5829002,2071.76,-2640.542857,5817.437143,2254.185714,3245.17,3000,
858.4326023,2071.76,-2688.2225,5817.437143,2254.185714,3173.47,3000,
858.4326023,2071.76,-2688.2225,5817.437143,2254.185714,3052.14,3000,
858.4326023,2071.76,-2688.2225,5817.437143,2254.185714,3021.47,3000,
858.4326023,2071.76,-2688.2225,5817.437143,2254.185714,2981.03,3000,
858.4326023,1940.34125,-2688.2225,5781.26875,2240.17125,2950.4,2988.42,
820.5829002,1940.34125,-2640.542857,5475.277778,2121.602222,2820.18,2801.52,
820.5829002,1590.938571,-2640.542857,5475.277778,2121.602222,2825.11,2449.16,
729.2426465,1589.695714,-2393.553333,5458.382222,2115.057778,2806.45,2052.003125,
729.2426465,1589.695714,-2393.553333,5458.382222,2115.057778,2734.71,1950.143125,
729.2426465,1589.695714,-2393.553333,5458.382222,2115.057778,2629.44,1836.633125,
729.2426465,1589.695714,-2393.553333,5458.382222,2115.057778,2573.42,1801.833125,
729.2426465,1589.695714,-2393.553333,5458.382222,2115.057778,2566.82,1750.473125,
817.5864641,1589.695714,-2623.541429,5758.04125,2231.17,2592.82,1794.093125,
856.0883775,1927.945,-2669.78,5758.04125,2231.17,2716.49,2070.153125,
856.0883775,1927.945,-2669.78,5758.04125,2231.17,2701.57,2159.933125,
856.0883775,1927.945,-2669.78,5796.014286,2245.884286,2945.82,2409.043125,
817.5864641,2055.098889,-2623.541429,5796.014286,2245.884286,3108.84,2694.683125,
817.5864641,2055.098889,-2623.541429,5758.04125,2231.17,3193.41,2936.983125,
729.2426465,1927.945,-2393.553333,5458.382222,2115.057778,3251.25,3000,
729.2426465,1927.945,-2393.553333,5458.382222,2115.057778,3200.44,2954.003125,
729.2426465,1927.945,-2393.553333,5758.04125,2231.17,3226.37,2960.133125,
729.2426465,2055.098889,-2393.553333,5758.04125,2231.17,3301.45,3000,
817.5864641,2055.098889,-2623.541429,5758.04125,2231.17,3273.33,3000,
817.5864641,2055.098889,-2623.541429,5796.014286,2245.884286,3212.1,3000,
856.0883775,2055.098889,-2669.78,5796.014286,2245.884286,3144.98,3000,
856.0883775,2055.098889,-2669.78,5796.014286,2245.884286,3031.39,3000,
856.0883775,2055.098889,-2669.78,5796.014286,2245.884286,3002.68,3000,
856.0883775,2055.098889,-2669.78,5796.014286,2245.884286,2964.82,3000,
856.0883775,1927.945,-2669.78,5758.04125,2231.17,2936.14,2955.483125,
817.5864641,1927.945,-2623.541429,5458.382222,2115.057778,2814.23,2770.893125,
817.5864641,1589.695714,-2623.541429,5458.382222,2115.057778,2818.85,2422.873125,
725.8391396,1569.915714,-2373.007778,5435.961111,2106.37,2787.08,2029.238889,
725.8391396,1569.915714,-2373.007778,5435.961111,2106.37,2714.91,1929.398889,
725.8391396,1569.915714,-2373.007778,5435.961111,2106.37,2609.02,1818.138889,
725.8391396,1569.915714,-2373.007778,5435.961111,2106.37,2552.66,1784.028889,
725.8391396,1569.915714,-2373.007778,5435.961111,2106.37,2527.52,1732.148889,
814.9825681,1569.915714,-2608.492857,5736.65625,2222.88625,2572.18,1776.438889,
853.9196598,1917.81375,-2657.27125,5736.65625,2222.88625,2696.58,2047.028889,
853.9196598,1917.81375,-2657.27125,5736.65625,2222.88625,2681.58,2135.028889,
853.9196598,1917.81375,-2657.27125,5777.282857,2238.627143,2927.28,2379.198889,
814.9825681,2047.6,-2608.492857,5777.282857,2238.627143,3091.27,2659.168889,
814.9825681,2047.6,-2608.492857,5736.65625,2222.88625,3176.34,2896.668889,
725.8391396,1917.81375,-2373.007778,5435.961111,2106.37,3234.53,3000,
725.8391396,1917.81375,-2373.007778,5435.961111,2106.37,3183.41,2913.358889,
725.8391396,1917.81375,-2373.007778,5736.65625,2222.88625,3209.5,2919.358889,
725.8391396,2047.6,-2373.007778,5736.65625,2222.88625,3262.67,2985.378889,
814.9825681,2047.6,-2608.492857,5736.65625,2222.88625,3256.74,3000,
814.9825681,2047.6,-2608.492857,5777.282857,2238.627143,3195.15,3000,
853.9196598,2047.6,-2657.27125,5777.282857,2238.627143,3127.62,3000,
853.9196598,2047.6,-2657.27125,5777.282857,2238.627143,3013.36,3000,
853.9196598,2047.6,-2657.27125,5777.282857,2238.627143,2984.48,2989.268889,
853.9196598,2047.6,-2657.27125,5777.282857,2238.627143,2946.39,3000,
853.9196598,1917.81375,-2657.27125,5736.65625,2222.88625,2917.54,2914.808889,
814.9825681,1917.81375,-2608.492857,5435.961111,2106.37,2794.91,2733.868889,
814.9825681,1569.915714,-2608.492857,5435.961111,2106.37,2799.55,2392.758889,
729.8590674,1551.227143,-2353.666667,5416.643333,2098.883333,2772.08,2004.3375,
729.8590674,1551.227143,-2353.666667,5416.643333,2098.883333,2700.18,1905.4175,
729.8590674,1551.227143,-2353.666667,5416.643333,2098.883333,2594.67,1795.1875,
729.8590674,1551.227143,-2353.666667,5416.643333,2098.883333,2538.51,1761.3975,
729.8590674,1551.227143,-2353.666667,5416.643333,2098.883333,2501.66,1708.5375,
818.1628146,1551.227143,-2595.015714,5724.0625,2218.00375,2557.96,1753.8775,
856.6505306,1908.07875,-2645.27875,5724.0625,2218.00375,2681.91,2021.9575,
856.6505306,1908.07875,-2645.27875,5724.0625,2218.00375,2666.96,2109.1475,
856.6505306,1908.07875,-2645.27875,5765.442857,2234.041429,2911.78,2351.0575,
818.1628146,2041.022222,-2595.015714,5765.442857,2234.041429,3075.18,2628.4375,
818.1628146,2041.022222,-2595.015714,5724.0625,2218.00375,3159.94,2863.7375,
729.8590674,1908.07875,-2353.666667,5416.643333,2098.883333,3217.92,3000,
729.8590674,1908.07875,-2353.666667,5416.643333,2098.883333,3166.98,2880.2675,
729.8590674,1908.07875,-2353.666667,5724.0625,2218.00375,3192.98,2886.2175,
729.8590674,2041.022222,-2353.666667,5724.0625,2218.00375,3235.85,2951.6275,
818.1628146,2041.022222,-2595.015714,5724.0625,2218.00375,3235.85,2998.2175,
818.1628146,2041.022222,-2595.015714,5765.442857,2234.041429,3178.68,3000,
856.6505306,2041.022222,-2645.27875,5765.442857,2234.041429,3111.4,3000,
856.6505306,2041.022222,-2645.27875,5765.442857,2234.041429,2997.54,3000,
856.6505306,2041.022222,-2645.27875,5765.442857,2234.041429,2968.77,2955.4775,
856.6505306,2041.022222,-2645.27875,5765.442857,2234.041429,2930.82,2977.3775,
856.6505306,1908.07875,-2645.27875,5724.0625,2218.00375,2902.08,2881.7075,
818.1628146,1908.07875,-2595.015714,5416.643333,2098.883333,2779.88,2702.4475,
818.1628146,1551.227143,-2595.015714,5416.643333,2098.883333,2784.51,2364.4875,
734.8812471,1538.485714,-2338.433333,5407.337778,2095.277778,2760.26,1979.593043,
734.8812471,1538.485714,-2338.433333,5407.337778,2095.277778,2686.67,1881.153043,
734.8812471,1538.485714,-2338.433333,5407.337778,2095.277778,2578.69,1771.453043,
734.8812471,1538.485714,-2338.433333,5407.337778,2095.277778,2521.23,1737.823043,
734.8812471,1538.485714,-2338.433333,5407.337778,2095.277778,2492.53,1683.523043,
821.3684353,1538.485714,-2581.952857,5715.7125,2214.7725,2541.13,1730.343043,
858.8265715,1898.355,-2632.49,5715.7125,2214.7725,2667.98,1997.133043,
858.8265715,1898.355,-2632.49,5715.7125,2214.7725,2652.68,2083.903043,
858.8265715,1898.355,-2632.49,5755.152857,2230.051429,2903.22,2324.653043,
821.3684353,2032.543333,-2581.952857,5755.152857,2230.051429,3070.43,2600.703043,
821.3684353,2032.543333,-2581.952857,5715.7125,2214.7725,3157.18,2834.873043,
734.8812471,1898.355,-2338.433333,5407.337778,2095.277778,3216.51,3000,
734.8812471,1898.355,-2338.433333,5407.337778,2095.277778,3164.38,2851.323043,
734.8812471,1898.355,-2338.433333,5715.7125,2214.7725,3190.99,2857.243043,
734.8812471,2032.543333,-2338.433333,5715.7125,2214.7725,3241.5,2922.333043,
821.3684353,2032.543333,-2581.952857,5715.7125,2214.7725,3239.16,2968.703043,
821.3684353,2032.543333,-2581.952857,5755.152857,2230.051429,3176.35,2999.733043,
858.8265715,2032.543333,-2632.49,5755.152857,2230.051429,3107.5,2986.353043,
858.8265715,2032.543333,-2632.49,5755.152857,2230.051429,2990.99,2986.423043,
858.8265715,2032.543333,-2632.49,5755.152857,2230.051429,2961.54,2926.163043,
858.8265715,2032.543333,-2632.49,5755.152857,2230.051429,2922.7,2947.963043,
858.8265715,1898.355,-2632.49,5715.7125,2214.7725,2893.29,2852.753043,
821.3684353,1898.355,-2581.952857,5407.337778,2095.277778,2768.24,2674.353043,
821.3684353,1538.485714,-2581.952857,5407.337778,2095.277778,2772.98,2338.023043,
740.4101669,1546.314286,-2335.134444,5419.437778,2099.966667,2760.08,1965.267391,
740.4101669,1546.314286,-2335.134444,5419.437778,2099.966667,2686.64,1868.877391,
740.4101669,1546.314286,-2335.134444,5419.437778,2099.966667,2578.88,1761.467391,
740.4101669,1546.314286,-2335.134444,5419.437778,2099.966667,2521.53,1728.537391,
740.4101669,1546.314286,-2335.134444,5419.437778,2099.966667,2503.6,1669.457391,
823.9864374,1546.314286,-2565.115714,5716.9325,2215.2425,2541.4,1721.207391,
860.1360582,1885.67,-2612.38125,5716.9325,2215.2425,2667.99,1982.437391,
860.1360582,1885.67,-2612.38125,5716.9325,2215.2425,2652.72,2067.397391,
860.1360582,1885.67,-2612.38125,5754.527143,2229.808571,2902.75,2303.127391,
823.9864374,2012.531111,-2565.115714,5754.527143,2229.808571,3069.63,2573.427391,
823.9864374,2012.531111,-2565.115714,5716.9325,2215.2425,3156.2,2802.707391,
740.4101669,1885.67,-2335.134444,5419.437778,2099.966667,3215.41,3000,
740.4101669,1885.67,-2335.134444,5419.437778,2099.966667,3163.39,2818.817391,
740.4101669,1885.67,-2335.134444,5716.9325,2215.2425,3189.94,2824.617391,
740.4101669,2012.531111,-2335.134444,5716.9325,2215.2425,3253.29,2888.347391,
823.9864374,2012.531111,-2565.115714,5716.9325,2215.2425,3238.01,2933.757391,
823.9864374,2012.531111,-2565.115714,5754.527143,2229.808571,3175.34,2964.137391,
860.1360582,2012.531111,-2612.38125,5754.527143,2229.808571,3106.62,2951.037391,
860.1360582,2012.531111,-2612.38125,5754.527143,2229.808571,2990.34,2951.097391,
860.1360582,2012.531111,-2612.38125,5754.527143,2229.808571,2960.96,2892.107391,
860.1360582,2012.531111,-2612.38125,5754.527143,2229.808571,2922.19,2913.447391,
860.1360582,1885.67,-2612.38125,5716.9325,2215.2425,2892.84,2820.217391,
823.9864374,1885.67,-2565.115714,5419.437778,2099.966667,2768.05,2645.537391,
823.9864374,1546.314286,-2565.115714,5419.437778,2099.966667,2772.77,2316.217391,
740.3666055,1543.548571,-2327.325556,5408.454444,2095.71,2768.04,1954.976957,
740.3666055,1543.548571,-2327.325556,5408.454444,2095.71,2697.15,1860.916957,
740.3666055,1543.548571,-2327.325556,5408.454444,2095.71,2593.14,1756.096957,
740.3666055,1543.548571,-2327.325556,5408.454444,2095.71,2537.79,1723.966957,
740.3666055,1543.548571,-2327.325556,5408.454444,2095.71,2521.59,1664.956957,
823.2538513,1543.548571,-2553.482857,5706.9075,2211.35875,2556.96,1716.816957,
859.1566314,1876.905,-2599.6275,5706.9075,2211.35875,2679.15,1971.736957,
859.1566314,1876.905,-2599.6275,5706.9075,2211.35875,2664.41,2054.646957,
859.1566314,1876.905,-2599.6275,5745.294286,2226.231429,2905.75,2284.676957,
823.2538513,2001.747778,-2553.482857,5745.294286,2226.231429,3066.83,2548.446957,
823.2538513,2001.747778,-2553.482857,5706.9075,2211.35875,3150.39,2772.196957,
740.3666055,1876.905,-2327.325556,5408.454444,2095.71,3207.54,3000,
740.3666055,1876.905,-2327.325556,5408.454444,2095.71,3157.33,2787.916957,
740.3666055,1876.905,-2327.325556,5706.9075,2211.35875,3182.96,2793.576957,
740.3666055,2001.747778,-2327.325556,5706.9075,2211.35875,3245.44,2855.766957,
823.2538513,2001.747778,-2553.482857,5706.9075,2211.35875,3229.36,2900.076957,
823.2538513,2001.747778,-2553.482857,5745.294286,2226.231429,3168.86,2929.726957,
859.1566314,2001.747778,-2599.6275,5745.294286,2226.231429,3102.54,2916.936957,
859.1566314,2001.747778,-2599.6275,5745.294286,2226.231429,2990.3,2917.006957,
859.1566314,2001.747778,-2599.6275,5745.294286,2226.231429,2961.94,2859.426957,
859.1566314,2001.747778,-2599.6275,5745.294286,2226.231429,2924.52,2880.256957,
859.1566314,1876.905,-2599.6275,5706.9075,2211.35875,2896.19,2789.286957,
823.2538513,1876.905,-2553.482857,5408.454444,2095.71,2775.73,2618.816957,
823.2538513,1543.548571,-2553.482857,5408.454444,2095.71,2780.3,2297.456957,
735.3848287,1538.831429,-2322.518889,5416.79,2098.942222,2768.79,1949.920435,
735.3848287,1538.831429,-2322.518889,5416.79,2098.942222,2699.37,1858.430435,
735.3848287,1538.831429,-2322.518889,5416.79,2098.942222,2597.51,1756.470435,
735.3848287,1538.831429,-2322.518889,5416.79,2098.942222,2543.3,1725.210435,
735.3848287,1538.831429,-2322.518889,5416.79,2098.942222,2523.76,1662.320435,
820.5878621,1538.831429,-2549.714286,5706.85125,2211.335,2562.08,1718.260435,
857.6689035,1874.80375,-2597.075,5706.85125,2211.335,2681.74,1966.220435,
857.6689035,1874.80375,-2597.075,5706.85125,2211.335,2667.31,2046.860435,
857.6689035,1874.80375,-2597.075,5745.942857,2226.482857,2903.66,2270.610435,
820.5878621,1999.931111,-2549.714286,5745.942857,2226.482857,3061.4,2527.170435,
820.5878621,1999.931111,-2549.714286,5706.85125,2211.335,3143.23,2744.810435,
735.3848287,1874.80375,-2322.518889,5416.79,2098.942222,3199.2,3000,
735.3848287,1874.80375,-2322.518889,5416.79,2098.942222,3150.03,2760.100435,
735.3848287,1874.80375,-2322.518889,5706.85125,2211.335,3175.12,2765.600435,
735.3848287,1999.931111,-2322.518889,5706.85125,2211.335,3231.88,2826.100435,
820.5878621,1999.931111,-2549.714286,5706.85125,2211.335,3220.56,2869.200435,
820.5878621,1999.931111,-2549.714286,5745.942857,2226.482857,3161.32,2898.040435,
857.6689035,1999.931111,-2597.075,5745.942857,2226.482857,3096.37,2885.600435,
857.6689035,1999.931111,-2597.075,5745.942857,2226.482857,2986.45,2885.660435,
857.6689035,1999.931111,-2597.075,5745.942857,2226.482857,2958.68,2829.660435,
857.6689035,1999.931111,-2597.075,5745.942857,2226.482857,2922.03,2849.920435,
857.6689035,1874.80375,-2597.075,5706.85125,2211.335,2894.29,2761.430435,
820.5878621,1874.80375,-2549.714286,5416.79,2098.942222,2776.33,2595.620435,
820.5878621,1538.831429,-2549.714286,5416.79,2098.942222,2780.79,2283.040435,
735.2722432,1548.54,-2336.503333,5424.783333,2102.037778,2783.53,1944.426087,
735.2722432,1548.54,-2336.503333,5424.783333,2102.037778,2718.79,1854.096087,
735.2722432,1548.54,-2336.503333,5424.783333,2102.037778,2623.8,1753.426087,
735.2722432,1548.54,-2336.503333,5424.783333,2102.037778,2573.24,1722.556087,
735.2722432,1548.54,-2336.503333,5424.783333,2102.037778,2542.44,1658.646087,
819.3795956,1548.54,-2563.492857,5724.935,2218.3425,2590.76,1715.696087,
856.027915,1886.075,-2612.51375,5724.935,2218.3425,2702.35,1960.526087,
856.027915,1886.075,-2612.51375,5724.935,2218.3425,2688.89,2040.146087,
856.027915,1886.075,-2612.51375,5767.148571,2234.701429,2909.31,2261.076087,
819.3795956,2010.607778,-2563.492857,5767.148571,2234.701429,3056.42,2514.396087,
819.3795956,2010.607778,-2563.492857,5724.935,2218.3425,3132.74,2729.286087,
735.2722432,1886.075,-2336.503333,5424.783333,2102.037778,3184.93,3000,
735.2722432,1886.075,-2336.503333,5424.783333,2102.037778,3139.08,2744.386087,
735.2722432,1886.075,-2336.503333,5724.935,2218.3425,3162.48,2749.816087,
735.2722432,2010.607778,-2336.503333,5724.935,2218.3425,3202.52,2809.556087,
819.3795956,2010.607778,-2563.492857,5724.935,2218.3425,3202.52,2852.106087,
819.3795956,2010.607778,-2563.492857,5767.148571,2234.701429,3149.61,2880.586087,
856.027915,2010.607778,-2612.51375,5767.148571,2234.701429,3089.03,2868.306087,
856.027915,2010.607778,-2612.51375,5767.148571,2234.701429,2986.53,2868.366087,
856.027915,2010.607778,-2612.51375,5767.148571,2234.701429,2960.62,2813.066087,
856.027915,2010.607778,-2612.51375,5767.148571,2234.701429,2926.45,2833.076087,
856.027915,1886.075,-2612.51375,5724.935,2218.3425,2900.57,2745.696087,
819.3795956,1886.075,-2563.492857,5424.783333,2102.037778,2790.56,2581.986087,
819.3795956,1548.54,-2563.492857,5424.783333,2102.037778,2794.73,2273.346087,
739.3671306,1546.11,-2347.122222,5437.204444,2106.851111,2791.55,1939.1,
739.3671306,1546.11,-2347.122222,5437.204444,2106.851111,2724.57,1848.4,
739.3671306,1546.11,-2347.122222,5437.204444,2106.851111,2626.3,1747.33,
739.3671306,1546.11,-2347.122222,5437.204444,2106.851111,2573.99,1716.34,
739.3671306,1546.11,-2347.122222,5437.204444,2106.851111,2535.3,1651.94,
822.3071912,1546.11,-2587.208571,5757.38125,2230.915,2592.11,1709.45,
858.6533491,1904.31625,-2640.15875,5757.38125,2230.915,2707.56,1955.26,
858.6533491,1904.31625,-2640.15875,5757.38125,2230.915,2693.64,2035.21,
858.6533491,1904.31625,-2640.15875,5802.52,2248.408571,2921.68,2257.02,
822.3071912,2035.724444,-2587.208571,5802.52,2248.408571,3073.88,2511.36,
822.3071912,2035.724444,-2587.208571,5757.38125,2230.915,3152.83,2727.11,
739.3671306,1904.31625,-2347.122222,5437.204444,2106.851111,3206.84,3000,
739.3671306,1904.31625,-2347.122222,5437.204444,2106.851111,3159.39,2742.27,
739.3671306,1904.31625,-2347.122222,5757.38125,2230.915,3183.61,2747.72,
739.3671306,2035.724444,-2347.122222,5757.38125,2230.915,3220.89,2807.69,
822.3071912,2035.724444,-2587.208571,5757.38125,2230.915,3220.89,2850.42,
822.3071912,2035.724444,-2587.208571,5802.52,2248.408571,3170.29,2879.01,
858.6533491,2035.724444,-2640.15875,5802.52,2248.408571,3107.62,2866.68,
858.6533491,2035.724444,-2640.15875,5802.52,2248.408571,3001.57,2866.74,
858.6533491,2035.724444,-2640.15875,5802.52,2248.408571,2974.77,2811.23,
858.6533491,2035.724444,-2640.15875,5802.52,2248.408571,2939.41,2831.31,
858.6533491,1904.31625,-2640.15875,5757.38125,2230.915,2912.64,2743.59,
822.3071912,1904.31625,-2587.208571,5437.204444,2106.851111,2798.82,2579.22,
822.3071912,1546.11,-2587.208571,5437.204444,2106.851111,2803.13,2269.34,
742.8662348,1545.17,-2363.047778,5469.183333,2119.244444,2796.55,1937.934783,
742.8662348,1545.17,-2363.047778,5469.183333,2119.244444,2720.83,1844.984783,
742.8662348,1545.17,-2363.047778,5469.183333,2119.244444,2609.73,1741.404783,
742.8662348,1545.17,-2363.047778,5469.183333,2119.244444,2550.6,1709.644783,
742.8662348,1545.17,-2363.047778,5469.183333,2119.244444,2510.38,1642.034783,
826.5616474,1545.17,-2620.994286,5797.41375,2246.42875,2571.09,1702.574783,
863.0383688,1928.165,-2676.1775,5797.41375,2246.42875,2701.6,1954.494783,
863.0383688,1928.165,-2676.1775,5797.41375,2246.42875,2685.86,2036.424783,
863.0383688,1928.165,-2676.1775,5841.691429,2263.587143,2943.65,2263.744783,
826.5616474,2069.828889,-2620.994286,5841.691429,2263.587143,3115.7,2524.404783,
826.5616474,2069.828889,-2620.994286,5797.41375,2246.42875,3204.95,2745.504783,
742.8662348,1928.165,-2363.047778,5469.183333,2119.244444,3266,3000,
742.8662348,1928.165,-2363.047778,5469.183333,2119.244444,3212.37,2761.044783,
742.8662348,1928.165,-2363.047778,5797.41375,2246.42875,3239.74,2766.634783,
742.8662348,2069.828889,-2363.047778,5797.41375,2246.42875,3284.02,2828.094783,
826.5616474,2069.828889,-2620.994286,5797.41375,2246.42875,3284.02,2871.884783,
826.5616474,2069.828889,-2620.994286,5841.691429,2263.587143,3224.68,2901.174783,
863.0383688,2069.828889,-2676.1775,5841.691429,2263.587143,3153.84,2888.544783,
863.0383688,2069.828889,-2676.1775,5841.691429,2263.587143,3033.95,2888.604783,
863.0383688,2069.828889,-2676.1775,5841.691429,2263.587143,3003.66,2831.714783,
863.0383688,2069.828889,-2676.1775,5841.691429,2263.587143,2963.69,2852.294783,
863.0383688,1928.165,-2676.1775,5797.41375,2246.42875,2933.43,2762.394783,
826.5616474,1928.165,-2620.994286,5469.183333,2119.244444,2804.76,2593.944783,
826.5616474,1545.17,-2620.994286,5469.183333,2119.244444,2809.64,2276.364783,
747.5322713,1568.017143,-2394.351111,5512.535556,2136.042222,2820.72,1952.069565,
747.5322713,1568.017143,-2394.351111,5512.535556,2136.042222,2741.75,1858.219565,
747.5322713,1568.017143,-2394.351111,5512.535556,2136.042222,2625.89,1753.629565,
747.5322713,1568.017143,-2394.351111,5512.535556,2136.042222,2564.22,1721.559565,
747.5322713,1568.017143,-2394.351111,5512.535556,2136.042222,2537.17,1652.209565,
830.9048877,1568.017143,-2654.351429,5840.84375,2263.2575,2585.58,1714.419565,
866.9449815,1950.5325,-2706.74375,5840.84375,2263.2575,2721.7,1968.789565,
866.9449815,1950.5325,-2706.74375,5840.84375,2263.2575,2705.28,2051.519565,
866.9449815,1950.5325,-2706.74375,5881.671429,2279.077143,2974.13,2281.049565,
830.9048877,2094.246667,-2654.351429,5881.671429,2279.077143,3153.56,2544.249565,
830.9048877,2094.246667,-2654.351429,5840.84375,2263.2575,3246.65,2767.509565,
747.5322713,1950.5325,-2394.351111,5512.535556,2136.042222,3310.32,3000,
747.5322713,1950.5325,-2394.351111,5512.535556,2136.042222,3254.38,2783.199565,
747.5322713,1950.5325,-2394.351111,5840.84375,2263.2575,3282.93,2788.839565,
747.5322713,2094.246667,-2394.351111,5840.84375,2263.2575,3341.66,2850.899565,
830.9048877,2094.246667,-2654.351429,5840.84375,2263.2575,3334.62,2895.119565,
830.9048877,2094.246667,-2654.351429,5881.671429,2279.077143,3267.23,2924.699565,
866.9449815,2094.246667,-2706.74375,5881.671429,2279.077143,3193.34,2911.939565,
866.9449815,2094.246667,-2706.74375,5881.671429,2279.077143,3068.31,2911.999565,
866.9449815,2094.246667,-2706.74375,5881.671429,2279.077143,3036.71,2854.559565,
866.9449815,2094.246667,-2706.74375,5881.671429,2279.077143,2995.03,2875.339565,
866.9449815,1950.5325,-2706.74375,5840.84375,2263.2575,2963.47,2784.559565,
830.9048877,1950.5325,-2654.351429,5512.535556,2136.042222,2829.29,2614.469565,
830.9048877,1568.017143,-2654.351429,5512.535556,2136.042222,2834.37,2293.799565,
750.3285527,1591.921429,-2424.468889,5540.815556,2147.001111,2851.2,1972.507391,
750.3285527,1591.921429,-2424.468889,5540.815556,2147.001111,2770.7,1877.197391,
750.3285527,1591.921429,-2424.468889,5540.815556,2147.001111,2652.57,1770.987391,
750.3285527,1591.921429,-2424.468889,5540.815556,2147.001111,2589.7,1738.417391,
750.3285527,1591.921429,-2424.468889,5540.815556,2147.001111,2580.45,1666.047391,
835.3211518,1591.921429,-2682.945714,5885.3425,2280.49875,2611.48,1731.177391,
871.9143068,1970.565,-2733.535,5885.3425,2280.49875,2750.25,1989.487391,
871.9143068,1970.565,-2733.535,5885.3425,2280.49875,2733.51,2073.497391,
871.9143068,1970.565,-2733.535,5927.08,2296.67,3007.6,2306.587391,
835.3211518,2113.858889,-2682.945714,5927.08,2296.67,3190.53,2573.857391,
835.3211518,2113.858889,-2682.945714,5885.3425,2280.49875,3285.42,2800.577391,
750.3285527,1970.565,-2424.468889,5540.815556,2147.001111,3350.33,3000,
750.3285527,1970.565,-2424.468889,5540.815556,2147.001111,3293.31,2816.507391,
750.3285527,1970.565,-2424.468889,5885.3425,2280.49875,3322.41,2822.237391,
750.3285527,2113.858889,-2424.468889,5885.3425,2280.49875,3404.42,2885.257391,
835.3211518,2113.858889,-2682.945714,5885.3425,2280.49875,3375.1,2930.157391,
835.3211518,2113.858889,-2682.945714,5927.08,2296.67,3306.4,2960.197391,
871.9143068,2113.858889,-2733.535,5927.08,2296.67,3231.08,2947.237391,
871.9143068,2113.858889,-2733.535,5927.08,2296.67,3103.61,2947.307391,
871.9143068,2113.858889,-2733.535,5927.08,2296.67,3071.4,2888.967391,
871.9143068,2113.858889,-2733.535,5927.08,2296.67,3028.91,2910.077391,
871.9143068,1970.565,-2733.535,5885.3425,2280.49875,2996.74,2817.887391,
835.3211518,1970.565,-2682.945714,5540.815556,2147.001111,2859.93,2645.167391,
835.3211518,1591.921429,-2682.945714,5540.815556,2147.001111,2865.12,2319.527391,
753.1397363,1601.827143,-2443.233333,5576.712222,2160.91,2880.27,1998.915455,
753.1397363,1601.827143,-2443.233333,5576.712222,2160.91,2799.58,1901.305455,
753.1397363,1601.827143,-2443.233333,5576.712222,2160.91,2681.19,1792.525455,
753.1397363,1601.827143,-2443.233333,5576.712222,2160.91,2618.91,1759.185455,
753.1397363,1601.827143,-2443.233333,5576.712222,2160.91,2618.91,1685.225455,
838.6859062,1601.827143,-2706.797143,5915.055,2292.01375,2640.01,1751.755455,
875.7043041,1988.27625,-2758.705,5915.055,2292.01375,2779.09,2016.305455,
875.7043041,1988.27625,-2758.705,5915.055,2292.01375,2762.31,2102.345455,
875.7043041,1988.27625,-2758.705,5954.405714,2307.26,3037.02,2341.055455,
838.6859062,2134.298889,-2706.797143,5954.405714,2307.26,3220.36,2614.785455,
838.6859062,2134.298889,-2706.797143,5915.055,2292.01375,3315.48,2846.975455,
753.1397363,1988.27625,-2443.233333,5576.712222,2160.91,3380.53,3000,
753.1397363,1988.27625,-2443.233333,5576.712222,2160.91,3323.38,2863.295455,
753.1397363,1988.27625,-2443.233333,5915.055,2292.01375,3352.55,2869.165455,
753.1397363,2134.298889,-2443.233333,5915.055,2292.01375,3447.66,2933.705455,
838.6859062,2134.298889,-2706.797143,5915.055,2292.01375,3405.36,2979.685455,
838.6859062,2134.298889,-2706.797143,5954.405714,2307.26,3336.5,3000,
875.7043041,2134.298889,-2758.705,5954.405714,2307.26,3261.01,2997.185455,
875.7043041,2134.298889,-2758.705,5954.405714,2307.26,3133.25,2997.255455,
875.7043041,2134.298889,-2758.705,5954.405714,2307.26,3100.97,2937.505455,
875.7043041,2134.298889,-2758.705,5954.405714,2307.26,3058.38,2959.125455,
875.7043041,1988.27625,-2758.705,5915.055,2292.01375,3026.13,2864.715455,
838.6859062,1988.27625,-2706.797143,5576.712222,2160.91,2889.02,2687.815455,
838.6859062,1601.827143,-2706.797143,5576.712222,2160.91,2894.22,2354.315455,
751.3993636,1616.781429,-2461.352222,5609.087778,2173.455556,2897.78,2037.04,
751.3993636,1616.781429,-2461.352222,5609.087778,2173.455556,2815.37,1933.51,
751.3993636,1616.781429,-2461.352222,5609.087778,2173.455556,2694.47,1818.13,
751.3993636,1616.781429,-2461.352222,5609.087778,2173.455556,2630.72,1782.76,
751.3993636,1616.781429,-2461.352222,5609.087778,2173.455556,2630.72,1713.07,
835.6887348,1616.781429,-2722.17,5928.45125,2297.2025,2652.41,1774.88,
872.0229158,2000.235,-2774.485,5928.45125,2297.2025,2794.45,2055.49,
872.0229158,2000.235,-2774.485,5928.45125,2297.2025,2777.32,2146.74,
872.0229158,2000.235,-2774.485,5965.504286,2311.56,3057.86,2399.95,
835.6887348,2144.467778,-2722.17,5965.504286,2311.56,3245.11,2690.29,
835.6887348,2144.467778,-2722.17,5928.45125,2297.2025,3342.24,2936.57,
751.3993636,2000.235,-2461.352222,5609.087778,2173.455556,3408.68,3000,
751.3993636,2000.235,-2461.352222,5609.087778,2173.455556,3350.31,2953.87,
751.3993636,2000.235,-2461.352222,5928.45125,2297.2025,3380.1,2960.1,
751.3993636,2144.467778,-2461.352222,5928.45125,2297.2025,3476.91,3000,
835.6887348,2144.467778,-2722.17,5928.45125,2297.2025,3434.04,3000,
835.6887348,2144.467778,-2722.17,5965.504286,2311.56,3363.72,3000,
872.0229158,2144.467778,-2774.485,5965.504286,2311.56,3286.62,3000,
872.0229158,2144.467778,-2774.485,5965.504286,2311.56,3156.15,3000,
872.0229158,2144.467778,-2774.485,5965.504286,2311.56,3123.17,3000,
872.0229158,2144.467778,-2774.485,5965.504286,2311.56,3079.68,3000,
872.0229158,2000.235,-2774.485,5928.45125,2297.2025,3046.75,2955.38,
835.6887348,2000.235,-2722.17,5609.087778,2173.455556,2906.72,2767.75,
835.6887348,1616.781429,-2722.17,5609.087778,2173.455556,2912.02,2414.01,
749.3915284,1637.694286,-2480.626667,5617.203333,2176.6,2913.64,2118.173333,
749.3915284,1637.694286,-2480.626667,5617.203333,2176.6,2833.49,2011.773333,
749.3915284,1637.694286,-2480.626667,5617.203333,2176.6,2715.88,1893.203333,
749.3915284,1637.694286,-2480.626667,5617.203333,2176.6,2653.28,1856.853333,
749.3915284,1637.694286,-2480.626667,5617.203333,2176.6,2651.45,1787.503333,
831.6574832,1637.694286,-2731.654286,5936.16125,2300.19,2674.96,1848.763333,
867.1215082,2008.0525,-2783.19,5936.16125,2300.19,2813.13,2137.123333,
867.1215082,2008.0525,-2783.19,5936.16125,2300.19,2796.47,2230.903333,
867.1215082,2008.0525,-2783.19,5975.677143,2315.501429,3069.36,2491.113333,
831.6574832,2146.535556,-2731.654286,5975.677143,2315.501429,3251.49,2789.483333,
831.6574832,2146.535556,-2731.654286,5936.16125,2300.19,3345.98,3000,
749.3915284,2008.0525,-2480.626667,5617.203333,2176.6,3410.61,3000,
749.3915284,2008.0525,-2480.626667,5617.203333,2176.6,3353.83,3000,
749.3915284,2008.0525,-2480.626667,5936.16125,2300.19,3382.81,3000,
749.3915284,2146.535556,-2480.626667,5936.16125,2300.19,3473.39,3000,
831.6574832,2146.535556,-2731.654286,5936.16125,2300.19,3435.27,3000,
831.6574832,2146.535556,-2731.654286,5975.677143,2315.501429,3366.87,3000,
867.1215082,2146.535556,-2783.19,5975.677143,2315.501429,3291.87,3000,
867.1215082,2146.535556,-2783.19,5975.677143,2315.501429,3164.96,3000,
867.1215082,2146.535556,-2783.19,5975.677143,2315.501429,3132.89,3000,
867.1215082,2146.535556,-2783.19,5975.677143,2315.501429,3090.58,3000,
867.1215082,2008.0525,-2783.19,5936.16125,2300.19,3058.54,3000,
831.6574832,2008.0525,-2731.654286,5617.203333,2176.6,2922.34,2869.083333,
831.6574832,1637.694286,-2731.654286,5617.203333,2176.6,2927.5,2505.563333,
746.5346418,1656.297143,-2490.044444,5606.011111,2172.262222,2915.76,2219.07,
746.5346418,1656.297143,-2490.044444,5606.011111,2172.262222,2837.72,2105.55,
746.5346418,1656.297143,-2490.044444,5606.011111,2172.262222,2723.21,1979.04,
746.5346418,1656.297143,-2490.044444,5606.011111,2172.262222,2662.26,1940.26,
746.5346418,1656.297143,-2490.044444,5606.011111,2172.262222,2648.26,1882.8,
827.2270307,1656.297143,-2725.378571,5921.635,2294.56125,2683.37,1931.63,
862.0220267,2003.41625,-2773.61625,5921.635,2294.56125,2817.9,2239.3,
862.0220267,2003.41625,-2773.61625,5921.635,2294.56125,2801.67,2339.36,
862.0220267,2003.41625,-2773.61625,5962.061429,2310.228571,3067.38,2617,
827.2270307,2133.265556,-2725.378571,5962.061429,2310.228571,3244.72,2935.34,
827.2270307,2133.265556,-2725.378571,5921.635,2294.56125,3336.71,3000,
746.5346418,2003.41625,-2490.044444,5606.011111,2172.262222,3399.64,3000,
746.5346418,2003.41625,-2490.044444,5606.011111,2172.262222,3344.36,3000,
746.5346418,2003.41625,-2490.044444,5921.635,2294.56125,3372.57,3000,
746.5346418,2133.265556,-2490.044444,5921.635,2294.56125,3446,3000,
827.2270307,2133.265556,-2725.378571,5921.635,2294.56125,3423.65,3000,
827.2270307,2133.265556,-2725.378571,5962.061429,2310.228571,3357.05,3000,
862.0220267,2133.265556,-2773.61625,5962.061429,2310.228571,3284.03,3000,
862.0220267,2133.265556,-2773.61625,5962.061429,2310.228571,3160.46,3000,
862.0220267,2133.265556,-2773.61625,5962.061429,2310.228571,3129.23,3000,
862.0220267,2133.265556,-2773.61625,5962.061429,2310.228571,3088.04,3000,
862.0220267,2003.41625,-2773.61625,5921.635,2294.56125,3056.85,3000,
827.2270307,2003.41625,-2725.378571,5606.011111,2172.262222,2924.23,3000,
827.2270307,1656.297143,-2725.378571,5606.011111,2172.262222,2929.25,2632.42,
742.3008407,1645.742857,-2479.21,5597.637778,2169.017778,2904.82,2328.618,
742.3008407,1645.742857,-2479.21,5597.637778,2169.017778,2823.57,2210.688,
742.3008407,1645.742857,-2479.21,5597.637778,2169.017778,2704.34,2079.258,
742.3008407,1645.742857,-2479.21,5597.637778,2169.017778,2640.88,2038.968,
742.3008407,1645.742857,-2479.21,5597.637778,2169.017778,2617.23,1989.548,
822.6120043,1645.742857,-2718.322857,5906.295,2288.61875,2662.87,2029.998,
857.3528504,1997.885,-2766.83125,5906.295,2288.61875,2802.93,2349.628,
857.3528504,1997.885,-2766.83125,5906.295,2288.61875,2786.04,2453.588,
857.3528504,1997.885,-2766.83125,5945.62,2303.857143,3062.68,2742.008,
822.6120043,2129.96,-2718.322857,5945.62,2303.857143,3247.32,3000,
822.6120043,2129.96,-2718.322857,5906.295,2288.61875,3343.11,3000,
742.3008407,1997.885,-2479.21,5597.637778,2169.017778,3408.62,3000,
742.3008407,1997.885,-2479.21,5597.637778,2169.017778,3351.06,3000,
742.3008407,1997.885,-2479.21,5906.295,2288.61875,3380.44,3000,
742.3008407,2129.96,-2479.21,5906.295,2288.61875,3445.92,3000,
822.6120043,2129.96,-2718.322857,5906.295,2288.61875,3433.63,3000,
822.6120043,2129.96,-2718.322857,5945.62,2303.857143,3364.28,3000,
857.3528504,2129.96,-2766.83125,5945.62,2303.857143,3288.25,3000,
857.3528504,2129.96,-2766.83125,5945.62,2303.857143,3159.6,3000,
857.3528504,2129.96,-2766.83125,5945.62,2303.857143,3127.08,3000,
857.3528504,2129.96,-2766.83125,5945.62,2303.857143,3084.19,3000,
857.3528504,1997.885,-2766.83125,5906.295,2288.61875,3051.72,3000,
822.6120043,1997.885,-2718.322857,5597.637778,2169.017778,2913.64,3000,
822.6120043,1645.742857,-2718.322857,5597.637778,2169.017778,2918.87,2758.028,
737.8517497,1612.355714,-2452.691111,5597.765556,2169.068889,2895.34,2418.285,
737.8517497,1612.355714,-2452.691111,5597.765556,2169.068889,2811.33,2298.875,
737.8517497,1612.355714,-2452.691111,5597.765556,2169.068889,2688.06,2165.795,
737.8517497,1612.355714,-2452.691111,5597.765556,2169.068889,2622.45,2124.995,
737.8517497,1612.355714,-2452.691111,5597.765556,2169.068889,2598.66,2083.155,
817.8505026,1612.355714,-2710.365714,5886.02625,2280.7625,2645.18,2115.915,
852.5251267,1992.17875,-2762.955,5886.02625,2280.7625,2789.99,2439.555,
852.5251267,1992.17875,-2762.955,5886.02625,2280.7625,2772.53,2544.815,
852.5251267,1992.17875,-2762.955,5922.518571,2294.904286,3058.56,2836.865,
817.8505026,2134.414444,-2710.365714,5922.518571,2294.904286,3249.45,3000,
817.8505026,2134.414444,-2710.365714,5886.02625,2280.7625,3348.49,3000,
737.8517497,1992.17875,-2452.691111,5597.765556,2169.068889,3416.22,3000,
737.8517497,1992.17875,-2452.691111,5597.765556,2169.068889,3356.71,3000,
737.8517497,1992.17875,-2452.691111,5886.02625,2280.7625,3387.09,3000,
737.8517497,2134.414444,-2452.691111,5886.02625,2280.7625,3455.59,3000,
817.8505026,2134.414444,-2710.365714,5886.02625,2280.7625,3442.08,3000,
817.8505026,2134.414444,-2710.365714,5922.518571,2294.904286,3370.38,3000,
852.5251267,2134.414444,-2762.955,5922.518571,2294.904286,3291.77,3000,
852.5251267,2134.414444,-2762.955,5922.518571,2294.904286,3158.76,3000,
852.5251267,2134.414444,-2762.955,5922.518571,2294.904286,3125.14,3000,
852.5251267,2134.414444,-2762.955,5922.518571,2294.904286,3080.8,3000,
852.5251267,1992.17875,-2762.955,5886.02625,2280.7625,3047.22,3000,
817.8505026,1992.17875,-2710.365714,5597.765556,2169.068889,2904.46,3000,
817.8505026,1612.355714,-2710.365714,5597.765556,2169.068889,2909.87,2853.085,
733.5528034,1599.46,-2436.621111,5585.916667,2164.476667,2895.4,2472.214,
733.5528034,1599.46,-2436.621111,5585.916667,2164.476667,2813.16,2354.964,
733.5528034,1599.46,-2436.621111,5585.916667,2164.476667,2692.49,2224.304,
733.5528034,1599.46,-2436.621111,5585.916667,2164.476667,2628.26,2184.244,
733.5528034,1599.46,-2436.621111,5585.916667,2164.476667,2609.14,2141.654,
812.975509,1599.46,-2695.371429,5871.16,2275.00125,2650.51,2175.324,
847.5734063,1981.59625,-2748.8475,5871.16,2275.00125,2792.27,2493.094,
847.5734063,1981.59625,-2748.8475,5871.16,2275.00125,2775.17,2596.444,
847.5734063,1981.59625,-2748.8475,5907.265714,2288.992857,3055.17,2883.194,
812.975509,2124.237778,-2695.371429,5907.265714,2288.992857,3242.05,3000,
812.975509,2124.237778,-2695.371429,5871.16,2275.00125,3338.99,3000,
733.5528034,1981.59625,-2436.621111,5585.916667,2164.476667,3405.3,3000,
733.5528034,1981.59625,-2436.621111,5585.916667,2164.476667,3347.04,3000,
733.5528034,1981.59625,-2436.621111,5871.16,2275.00125,3376.78,3000,
733.5528034,2124.237778,-2436.621111,5871.16,2275.00125,3448.87,3000,
812.975509,2124.237778,-2695.371429,5871.16,2275.00125,3430.61,3000,
812.975509,2124.237778,-2695.371429,5907.265714,2288.992857,3360.42,3000,
847.5734063,2124.237778,-2748.8475,5907.265714,2288.992857,3283.47,3000,
847.5734063,2124.237778,-2748.8475,5907.265714,2288.992857,3153.26,3000,
847.5734063,2124.237778,-2748.8475,5907.265714,2288.992857,3120.35,3000,
847.5734063,2124.237778,-2748.8475,5907.265714,2288.992857,3076.94,3000,
847.5734063,1981.59625,-2748.8475,5871.16,2275.00125,3044.07,3000,
812.975509,1981.59625,-2695.371429,5585.916667,2164.476667,2904.32,3000,
812.975509,1599.46,-2695.371429,5585.916667,2164.476667,2909.62,2899.114,
729.0866779,1601.51,-2428.711111,5568.541111,2157.741111,2902.76,2493.768,
729.0866779,1601.51,-2428.711111,5568.541111,2157.741111,2825.93,2382.248,
729.0866779,1601.51,-2428.711111,5568.541111,2157.741111,2713.2,2257.968,
729.0866779,1601.51,-2428.711111,5568.541111,2157.741111,2653.2,2219.868,
729.0866779,1601.51,-2428.711111,5568.541111,2157.741111,2628.8,2163.478,
808.6238704,1601.51,-2676.592857,5857.7675,2269.81625,2673.98,2211.388,
843.4656298,1968.135,-2728.3225,5857.7675,2269.81625,2806.42,2513.638,
843.4656298,1968.135,-2728.3225,5857.7675,2269.81625,2790.45,2611.938,
843.4656298,1968.135,-2728.3225,5896.354286,2284.767143,3052.03,2884.688,
808.6238704,2104.64,-2676.592857,5896.354286,2284.767143,3226.61,3000,
808.6238704,2104.64,-2676.592857,5857.7675,2269.81625,3317.18,3000,
729.0866779,1968.135,-2428.711111,5568.541111,2157.741111,3379.12,3000,
729.0866779,1968.135,-2428.711111,5568.541111,2157.741111,3324.7,3000,
729.0866779,1968.135,-2428.711111,5857.7675,2269.81625,3352.48,3000,
729.0866779,2104.64,-2428.711111,5857.7675,2269.81625,3411.94,3000,
808.6238704,2104.64,-2676.592857,5857.7675,2269.81625,3402.77,3000,
808.6238704,2104.64,-2676.592857,5896.354286,2284.767143,3337.2,3000,
843.4656298,2104.64,-2728.3225,5896.354286,2284.767143,3265.31,3000,
843.4656298,2104.64,-2728.3225,5896.354286,2284.767143,3143.66,3000,
843.4656298,2104.64,-2728.3225,5896.354286,2284.767143,3112.92,3000,
843.4656298,2104.64,-2728.3225,5896.354286,2284.767143,3072.37,3000,
843.4656298,1968.135,-2728.3225,5857.7675,2269.81625,3041.66,3000,
808.6238704,1968.135,-2676.592857,5568.541111,2157.741111,2911.1,3000,
808.6238704,1601.51,-2676.592857,5568.541111,2157.741111,2916.05,2899.838,
725.6746396,1601.491429,-2420.451111,5556.415556,2153.042222,2914.21,2504.694,
725.6746396,1601.491429,-2420.451111,5556.415556,2153.042222,2840.08,2395.134,
725.6746396,1601.491429,-2420.451111,5556.415556,2153.042222,2731.31,2273.054,
725.6746396,1601.491429,-2420.451111,5556.415556,2153.042222,2673.42,2235.624,
725.6746396,1601.491429,-2420.451111,5556.415556,2153.042222,2634.05,2163.084,
805.0288142,1601.491429,-2660.202857,5856.51875,2269.33,2693.48,2227.294,
839.8688662,1956.055,-2710.19625,5856.51875,2269.33,2821.25,2524.214,
839.8688662,1956.055,-2710.19625,5856.51875,2269.33,2805.84,2620.774,
839.8688662,1956.055,-2710.19625,5898.402857,2285.562857,3058.22,2888.704,
805.0288142,2088.096667,-2660.202857,5898.402857,2285.562857,3226.67,3000,
805.0288142,2088.096667,-2660.202857,5856.51875,2269.33,3314.05,3000,
725.6746396,1956.055,-2420.451111,5556.415556,2153.042222,3373.82,3000,
725.6746396,1956.055,-2420.451111,5556.415556,2153.042222,3321.31,3000,
725.6746396,1956.055,-2420.451111,5856.51875,2269.33,3348.11,3000,
725.6746396,2088.096667,-2420.451111,5856.51875,2269.33,3391.46,3000,
805.0288142,2088.096667,-2660.202857,5856.51875,2269.33,3391.46,3000,
805.0288142,2088.096667,-2660.202857,5898.402857,2285.562857,3333.37,3000,
839.8688662,2088.096667,-2710.19625,5898.402857,2285.562857,3264.01,3000,
839.8688662,2088.096667,-2710.19625,5898.402857,2285.562857,3146.64,3000,
839.8688662,2088.096667,-2710.19625,5898.402857,2285.562857,3116.98,3000,
839.8688662,2088.096667,-2710.19625,5898.402857,2285.562857,3077.85,3000,
839.8688662,1956.055,-2710.19625,5856.51875,2269.33,3048.22,3000,
805.0288142,1956.055,-2660.202857,5556.415556,2153.042222,2922.25,3000,
805.0288142,1601.491429,-2660.202857,5556.415556,2153.042222,2927.03,2903.584,
730.7981168,1603.375714,-2428.202222,5577.238889,2161.113333,2931.64,2525.216,
730.7981168,1603.375714,-2428.202222,5577.238889,2161.113333,2858.68,2412.606,
730.7981168,1603.375714,-2428.202222,5577.238889,2161.113333,2751.62,2287.106,
730.7981168,1603.375714,-2428.202222,5577.238889,2161.113333,2694.64,2248.636,
730.7981168,1603.375714,-2428.202222,5577.238889,2161.113333,2645.49,2160.276,
807.8005025,1603.375714,-2672.174286,5873.8825,2276.05875,2714.38,2240.076,
841.9009813,1965.94125,-2724.6675,5873.8825,2276.05875,2840.15,2545.286,
841.9009813,1965.94125,-2724.6675,5873.8825,2276.05875,2824.98,2644.546,
841.9009813,1965.94125,-2724.6675,5916.85,2292.708571,3073.38,2919.956,
807.8005025,2099.846667,-2672.174286,5916.85,2292.708571,3239.17,3000,
807.8005025,2099.846667,-2672.174286,5873.8825,2276.05875,3325.18,3000,
730.7981168,1965.94125,-2428.202222,5577.238889,2161.113333,3384,3000,
730.7981168,1965.94125,-2428.202222,5577.238889,2161.113333,3332.32,3000,
730.7981168,1965.94125,-2428.202222,5873.8825,2276.05875,3358.7,3000,
730.7981168,2099.846667,-2428.202222,5873.8825,2276.05875,3395.05,3000,
807.8005025,2099.846667,-2672.174286,5873.8825,2276.05875,3395.05,3000,
807.8005025,2099.846667,-2672.174286,5916.85,2292.708571,3344.19,3000,
841.9009813,2099.846667,-2724.6675,5916.85,2292.708571,3275.93,3000,
841.9009813,2099.846667,-2724.6675,5916.85,2292.708571,3160.4,3000,
841.9009813,2099.846667,-2724.6675,5916.85,2292.708571,3131.21,3000,
841.9009813,2099.846667,-2724.6675,5916.85,2292.708571,3092.7,3000,
841.9009813,1965.94125,-2724.6675,5873.8825,2276.05875,3063.54,3000,
807.8005025,1965.94125,-2672.174286,5577.238889,2161.113333,2939.55,3000,
807.8005025,1603.375714,-2672.174286,5577.238889,2161.113333,2944.25,2935.246,
735.7996668,1606.26,-2440.05,5600.753333,2170.224444,2966.24,2568.086,
735.7996668,1606.26,-2440.05,5600.753333,2170.224444,2895.83,2455.126,
735.7996668,1606.26,-2440.05,5600.753333,2170.224444,2792.52,2329.246,
735.7996668,1606.26,-2440.05,5600.753333,2170.224444,2737.54,2290.656,
735.7996668,1606.26,-2440.05,5600.753333,2170.224444,2674.49,2192.086,
812.5843699,1606.26,-2690.931429,5910.17625,2290.12125,2756.59,2282.066,
847.2005971,1980.8325,-2746.505,5910.17625,2290.12125,2877.95,2588.216,
847.2005971,1980.8325,-2746.505,5910.17625,2290.12125,2863.31,2687.786,
847.2005971,1980.8325,-2746.505,5957.942857,2308.63,3103.02,2964.036,
812.5843699,2118.076667,-2690.931429,5957.942857,2308.63,3263,3000,
812.5843699,2118.076667,-2690.931429,5910.17625,2290.12125,3346,3000,
735.7996668,1980.8325,-2440.05,5600.753333,2170.224444,3402.77,3000,
735.7996668,1980.8325,-2440.05,5600.753333,2170.224444,3352.89,3000,
735.7996668,1980.8325,-2440.05,5910.17625,2290.12125,3378.35,3000,
735.7996668,2118.076667,-2440.05,5910.17625,2290.12125,3403.95,3000,
812.5843699,2118.076667,-2690.931429,5910.17625,2290.12125,3403.95,3000,
812.5843699,2118.076667,-2690.931429,5957.942857,2308.63,3364.35,3000,
847.2005971,2118.076667,-2746.505,5957.942857,2308.63,3298.47,3000,
847.2005971,2118.076667,-2746.505,5957.942857,2308.63,3186.99,3000,
847.2005971,2118.076667,-2746.505,5957.942857,2308.63,3158.82,3000,
847.2005971,2118.076667,-2746.505,5957.942857,2308.63,3121.66,3000,
847.2005971,1980.8325,-2746.505,5910.17625,2290.12125,3093.52,3000,
812.5843699,1980.8325,-2690.931429,5600.753333,2170.224444,2973.88,3000,
812.5843699,1606.26,-2690.931429,5600.753333,2170.224444,2978.41,2979.386,
741.404773,1606.692857,-2455.325556,5640.067778,2185.46,3013.02,2660.04625,
741.404773,1606.692857,-2455.325556,5640.067778,2185.46,2940.2,2546.17625,
741.404773,1606.692857,-2455.325556,5640.067778,2185.46,2833.35,2419.27625,
741.404773,1606.692857,-2455.325556,5640.067778,2185.46,2776.48,2380.37625,
741.404773,1606.692857,-2455.325556,5640.067778,2185.46,2684.73,2263.71625,
820.9880308,1606.692857,-2719.717143,5971.705,2313.9625,2796.18,2371.71625,
857.5060576,2003.2075,-2779.9075,5971.705,2313.9625,2921.71,2680.32625,
857.5060576,2003.2075,-2779.9075,5971.705,2313.9625,2906.57,2780.69625,
857.5060576,2003.2075,-2779.9075,6025.55,2334.828571,3154.5,3000,
820.9880308,2147.381111,-2719.717143,6025.55,2334.828571,3319.98,3000,
820.9880308,2147.381111,-2719.717143,5971.705,2313.9625,3405.82,3000,x
741.404773,2003.2075,-2455.325556,5640.067778,2185.46,3454.36,3000,x
741.404773,2003.2075,-2455.325556,5640.067778,2185.46,3412.95,3000,x
741.404773,2003.2075,-2455.325556,5971.705,2313.9625,3439.28,3000,x
741.404773,2147.381111,-2455.325556,5971.705,2313.9625,3454.36,3000,x
820.9880308,2147.381111,-2719.717143,5971.705,2313.9625,3454.36,3000,
820.9880308,2147.381111,-2719.717143,6025.55,2334.828571,3424.79,3000,
857.5060576,2147.381111,-2779.9075,6025.55,2334.828571,3356.66,3000,
857.5060576,2147.381111,-2779.9075,6025.55,2334.828571,3241.36,3000,
857.5060576,2147.381111,-2779.9075,6025.55,2334.828571,3212.22,3000,
857.5060576,2147.381111,-2779.9075,6025.55,2334.828571,3173.78,3000,
857.5060576,2003.2075,-2779.9075,5971.705,2313.9625,3144.68,3000,
820.9880308,2003.2075,-2719.717143,5640.067778,2185.46,3020.93,3000,
820.9880308,1606.692857,-2719.717143,5640.067778,2185.46,3025.62,3000,
762.4016508,1671.451429,-2382.821111,5771.244444,2117.951111,3100.56,2475.414,
762.4016508,1671.451429,-2382.821111,5771.244444,2117.951111,3039.48,2375.254,
762.4016508,1671.451429,-2382.821111,5771.244444,2117.951111,2949.86,2263.644,
762.4016508,1671.451429,-2382.821111,5771.244444,2117.951111,2943.23,2232.784,
762.4016508,1671.451429,-2382.821111,5771.244444,2117.951111,2943.23,2232.784,
837.8111799,1671.451429,-2611.041429,6045.26,2218.51,2943.23,2232.784,
868.0253405,2019.8525,-2652.1175,6045.26,2218.51,3023.97,2493.254,
868.0253405,2019.8525,-2652.1175,6045.26,2218.51,3011.27,2581.534,
868.0253405,2019.8525,-2652.1175,6063.742857,2225.294286,3219.22,2826.484,
837.8111799,2154.338889,-2611.041429,6063.742857,2225.294286,3358.02,3000,
837.8111799,2154.338889,-2611.041429,6045.26,2218.51,3430.02,3000,
762.4016508,2019.8525,-2382.821111,5771.244444,2117.951111,3479.26,3000,
762.4016508,2019.8525,-2382.821111,5771.244444,2117.951111,3436,3000,
762.4016508,2019.8525,-2382.821111,6045.26,2218.51,3458.08,3000,
762.4016508,2154.338889,-2382.821111,6045.26,2218.51,3650.91,3000,
837.8111799,2154.338889,-2611.041429,6045.26,2218.51,3498.06,3000,
837.8111799,2154.338889,-2611.041429,6063.742857,2225.294286,3445.93,3000,
868.0253405,2154.338889,-2652.1175,6063.742857,2225.294286,3388.79,3000,
868.0253405,2154.338889,-2652.1175,6063.742857,2225.294286,3292.07,3000,
868.0253405,2154.338889,-2652.1175,6063.742857,2225.294286,3267.63,3000,
868.0253405,2154.338889,-2652.1175,6063.742857,2225.294286,3235.39,3000,
868.0253405,2019.8525,-2652.1175,6045.26,2218.51,3210.98,3000,
837.8111799,2019.8525,-2611.041429,5771.244444,2117.951111,3107.19,3000,
837.8111799,1671.451429,-2611.041429,5771.244444,2117.951111,3111.12,2840.084,
770.2310743,1692.682857,-2407.294444,5802.98,2129.598889,3134.1,2518.795,
770.2310743,1692.682857,-2407.294444,5802.98,2129.598889,3072.8,2419.395,
770.2310743,1692.682857,-2407.294444,5802.98,2129.598889,2982.85,2308.615,
770.2310743,1692.682857,-2407.294444,5802.98,2129.598889,2965.51,2274.655,
770.2310743,1692.682857,-2407.294444,5802.98,2129.598889,2965.51,2270.895,
844.4166642,1692.682857,-2631.672857,6089.10125,2234.6,2965.51,2270.895,
875.0045494,2037.04625,-2673.6475,6089.10125,2234.6,3057.23,2536.505,
875.0045494,2037.04625,-2673.6475,6089.10125,2234.6,3044.48,2624.125,
875.0045494,2037.04625,-2673.6475,6113.701429,2243.627143,3253.2,2867.235,
844.4166642,2168.791111,-2631.672857,6113.701429,2243.627143,3392.5,3000,
844.4166642,2168.791111,-2631.672857,6089.10125,2234.6,3464.76,3000,
770.2310743,2037.04625,-2407.294444,5802.98,2129.598889,3514.19,3000,
770.2310743,2037.04625,-2407.294444,5802.98,2129.598889,3470.77,3000,
770.2310743,2037.04625,-2407.294444,6089.10125,2234.6,3492.93,3000,
770.2310743,2168.791111,-2407.294444,6089.10125,2234.6,3650.11,3000,
844.4166642,2168.791111,-2631.672857,6089.10125,2234.6,3533.06,3000,
844.4166642,2168.791111,-2631.672857,6113.701429,2243.627143,3480.74,3000,
875.0045494,2168.791111,-2673.6475,6113.701429,2243.627143,3423.38,3000,
875.0045494,2168.791111,-2673.6475,6113.701429,2243.627143,3326.31,3000,
875.0045494,2168.791111,-2673.6475,6113.701429,2243.627143,3301.79,3000,
875.0045494,2168.791111,-2673.6475,6113.701429,2243.627143,3269.43,3000,
875.0045494,2037.04625,-2673.6475,6089.10125,2234.6,3244.93,3000,
844.4166642,2037.04625,-2631.672857,5802.98,2129.598889,3140.75,3000,
844.4166642,1692.682857,-2631.672857,5802.98,2129.598889,3144.7,2880.745,
773.2895303,1709.412857,-2424.343333,5800.655556,2128.746667,3127.18,2481.898,
773.2895303,1709.412857,-2424.343333,5800.655556,2128.746667,3068.32,2386.968,
773.2895303,1709.412857,-2424.343333,5800.655556,2128.746667,2981.97,2281.188,
773.2895303,1709.412857,-2424.343333,5800.655556,2128.746667,2958.33,2248.748,
773.2895303,1709.412857,-2424.343333,5800.655556,2128.746667,2958.33,2235.368,
848.3261457,1709.412857,-2642.982857,6075.03,2229.4375,2958.33,2241.538,
880.0739644,2047.38625,-2685.9825,6075.03,2229.4375,3053.38,2498.808,
880.0739644,2047.38625,-2685.9825,6075.03,2229.4375,3041.14,2582.488,
880.0739644,2047.38625,-2685.9825,6100.961429,2238.954286,3241.52,2814.648,
848.3261457,2175.131111,-2642.982857,6100.961429,2238.954286,3375.25,3000,
848.3261457,2175.131111,-2642.982857,6075.03,2229.4375,3444.63,3000,
773.2895303,2047.38625,-2424.343333,5800.655556,2128.746667,3492.08,3000,
773.2895303,2047.38625,-2424.343333,5800.655556,2128.746667,3450.39,3000,
773.2895303,2047.38625,-2424.343333,6075.03,2229.4375,3471.67,3000,
773.2895303,2175.131111,-2424.343333,6075.03,2229.4375,3598.77,3000,
848.3261457,2175.131111,-2642.982857,6075.03,2229.4375,3510.19,3000,
848.3261457,2175.131111,-2642.982857,6100.961429,2238.954286,3459.97,3000,
880.0739644,2175.131111,-2685.9825,6100.961429,2238.954286,3404.9,3000,
880.0739644,2175.131111,-2685.9825,6100.961429,2238.954286,3311.71,3000,
880.0739644,2175.131111,-2685.9825,6100.961429,2238.954286,3288.16,3000,
880.0739644,2175.131111,-2685.9825,6100.961429,2238.954286,3257.1,3000,
880.0739644,2047.38625,-2685.9825,6075.03,2229.4375,3233.58,3000,
848.3261457,2047.38625,-2642.982857,5800.655556,2128.746667,3133.56,3000,
848.3261457,1709.412857,-2642.982857,5800.655556,2128.746667,3137.35,2827.538,
769.5855872,1709.514286,-2416.585556,5765.711111,2115.921111,3082.24,2401.3,
769.5855872,1709.514286,-2416.585556,5765.711111,2115.921111,3020.66,2308.13,
769.5855872,1709.514286,-2416.585556,5765.711111,2115.921111,2930.31,2204.3,
769.5855872,1709.514286,-2416.585556,5765.711111,2115.921111,2898.77,2172.47,
769.5855872,1709.514286,-2416.585556,5765.711111,2115.921111,2898.77,2148.76,
844.6483321,1709.514286,-2627.344286,6042.09625,2217.35125,2898.88,2165.39,
876.7782766,2035.35875,-2668.8425,6042.09625,2217.35125,3005.02,2417.9,
876.7782766,2035.35875,-2668.8425,6042.09625,2217.35125,2992.22,2500.02,
876.7782766,2035.35875,-2668.8425,6070.082857,2227.621429,3201.87,2727.88,
844.6483321,2158.483333,-2627.344286,6070.082857,2227.621429,3341.8,2989.15,
844.6483321,2158.483333,-2627.344286,6042.09625,2217.35125,3414.39,3000,
769.5855872,2035.35875,-2416.585556,5765.711111,2115.921111,3464.03,3000,
769.5855872,2035.35875,-2416.585556,5765.711111,2115.921111,3420.42,3000,
769.5855872,2035.35875,-2416.585556,6042.09625,2217.35125,3442.68,3000,
769.5855872,2158.483333,-2416.585556,6042.09625,2217.35125,3552.6,3000,
844.6483321,2158.483333,-2627.344286,6042.09625,2217.35125,3482.99,3000,
844.6483321,2158.483333,-2627.344286,6070.082857,2227.621429,3430.43,3000,
876.7782766,2158.483333,-2668.8425,6070.082857,2227.621429,3372.82,3000,
876.7782766,2158.483333,-2668.8425,6070.082857,2227.621429,3275.32,3000,
876.7782766,2158.483333,-2668.8425,6070.082857,2227.621429,3250.68,3000,
876.7782766,2158.483333,-2668.8425,6070.082857,2227.621429,3218.17,3000,
876.7782766,2035.35875,-2668.8425,6042.09625,2217.35125,3193.56,3000,
844.6483321,2035.35875,-2627.344286,5765.711111,2115.921111,3088.92,3000,
844.6483321,1709.514286,-2627.344286,5765.711111,2115.921111,3092.89,2740.53,
765.9442266,1700.015714,-2401.975556,5703.783333,2093.192222,3022.76,2304.500833,
765.9442266,1700.015714,-2401.975556,5703.783333,2093.192222,2961.48,2214.090833,
765.9442266,1700.015714,-2401.975556,5703.783333,2093.192222,2871.56,2113.340833,
765.9442266,1700.015714,-2401.975556,5703.783333,2093.192222,2834.09,2082.450833,
765.9442266,1700.015714,-2401.975556,5703.783333,2093.192222,2834.09,2053.090833,
840.1722397,1700.015714,-2610.84,5993.8575,2199.64875,2840.28,2075.580833,
871.9051813,2022.00875,-2651.16,5993.8575,2199.64875,2945.92,2320.610833,
871.9051813,2022.00875,-2651.16,5993.8575,2199.64875,2933.18,2400.300833,
871.9051813,2022.00875,-2651.16,6026.26,2211.538571,3141.82,2621.400833,
840.1722397,2144.272222,-2610.84,6026.26,2211.538571,3281.08,2874.930833,
840.1722397,2144.272222,-2610.84,5993.8575,2199.64875,3353.32,3000,
765.9442266,2022.00875,-2401.975556,5703.783333,2093.192222,3402.73,3000,
765.9442266,2022.00875,-2401.975556,5703.783333,2093.192222,3359.32,3000,
765.9442266,2022.00875,-2401.975556,5993.8575,2199.64875,3381.48,3000,
765.9442266,2144.272222,-2401.975556,5993.8575,2199.64875,3476.68,3000,
840.1722397,2144.272222,-2610.84,5993.8575,2199.64875,3421.59,3000,
840.1722397,2144.272222,-2610.84,6026.26,2211.538571,3369.29,3000,
871.9051813,2144.272222,-2651.16,6026.26,2211.538571,3311.95,3000,
871.9051813,2144.272222,-2651.16,6026.26,2211.538571,3214.92,3000,
871.9051813,2144.272222,-2651.16,6026.26,2211.538571,3190.4,3000,
871.9051813,2144.272222,-2651.16,6026.26,2211.538571,3158.05,3000,
871.9051813,2022.00875,-2651.16,5993.8575,2199.64875,3133.56,3000,
840.1722397,2022.00875,-2610.84,5703.783333,2093.192222,3029.41,2942.570833,
840.1722397,1700.015714,-2610.84,5703.783333,2093.192222,3033.36,2633.680833,
761.4713798,1680.76,-2379.52,5644.868889,2071.572222,2941.04,2190.296154,
761.4713798,1680.76,-2379.52,5644.868889,2071.572222,2876.16,2098.406154,
761.4713798,1680.76,-2379.52,5644.868889,2071.572222,2780.97,1996.006154,
761.4713798,1680.76,-2379.52,5644.868889,2071.572222,2734.12,1964.616154,
761.4713798,1680.76,-2379.52,5644.868889,2071.572222,2734.12,1936.846154,
835.0363602,1680.76,-2591.165714,5927.205,2175.1875,2747.85,1957.626154,
866.1852131,2006.2225,-2631.31375,5927.205,2175.1875,2859.68,2206.666154,
866.1852131,2006.2225,-2631.31375,5927.205,2175.1875,2846.2,2287.656154,
866.1852131,2006.2225,-2631.31375,5957.888571,2186.447143,3067.08,2512.376154,
835.0363602,2130.327778,-2591.165714,5957.888571,2186.447143,3214.5,2770.056154,
835.0363602,2130.327778,-2591.165714,5927.205,2175.1875,3290.98,2988.636154,
761.4713798,2006.2225,-2379.52,5644.868889,2071.572222,3343.29,3000,
761.4713798,2006.2225,-2379.52,5644.868889,2071.572222,3297.34,3000,
761.4713798,2006.2225,-2379.52,5927.205,2175.1875,3320.79,3000,
761.4713798,2130.327778,-2379.52,5927.205,2175.1875,3404.81,3000,
835.0363602,2130.327778,-2591.165714,5927.205,2175.1875,3363.26,3000,
835.0363602,2130.327778,-2591.165714,5957.888571,2186.447143,3307.89,3000,
866.1852131,2130.327778,-2631.31375,5957.888571,2186.447143,3247.19,3000,
866.1852131,2130.327778,-2631.31375,5957.888571,2186.447143,3144.46,3000,
866.1852131,2130.327778,-2631.31375,5957.888571,2186.447143,3118.5,3000,
866.1852131,2130.327778,-2631.31375,5957.888571,2186.447143,3084.26,3000,
866.1852131,2006.2225,-2631.31375,5927.205,2175.1875,3058.33,3000,
835.0363602,2006.2225,-2591.165714,5644.868889,2071.572222,2948.08,2838.806154,
835.0363602,1680.76,-2591.165714,5644.868889,2071.572222,2952.26,2524.856154,
755.2384192,1660.171429,-2352.633333,5571.618889,2044.693333,2864.73,2109.0185,
755.2384192,1660.171429,-2352.633333,5571.618889,2044.693333,2803.87,2021.3985,
755.2384192,1660.171429,-2352.633333,5571.618889,2044.693333,2714.57,1923.7585,
755.2384192,1660.171429,-2352.633333,5571.618889,2044.693333,2667.04,1893.8185,
755.2384192,1660.171429,-2352.633333,5571.618889,2044.693333,2662.98,1864.8685,
828.5309891,1660.171429,-2564.378571,5846.29125,2145.49,2683.5,1887.1585,
859.4250826,1984.92375,-2603.7975,5846.29125,2145.49,2788.41,2124.6285,
859.4250826,1984.92375,-2603.7975,5846.29125,2145.49,2775.76,2201.8585,
859.4250826,1984.92375,-2603.7975,5876.557143,2156.601429,2982.97,2416.1385,
828.5309891,2109.31,-2564.378571,5876.557143,2156.601429,3121.27,2661.8385,
828.5309891,2109.31,-2564.378571,5846.29125,2145.49,3193.01,2870.2685,
755.2384192,1984.92375,-2352.633333,5571.618889,2044.693333,3242.08,3000,
755.2384192,1984.92375,-2352.633333,5571.618889,2044.693333,3198.97,2884.9085,
755.2384192,1984.92375,-2352.633333,5846.29125,2145.49,3220.98,2890.1785,
755.2384192,2109.31,-2352.633333,5846.29125,2145.49,3286.53,2948.1185,
828.5309891,2109.31,-2564.378571,5846.29125,2145.49,3260.82,2989.3985,
828.5309891,2109.31,-2564.378571,5876.557143,2156.601429,3208.87,3000,
859.4250826,2109.31,-2603.7975,5876.557143,2156.601429,3151.93,3000,
859.4250826,2109.31,-2603.7975,5876.557143,2156.601429,3055.56,3000,
859.4250826,2109.31,-2603.7975,5876.557143,2156.601429,3031.21,2951.5285,
859.4250826,2109.31,-2603.7975,5876.557143,2156.601429,2999.08,2970.9285,
859.4250826,1984.92375,-2603.7975,5846.29125,2145.49,2974.76,2886.1885,
828.5309891,1984.92375,-2564.378571,5571.618889,2044.693333,2871.34,2727.3985,
828.5309891,1660.171429,-2564.378571,5571.618889,2044.693333,2875.25,2428.0385,
748.3557855,1635.855714,-2319.142222,5479.705556,2010.962222,2781.88,2052.568261,
748.3557855,1635.855714,-2319.142222,5479.705556,2010.962222,2723.7,1969.638261,
748.3557855,1635.855714,-2319.142222,5479.705556,2010.962222,2638.32,1877.228261,
748.3557855,1635.855714,-2319.142222,5479.705556,2010.962222,2592.89,1848.898261,
748.3557855,1635.855714,-2319.142222,5479.705556,2010.962222,2579.01,1814.438261,
819.9880639,1635.855714,-2528.702857,5756.3675,2112.49125,2608.63,1842.588261,
850.1007953,1957.365,-2567.80875,5756.3675,2112.49125,2708.92,2067.348261,
850.1007953,1957.365,-2567.80875,5756.3675,2112.49125,2696.82,2140.438261,
850.1007953,1957.365,-2567.80875,5787.82,2124.034286,2894.92,2343.248261,
819.9880639,2080.438889,-2528.702857,5787.82,2124.034286,3027.13,2575.808261,
819.9880639,2080.438889,-2528.702857,5756.3675,2112.49125,3095.72,2773.078261,
748.3557855,1957.365,-2319.142222,5479.705556,2010.962222,3142.63,3000,
748.3557855,1957.365,-2319.142222,5479.705556,2010.962222,3101.42,2786.938261,
748.3557855,1957.365,-2319.142222,5756.3675,2112.49125,3122.46,2791.918261,
748.3557855,2080.438889,-2319.142222,5756.3675,2112.49125,3173.05,2846.758261,
819.9880639,2080.438889,-2528.702857,5756.3675,2112.49125,3160.54,2885.818261,
819.9880639,2080.438889,-2528.702857,5787.82,2124.034286,3110.88,2911.958261,
850.1007953,2080.438889,-2567.80875,5787.82,2124.034286,3056.44,2900.688261,
850.1007953,2080.438889,-2567.80875,5787.82,2124.034286,2964.32,2900.748261,
850.1007953,2080.438889,-2567.80875,5787.82,2124.034286,2941.04,2849.988261,
850.1007953,2080.438889,-2567.80875,5787.82,2124.034286,2910.32,2868.348261,
850.1007953,1957.365,-2567.80875,5756.3675,2112.49125,2887.07,2788.138261,
819.9880639,1957.365,-2528.702857,5479.705556,2010.962222,2788.2,2637.848261,
819.9880639,1635.855714,-2528.702857,5479.705556,2010.962222,2791.94,2354.518261,
739.8044491,1613.812857,-2282.467778,5362.698889,1968.02,2682.79,1991.92,
739.8044491,1613.812857,-2282.467778,5362.698889,1968.02,2618.48,1913.02,
739.8044491,1613.812857,-2282.467778,5362.698889,1968.02,2524.11,1825.09,
739.8044491,1613.812857,-2282.467778,5362.698889,1968.02,2473.89,1798.14,
739.8044491,1613.812857,-2282.467778,5362.698889,1968.02,2448.77,1759.58,
809.4795592,1613.812857,-2482.731429,5662.70375,2078.12,2491.29,1792.14,
839.0427624,1923.145,-2521.915,5662.70375,2078.12,2602.14,2005.97,
839.0427624,1923.145,-2521.915,5662.70375,2078.12,2588.77,2075.52,
839.0427624,1923.145,-2521.915,5702.388571,2092.681429,2807.73,2268.48,
809.4795592,2040.212222,-2482.731429,5702.388571,2092.681429,2953.86,2489.73,
809.4795592,2040.212222,-2482.731429,5662.70375,2078.12,3029.67,2677.42,
739.8044491,1923.145,-2282.467778,5362.698889,1968.02,3081.53,2952.78,
739.8044491,1923.145,-2282.467778,5362.698889,1968.02,3035.97,2690.6,
739.8044491,1923.145,-2282.467778,5662.70375,2078.12,3059.22,2695.35,
739.8044491,2040.212222,-2282.467778,5662.70375,2078.12,3103.31,2747.52,
809.4795592,2040.212222,-2482.731429,5662.70375,2078.12,3101.32,2784.69,
809.4795592,2040.212222,-2482.731429,5702.388571,2092.681429,3046.43,2809.56,
839.0427624,2040.212222,-2521.915,5702.388571,2092.681429,2986.26,2798.83,
839.0427624,2040.212222,-2521.915,5702.388571,2092.681429,2884.43,2798.88,
839.0427624,2040.212222,-2521.915,5702.388571,2092.681429,2858.7,2750.59,
839.0427624,2040.212222,-2521.915,5702.388571,2092.681429,2824.75,2768.06,
839.0427624,1923.145,-2521.915,5662.70375,2078.12,2799.05,2691.75,
809.4795592,1923.145,-2482.731429,5362.698889,1968.02,2689.77,2548.76,
809.4795592,1613.812857,-2482.731429,5362.698889,1968.02,2693.91,2279.19,
733.0496373,1591.995714,-2244.267778,5248.947778,1926.278889,2615.66,1953.89,
733.0496373,1591.995714,-2244.267778,5248.947778,1926.278889,2558.18,1882.43,
733.0496373,1591.995714,-2244.267778,5248.947778,1926.278889,2473.84,1802.79,
733.0496373,1591.995714,-2244.267778,5248.947778,1926.278889,2428.95,1778.38,
733.0496373,1591.995714,-2244.267778,5248.947778,1926.278889,2378.15,1719.21,
796.8344241,1591.995714,-2432.802857,5572.90125,2045.16375,2444.5,1772.94,
824.604871,1886.64625,-2472.68125,5572.90125,2045.16375,2543.58,1966.62,
824.604871,1886.64625,-2472.68125,5572.90125,2045.16375,2531.63,2029.62,
824.604871,1886.64625,-2472.68125,5621.461429,2062.982857,2727.33,2204.39,
796.8344241,1995.966667,-2432.802857,5621.461429,2062.982857,2857.95,2404.79,
796.8344241,1995.966667,-2432.802857,5572.90125,2045.16375,2925.71,2574.78,
733.0496373,1886.64625,-2244.267778,5248.947778,1926.278889,2972.06,2791.2,
733.0496373,1886.64625,-2244.267778,5248.947778,1926.278889,2931.34,2586.73,
733.0496373,1886.64625,-2244.267778,5572.90125,2045.16375,2952.12,2591.02,
733.0496373,1995.966667,-2244.267778,5572.90125,2045.16375,2973.43,2638.28,
796.8344241,1995.966667,-2432.802857,5572.90125,2045.16375,2973.43,2671.94,
796.8344241,1995.966667,-2432.802857,5621.461429,2062.982857,2940.69,2694.47,
824.604871,1995.966667,-2472.68125,5621.461429,2062.982857,2886.91,2684.75,
824.604871,1995.966667,-2472.68125,5621.461429,2062.982857,2795.89,2684.8,
824.604871,1995.966667,-2472.68125,5621.461429,2062.982857,2772.89,2641.06,
824.604871,1995.966667,-2472.68125,5621.461429,2062.982857,2742.55,2656.89,
824.604871,1886.64625,-2472.68125,5572.90125,2045.16375,2719.58,2587.76,
796.8344241,1886.64625,-2432.802857,5248.947778,1926.278889,2621.9,2458.25,
796.8344241,1591.995714,-2432.802857,5248.947778,1926.278889,2625.6,2214.09,
728.2665783,1566.978571,-2206.893333,5160.285556,1893.737778,2553.66,1898,
728.2665783,1566.978571,-2206.893333,5160.285556,1893.737778,2497.39,1828.52,
728.2665783,1566.978571,-2206.893333,5160.285556,1893.737778,2414.82,1751.1,
728.2665783,1566.978571,-2206.893333,5160.285556,1893.737778,2370.88,1727.36,
728.2665783,1566.978571,-2206.893333,5160.285556,1893.737778,2308.59,1658.19,
784.7507178,1566.978571,-2389.241429,5499.41,2018.1925,2386.1,1722.08,
809.6597379,1854.29375,-2429.84375,5499.41,2018.1925,2483.1,1910.37,
809.6597379,1854.29375,-2429.84375,5499.41,2018.1925,2471.4,1971.62,
809.6597379,1854.29375,-2429.84375,5553.991429,2038.221429,2662.99,2141.53,
784.7507178,1959.417778,-2389.241429,5553.991429,2038.221429,2790.85,2336.36,
784.7507178,1959.417778,-2389.241429,5499.41,2018.1925,2857.19,2501.63,
728.2665783,1854.29375,-2206.893333,5160.285556,1893.737778,2898.27,2696.19,
728.2665783,1854.29375,-2206.893333,5160.285556,1893.737778,2862.7,2513.24,
728.2665783,1854.29375,-2206.893333,5499.41,2018.1925,2883.04,2517.42,
728.2665783,1959.417778,-2206.893333,5499.41,2018.1925,2898.27,2563.36,
784.7507178,1959.417778,-2389.241429,5499.41,2018.1925,2898.27,2596.09,
784.7507178,1959.417778,-2389.241429,5553.991429,2038.221429,2871.85,2617.99,
809.6597379,1959.417778,-2429.84375,5553.991429,2038.221429,2819.2,2608.55,
809.6597379,1959.417778,-2429.84375,5553.991429,2038.221429,2730.1,2608.59,
809.6597379,1959.417778,-2429.84375,5553.991429,2038.221429,2707.59,2566.07,
809.6597379,1959.417778,-2429.84375,5553.991429,2038.221429,2677.88,2581.45,
809.6597379,1854.29375,-2429.84375,5499.41,2018.1925,2655.39,2514.25,
784.7507178,1854.29375,-2389.241429,5160.285556,1893.737778,2559.77,2388.34,
784.7507178,1566.978571,-2389.241429,5160.285556,1893.737778,2563.39,2150.97,
724.4587377,1569.912857,-2189.397778,5130.46,1882.795556,2517.93,1877.88,
724.4587377,1569.912857,-2189.397778,5130.46,1882.795556,2465.02,1813.74,
724.4587377,1569.912857,-2189.397778,5130.46,1882.795556,2387.38,1742.26,
724.4587377,1569.912857,-2189.397778,5130.46,1882.795556,2346.06,1720.34,
724.4587377,1569.912857,-2189.397778,5130.46,1882.795556,2281.1,1644.56,
774.4299606,1569.912857,-2350.115714,5441.85375,1997.06875,2360.37,1715.47,
796.8760893,1824.67375,-2387.2275,5441.85375,1997.06875,2451.58,1889.31,
796.8760893,1824.67375,-2387.2275,5441.85375,1997.06875,2440.58,1945.85,
796.8760893,1824.67375,-2387.2275,5492.74,2015.745714,2620.73,2102.71,
774.4299606,1916.931111,-2350.115714,5492.74,2015.745714,2740.97,2282.58,
774.4299606,1916.931111,-2350.115714,5441.85375,1997.06875,2803.35,2435.16,
724.4587377,1824.67375,-2189.397778,5130.46,1882.795556,2839.32,2598.55,
724.4587377,1824.67375,-2189.397778,5130.46,1882.795556,2808.53,2445.88,
724.4587377,1824.67375,-2189.397778,5441.85375,1997.06875,2827.66,2449.74,
724.4587377,1916.931111,-2189.397778,5441.85375,1997.06875,2839.32,2492.15,
774.4299606,1916.931111,-2350.115714,5441.85375,1997.06875,2839.32,2522.37,
774.4299606,1916.931111,-2350.115714,5492.74,2015.745714,2817.13,2542.59,
796.8760893,1916.931111,-2387.2275,5492.74,2015.745714,2767.63,2533.87,
796.8760893,1916.931111,-2387.2275,5492.74,2015.745714,2683.84,2533.91,
796.8760893,1916.931111,-2387.2275,5492.74,2015.745714,2662.67,2494.65,
796.8760893,1916.931111,-2387.2275,5492.74,2015.745714,2634.74,2508.86,
796.8760893,1824.67375,-2387.2275,5441.85375,1997.06875,2613.59,2446.82,
774.4299606,1824.67375,-2350.115714,5130.46,1882.795556,2523.68,2330.57,
774.4299606,1569.912857,-2350.115714,5130.46,1882.795556,2527.08,2111.42,
717.7039047,1569.16,-2176.892222,5122.877778,1880.011111,2495.57,1849.09,
717.7039047,1569.16,-2176.892222,5122.877778,1880.011111,2440.51,1784.47,
717.7039047,1569.16,-2176.892222,5122.877778,1880.011111,2359.73,1712.47,
717.7039047,1569.16,-2176.892222,5122.877778,1880.011111,2316.73,1690.39,
717.7039047,1569.16,-2176.892222,5122.877778,1880.011111,2252.37,1616.2,
768.5052414,1569.16,-2327.285714,5418.7475,1988.59,2331.63,1685.48,
791.2610969,1805.6225,-2360.33375,5418.7475,1988.59,2426.53,1860.6,
791.2610969,1805.6225,-2360.33375,5418.7475,1988.59,2415.08,1917.56,
791.2610969,1805.6225,-2360.33375,5464.897143,2005.527143,2602.54,2075.58,
768.5052414,1892.456667,-2327.285714,5464.897143,2005.527143,2727.65,2256.78,
768.5052414,1892.456667,-2327.285714,5418.7475,1988.59,2792.55,2410.49,
717.7039047,1805.6225,-2176.892222,5122.877778,1880.011111,2831.33,2578,
717.7039047,1805.6225,-2176.892222,5122.877778,1880.011111,2797.94,2421.29,
717.7039047,1805.6225,-2176.892222,5418.7475,1988.59,2817.85,2425.17,
717.7039047,1892.456667,-2176.892222,5418.7475,1988.59,2831.33,2467.9,
768.5052414,1892.456667,-2327.285714,5418.7475,1988.59,2831.33,2498.34,
768.5052414,1892.456667,-2327.285714,5464.897143,2005.527143,2806.9,2518.7,
791.2610969,1892.456667,-2360.33375,5464.897143,2005.527143,2755.38,2509.92,
791.2610969,1892.456667,-2360.33375,5464.897143,2005.527143,2668.21,2509.96,
791.2610969,1892.456667,-2360.33375,5464.897143,2005.527143,2646.18,2470.41,
791.2610969,1892.456667,-2360.33375,5464.897143,2005.527143,2617.11,2484.72,
791.2610969,1805.6225,-2360.33375,5418.7475,1988.59,2595.11,2422.23,
768.5052414,1805.6225,-2327.285714,5122.877778,1880.011111,2501.55,2305.12,
768.5052414,1569.16,-2327.285714,5122.877778,1880.011111,2505.09,2084.36,
710.3812247,1541.028571,-2154.883333,5152.802222,1890.994444,2496.88,1828.79,
710.3812247,1541.028571,-2154.883333,5152.802222,1890.994444,2437.31,1761.15,
710.3812247,1541.028571,-2154.883333,5152.802222,1890.994444,2349.9,1685.79,
710.3812247,1541.028571,-2154.883333,5152.802222,1890.994444,2303.38,1662.68,
710.3812247,1541.028571,-2154.883333,5152.802222,1890.994444,2244.15,1593.04,
765.9068879,1541.028571,-2320.567143,5438.7175,1995.91875,2319.49,1657.54,
790.6777339,1798.95375,-2354.73375,5438.7175,1995.91875,2422.18,1840.83,
790.6777339,1798.95375,-2354.73375,5438.7175,1995.91875,2409.79,1900.45,
790.6777339,1798.95375,-2354.73375,5481.221429,2011.517143,2612.61,2065.85,
765.9068879,1895.287778,-2320.567143,5481.221429,2011.517143,2747.97,2255.5,
765.9068879,1895.287778,-2320.567143,5438.7175,1995.91875,2818.2,2416.38,
710.3812247,1798.95375,-2154.883333,5152.802222,1890.994444,2864.47,2602.63,
710.3812247,1798.95375,-2154.883333,5152.802222,1890.994444,2824.03,2427.69,
710.3812247,1798.95375,-2154.883333,5438.7175,1995.91875,2845.57,2431.75,
710.3812247,1895.287778,-2154.883333,5438.7175,1995.91875,2864.47,2476.47,
765.9068879,1895.287778,-2320.567143,5438.7175,1995.91875,2864.47,2508.33,
765.9068879,1895.287778,-2320.567143,5481.221429,2011.517143,2833.72,2529.65,
790.6777339,1895.287778,-2354.73375,5481.221429,2011.517143,2777.98,2520.46,
790.6777339,1895.287778,-2354.73375,5481.221429,2011.517143,2683.66,2520.5,
790.6777339,1895.287778,-2354.73375,5481.221429,2011.517143,2659.82,2479.11,
790.6777339,1895.287778,-2354.73375,5481.221429,2011.517143,2628.38,2494.08,
790.6777339,1798.95375,-2354.73375,5438.7175,1995.91875,2604.57,2428.67,
765.9068879,1798.95375,-2320.567143,5152.802222,1890.994444,2503.34,2306.1,
765.9068879,1541.028571,-2320.567143,5152.802222,1890.994444,2507.18,2075.03,
711.7117621,1507.281429,-2145.788889,5191.768889,1905.293333,2516.67,1830.17,
711.7117621,1507.281429,-2145.788889,5191.768889,1905.293333,2451.57,1759.09,
711.7117621,1507.281429,-2145.788889,5191.768889,1905.293333,2356.05,1679.89,
711.7117621,1507.281429,-2145.788889,5191.768889,1905.293333,2305.21,1655.61,
711.7117621,1507.281429,-2145.788889,5191.768889,1905.293333,2254.64,1593.53,
771.4500995,1507.281429,-2344.998571,5479.1025,2010.74,2322.82,1650.21,
797.9251082,1818.56625,-2387.0925,5479.1025,2010.74,2435.04,1842.83,
797.9251082,1818.56625,-2387.0925,5479.1025,2010.74,2421.5,1905.47,
797.9251082,1818.56625,-2387.0925,5519.825714,2025.685714,2643.15,2079.28,
771.4500995,1934.087778,-2344.998571,5519.825714,2025.685714,2791.08,2278.58,
771.4500995,1934.087778,-2344.998571,5479.1025,2010.74,2867.82,2447.65,
711.7117621,1818.56625,-2145.788889,5191.768889,1905.293333,2920.31,2658.47,
711.7117621,1818.56625,-2145.788889,5191.768889,1905.293333,2874.19,2459.52,
711.7117621,1818.56625,-2145.788889,5479.1025,2010.74,2897.73,2463.8,
711.7117621,1934.087778,-2145.788889,5479.1025,2010.74,2926.09,2510.79,
771.4500995,1934.087778,-2344.998571,5479.1025,2010.74,2926.09,2544.27,
771.4500995,1934.087778,-2344.998571,5519.825714,2025.685714,2884.78,2566.67,
797.9251082,1934.087778,-2387.0925,5519.825714,2025.685714,2823.87,2557.01,
797.9251082,1934.087778,-2387.0925,5519.825714,2025.685714,2720.79,2557.06,
797.9251082,1934.087778,-2387.0925,5519.825714,2025.685714,2694.74,2513.56,
797.9251082,1934.087778,-2387.0925,5519.825714,2025.685714,2660.38,2529.3,
797.9251082,1818.56625,-2387.0925,5479.1025,2010.74,2634.36,2460.56,
771.4500995,1818.56625,-2344.998571,5191.768889,1905.293333,2523.74,2331.76,
771.4500995,1507.281429,-2344.998571,5191.768889,1905.293333,2527.93,2088.94,
716.0315357,1498.512857,-2152.024444,5228.628889,1918.821111,2557.34,1831.71,
716.0315357,1498.512857,-2152.024444,5228.628889,1918.821111,2489.04,1754.72,
716.0315357,1498.512857,-2152.024444,5228.628889,1918.821111,2388.81,1668.93,
716.0315357,1498.512857,-2152.024444,5228.628889,1918.821111,2335.47,1642.63,
716.0315357,1498.512857,-2152.024444,5228.628889,1918.821111,2291.37,1593.91,
778.6087232,1498.512857,-2369.165714,5537.1525,2032.04375,2353.95,1636.77,
805.9161855,1836.585,-2413.97625,5537.1525,2032.04375,2471.69,1845.42,
805.9161855,1836.585,-2413.97625,5537.1525,2032.04375,2457.49,1913.28,
805.9161855,1836.585,-2413.97625,5579.881429,2047.725714,2690.04,2101.56,
778.6087232,1962.825556,-2369.165714,5579.881429,2047.725714,2845.26,2317.45,
778.6087232,1962.825556,-2369.165714,5537.1525,2032.04375,2925.77,2500.58,
716.0315357,1836.585,-2152.024444,5228.628889,1918.821111,2980.85,2754.16,
716.0315357,1836.585,-2152.024444,5228.628889,1918.821111,2932.46,2513.45,
716.0315357,1836.585,-2152.024444,5537.1525,2032.04375,2957.16,2518.08,
716.0315357,1962.825556,-2152.024444,5537.1525,2032.04375,2992.36,2568.98,
778.6087232,1962.825556,-2369.165714,5537.1525,2032.04375,2992.36,2605.25,
778.6087232,1962.825556,-2369.165714,5579.881429,2047.725714,2943.57,2629.52,
805.9161855,1962.825556,-2413.97625,5579.881429,2047.725714,2879.67,2619.05,
805.9161855,1962.825556,-2413.97625,5579.881429,2047.725714,2771.51,2619.1,
805.9161855,1962.825556,-2413.97625,5579.881429,2047.725714,2744.18,2571.98,
805.9161855,1962.825556,-2413.97625,5579.881429,2047.725714,2708.13,2589.03,
805.9161855,1836.585,-2413.97625,5537.1525,2032.04375,2680.83,2514.57,
778.6087232,1836.585,-2369.165714,5228.628889,1918.821111,2564.75,2375.05,
778.6087232,1498.512857,-2369.165714,5228.628889,1918.821111,2569.15,2112.02,
720.2397912,1519.135714,-2174.246667,5281.178889,1938.106667,2609.2,1839.76,
720.2397912,1519.135714,-2174.246667,5281.178889,1938.106667,2537.01,1756.97,
720.2397912,1519.135714,-2174.246667,5281.178889,1938.106667,2431.09,1664.71,
720.2397912,1519.135714,-2174.246667,5281.178889,1938.106667,2374.71,1636.42,
720.2397912,1519.135714,-2174.246667,5281.178889,1938.106667,2338.68,1594.7,
786.9093264,1519.135714,-2387.78,5600.66375,2055.35125,2394.24,1630.13,
815.7323219,1850.1125,-2430.55875,5600.66375,2055.35125,2518.67,1854.51,
815.7323219,1850.1125,-2430.55875,5600.66375,2055.35125,2503.67,1927.49,
815.7323219,1850.1125,-2430.55875,5643.821429,2071.19,2749.44,2129.97,
786.9093264,1974.641111,-2387.78,5643.821429,2071.19,2913.48,2362.14,
786.9093264,1974.641111,-2387.78,5600.66375,2055.35125,2998.57,2559.08,
720.2397912,1850.1125,-2174.246667,5281.178889,1938.106667,3056.78,2846.31,
720.2397912,1850.1125,-2174.246667,5281.178889,1938.106667,3005.64,2572.92,
720.2397912,1850.1125,-2174.246667,5600.66375,2055.35125,3031.74,2577.89,
720.2397912,1974.641111,-2174.246667,5600.66375,2055.35125,3075.36,2632.64,
786.9093264,1974.641111,-2387.78,5600.66375,2055.35125,3075.36,2671.64,
786.9093264,1974.641111,-2387.78,5643.821429,2071.19,3017.39,2697.74,
815.7323219,1974.641111,-2430.55875,5643.821429,2071.19,2949.84,2686.48,
815.7323219,1974.641111,-2430.55875,5643.821429,2071.19,2835.54,2686.54,
815.7323219,1974.641111,-2430.55875,5643.821429,2071.19,2806.66,2635.86,
815.7323219,1974.641111,-2430.55875,5643.821429,2071.19,2768.55,2654.2,
815.7323219,1850.1125,-2430.55875,5600.66375,2055.35125,2739.7,2574.12,
786.9093264,1850.1125,-2387.78,5281.178889,1938.106667,2617.03,2424.08,
786.9093264,1519.135714,-2387.78,5281.178889,1938.106667,2621.68,2141.21,
726.0499839,1525.257143,-2187.956667,5358.303333,1966.411111,2667.33,1866.32,
726.0499839,1525.257143,-2187.956667,5358.303333,1966.411111,2590.35,1781.27,
726.0499839,1525.257143,-2187.956667,5358.303333,1966.411111,2477.38,1686.49,
726.0499839,1525.257143,-2187.956667,5358.303333,1966.411111,2417.26,1657.43,
726.0499839,1525.257143,-2187.956667,5358.303333,1966.411111,2393.33,1624.47,
795.0419264,1525.257143,-2406.858571,5661.705,2077.75375,2438.08,1650.96,
824.5638827,1865.3825,-2451.4325,5661.705,2077.75375,2570.79,1881.47,
824.5638827,1865.3825,-2451.4325,5661.705,2077.75375,2554.79,1956.44,
824.5638827,1865.3825,-2451.4325,5699.182857,2091.507143,2816.91,2164.45,
795.0419264,1992.827778,-2406.858571,5699.182857,2091.507143,2991.85,2402.96,
795.0419264,1992.827778,-2406.858571,5661.705,2077.75375,3082.6,2605.28,
726.0499839,1865.3825,-2187.956667,5358.303333,1966.411111,3144.68,2913.82,
726.0499839,1865.3825,-2187.956667,5358.303333,1966.411111,3090.14,2619.49,
726.0499839,1865.3825,-2187.956667,5661.705,2077.75375,3117.98,2624.61,
726.0499839,1992.827778,-2187.956667,5661.705,2077.75375,3178.19,2680.85,
795.0419264,1992.827778,-2406.858571,5661.705,2077.75375,3168.37,2720.91,
795.0419264,1992.827778,-2406.858571,5699.182857,2091.507143,3102.67,2747.72,
824.5638827,1992.827778,-2451.4325,5699.182857,2091.507143,3030.63,2736.16,
824.5638827,1992.827778,-2451.4325,5699.182857,2091.507143,2908.73,2736.22,
824.5638827,1992.827778,-2451.4325,5699.182857,2091.507143,2877.93,2684.16,
824.5638827,1992.827778,-2451.4325,5699.182857,2091.507143,2837.29,2702.99,
824.5638827,1865.3825,-2451.4325,5661.705,2077.75375,2806.52,2620.73,
795.0419264,1865.3825,-2406.858571,5358.303333,1966.411111,2675.69,2466.59,
795.0419264,1525.257143,-2406.858571,5358.303333,1966.411111,2680.65,2176,
732.4715352,1536.447143,-2204.068889,5436.276667,1995.024444,2745.13,1894.43,
732.4715352,1536.447143,-2204.068889,5436.276667,1995.024444,2672.57,1808.42,
732.4715352,1536.447143,-2204.068889,5436.276667,1995.024444,2566.09,1712.56,
732.4715352,1536.447143,-2204.068889,5436.276667,1995.024444,2509.42,1683.17,
732.4715352,1536.447143,-2204.068889,5436.276667,1995.024444,2507.78,1658.24,
802.2796098,1536.447143,-2424.49,5717.15875,2098.10375,2529.06,1676.63,
831.9692813,1879.23125,-2469.6375,5717.15875,2098.10375,2654.14,1909.76,
831.9692813,1879.23125,-2469.6375,5717.15875,2098.10375,2639.05,1985.58,
831.9692813,1879.23125,-2469.6375,5748.125714,2109.467143,2886.11,2195.94,
802.2796098,2007.484444,-2424.49,5748.125714,2109.467143,3051,2437.16,
802.2796098,2007.484444,-2424.49,5717.15875,2098.10375,3136.53,2641.78,
732.4715352,1879.23125,-2204.068889,5436.276667,1995.024444,3195.04,2965.26,
732.4715352,1879.23125,-2204.068889,5436.276667,1995.024444,3143.64,2656.15,
732.4715352,1879.23125,-2204.068889,5717.15875,2098.10375,3169.87,2661.32,
732.4715352,2007.484444,-2204.068889,5717.15875,2098.10375,3251.89,2718.2,
802.2796098,2007.484444,-2424.49,5717.15875,2098.10375,3217.37,2758.72,
802.2796098,2007.484444,-2424.49,5748.125714,2109.467143,3155.44,2785.84,
831.9692813,2007.484444,-2469.6375,5748.125714,2109.467143,3087.55,2774.14,
831.9692813,2007.484444,-2469.6375,5748.125714,2109.467143,2972.65,2774.2,
831.9692813,2007.484444,-2469.6375,5748.125714,2109.467143,2943.62,2721.55,
831.9692813,2007.484444,-2469.6375,5748.125714,2109.467143,2905.32,2740.6,
831.9692813,1879.23125,-2469.6375,5717.15875,2098.10375,2876.32,2657.4,
802.2796098,1879.23125,-2424.49,5436.276667,1995.024444,2753.01,2501.51,
802.2796098,1536.447143,-2424.49,5436.276667,1995.024444,2757.68,2207.63,
737.4386325,1561.07,-2227.247778,5478.4,2010.484444,2815.92,1926.52,
737.4386325,1561.07,-2227.247778,5478.4,2010.484444,2746.93,1841.86,
737.4386325,1561.07,-2227.247778,5478.4,2010.484444,2645.7,1747.53,
737.4386325,1561.07,-2227.247778,5478.4,2010.484444,2594.53,1718.61,
737.4386325,1561.07,-2227.247778,5478.4,2010.484444,2594.53,1690.41,
808.6604614,1561.07,-2439.587143,5769.80875,2117.425,2610.48,1712.17,
838.9654718,1890.4325,-2482.33375,5769.80875,2117.425,2729.4,1941.6,
838.9654718,1890.4325,-2482.33375,5769.80875,2117.425,2715.06,2016.21,
838.9654718,1890.4325,-2482.33375,5803.175714,2129.668571,2949.95,2223.24,
808.6604614,2014.204444,-2439.587143,5803.175714,2129.668571,3106.72,2460.63,
808.6604614,2014.204444,-2439.587143,5769.80875,2117.425,3188.04,2662,
737.4386325,1890.4325,-2227.247778,5478.4,2010.484444,3243.67,2975.38,
737.4386325,1890.4325,-2227.247778,5478.4,2010.484444,3194.8,2676.15,
737.4386325,1890.4325,-2227.247778,5769.80875,2117.425,3219.74,2681.24,
737.4386325,2014.204444,-2227.247778,5769.80875,2117.425,3305.94,2737.21,
808.6604614,2014.204444,-2439.587143,5769.80875,2117.425,3264.9,2777.09,
808.6604614,2014.204444,-2439.587143,5803.175714,2129.668571,3206.02,2803.78,
838.9654718,2014.204444,-2482.33375,5803.175714,2129.668571,3141.47,2792.27,
838.9654718,2014.204444,-2482.33375,5803.175714,2129.668571,3032.23,2792.33,
838.9654718,2014.204444,-2482.33375,5803.175714,2129.668571,3004.63,2740.51,
838.9654718,2014.204444,-2482.33375,5803.175714,2129.668571,2968.21,2759.26,
838.9654718,1890.4325,-2482.33375,5769.80875,2117.425,2940.64,2677.38,
808.6604614,1890.4325,-2439.587143,5478.4,2010.484444,2823.4,2523.97,
808.6604614,1561.07,-2439.587143,5478.4,2010.484444,2827.84,2234.74,
741.7165767,1565.207143,-2239.031111,5503.361111,2019.643333,2878.31,1949.96,
741.7165767,1565.207143,-2239.031111,5503.361111,2019.643333,2813.08,1866.43,
741.7165767,1565.207143,-2239.031111,5503.361111,2019.643333,2717.37,1773.34,
741.7165767,1565.207143,-2239.031111,5503.361111,2019.643333,2669.83,1744.8,
741.7165767,1565.207143,-2239.031111,5503.361111,2019.643333,2669.83,1710.51,
813.9366306,1565.207143,-2457.694286,5815.85,2134.3225,2684.08,1738.45,
844.8007297,1904.53875,-2501.855,5815.85,2134.3225,2796.51,1964.85,
844.8007297,1904.53875,-2501.855,5815.85,2134.3225,2782.95,2038.48,
844.8007297,1904.53875,-2501.855,5853.377143,2148.091429,3005.04,2242.77,
813.9366306,2031.954444,-2457.694286,5853.377143,2148.091429,3153.26,2477.03,
813.9366306,2031.954444,-2457.694286,5815.85,2134.3225,3230.15,2675.74,
741.7165767,1904.53875,-2239.031111,5503.361111,2019.643333,3282.74,2976.18,
741.7165767,1904.53875,-2239.031111,5503.361111,2019.643333,3236.54,2689.7,
741.7165767,1904.53875,-2239.031111,5815.85,2134.3225,3260.12,2694.73,
741.7165767,2031.954444,-2239.031111,5815.85,2134.3225,3343.57,2749.96,
813.9366306,2031.954444,-2457.694286,5815.85,2134.3225,3302.82,2789.32,
813.9366306,2031.954444,-2457.694286,5853.377143,2148.091429,3247.15,2815.65,
844.8007297,2031.954444,-2501.855,5853.377143,2148.091429,3186.12,2804.29,
844.8007297,2031.954444,-2501.855,5853.377143,2148.091429,3082.84,2804.35,
844.8007297,2031.954444,-2501.855,5853.377143,2148.091429,3056.74,2753.21,
844.8007297,2031.954444,-2501.855,5853.377143,2148.091429,3022.31,2771.71,
844.8007297,1904.53875,-2501.855,5815.85,2134.3225,2996.24,2690.92,
813.9366306,1904.53875,-2457.694286,5503.361111,2019.643333,2885.39,2539.53,
813.9366306,1565.207143,-2457.694286,5503.361111,2019.643333,2889.59,2254.12,
744.0243545,1565.622857,-2248.181111,5538.003333,2032.355556,2928.24,1970.21,
744.0243545,1565.622857,-2248.181111,5538.003333,2032.355556,2865.3,1888.04,
744.0243545,1565.622857,-2248.181111,5538.003333,2032.355556,2772.96,1796.47,
744.0243545,1565.622857,-2248.181111,5538.003333,2032.355556,2729.54,1768.4,
744.0243545,1565.622857,-2248.181111,5538.003333,2032.355556,2729.54,1731.12,
818.8241087,1565.622857,-2475.112857,5847.315,2145.8675,2740.84,1762.15,
851.0189051,1918.35375,-2521.43375,5847.315,2145.8675,2849.32,1984.85,
851.0189051,1918.35375,-2521.43375,5847.315,2145.8675,2836.24,2057.28,
851.0189051,1918.35375,-2521.43375,5884.798571,2159.625714,3050.51,2258.23,
818.8241087,2050.442222,-2475.112857,5884.798571,2159.625714,3193.52,2488.65,
818.8241087,2050.442222,-2475.112857,5847.315,2145.8675,3267.7,2684.11,
744.0243545,1918.35375,-2248.181111,5538.003333,2032.355556,3318.45,2974.8,
744.0243545,1918.35375,-2248.181111,5538.003333,2032.355556,3273.87,2697.85,
744.0243545,1918.35375,-2248.181111,5847.315,2145.8675,3296.62,2702.79,
744.0243545,2050.442222,-2248.181111,5847.315,2145.8675,3382.86,2757.12,
818.8241087,2050.442222,-2475.112857,5847.315,2145.8675,3337.81,2795.83,
818.8241087,2050.442222,-2475.112857,5884.798571,2159.625714,3284.1,2821.73,
851.0189051,2050.442222,-2521.43375,5884.798571,2159.625714,3225.22,2810.56,
851.0189051,2050.442222,-2521.43375,5884.798571,2159.625714,3125.57,2810.61,
851.0189051,2050.442222,-2521.43375,5884.798571,2159.625714,3100.39,2760.32,
851.0189051,2050.442222,-2521.43375,5884.798571,2159.625714,3067.17,2778.52,
851.0189051,1918.35375,-2521.43375,5847.315,2145.8675,3042.02,2699.04,
818.8241087,1918.35375,-2475.112857,5538.003333,2032.355556,2935.07,2550.13,
818.8241087,1565.622857,-2475.112857,5538.003333,2032.355556,2939.12,2269.39,
747.2589036,1574.62,-2261.476667,5567.807778,2043.294444,2961.89,1983.5,
747.2589036,1574.62,-2261.476667,5567.807778,2043.294444,2898.52,1901.92,
747.2589036,1574.62,-2261.476667,5567.807778,2043.294444,2805.53,1811,
747.2589036,1574.62,-2261.476667,5567.807778,2043.294444,2763.91,1783.13,
747.2589036,1574.62,-2261.476667,5567.807778,2043.294444,2763.91,1747.81,
822.9309834,1574.62,-2490.052857,5873.0775,2155.3225,2773.19,1776.93,
855.8507319,1929.9775,-2536.7725,5873.0775,2155.3225,2882.42,1998.04,
855.8507319,1929.9775,-2536.7725,5873.0775,2155.3225,2869.25,2069.95,
855.8507319,1929.9775,-2536.7725,5909.662857,2168.748571,3085.01,2269.47,
822.9309834,2063.003333,-2490.052857,5909.662857,2168.748571,3229.01,2498.25,
822.9309834,2063.003333,-2490.052857,5873.0775,2155.3225,3303.71,2692.32,
747.2589036,1929.9775,-2261.476667,5567.807778,2043.294444,3354.8,2983.25,
747.2589036,1929.9775,-2261.476667,5567.807778,2043.294444,3309.91,2705.96,
747.2589036,1929.9775,-2261.476667,5873.0775,2155.3225,3332.82,2710.86,
747.2589036,2063.003333,-2261.476667,5873.0775,2155.3225,3424.55,2764.81,
822.9309834,2063.003333,-2490.052857,5873.0775,2155.3225,3374.3,2803.24,
822.9309834,2063.003333,-2490.052857,5909.662857,2168.748571,3320.22,2828.96,
855.8507319,2063.003333,-2536.7725,5909.662857,2168.748571,3260.93,2817.87,
855.8507319,2063.003333,-2536.7725,5909.662857,2168.748571,3160.59,2817.92,
855.8507319,2063.003333,-2536.7725,5909.662857,2168.748571,3135.23,2767.99,
855.8507319,2063.003333,-2536.7725,5909.662857,2168.748571,3101.78,2786.05,
855.8507319,1929.9775,-2536.7725,5873.0775,2155.3225,3076.46,2707.14,
822.9309834,1929.9775,-2490.052857,5567.807778,2043.294444,2968.77,2559.29,
822.9309834,1574.62,-2490.052857,5567.807778,2043.294444,2972.85,2280.55,
752.6897042,1590.215714,-2277.941111,5602.982222,2056.203333,2989.73,1998.7,
752.6897042,1590.215714,-2277.941111,5602.982222,2056.203333,2929.41,1918.54,
752.6897042,1590.215714,-2277.941111,5602.982222,2056.203333,2840.89,1829.21,
752.6897042,1590.215714,-2277.941111,5602.982222,2056.203333,2803.01,1801.82,
752.6897042,1590.215714,-2277.941111,5602.982222,2056.203333,2803.01,1765.17,
826.8925099,1590.215714,-2502.605714,5886.92375,2160.40625,2810.1,1795.73,
859.4768425,1940.0825,-2549.0375,5886.92375,2160.40625,2914.09,2012.98,
859.4768425,1940.0825,-2549.0375,5886.92375,2160.40625,2901.55,2083.63,
859.4768425,1940.0825,-2549.0375,5918.827143,2172.114286,3106.93,2279.67,
826.8925099,2070.68,-2502.605714,5918.827143,2172.114286,3244.01,2504.46,
826.8925099,2070.68,-2502.605714,5886.92375,2160.40625,3315.12,2695.14,
752.6897042,1940.0825,-2277.941111,5602.982222,2056.203333,3363.75,2978.33,
752.6897042,1940.0825,-2277.941111,5602.982222,2056.203333,3321.02,2708.54,
752.6897042,1940.0825,-2277.941111,5886.92375,2160.40625,3342.83,2713.36,
752.6897042,2070.68,-2277.941111,5886.92375,2160.40625,3434.2,2766.36,
826.8925099,2070.68,-2502.605714,5886.92375,2160.40625,3382.32,2804.12,
826.8925099,2070.68,-2502.605714,5918.827143,2172.114286,3330.84,2829.39,
859.4768425,2070.68,-2549.0375,5918.827143,2172.114286,3274.39,2818.49,
859.4768425,2070.68,-2549.0375,5918.827143,2172.114286,3178.88,2818.55,
859.4768425,2070.68,-2549.0375,5918.827143,2172.114286,3154.74,2769.48,
859.4768425,2070.68,-2549.0375,5918.827143,2172.114286,3122.9,2787.23,
859.4768425,1940.0825,-2549.0375,5886.92375,2160.40625,3098.79,2709.7,
826.8925099,1940.0825,-2502.605714,5602.982222,2056.203333,2996.28,2564.43,
826.8925099,1590.215714,-2502.605714,5602.982222,2056.203333,3000.16,2290.56,
759.4090627,1611.562857,-2297.78,5615.312222,2060.726667,3003.94,2025.73,
759.4090627,1611.562857,-2297.78,5615.312222,2060.726667,2945.3,1949.54,
759.4090627,1611.562857,-2297.78,5615.312222,2060.726667,2859.25,1864.62,
759.4090627,1611.562857,-2297.78,5615.312222,2060.726667,2813.46,1838.59,
759.4090627,1611.562857,-2297.78,5615.312222,2060.726667,2806.05,1801.67,
832.4532613,1611.562857,-2515.905714,5886.97625,2160.4225,2829.32,1832.8,
863.4686879,1949.0625,-2559.08875,5886.97625,2160.4225,2930.4,2039.31,
863.4686879,1949.0625,-2559.08875,5886.97625,2160.4225,2918.21,2106.47,
863.4686879,1949.0625,-2559.08875,5921.312857,2173.024286,3117.87,2292.82,
832.4532613,2076.424444,-2515.905714,5921.312857,2173.024286,3251.12,2506.5,
832.4532613,2076.424444,-2515.905714,5886.97625,2160.4225,3320.25,2687.76,
759.4090627,1949.0625,-2297.78,5615.312222,2060.726667,3367.53,2954.12,
759.4090627,1949.0625,-2297.78,5615.312222,2060.726667,3325.99,2700.49,
759.4090627,1949.0625,-2297.78,5886.97625,2160.4225,3347.19,2705.07,
759.4090627,2076.424444,-2297.78,5886.97625,2160.4225,3406.13,2755.46,
832.4532613,2076.424444,-2515.905714,5886.97625,2160.4225,3385.58,2791.35,
832.4532613,2076.424444,-2515.905714,5921.312857,2173.024286,3335.53,2815.37,
863.4686879,2076.424444,-2559.08875,5921.312857,2173.024286,3280.66,2805.01,
863.4686879,2076.424444,-2559.08875,5921.312857,2173.024286,3187.81,2805.06,
863.4686879,2076.424444,-2559.08875,5921.312857,2173.024286,3164.35,2758.43,
863.4686879,2076.424444,-2559.08875,5921.312857,2173.024286,3133.39,2775.3,
863.4686879,1949.0625,-2559.08875,5886.97625,2160.4225,3109.96,2701.6,
832.4532613,1949.0625,-2515.905714,5615.312222,2060.726667,3010.3,2563.51,
832.4532613,1611.562857,-2515.905714,5615.312222,2060.726667,3014.08,2303.17,
762.8433605,1607.537143,-2293.138889,5610.765556,2059.057778,3012.65,2045.44,
762.8433605,1607.537143,-2293.138889,5610.765556,2059.057778,2954.65,1971.82,
762.8433605,1607.537143,-2293.138889,5610.765556,2059.057778,2869.54,1889.79,
762.8433605,1607.537143,-2293.138889,5610.765556,2059.057778,2824.25,1864.64,
762.8433605,1607.537143,-2293.138889,5610.765556,2059.057778,2806.08,1827,
836.8431627,1607.537143,-2511.08,5887.62125,2160.66,2839.94,1859.04,
868.6042965,1946.225,-2555.505,5887.62125,2160.66,2939.92,2058.55,
868.6042965,1946.225,-2555.505,5887.62125,2160.66,2927.86,2123.44,
868.6042965,1946.225,-2555.505,5923.437143,2173.804286,3125.33,2303.48,
836.8431627,2073.096667,-2511.08,5923.437143,2173.804286,3257.13,2509.91,
836.8431627,2073.096667,-2511.08,5887.62125,2160.66,3325.5,2685.03,
762.8433605,1946.225,-2293.138889,5610.765556,2059.057778,3372.26,2939.69,
762.8433605,1946.225,-2293.138889,5610.765556,2059.057778,3331.18,2697.33,
762.8433605,1946.225,-2293.138889,5887.62125,2160.66,3352.15,2701.76,
762.8433605,2073.096667,-2293.138889,5887.62125,2160.66,3397.35,2750.44,
836.8431627,2073.096667,-2511.08,5887.62125,2160.66,3390.11,2785.12,
836.8431627,2073.096667,-2511.08,5923.437143,2173.804286,3340.61,2808.32,
868.6042965,2073.096667,-2555.505,5923.437143,2173.804286,3286.35,2798.31,
868.6042965,2073.096667,-2555.505,5923.437143,2173.804286,3194.51,2798.36,
868.6042965,2073.096667,-2555.505,5923.437143,2173.804286,3171.3,2753.3,
868.6042965,2073.096667,-2555.505,5923.437143,2173.804286,3140.69,2769.61,
868.6042965,1946.225,-2555.505,5887.62125,2160.66,3117.51,2698.4,
836.8431627,1946.225,-2511.08,5610.765556,2059.057778,3018.94,2564.99,
836.8431627,1607.537143,-2511.08,5610.765556,2059.057778,3022.68,2313.48,
765.3112706,1592.284286,-2278.052222,5602.555556,2056.045556,3013.52,2055.95,
765.3112706,1592.284286,-2278.052222,5602.555556,2056.045556,2951.28,1983.05,
765.3112706,1592.284286,-2278.052222,5602.555556,2056.045556,2859.97,1901.8,
765.3112706,1592.284286,-2278.052222,5602.555556,2056.045556,2811.36,1876.89,
765.3112706,1592.284286,-2278.052222,5602.555556,2056.045556,2793.42,1844.34,
840.9912516,1592.284286,-2500.35,5908.68625,2168.39125,2828.2,1871.35,
873.5204553,1938.14,-2546.01375,5908.68625,2168.39125,2935.48,2068.94,
873.5204553,1938.14,-2546.01375,5908.68625,2168.39125,2922.54,2133.21,
873.5204553,1938.14,-2546.01375,5948.688571,2183.071429,3134.43,2311.51,
840.9912516,2067.442222,-2500.35,5948.688571,2183.071429,3275.85,2515.96,
840.9912516,2067.442222,-2500.35,5908.68625,2168.39125,3349.21,2689.39,
765.3112706,1938.14,-2278.052222,5602.555556,2056.045556,3399.39,2948.02,
765.3112706,1938.14,-2278.052222,5602.555556,2056.045556,3355.31,2701.57,
765.3112706,1938.14,-2278.052222,5908.68625,2168.39125,3377.81,2705.95,
765.3112706,2067.442222,-2278.052222,5908.68625,2168.39125,3428.17,2754.16,
840.9912516,2067.442222,-2500.35,5908.68625,2168.39125,3418.54,2788.51,
840.9912516,2067.442222,-2500.35,5948.688571,2183.071429,3365.43,2811.49,
873.5204553,2067.442222,-2546.01375,5948.688571,2183.071429,3307.2,2801.58,
873.5204553,2067.442222,-2546.01375,5948.688571,2183.071429,3208.66,2801.63,
873.5204553,2067.442222,-2546.01375,5948.688571,2183.071429,3183.76,2757,
873.5204553,2067.442222,-2546.01375,5948.688571,2183.071429,3150.91,2773.15,
873.5204553,1938.14,-2546.01375,5908.68625,2168.39125,3126.03,2702.63,
840.9912516,1938.14,-2500.35,5602.555556,2056.045556,3020.27,2570.5,
840.9912516,1592.284286,-2500.35,5602.555556,2056.045556,3024.28,2321.41,
766.0215718,1583.435714,-2278.445556,5612.874444,2059.833333,3024.94,2055.5,
766.0215718,1583.435714,-2278.445556,5612.874444,2059.833333,2963.84,1981.4,
766.0215718,1583.435714,-2278.445556,5612.874444,2059.833333,2874.2,1898.83,
766.0215718,1583.435714,-2278.445556,5612.874444,2059.833333,2829.4,1873.51,
766.0215718,1583.435714,-2278.445556,5612.874444,2059.833333,2829.4,1846.94,
845.0198212,1583.435714,-2512.357143,5925.18625,2174.445,2843.02,1867.88,
879.1099623,1947.5225,-2560.5425,5925.18625,2174.445,2948.33,2068.7,
879.1099623,1947.5225,-2560.5425,5925.18625,2174.445,2935.62,2134.02,
879.1099623,1947.5225,-2560.5425,5963.527143,2188.517143,3143.63,2315.23,
845.0198212,2083.54,-2512.357143,5963.527143,2188.517143,3282.45,2523.03,
845.0198212,2083.54,-2512.357143,5925.18625,2174.445,3354.47,2699.29,
766.0215718,1947.5225,-2278.445556,5612.874444,2059.833333,3403.73,2971.02,
766.0215718,1947.5225,-2278.445556,5612.874444,2059.833333,3360.45,2711.68,
766.0215718,1947.5225,-2278.445556,5925.18625,2174.445,3382.54,2716.13,
766.0215718,2083.54,-2278.445556,5925.18625,2174.445,3460.05,2765.13,
845.0198212,2083.54,-2512.357143,5925.18625,2174.445,3422.53,2800.04,
845.0198212,2083.54,-2512.357143,5963.527143,2188.517143,3370.39,2823.39,
879.1099623,2083.54,-2560.5425,5963.527143,2188.517143,3313.23,2813.32,
879.1099623,2083.54,-2560.5425,5963.527143,2188.517143,3216.49,2813.37,
879.1099623,2083.54,-2560.5425,5963.527143,2188.517143,3192.05,2768.01,
879.1099623,2083.54,-2560.5425,5963.527143,2188.517143,3159.8,2784.42,
879.1099623,1947.5225,-2560.5425,5925.18625,2174.445,3135.38,2712.75,
845.0198212,1947.5225,-2512.357143,5612.874444,2059.833333,3031.57,2578.47,
845.0198212,1583.435714,-2512.357143,5612.874444,2059.833333,3035.5,2325.3,
850.0069444,1585.825714,-2322.4,5619.668889,2008.694444,3036.71,1939.9,
850.0069444,1585.825714,-2322.4,5619.668889,2008.694444,2975.75,1857.79,
850.0069444,1585.825714,-2322.4,5619.668889,2008.694444,2886.31,1766.29,
850.0069444,1585.825714,-2322.4,5619.668889,2008.694444,2838.71,1738.24,
850.0069444,1585.825714,-2322.4,5619.668889,2008.694444,2720.96,1660.31,
931.9933169,1585.825714,-2556.852857,5914.1,2113.9325,2855.2,1732,
969.7205208,1948.13375,-2608.77125,5914.1,2113.9325,2960.27,1954.53,
969.7205208,1948.13375,-2608.77125,5914.1,2113.9325,2947.6,2026.9,
969.7205208,1948.13375,-2608.77125,5967.238571,2132.93,3155.14,2227.71,
931.9933169,2080.9,-2556.852857,5967.238571,2132.93,3293.65,2457.97,
931.9933169,2080.9,-2556.852857,5914.1,2113.9325,3365.5,2653.29,
850.0069444,1948.13375,-2322.4,5619.668889,2008.694444,3390.13,2888.4,
850.0069444,1948.13375,-2322.4,5619.668889,2008.694444,3371.47,2667.01,
850.0069444,1948.13375,-2322.4,5914.1,2113.9325,3390.13,2671.95,
850.0069444,2080.9,-2322.4,5914.1,2113.9325,3390.13,2726.24,
931.9933169,2080.9,-2556.852857,5914.1,2113.9325,3390.13,2764.92,
931.9933169,2080.9,-2556.852857,5967.238571,2132.93,3381.39,2790.8,
969.7205208,2080.9,-2608.77125,5967.238571,2132.93,3324.36,2779.64,
969.7205208,2080.9,-2608.77125,5967.238571,2132.93,3227.84,2779.69,
969.7205208,2080.9,-2608.77125,5967.238571,2132.93,3203.45,2729.44,
969.7205208,2080.9,-2608.77125,5967.238571,2132.93,3171.27,2747.62,
969.7205208,1948.13375,-2608.77125,5914.1,2113.9325,3146.91,2668.2,
931.9933169,1948.13375,-2556.852857,5619.668889,2008.694444,3043.33,2519.4,
931.9933169,1585.825714,-2556.852857,5619.668889,2008.694444,3047.25,2238.86,
823.0867105,1567.522857,-2294.547778,5535.627778,1978.654444,2952.11,1936.19,
823.0867105,1567.522857,-2294.547778,5535.627778,1978.654444,2892.33,1857.32,
823.0867105,1567.522857,-2294.547778,5535.627778,1978.654444,2804.6,1769.42,
823.0867105,1567.522857,-2294.547778,5535.627778,1978.654444,2757.91,1742.47,
823.0867105,1567.522857,-2294.547778,5535.627778,1978.654444,2659.85,1671.75,
904.9835794,1567.522857,-2525.497143,5831.275,2084.32875,2774.09,1736.47,
942.6494011,1923.95375,-2576.22875,5831.275,2084.32875,2877.14,1950.24,
942.6494011,1923.95375,-2576.22875,5831.275,2084.32875,2864.71,2019.77,
942.6494011,1923.95375,-2576.22875,5880.615714,2101.965714,3068.26,2212.67,
904.9835794,2054.854444,-2525.497143,5880.615714,2101.965714,3204.11,2433.86,
904.9835794,2054.854444,-2525.497143,5831.275,2084.32875,3274.59,2621.5,
823.0867105,1923.95375,-2294.547778,5535.627778,1978.654444,3305.01,2853,
823.0867105,1923.95375,-2294.547778,5535.627778,1978.654444,3280.44,2634.68,
823.0867105,1923.95375,-2294.547778,5831.275,2084.32875,3302.06,2639.42,
823.0867105,2054.854444,-2294.547778,5831.275,2084.32875,3305.01,2691.58,
904.9835794,2054.854444,-2525.497143,5831.275,2084.32875,3305.01,2728.73,
904.9835794,2054.854444,-2525.497143,5880.615714,2101.965714,3290.17,2753.6,
942.6494011,2054.854444,-2576.22875,5880.615714,2101.965714,3234.23,2742.88,
942.6494011,2054.854444,-2576.22875,5880.615714,2101.965714,3139.57,2742.93,
942.6494011,2054.854444,-2576.22875,5880.615714,2101.965714,3115.65,2694.65,
942.6494011,2054.854444,-2576.22875,5880.615714,2101.965714,3084.09,2712.12,
942.6494011,1923.95375,-2576.22875,5831.275,2084.32875,3060.2,2635.82,
904.9835794,1923.95375,-2525.497143,5535.627778,1978.654444,2958.6,2492.88,
904.9835794,1567.522857,-2525.497143,5535.627778,1978.654444,2962.45,2223.39,
804.7141198,1546.541429,-2269.993333,5468.758889,1954.753333,2896.86,1934.93,
804.7141198,1546.541429,-2269.993333,5468.758889,1954.753333,2832.35,1857.07,
804.7141198,1546.541429,-2269.993333,5468.758889,1954.753333,2737.71,1770.3,
804.7141198,1546.541429,-2269.993333,5468.758889,1954.753333,2687.34,1743.69,
804.7141198,1546.541429,-2269.993333,5468.758889,1954.753333,2608.51,1682.28,
887.8523415,1546.541429,-2504.122857,5791.7975,2070.21875,2704.79,1737.77,
926.0720411,1907.44,-2555.165,5791.7975,2070.21875,2815.97,1948.81,
926.0720411,1907.44,-2555.165,5791.7975,2070.21875,2802.56,2017.44,
926.0720411,1907.44,-2555.165,5841.57,2088.01,3022.17,2207.87,
887.8523415,2040.26,-2504.122857,5841.57,2088.01,3168.74,2426.22,
887.8523415,2040.26,-2504.122857,5791.7975,2070.21875,3244.77,2611.45,
804.7141198,1907.44,-2269.993333,5468.758889,1954.753333,3288.78,2851.41,
804.7141198,1907.44,-2269.993333,5468.758889,1954.753333,3251.09,2624.46,
804.7141198,1907.44,-2269.993333,5791.7975,2070.21875,3274.41,2629.14,
804.7141198,2040.26,-2269.993333,5791.7975,2070.21875,3288.78,2680.63,
887.8523415,2040.26,-2504.122857,5791.7975,2070.21875,3288.78,2717.31,
887.8523415,2040.26,-2504.122857,5841.57,2088.01,3261.58,2741.86,
926.0720411,2040.26,-2555.165,5841.57,2088.01,3201.23,2731.27,
926.0720411,2040.26,-2555.165,5841.57,2088.01,3099.1,2731.32,
926.0720411,2040.26,-2555.165,5841.57,2088.01,3073.29,2683.66,
926.0720411,2040.26,-2555.165,5841.57,2088.01,3039.25,2700.91,
926.0720411,1907.44,-2555.165,5791.7975,2070.21875,3013.47,2625.59,
887.8523415,1907.44,-2504.122857,5468.758889,1954.753333,2903.86,2484.48,
887.8523415,1546.541429,-2504.122857,5468.758889,1954.753333,2908.01,2218.45,
791.6379397,1524.401429,-2248.986667,5442.151111,1945.24,2879.68,1937.27,
791.6379397,1524.401429,-2248.986667,5442.151111,1945.24,2814.53,1858.09,
791.6379397,1524.401429,-2248.986667,5442.151111,1945.24,2718.93,1769.87,
791.6379397,1524.401429,-2248.986667,5442.151111,1945.24,2668.05,1742.82,
791.6379397,1524.401429,-2248.986667,5442.151111,1945.24,2623.85,1686.73,
877.6970052,1524.401429,-2491.984286,5771.42875,2062.93875,2685.68,1736.8,
916.576662,1897.1325,-2543.3325,5771.42875,2062.93875,2797.98,1951.37,
916.576662,1897.1325,-2543.3325,5771.42875,2062.93875,2784.44,2021.15,
916.576662,1897.1325,-2543.3325,5817.802857,2079.515714,3006.26,2214.77,
877.6970052,2035.462222,-2491.984286,5817.802857,2079.515714,3154.3,2436.79,
877.6970052,2035.462222,-2491.984286,5771.42875,2062.93875,3231.1,2625.12,
791.6379397,1897.1325,-2248.986667,5442.151111,1945.24,3283.63,2877.75,
791.6379397,1897.1325,-2248.986667,5442.151111,1945.24,3237.49,2638.35,
791.6379397,1897.1325,-2248.986667,5771.42875,2062.93875,3261.04,2643.11,
791.6379397,2035.462222,-2248.986667,5771.42875,2062.93875,3293.32,2695.46,
877.6970052,2035.462222,-2491.984286,5771.42875,2062.93875,3293.32,2732.76,
877.6970052,2035.462222,-2491.984286,5817.802857,2079.515714,3248.08,2757.71,
916.576662,2035.462222,-2543.3325,5817.802857,2079.515714,3187.12,2746.95,
916.576662,2035.462222,-2543.3325,5817.802857,2079.515714,3083.96,2747,
916.576662,2035.462222,-2543.3325,5817.802857,2079.515714,3057.9,2698.55,
916.576662,2035.462222,-2543.3325,5817.802857,2079.515714,3023.51,2716.08,
916.576662,1897.1325,-2543.3325,5771.42875,2062.93875,2997.47,2639.5,
877.6970052,1897.1325,-2491.984286,5442.151111,1945.24,2886.75,2496.02,
877.6970052,1524.401429,-2491.984286,5442.151111,1945.24,2890.95,2225.53,
785.2813334,1524.377143,-2252.207778,5444.92,1946.228889,2894.14,1937.18,
785.2813334,1524.377143,-2252.207778,5444.92,1946.228889,2833.11,1854.76,
785.2813334,1524.377143,-2252.207778,5444.92,1946.228889,2743.57,1762.91,
785.2813334,1524.377143,-2252.207778,5444.92,1946.228889,2695.91,1734.75,
785.2813334,1524.377143,-2252.207778,5444.92,1946.228889,2680.87,1679.28,
871.5539288,1524.377143,-2499.097143,5764.915,2060.61,2712.42,1728.49,
909.5961951,1901.7125,-2550.05,5764.915,2060.61,2817.61,1951.86,
909.5961951,1901.7125,-2550.05,5764.915,2060.61,2804.92,2024.51,
909.5961951,1901.7125,-2550.05,5805.928571,2075.268571,3012.7,2226.08,
871.5539288,2042.614444,-2499.097143,5805.928571,2075.268571,3151.37,2457.2,
871.5539288,2042.614444,-2499.097143,5764.915,2060.61,3223.31,2653.26,
785.2813334,1901.7125,-2252.207778,5444.92,1946.228889,3272.51,2920.23,
785.2813334,1901.7125,-2252.207778,5444.92,1946.228889,3229.28,2667.03,
785.2813334,1901.7125,-2252.207778,5764.915,2060.61,3251.34,2671.99,
785.2813334,2042.614444,-2252.207778,5764.915,2060.61,3303.82,2726.49,
871.5539288,2042.614444,-2499.097143,5764.915,2060.61,3291.29,2765.31,
871.5539288,2042.614444,-2499.097143,5805.928571,2075.268571,3239.21,2791.29,
909.5961951,2042.614444,-2550.05,5805.928571,2075.268571,3182.11,2780.09,
909.5961951,2042.614444,-2550.05,5805.928571,2075.268571,3085.48,2780.14,
909.5961951,2042.614444,-2550.05,5805.928571,2075.268571,3061.06,2729.7,
909.5961951,2042.614444,-2550.05,5805.928571,2075.268571,3028.85,2747.95,
909.5961951,1901.7125,-2550.05,5764.915,2060.61,3004.46,2668.23,
871.5539288,1901.7125,-2499.097143,5444.92,1946.228889,2900.76,2518.87,
871.5539288,1524.377143,-2499.097143,5444.92,1946.228889,2904.69,2237.27,
782.0081288,1541.267143,-2268.715556,5460.207778,1951.696667,2910.34,1949.62,
782.0081288,1541.267143,-2268.715556,5460.207778,1951.696667,2852.05,1865.3,
782.0081288,1541.267143,-2268.715556,5460.207778,1951.696667,2766.53,1771.34,
782.0081288,1541.267143,-2268.715556,5460.207778,1951.696667,2724.37,1742.53,
782.0081288,1541.267143,-2268.715556,5460.207778,1951.696667,2724.37,1694.67,
867.7344357,1541.267143,-2510.438571,5776.9075,2064.89625,2736.78,1736.12,
904.6714789,1909.78875,-2559.5125,5776.9075,2064.89625,2837.25,1964.64,
904.6714789,1909.78875,-2559.5125,5776.9075,2064.89625,2825.13,2038.96,
904.6714789,1909.78875,-2559.5125,5816.182857,2078.935714,3023.57,2245.17,
867.7344357,2047.978889,-2510.438571,5816.182857,2078.935714,3156.01,2481.62,
867.7344357,2047.978889,-2510.438571,5776.9075,2064.89625,3224.71,2682.2,
782.0081288,1909.78875,-2268.715556,5460.207778,1951.696667,3271.7,2967.41,
782.0081288,1909.78875,-2268.715556,5460.207778,1951.696667,3230.42,2696.29,
782.0081288,1909.78875,-2268.715556,5776.9075,2064.89625,3251.49,2701.36,
782.0081288,2047.978889,-2268.715556,5776.9075,2064.89625,3326.79,2757.11,
867.7344357,2047.978889,-2510.438571,5776.9075,2064.89625,3289.64,2796.83,
867.7344357,2047.978889,-2510.438571,5816.182857,2078.935714,3239.9,2823.41,
904.6714789,2047.978889,-2559.5125,5816.182857,2078.935714,3185.37,2811.95,
904.6714789,2047.978889,-2559.5125,5816.182857,2078.935714,3093.08,2812.01,
904.6714789,2047.978889,-2559.5125,5816.182857,2078.935714,3069.76,2760.4,
904.6714789,2047.978889,-2559.5125,5816.182857,2078.935714,3039,2779.07,
904.6714789,1909.78875,-2559.5125,5776.9075,2064.89625,3015.7,2697.51,
867.7344357,1909.78875,-2510.438571,5460.207778,1951.696667,2916.66,2544.71,
867.7344357,1541.267143,-2510.438571,5460.207778,1951.696667,2920.41,2256.63,
781.5751188,1556.95,-2279.755556,5478.84,1958.355556,2921.56,1966.147826,
781.5751188,1556.95,-2279.755556,5478.84,1958.355556,2865.6,1880.297826,
781.5751188,1556.95,-2279.755556,5478.84,1958.355556,2783.49,1784.627826,
781.5751188,1556.95,-2279.755556,5478.84,1958.355556,2747.66,1755.287826,
781.5751188,1556.95,-2279.755556,5478.84,1958.355556,2747.66,1715.277826,
865.5381762,1556.95,-2512.314286,5787.38,2068.64,2754.92,1748.767826,
901.251322,1910.85,-2558.95375,5787.38,2068.64,2851.38,1981.447826,
901.251322,1910.85,-2558.95375,5787.38,2068.64,2839.75,2057.127826,
901.251322,1910.85,-2558.95375,5823.847143,2081.671429,3030.27,2267.087826,
865.5381762,2043.972222,-2512.314286,5823.847143,2081.671429,3157.43,2507.847826,
865.5381762,2043.972222,-2512.314286,5787.38,2068.64,3223.4,2712.077826,
781.5751188,1910.85,-2279.755556,5478.84,1958.355556,3268.52,3000,
781.5751188,1910.85,-2279.755556,5478.84,1958.355556,3228.88,2726.427826,
781.5751188,1910.85,-2279.755556,5787.38,2068.64,3249.11,2731.587826,
781.5751188,2043.972222,-2279.755556,5787.38,2068.64,3332.28,2788.357826,
865.5381762,2043.972222,-2512.314286,5787.38,2068.64,3285.74,2828.797826,
865.5381762,2043.972222,-2512.314286,5823.847143,2081.671429,3237.98,2855.857826,
901.251322,2043.972222,-2558.95375,5823.847143,2081.671429,3185.62,2844.187826,
901.251322,2043.972222,-2558.95375,5823.847143,2081.671429,3097.02,2844.247826,
901.251322,2043.972222,-2558.95375,5823.847143,2081.671429,3074.63,2791.697826,
901.251322,2043.972222,-2558.95375,5823.847143,2081.671429,3045.09,2810.707826,
901.251322,1910.85,-2558.95375,5787.38,2068.64,3022.72,2727.667826,
865.5381762,1910.85,-2512.314286,5478.84,1958.355556,2927.63,2572.077826,
865.5381762,1556.95,-2512.314286,5478.84,1958.355556,2931.23,2278.747826,
779.7541842,1563.222857,-2275.181111,5472.918889,1956.241111,2920.63,1978.575217,
779.7541842,1563.222857,-2275.181111,5472.918889,1956.241111,2868.1,1890.665217,
779.7541842,1563.222857,-2275.181111,5472.918889,1956.241111,2791.01,1792.695217,
779.7541842,1563.222857,-2275.181111,5472.918889,1956.241111,2757.88,1762.665217,
779.7541842,1563.222857,-2275.181111,5472.918889,1956.241111,2757.88,1730.595217,
861.4646205,1563.222857,-2495.065714,5775.35,2064.34,2764.2,1755.985217,
896.0880472,1897.71875,-2539.05875,5775.35,2064.34,2854.75,1994.235217,
896.0880472,1897.71875,-2539.05875,5775.35,2064.34,2843.83,2071.715217,
896.0880472,1897.71875,-2539.05875,5809.674286,2076.608571,3022.69,2286.705217,
861.4646205,2023.615556,-2495.065714,5809.674286,2076.608571,3142.06,2533.225217,
861.4646205,2023.615556,-2495.065714,5775.35,2064.34,3203.99,2742.345217,
779.7541842,1897.71875,-2275.181111,5472.918889,1956.241111,3246.35,3000,
779.7541842,1897.71875,-2275.181111,5472.918889,1956.241111,3209.13,2757.035217,
779.7541842,1897.71875,-2275.181111,5775.35,2064.34,3228.13,2762.325217,
779.7541842,2023.615556,-2275.181111,5775.35,2064.34,3307.36,2820.445217,
861.4646205,2023.615556,-2495.065714,5775.35,2064.34,3262.51,2861.865217,
861.4646205,2023.615556,-2495.065714,5809.674286,2076.608571,3217.68,2889.575217,
896.0880472,2023.615556,-2539.05875,5809.674286,2076.608571,3168.53,2877.625217,
896.0880472,2023.615556,-2539.05875,5809.674286,2076.608571,3085.35,2877.675217,
896.0880472,2023.615556,-2539.05875,5809.674286,2076.608571,3064.33,2823.875217,
896.0880472,2023.615556,-2539.05875,5809.674286,2076.608571,3036.6,2843.335217,
896.0880472,1897.71875,-2539.05875,5775.35,2064.34,3015.6,2758.315217,
861.4646205,1897.71875,-2495.065714,5472.918889,1956.241111,2926.33,2598.995217,
861.4646205,1563.222857,-2495.065714,5472.918889,1956.241111,2929.71,2298.655217,
775.7866112,1556.801429,-2263.247778,5464.362222,1953.181111,2914.96,1999.430435,
775.7866112,1556.801429,-2263.247778,5464.362222,1953.181111,2867.42,1912.590435,
775.7866112,1556.801429,-2263.247778,5464.362222,1953.181111,2797.68,1815.810435,
775.7866112,1556.801429,-2263.247778,5464.362222,1953.181111,2765.65,1786.140435,
775.7866112,1556.801429,-2263.247778,5464.362222,1953.181111,2765.65,1753.440435,
857.3502921,1556.801429,-2479.48,5751.39875,2055.78,2773.41,1779.530435,
892.0197713,1886.09375,-2523.0525,5751.39875,2055.78,2855.35,2014.900435,
892.0197713,1886.09375,-2523.0525,5751.39875,2055.78,2845.47,2091.450435,
892.0197713,1886.09375,-2523.0525,5784.867143,2067.741429,3007.31,2303.850435,
857.3502921,2009.805556,-2479.48,5784.867143,2067.741429,3115.32,2547.380435,
857.3502921,2009.805556,-2479.48,5751.39875,2055.78,3171.36,2753.970435,
775.7866112,1886.09375,-2263.247778,5464.362222,1953.181111,3209.68,3000,
775.7866112,1886.09375,-2263.247778,5464.362222,1953.181111,3176.01,2768.490435,
775.7866112,1886.09375,-2263.247778,5751.39875,2055.78,3193.2,2773.710435,
775.7866112,2009.805556,-2263.247778,5751.39875,2055.78,3260.13,2831.130435,
857.3502921,2009.805556,-2479.48,5751.39875,2055.78,3224.31,2872.050435,
857.3502921,2009.805556,-2479.48,5784.867143,2067.741429,3183.74,2899.420435,
892.0197713,2009.805556,-2523.0525,5784.867143,2067.741429,3139.27,2887.620435,
892.0197713,2009.805556,-2523.0525,5784.867143,2067.741429,3064,2887.670435,
892.0197713,2009.805556,-2523.0525,5784.867143,2067.741429,3044.98,2834.520435,
892.0197713,2009.805556,-2523.0525,5784.867143,2067.741429,3019.89,2853.750435,
892.0197713,1886.09375,-2523.0525,5751.39875,2055.78,3000.89,2769.750435,
857.3502921,1886.09375,-2479.48,5464.362222,1953.181111,2920.12,2612.360435,
857.3502921,1556.801429,-2479.48,5464.362222,1953.181111,2923.18,2315.640435,
771.2523707,1541.408571,-2246.466667,5440.211111,1944.546667,2897.21,2020.698261,
771.2523707,1541.408571,-2246.466667,5440.211111,1944.546667,2850.92,1936.358261,
771.2523707,1541.408571,-2246.466667,5440.211111,1944.546667,2782.99,1842.378261,
771.2523707,1541.408571,-2246.466667,5440.211111,1944.546667,2746.83,1813.568261,
771.2523707,1541.408571,-2246.466667,5440.211111,1944.546667,2746.42,1780.098261,
853.1288494,1541.408571,-2465.725714,5728.115,2047.455,2759.36,1807.158261,
888.0485763,1876.09625,-2510.60625,5728.115,2047.455,2839.16,2035.718261,
888.0485763,1876.09625,-2510.60625,5728.115,2047.455,2829.54,2110.058261,
888.0485763,1876.09625,-2510.60625,5763.608571,2060.141429,2987.16,2316.308261,
853.1288494,2001.333333,-2465.725714,5763.608571,2060.141429,3092.36,2552.798261,
853.1288494,2001.333333,-2465.725714,5728.115,2047.455,3146.93,2753.418261,
771.2523707,1876.09625,-2246.466667,5440.211111,1944.546667,3184.26,3000,
771.2523707,1876.09625,-2246.466667,5440.211111,1944.546667,3151.46,2767.508261,
771.2523707,1876.09625,-2246.466667,5728.115,2047.455,3168.2,2772.578261,
771.2523707,2001.333333,-2246.466667,5728.115,2047.455,3221.3,2828.348261,
853.1288494,2001.333333,-2465.725714,5728.115,2047.455,3198.5,2868.078261,
853.1288494,2001.333333,-2465.725714,5763.608571,2060.141429,3158.99,2894.658261,
888.0485763,2001.333333,-2510.60625,5763.608571,2060.141429,3115.68,2883.188261,
888.0485763,2001.333333,-2510.60625,5763.608571,2060.141429,3042.37,2883.248261,
888.0485763,2001.333333,-2510.60625,5763.608571,2060.141429,3023.85,2831.628261,
888.0485763,2001.333333,-2510.60625,5763.608571,2060.141429,2999.41,2850.308261,
888.0485763,1876.09625,-2510.60625,5728.115,2047.455,2980.91,2768.738261,
853.1288494,1876.09625,-2465.725714,5440.211111,1944.546667,2902.24,2615.898261,
853.1288494,1541.408571,-2465.725714,5440.211111,1944.546667,2905.22,2327.758261,
766.6050503,1520.922857,-2227.661111,5428.296667,1940.287778,2874.21,2024.046087,
766.6050503,1520.922857,-2227.661111,5428.296667,1940.287778,2826.27,1939.746087,
766.6050503,1520.922857,-2227.661111,5428.296667,1940.287778,2755.94,1845.806087,
766.6050503,1520.922857,-2227.661111,5428.296667,1940.287778,2718.5,1817.006087,
766.6050503,1520.922857,-2227.661111,5428.296667,1940.287778,2700.12,1781.046087,
848.9894702,1520.922857,-2454.92,5700.23875,2037.4925,2731.47,1810.606087,
884.2121306,1867.8975,-2501.5075,5700.23875,2037.4925,2814.1,2039.066087,
884.2121306,1867.8975,-2501.5075,5700.23875,2037.4925,2804.13,2113.366087,
884.2121306,1867.8975,-2501.5075,5733.841429,2049.504286,2967.34,2319.526087,
848.9894702,1997.687778,-2454.92,5733.841429,2049.504286,3076.26,2555.906087,
848.9894702,1997.687778,-2454.92,5700.23875,2037.4925,3132.77,2756.436087,
766.6050503,1867.8975,-2227.661111,5428.296667,1940.287778,3171.42,3000,
766.6050503,1867.8975,-2227.661111,5428.296667,1940.287778,3137.46,2770.526087,
766.6050503,1867.8975,-2227.661111,5700.23875,2037.4925,3154.79,2775.586087,
766.6050503,1997.687778,-2227.661111,5700.23875,2037.4925,3188.07,2831.326087,
848.9894702,1997.687778,-2454.92,5700.23875,2037.4925,3186.17,2871.046087,
848.9894702,1997.687778,-2454.92,5733.841429,2049.504286,3145.26,2897.616087,
884.2121306,1997.687778,-2501.5075,5733.841429,2049.504286,3100.41,2886.156087,
884.2121306,1997.687778,-2501.5075,5733.841429,2049.504286,3024.51,2886.206087,
884.2121306,1997.687778,-2501.5075,5733.841429,2049.504286,3005.33,2834.616087,
884.2121306,1997.687778,-2501.5075,5733.841429,2049.504286,2980.03,2853.276087,
884.2121306,1867.8975,-2501.5075,5700.23875,2037.4925,2960.87,2771.746087,
848.9894702,1867.8975,-2454.92,5428.296667,1940.287778,2879.41,2618.976087,
848.9894702,1520.922857,-2454.92,5428.296667,1940.287778,2882.5,2330.976087,
762.6219183,1499.605714,-2208.982222,5413.122222,1934.863333,2861.97,2014.153913,
762.6219183,1499.605714,-2208.982222,5413.122222,1934.863333,2814.64,1929.163913,
762.6219183,1499.605714,-2208.982222,5413.122222,1934.863333,2745.19,1834.463913,
762.6219183,1499.605714,-2208.982222,5413.122222,1934.863333,2708.22,1805.423913,
762.6219183,1499.605714,-2208.982222,5413.122222,1934.863333,2683.93,1768.753913,
844.9611787,1499.605714,-2445.525714,5676.18375,2028.89375,2721.03,1798.963913,
880.1008445,1860.675,-2493.9425,5676.18375,2028.89375,2802.62,2029.293913,
880.1008445,1860.675,-2493.9425,5676.18375,2028.89375,2792.78,2104.203913,
880.1008445,1860.675,-2493.9425,5708.891429,2040.585714,2953.92,2312.053913,
844.9611787,1995.79,-2445.525714,5708.891429,2040.585714,3061.48,2550.383913,
844.9611787,1995.79,-2445.525714,5676.18375,2028.89375,3117.27,2752.543913,
762.6219183,1860.675,-2208.982222,5413.122222,1934.863333,3155.43,3000,
762.6219183,1860.675,-2208.982222,5413.122222,1934.863333,3121.9,2766.753913,
762.6219183,1860.675,-2208.982222,5676.18375,2028.89375,3139.02,2771.863913,
762.6219183,1995.79,-2208.982222,5676.18375,2028.89375,3167.21,2828.053913,
844.9611787,1995.79,-2445.525714,5676.18375,2028.89375,3167.21,2868.093913,
844.9611787,1995.79,-2445.525714,5708.891429,2040.585714,3129.6,2894.883913,
880.1008445,1995.79,-2493.9425,5708.891429,2040.585714,3085.32,2883.333913,
880.1008445,1995.79,-2493.9425,5708.891429,2040.585714,3010.38,2883.383913,
880.1008445,1995.79,-2493.9425,5708.891429,2040.585714,2991.44,2831.363913,
880.1008445,1995.79,-2493.9425,5708.891429,2040.585714,2966.45,2850.183913,
880.1008445,1860.675,-2493.9425,5676.18375,2028.89375,2947.54,2767.983913,
844.9611787,1860.675,-2445.525714,5413.122222,1934.863333,2867.1,2613.963913,
844.9611787,1499.605714,-2445.525714,5413.122222,1934.863333,2870.15,2323.593913,
759.200538,1498.537143,-2205.183333,5379.172222,1922.73,2855.65,2014.062609,
759.200538,1498.537143,-2205.183333,5379.172222,1922.73,2806.94,1931.142609,
759.200538,1498.537143,-2205.183333,5379.172222,1922.73,2735.46,1838.732609,
759.200538,1498.537143,-2205.183333,5379.172222,1922.73,2697.41,1810.392609,
759.200538,1498.537143,-2205.183333,5379.172222,1922.73,2669.84,1772.072609,
840.9011633,1498.537143,-2439.481429,5664.74375,2024.805,2710.59,1804.092609,
875.5490779,1855.92875,-2487.2175,5664.74375,2024.805,2794.56,2028.842609,
875.5490779,1855.92875,-2487.2175,5664.74375,2024.805,2784.44,2101.932609,
875.5490779,1855.92875,-2487.2175,5701.785714,2038.044286,2950.3,2304.732609,
840.9011633,1989.826667,-2439.481429,5701.785714,2038.044286,3060.99,2537.282609,
840.9011633,1989.826667,-2439.481429,5664.74375,2024.805,3118.42,2734.542609,
759.200538,1855.92875,-2205.183333,5379.172222,1922.73,3157.7,3000,
759.200538,1855.92875,-2205.183333,5379.172222,1922.73,3123.19,2748.402609,
759.200538,1855.92875,-2205.183333,5664.74375,2024.805,3140.8,2753.382609,
759.200538,1989.826667,-2205.183333,5664.74375,2024.805,3168.26,2808.222609,
840.9011633,1989.826667,-2439.481429,5664.74375,2024.805,3168.26,2847.282609,
840.9011633,1989.826667,-2439.481429,5701.785714,2038.044286,3131.11,2873.422609,
875.5490779,1989.826667,-2487.2175,5701.785714,2038.044286,3085.53,2862.152609,
875.5490779,1989.826667,-2487.2175,5701.785714,2038.044286,3008.4,2862.202609,
875.5490779,1989.826667,-2487.2175,5701.785714,2038.044286,2988.91,2811.452609,
875.5490779,1989.826667,-2487.2175,5701.785714,2038.044286,2963.19,2829.812609,
875.5490779,1855.92875,-2487.2175,5664.74375,2024.805,2943.72,2749.602609,
840.9011633,1855.92875,-2439.481429,5379.172222,1922.73,2860.94,2599.322609,
840.9011633,1498.537143,-2439.481429,5379.172222,1922.73,2864.08,2316.002609,
755.8492366,1502.637143,-2207.082222,5359.626667,1915.744444,2861.24,2009,
755.8492366,1502.637143,-2207.082222,5359.626667,1915.744444,2808.73,1927.62,
755.8492366,1502.637143,-2207.082222,5359.626667,1915.744444,2731.68,1836.93,
755.8492366,1502.637143,-2207.082222,5359.626667,1915.744444,2690.67,1809.13,
755.8492366,1502.637143,-2207.082222,5359.626667,1915.744444,2664.33,1768.39,
836.3117937,1502.637143,-2437.968571,5655.37875,2021.45625,2704.88,1802.94,
870.2125865,1854.73125,-2484.9275,5655.37875,2021.45625,2795.39,2023.49,
870.2125865,1854.73125,-2484.9275,5655.37875,2021.45625,2784.48,2095.22,
870.2125865,1854.73125,-2484.9275,5693.122857,2034.947143,2963.27,2294.24,
836.3117937,1986.701111,-2437.968571,5693.122857,2034.947143,3082.59,2522.45,
836.3117937,1986.701111,-2437.968571,5655.37875,2021.45625,3144.49,2716.03,
755.8492366,1854.73125,-2207.082222,5359.626667,1915.744444,3186.83,2998.72,
755.8492366,1854.73125,-2207.082222,5359.626667,1915.744444,3149.64,2729.63,
755.8492366,1854.73125,-2207.082222,5655.37875,2021.45625,3168.62,2734.52,
755.8492366,1986.701111,-2207.082222,5655.37875,2021.45625,3200.27,2788.33,
836.3117937,1986.701111,-2437.968571,5655.37875,2021.45625,3200.27,2826.67,
836.3117937,1986.701111,-2437.968571,5693.122857,2034.947143,3158.18,2852.32,
870.2125865,1986.701111,-2484.9275,5693.122857,2034.947143,3109.05,2841.25,
870.2125865,1986.701111,-2484.9275,5693.122857,2034.947143,3025.9,2841.31,
870.2125865,1986.701111,-2484.9275,5693.122857,2034.947143,3004.89,2791.5,
870.2125865,1986.701111,-2484.9275,5693.122857,2034.947143,2977.17,2809.52,
870.2125865,1854.73125,-2484.9275,5655.37875,2021.45625,2956.18,2730.81,
836.3117937,1854.73125,-2437.968571,5359.626667,1915.744444,2866.94,2583.33,
836.3117937,1502.637143,-2437.968571,5359.626667,1915.744444,2870.32,2305.3,
751.7588646,1513.01,-2211.246667,5365.327778,1917.781111,2885.5,1997.61,
751.7588646,1513.01,-2211.246667,5365.327778,1917.781111,2834.06,1916.47,
751.7588646,1513.01,-2211.246667,5365.327778,1917.781111,2758.59,1826.04,
751.7588646,1513.01,-2211.246667,5365.327778,1917.781111,2718.42,1798.32,
751.7588646,1513.01,-2211.246667,5365.327778,1917.781111,2705.46,1753.26,
830.7715816,1513.01,-2433.194286,5662.66625,2024.0625,2732.33,1792.15,
864.1190575,1850.57375,-2477.53625,5662.66625,2024.0625,2821,2012.06,
864.1190575,1850.57375,-2477.53625,5662.66625,2024.0625,2810.3,2083.58,
864.1190575,1850.57375,-2477.53625,5699.255714,2037.14,2985.42,2282.02,
830.7715816,1977.67,-2433.194286,5699.255714,2037.14,3102.3,2509.55,
830.7715816,1977.67,-2433.194286,5662.66625,2024.0625,3162.93,2702.57,
751.7588646,1850.57375,-2211.246667,5365.327778,1917.781111,3204.41,2978.39,
751.7588646,1850.57375,-2211.246667,5365.327778,1917.781111,3167.97,2716.13,
751.7588646,1850.57375,-2211.246667,5662.66625,2024.0625,3186.57,2721.01,
751.7588646,1977.67,-2211.246667,5662.66625,2024.0625,3230.45,2774.66,
830.7715816,1977.67,-2433.194286,5662.66625,2024.0625,3220.23,2812.88,
830.7715816,1977.67,-2433.194286,5699.255714,2037.14,3176.34,2838.46,
864.1190575,1977.67,-2477.53625,5699.255714,2037.14,3128.21,2827.43,
864.1190575,1977.67,-2477.53625,5699.255714,2037.14,3046.77,2827.48,
864.1190575,1977.67,-2477.53625,5699.255714,2037.14,3026.19,2777.82,
864.1190575,1977.67,-2477.53625,5699.255714,2037.14,2999.04,2795.79,
864.1190575,1850.57375,-2477.53625,5662.66625,2024.0625,2978.48,2717.31,
830.7715816,1850.57375,-2433.194286,5365.327778,1917.781111,2891.08,2570.26,
830.7715816,1513.01,-2433.194286,5365.327778,1917.781111,2894.39,2293.04,
748.0260481,1515.562857,-2204.838889,5367.052222,1918.4,2917.72,1997.71,
748.0260481,1515.562857,-2204.838889,5367.052222,1918.4,2869.48,1918.77,
748.0260481,1515.562857,-2204.838889,5367.052222,1918.4,2798.71,1830.79,
748.0260481,1515.562857,-2204.838889,5367.052222,1918.4,2764.95,1803.82,
748.0260481,1515.562857,-2204.838889,5367.052222,1918.4,2764.95,1760.6,
824.211447,1515.562857,-2416.887143,5667.19,2025.68,2774.09,1797.82,
856.7078691,1838.46375,-2459.60375,5667.19,2025.68,2857.23,2011.78,
856.7078691,1838.46375,-2459.60375,5667.19,2025.68,2847.2,2081.36,
856.7078691,1838.46375,-2459.60375,5704.17,2038.9,3011.43,2274.43,
824.211447,1959.787778,-2416.887143,5704.17,2038.9,3121.03,2495.81,
824.211447,1959.787778,-2416.887143,5667.19,2025.68,3177.89,2683.6,
748.0260481,1838.46375,-2204.838889,5367.052222,1918.4,3216.78,2952.8,
748.0260481,1838.46375,-2204.838889,5367.052222,1918.4,3182.62,2696.79,
748.0260481,1838.46375,-2204.838889,5667.19,2025.68,3200.06,2701.54,
748.0260481,1959.787778,-2204.838889,5667.19,2025.68,3265.04,2753.74,
824.211447,1959.787778,-2416.887143,5667.19,2025.68,3231.63,2790.93,
824.211447,1959.787778,-2416.887143,5704.17,2038.9,3190.46,2815.81,
856.7078691,1959.787778,-2459.60375,5704.17,2038.9,3145.33,2805.08,
856.7078691,1959.787778,-2459.60375,5704.17,2038.9,3068.96,2805.13,
856.7078691,1959.787778,-2459.60375,5704.17,2038.9,3049.66,2756.81,
856.7078691,1959.787778,-2459.60375,5704.17,2038.9,3024.2,2774.29,
856.7078691,1838.46375,-2459.60375,5667.19,2025.68,3004.92,2697.94,
824.211447,1838.46375,-2416.887143,5367.052222,1918.4,2922.95,2554.87,
824.211447,1515.562857,-2416.887143,5367.052222,1918.4,2926.06,2285.15,
743.0798048,1493.662857,-2185.413333,5369.302222,1919.203333,2944.93,1996.74,
743.0798048,1493.662857,-2185.413333,5369.302222,1919.203333,2898.62,1919.47,
743.0798048,1493.662857,-2185.413333,5369.302222,1919.203333,2830.67,1833.35,
743.0798048,1493.662857,-2185.413333,5369.302222,1919.203333,2799.85,1806.95,
743.0798048,1493.662857,-2185.413333,5369.302222,1919.203333,2799.85,1763.76,
818.3909238,1493.662857,-2406.414286,5674.52,2028.30125,2807.03,1801.07,
850.8745296,1830.85375,-2451.51375,5674.52,2028.30125,2886.86,2010.51,
850.8745296,1830.85375,-2451.51375,5674.52,2028.30125,2877.23,2078.63,
850.8745296,1830.85375,-2451.51375,5712.738571,2041.96,3034.9,2267.62,
818.3909238,1957.127778,-2406.414286,5712.738571,2041.96,3140.14,2484.33,
818.3909238,1957.127778,-2406.414286,5674.52,2028.30125,3194.73,2668.16,
743.0798048,1830.85375,-2185.413333,5369.302222,1919.203333,3232.07,2930.49,
743.0798048,1830.85375,-2185.413333,5369.302222,1919.203333,3199.26,2681.07,
743.0798048,1830.85375,-2185.413333,5674.52,2028.30125,3216.01,2685.72,
743.0798048,1957.127778,-2185.413333,5674.52,2028.30125,3282.11,2736.82,
818.3909238,1957.127778,-2406.414286,5674.52,2028.30125,3246.32,2773.22,
818.3909238,1957.127778,-2406.414286,5712.738571,2041.96,3206.8,2797.58,
850.8745296,1957.127778,-2451.51375,5712.738571,2041.96,3163.47,2787.08,
850.8745296,1957.127778,-2451.51375,5712.738571,2041.96,3090.14,2787.13,
850.8745296,1957.127778,-2451.51375,5712.738571,2041.96,3071.61,2739.83,
850.8745296,1957.127778,-2451.51375,5712.738571,2041.96,3047.16,2756.94,
850.8745296,1830.85375,-2451.51375,5674.52,2028.30125,3028.65,2682.19,
818.3909238,1830.85375,-2406.414286,5369.302222,1919.203333,2949.96,2542.15,
818.3909238,1493.662857,-2406.414286,5369.302222,1919.203333,2952.94,2278.12,
736.2037028,1470.13,-2165.57,5387.384444,1925.665556,2957.98,1981.2,
736.2037028,1470.13,-2165.57,5387.384444,1925.665556,2908.69,1902.36,
736.2037028,1470.13,-2165.57,5387.384444,1925.665556,2836.37,1814.51,
736.2037028,1470.13,-2165.57,5387.384444,1925.665556,2801.17,1787.57,
736.2037028,1470.13,-2165.57,5387.384444,1925.665556,2801.17,1739.17,
814.7272808,1470.13,-2397.818571,5682.0025,2030.975,2811.22,1781.58,
848.6275602,1823.96,-2444.75375,5682.0025,2030.975,2896.17,1995.25,
848.6275602,1823.96,-2444.75375,5682.0025,2030.975,2885.93,2064.74,
848.6275602,1823.96,-2444.75375,5717.681429,2043.725714,3053.73,2257.54,
814.7272808,1956.798889,-2397.818571,5717.681429,2043.725714,3165.72,2478.63,
814.7272808,1956.798889,-2397.818571,5682.0025,2030.975,3223.82,2666.17,
736.2037028,1823.96,-2165.57,5387.384444,1925.665556,3263.56,2927.87,
736.2037028,1823.96,-2165.57,5387.384444,1925.665556,3228.64,2679.34,
736.2037028,1823.96,-2165.57,5682.0025,2030.975,3246.46,2684.08,
736.2037028,1956.798889,-2165.57,5682.0025,2030.975,3311.19,2736.21,
814.7272808,1956.798889,-2397.818571,5682.0025,2030.975,3278.72,2773.35,
814.7272808,1956.798889,-2397.818571,5717.681429,2043.725714,3236.66,2798.2,
848.6275602,1956.798889,-2444.75375,5717.681429,2043.725714,3190.55,2787.49,
848.6275602,1956.798889,-2444.75375,5717.681429,2043.725714,3112.51,2787.54,
848.6275602,1956.798889,-2444.75375,5717.681429,2043.725714,3092.79,2739.28,
848.6275602,1956.798889,-2444.75375,5717.681429,2043.725714,3066.77,2756.74,
848.6275602,1823.96,-2444.75375,5682.0025,2030.975,3047.08,2680.49,
814.7272808,1823.96,-2397.818571,5387.384444,1925.665556,2963.32,2537.61,
814.7272808,1470.13,-2397.818571,5387.384444,1925.665556,2966.5,2268.25,
731.8099749,1453.33,-2148.87,5395.152222,1928.443333,2966.13,1962.04,
731.8099749,1453.33,-2148.87,5395.152222,1928.443333,2913.69,1880.29,
731.8099749,1453.33,-2148.87,5395.152222,1928.443333,2836.74,1789.2,
731.8099749,1453.33,-2148.87,5395.152222,1928.443333,2800.92,1761.27,
731.8099749,1453.33,-2148.87,5395.152222,1928.443333,2800.92,1712.44,
811.9067886,1453.33,-2387.382857,5673.42125,2027.90625,2809.98,1755.06,
846.0273375,1814.85125,-2433.93625,5673.42125,2027.90625,2900.37,1976.6,
846.0273375,1814.85125,-2433.93625,5673.42125,2027.90625,2889.47,2048.65,
846.0273375,1814.85125,-2433.93625,5705.722857,2039.452857,3068.01,2248.56,
811.9067886,1951.755556,-2387.382857,5705.722857,2039.452857,3187.17,2477.79,
811.9067886,1951.755556,-2387.382857,5673.42125,2027.90625,3248.98,2672.24,
731.8099749,1814.85125,-2148.87,5395.152222,1928.443333,3291.26,2945.44,
731.8099749,1814.85125,-2148.87,5395.152222,1928.443333,3254.12,2685.9,
731.8099749,1814.85125,-2148.87,5673.42125,2027.90625,3273.08,2690.82,
731.8099749,1951.755556,-2148.87,5673.42125,2027.90625,3345.76,2744.87,
811.9067886,1951.755556,-2387.382857,5673.42125,2027.90625,3307.4,2783.38,
811.9067886,1951.755556,-2387.382857,5705.722857,2039.452857,3262.65,2809.14,
846.0273375,1951.755556,-2433.93625,5705.722857,2039.452857,3213.58,2798.03,
846.0273375,1951.755556,-2433.93625,5705.722857,2039.452857,3130.55,2798.09,
846.0273375,1951.755556,-2433.93625,5705.722857,2039.452857,3109.57,2748.05,
846.0273375,1951.755556,-2433.93625,5705.722857,2039.452857,3081.89,2766.15,
846.0273375,1814.85125,-2433.93625,5673.42125,2027.90625,3060.93,2687.09,
811.9067886,1814.85125,-2387.382857,5395.152222,1928.443333,2971.82,2538.95,
811.9067886,1453.33,-2387.382857,5395.152222,1928.443333,2975.19,2259.67,
731.0569345,1457.625714,-2140.792222,5368.002222,1918.74,2978.08,1954.38,
731.0569345,1457.625714,-2140.792222,5368.002222,1918.74,2927.56,1870.43,
731.0569345,1457.625714,-2140.792222,5368.002222,1918.74,2853.43,1776.88,
731.0569345,1457.625714,-2140.792222,5368.002222,1918.74,2822.61,1748.2,
731.0569345,1457.625714,-2140.792222,5368.002222,1918.74,2822.61,1702.92,
809.4258697,1457.625714,-2366.28,5666.42875,2025.40875,2827.64,1741.82,
842.6073951,1798.1125,-2409.145,5666.42875,2025.40875,2914.73,1969.33,
842.6073951,1798.1125,-2409.145,5666.42875,2025.40875,2904.22,2043.33,
842.6073951,1798.1125,-2409.145,5701.604286,2037.981429,3076.23,2248.63,
809.4258697,1927.877778,-2366.28,5701.604286,2037.981429,3191.03,2484.04,
809.4258697,1927.877778,-2366.28,5666.42875,2025.40875,3250.59,2683.73,
731.0569345,1798.1125,-2140.792222,5368.002222,1918.74,3291.32,2970.92,
731.0569345,1798.1125,-2140.792222,5368.002222,1918.74,3255.54,2697.76,
731.0569345,1798.1125,-2140.792222,5666.42875,2025.40875,3273.8,2702.81,
731.0569345,1927.877778,-2140.792222,5666.42875,2025.40875,3352.46,2758.32,
809.4258697,1927.877778,-2366.28,5666.42875,2025.40875,3306.87,2797.87,
809.4258697,1927.877778,-2366.28,5701.604286,2037.981429,3263.75,2824.33,
842.6073951,1927.877778,-2409.145,5701.604286,2037.981429,3216.48,2812.92,
842.6073951,1927.877778,-2409.145,5701.604286,2037.981429,3136.49,2812.97,
842.6073951,1927.877778,-2409.145,5701.604286,2037.981429,3116.27,2761.59,
842.6073951,1927.877778,-2409.145,5701.604286,2037.981429,3089.61,2780.18,
842.6073951,1798.1125,-2409.145,5666.42875,2025.40875,3069.41,2698.98,
809.4258697,1798.1125,-2366.28,5368.002222,1918.74,2983.56,2546.85,
809.4258697,1457.625714,-2366.28,5368.002222,1918.74,2986.81,2260.03,
728.2816729,1441.712857,-2118.354444,5344.852222,1910.462222,2984.08,1954.02,
728.2816729,1441.712857,-2118.354444,5344.852222,1910.462222,2940.01,1869.03,
728.2816729,1441.712857,-2118.354444,5344.852222,1910.462222,2875.35,1774.32,
728.2816729,1441.712857,-2118.354444,5344.852222,1910.462222,2852.74,1745.28,
728.2816729,1441.712857,-2118.354444,5344.852222,1910.462222,2852.74,1698.06,
805.493296,1441.712857,-2341.975714,5651.025,2019.9,2852.86,1738.82,
838.1949596,1780.0525,-2385.085,5651.025,2019.9,2928.82,1969.16,
838.1949596,1780.0525,-2385.085,5651.025,2019.9,2919.66,2044.07,
838.1949596,1780.0525,-2385.085,5687.381429,2032.897143,3069.69,2251.92,
805.493296,1908.568889,-2341.975714,5687.381429,2032.897143,3169.82,2490.25,
805.493296,1908.568889,-2341.975714,5651.025,2019.9,3221.77,2692.42,
728.2816729,1780.0525,-2118.354444,5344.852222,1910.462222,3257.3,2981.3,
728.2816729,1780.0525,-2118.354444,5344.852222,1910.462222,3226.08,2706.63,
728.2816729,1780.0525,-2118.354444,5651.025,2019.9,3242.01,2711.74,
728.2816729,1908.568889,-2118.354444,5651.025,2019.9,3320.58,2767.93,
805.493296,1908.568889,-2341.975714,5651.025,2019.9,3270.86,2807.97,
805.493296,1908.568889,-2341.975714,5687.381429,2032.897143,3233.25,2834.76,
838.1949596,1908.568889,-2385.085,5687.381429,2032.897143,3192.02,2823.21,
838.1949596,1908.568889,-2385.085,5687.381429,2032.897143,3122.25,2823.26,
838.1949596,1908.568889,-2385.085,5687.381429,2032.897143,3104.61,2771.24,
838.1949596,1908.568889,-2385.085,5687.381429,2032.897143,3081.35,2790.07,
838.1949596,1780.0525,-2385.085,5651.025,2019.9,3063.74,2707.86,
805.493296,1780.0525,-2341.975714,5344.852222,1910.462222,2988.86,2553.84,
805.493296,1441.712857,-2341.975714,5344.852222,1910.462222,2991.7,2263.47,
724.2868601,1423.828571,-2092.104444,5327.53,1904.27,2977.84,1961.24,
724.2868601,1423.828571,-2092.104444,5327.53,1904.27,2938.84,1876.53,
724.2868601,1423.828571,-2092.104444,5327.53,1904.27,2881.62,1782.13,
724.2868601,1423.828571,-2092.104444,5327.53,1904.27,2861.31,1753.18,
724.2868601,1423.828571,-2092.104444,5327.53,1904.27,2861.31,1708.94,
801.5779964,1423.828571,-2312.637143,5627.1275,2011.36,2861.72,1746.74,
834.3611576,1758.1675,-2355.7475,5627.1275,2011.36,2928.94,1976.34,
834.3611576,1758.1675,-2355.7475,5627.1275,2011.36,2920.83,2051.01,
834.3611576,1758.1675,-2355.7475,5661.792857,2023.751429,3053.61,2258.18,
801.5779964,1884.734444,-2312.637143,5661.792857,2023.751429,3142.22,2495.74,
801.5779964,1884.734444,-2312.637143,5627.1275,2011.36,3188.19,2697.26,
724.2868601,1758.1675,-2092.104444,5327.53,1904.27,3219.63,2989.05,
724.2868601,1758.1675,-2092.104444,5327.53,1904.27,3192.01,2711.42,
724.2868601,1758.1675,-2092.104444,5627.1275,2011.36,3206.11,2716.51,
724.2868601,1884.734444,-2092.104444,5627.1275,2011.36,3274.93,2772.53,
801.5779964,1884.734444,-2312.637143,5627.1275,2011.36,3231.63,2812.44,
801.5779964,1884.734444,-2312.637143,5661.792857,2023.751429,3198.35,2839.14,
834.3611576,1884.734444,-2355.7475,5661.792857,2023.751429,3161.87,2827.62,
834.3611576,1884.734444,-2355.7475,5661.792857,2023.751429,3100.12,2827.68,
834.3611576,1884.734444,-2355.7475,5661.792857,2023.751429,3084.51,2775.83,
834.3611576,1884.734444,-2355.7475,5661.792857,2023.751429,3063.93,2794.59,
834.3611576,1758.1675,-2355.7475,5627.1275,2011.36,3048.34,2712.65,
801.5779964,1758.1675,-2312.637143,5327.53,1904.27,2982.07,2559.13,
801.5779964,1423.828571,-2312.637143,5327.53,1904.27,2984.58,2269.69,
720.6902096,1410.567143,-2066.456667,5309.273333,1897.747778,2958.13,1974.09,
720.6902096,1410.567143,-2066.456667,5309.273333,1897.747778,2921.05,1890.69,
720.6902096,1410.567143,-2066.456667,5309.273333,1897.747778,2866.65,1797.74,
720.6902096,1410.567143,-2066.456667,5309.273333,1897.747778,2841.76,1769.24,
720.6902096,1410.567143,-2066.456667,5309.273333,1897.747778,2841.76,1724.11,
797.4028139,1410.567143,-2278.397143,5594.01125,1999.5225,2847.72,1762.9,
829.8255074,1732.66875,-2320.5275,5594.01125,1999.5225,2911.63,1988.95,
829.8255074,1732.66875,-2320.5275,5594.01125,1999.5225,2903.93,2062.47,
829.8255074,1732.66875,-2320.5275,5627.131429,2011.36,3030.17,2266.46,
797.4028139,1854.098889,-2278.397143,5627.131429,2011.36,3114.43,2500.35,
797.4028139,1854.098889,-2278.397143,5594.01125,1999.5225,3158.13,2698.76,
720.6902096,1732.66875,-2066.456667,5309.273333,1897.747778,3188.03,2983.91,
720.6902096,1732.66875,-2066.456667,5309.273333,1897.747778,3161.77,2712.7,
720.6902096,1732.66875,-2066.456667,5594.01125,1999.5225,3175.17,2717.72,
720.6902096,1854.098889,-2066.456667,5594.01125,1999.5225,3227.59,2772.87,
797.4028139,1854.098889,-2278.397143,5594.01125,1999.5225,3199.44,2812.16,
797.4028139,1854.098889,-2278.397143,5627.131429,2011.36,3167.8,2838.45,
829.8255074,1854.098889,-2320.5275,5627.131429,2011.36,3133.1,2827.11,
829.8255074,1854.098889,-2320.5275,5627.131429,2011.36,3074.39,2827.17,
829.8255074,1854.098889,-2320.5275,5627.131429,2011.36,3059.56,2776.12,
829.8255074,1854.098889,-2320.5275,5627.131429,2011.36,3039.98,2794.59,
829.8255074,1732.66875,-2320.5275,5594.01125,1999.5225,3025.17,2713.91,
797.4028139,1732.66875,-2278.397143,5309.273333,1897.747778,2962.16,2562.76,
797.4028139,1410.567143,-2278.397143,5309.273333,1897.747778,2964.54,2277.78,
716.556426,1385.212857,-2033.71,5281.183333,1887.704444,2931.96,1990.44,
716.556426,1385.212857,-2033.71,5281.183333,1887.704444,2894.68,1908.87,
716.556426,1385.212857,-2033.71,5281.183333,1887.704444,2839.99,1817.96,
716.556426,1385.212857,-2033.71,5281.183333,1887.704444,2810.88,1790.09,
716.556426,1385.212857,-2033.71,5281.183333,1887.704444,2805.48,1743.93,
792.8226958,1385.212857,-2245.437143,5558.36125,1986.77875,2820.96,1783.89,
825.1090424,1708.53375,-2288.89375,5558.36125,1986.77875,2885.21,2004.98,
825.1090424,1708.53375,-2288.89375,5558.36125,1986.77875,2877.47,2076.88,
825.1090424,1708.53375,-2288.89375,5591.964286,1998.788571,3004.37,2276.38,
792.8226958,1829.438889,-2245.437143,5591.964286,1998.788571,3089.07,2505.14,
792.8226958,1829.438889,-2245.437143,5558.36125,1986.77875,3133.01,2699.19,
716.556426,1708.53375,-2033.71,5281.183333,1887.704444,3163.06,2975.31,
716.556426,1708.53375,-2033.71,5281.183333,1887.704444,3136.66,2712.82,
716.556426,1708.53375,-2033.71,5558.36125,1986.77875,3150.13,2717.73,
716.556426,1829.438889,-2033.71,5558.36125,1986.77875,3186.76,2771.67,
792.8226958,1829.438889,-2245.437143,5558.36125,1986.77875,3174.53,2810.1,
792.8226958,1829.438889,-2245.437143,5591.964286,1998.788571,3142.72,2835.81,
825.1090424,1829.438889,-2288.89375,5591.964286,1998.788571,3107.85,2824.72,
825.1090424,1829.438889,-2288.89375,5591.964286,1998.788571,3048.83,2824.77,
825.1090424,1829.438889,-2288.89375,5591.964286,1998.788571,3033.91,2774.84,
825.1090424,1829.438889,-2288.89375,5591.964286,1998.788571,3014.24,2792.91,
825.1090424,1708.53375,-2288.89375,5558.36125,1986.77875,2999.34,2714.01,
792.8226958,1708.53375,-2245.437143,5281.183333,1887.704444,2936,2566.17,
792.8226958,1385.212857,-2245.437143,5281.183333,1887.704444,2938.4,2287.46,
710.9162509,1347.5,-1995.472222,5247.665556,1875.724444,2902.57,2001.12,
710.9162509,1347.5,-1995.472222,5247.665556,1875.724444,2861.97,1920.08,
710.9162509,1347.5,-1995.472222,5247.665556,1875.724444,2802.4,1829.76,
710.9162509,1347.5,-1995.472222,5247.665556,1875.724444,2770.69,1802.07,
710.9162509,1347.5,-1995.472222,5247.665556,1875.724444,2757.14,1760.58,
788.3130067,1347.5,-2217.012857,5524.81,1974.7875,2781.67,1795.91,
821.294485,1688.58875,-2264.95,5524.81,1974.7875,2851.66,2015.56,
821.294485,1688.58875,-2264.95,5524.81,1974.7875,2843.22,2086.99,
821.294485,1688.58875,-2264.95,5559.6,1987.22,2981.44,2285.2,
788.3130067,1814.373333,-2217.012857,5559.6,1987.22,3073.7,2512.47,
788.3130067,1814.373333,-2217.012857,5524.81,1974.7875,3121.56,2705.26,
710.9162509,1688.58875,-1995.472222,5247.665556,1875.724444,3154.29,2985.54,
710.9162509,1688.58875,-1995.472222,5247.665556,1875.724444,3125.53,2718.8,
710.9162509,1688.58875,-1995.472222,5524.81,1974.7875,3140.21,2723.67,
710.9162509,1814.373333,-1995.472222,5524.81,1974.7875,3170.83,2777.26,
788.3130067,1814.373333,-2217.012857,5524.81,1974.7875,3166.78,2815.44,
788.3130067,1814.373333,-2217.012857,5559.6,1987.22,3132.14,2840.99,
821.294485,1814.373333,-2264.95,5559.6,1987.22,3094.15,2829.97,
821.294485,1814.373333,-2264.95,5559.6,1987.22,3029.87,2830.03,
821.294485,1814.373333,-2264.95,5559.6,1987.22,3013.62,2780.42,
821.294485,1814.373333,-2264.95,5559.6,1987.22,2992.19,2798.37,
821.294485,1688.58875,-2264.95,5524.81,1974.7875,2975.96,2719.98,
788.3130067,1688.58875,-2217.012857,5247.665556,1875.724444,2906.97,2573.1,
788.3130067,1347.5,-2217.012857,5247.665556,1875.724444,2909.59,2296.21,
704.1513455,1327.611429,-1970.581111,5222.32,1866.665556,2884.86,1999.854783,
704.1513455,1327.611429,-1970.581111,5222.32,1866.665556,2843.92,1917.024783,
704.1513455,1327.611429,-1970.581111,5222.32,1866.665556,2783.84,1824.714783,
704.1513455,1327.611429,-1970.581111,5222.32,1866.665556,2751.87,1796.414783,
704.1513455,1327.611429,-1970.581111,5222.32,1866.665556,2737.89,1757.964783,
784.336968,1327.611429,-2193.531429,5491.56875,1962.90375,2762.94,1790.114783,
818.7733735,1670.49375,-2241.43875,5491.56875,1962.90375,2833.52,2014.614783,
818.7733735,1670.49375,-2241.43875,5491.56875,1962.90375,2825.01,2087.624783,
818.7733735,1670.49375,-2241.43875,5525.664286,1975.094286,2964.4,2290.204783,
784.336968,1797.178889,-2193.531429,5525.664286,1975.094286,3057.44,2522.484783,
784.336968,1797.178889,-2193.531429,5491.56875,1962.90375,3105.7,2719.534783,
704.1513455,1670.49375,-1970.581111,5222.32,1866.665556,3138.72,3000,
704.1513455,1670.49375,-1970.581111,5222.32,1866.665556,3109.71,2733.374783,
704.1513455,1670.49375,-1970.581111,5491.56875,1962.90375,3124.52,2738.354783,
704.1513455,1797.178889,-1970.581111,5491.56875,1962.90375,3155.02,2793.124783,
784.336968,1797.178889,-2193.531429,5491.56875,1962.90375,3151.32,2832.154783,
784.336968,1797.178889,-2193.531429,5525.664286,1975.094286,3116.37,2858.264783,
818.7733735,1797.178889,-2241.43875,5525.664286,1975.094286,3078.07,2847.004783,
818.7733735,1797.178889,-2241.43875,5525.664286,1975.094286,3013.24,2847.054783,
818.7733735,1797.178889,-2241.43875,5525.664286,1975.094286,2996.85,2796.354783,
818.7733735,1797.178889,-2241.43875,5525.664286,1975.094286,2975.24,2814.694783,
818.7733735,1670.49375,-2241.43875,5491.56875,1962.90375,2958.88,2734.574783,
784.336968,1670.49375,-2193.531429,5222.32,1866.665556,2889.3,2584.464783,
784.336968,1327.611429,-2193.531429,5222.32,1866.665556,2891.94,2301.454783,
698.1860098,1314.688571,-1952.866667,5195.036667,1856.911111,2870.51,2010.813913,
698.1860098,1314.688571,-1952.866667,5195.036667,1856.911111,2827.66,1928.943913,
698.1860098,1314.688571,-1952.866667,5195.036667,1856.911111,2764.78,1837.713913,
698.1860098,1314.688571,-1952.866667,5195.036667,1856.911111,2731.31,1809.743913,
698.1860098,1314.688571,-1952.866667,5195.036667,1856.911111,2718.35,1773.753913,
781.0114496,1314.688571,-2175.49,5465.31875,1953.5225,2742.91,1803.523913,
816.6240166,1656.27375,-2222.6225,5465.31875,1953.5225,2816.77,2025.403913,
816.6240166,1656.27375,-2222.6225,5465.31875,1953.5225,2807.87,2097.563913,
816.6240166,1656.27375,-2222.6225,5499.275714,1965.662857,2953.77,2297.783913,
781.0114496,1782.975556,-2175.49,5499.275714,1965.662857,3051.14,2527.363913,
781.0114496,1782.975556,-2175.49,5465.31875,1953.5225,3101.66,2722.103913,
698.1860098,1656.27375,-1952.866667,5195.036667,1856.911111,3136.21,3000,
698.1860098,1656.27375,-1952.866667,5195.036667,1856.911111,3105.86,2735.783913,
698.1860098,1656.27375,-1952.866667,5465.31875,1953.5225,3121.35,2740.713913,
698.1860098,1782.975556,-1952.866667,5465.31875,1953.5225,3155.3,2794.843913,
781.0114496,1782.975556,-2175.49,5465.31875,1953.5225,3149.4,2833.413913,
781.0114496,1782.975556,-2175.49,5499.275714,1965.662857,3112.83,2859.213913,
816.6240166,1782.975556,-2222.6225,5499.275714,1965.662857,3072.73,2848.083913,
816.6240166,1782.975556,-2222.6225,5499.275714,1965.662857,3004.88,2848.143913,
816.6240166,1782.975556,-2222.6225,5499.275714,1965.662857,2987.73,2798.033913,
816.6240166,1782.975556,-2222.6225,5499.275714,1965.662857,2965.11,2816.163913,
816.6240166,1656.27375,-2222.6225,5465.31875,1953.5225,2947.98,2736.973913,
781.0114496,1656.27375,-2175.49,5195.036667,1856.911111,2875.16,2588.613913,
781.0114496,1314.688571,-2175.49,5195.036667,1856.911111,2877.92,2308.903913,
697.5643242,1298.247143,-1935.845556,5159.357778,1844.16,2864.6,2019.961739,
697.5643242,1298.247143,-1935.845556,5159.357778,1844.16,2821.4,1939.281739,
697.5643242,1298.247143,-1935.845556,5159.357778,1844.16,2758.01,1849.371739,
697.5643242,1298.247143,-1935.845556,5159.357778,1844.16,2724.28,1821.801739,
697.5643242,1298.247143,-1935.845556,5159.357778,1844.16,2717.45,1783.001739,
781.2675974,1298.247143,-2163.602857,5447.9375,1947.31125,2735.96,1815.671739,
817.1239356,1646.49375,-2210.74375,5447.9375,1947.31125,2810.43,2034.331739,
817.1239356,1646.49375,-2210.74375,5447.9375,1947.31125,2801.45,2105.451739,
817.1239356,1646.49375,-2210.74375,5483.961429,1960.185714,2948.53,2302.771739,
781.2675974,1776.432222,-2163.602857,5483.961429,1960.185714,3046.69,2529.031739,
781.2675974,1776.432222,-2163.602857,5447.9375,1947.31125,3097.61,2720.961739,
697.5643242,1646.49375,-1935.845556,5159.357778,1844.16,3132.45,3000,
697.5643242,1646.49375,-1935.845556,5159.357778,1844.16,3101.85,2734.441739,
697.5643242,1646.49375,-1935.845556,5447.9375,1947.31125,3117.46,2739.291739,
697.5643242,1776.432222,-1935.845556,5447.9375,1947.31125,3159.22,2792.641739,
781.2675974,1776.432222,-2163.602857,5447.9375,1947.31125,3145.74,2830.651739,
781.2675974,1776.432222,-2163.602857,5483.961429,1960.185714,3108.87,2856.081739,
817.1239356,1776.432222,-2210.74375,5483.961429,1960.185714,3068.45,2845.111739,
817.1239356,1776.432222,-2210.74375,5483.961429,1960.185714,3000.05,2845.171739,
817.1239356,1776.432222,-2210.74375,5483.961429,1960.185714,2982.77,2795.781739,
817.1239356,1776.432222,-2210.74375,5483.961429,1960.185714,2959.96,2813.651739,
817.1239356,1646.49375,-2210.74375,5447.9375,1947.31125,2942.7,2735.611739,
781.2675974,1646.49375,-2163.602857,5159.357778,1844.16,2869.29,2589.391739,
781.2675974,1298.247143,-2163.602857,5159.357778,1844.16,2872.07,2313.731739,
705.4928698,1294.18,-1926.916667,5124.482222,1831.694444,2873.17,2012.811304,
705.4928698,1294.18,-1926.916667,5124.482222,1831.694444,2832.53,1931.381304,
705.4928698,1294.18,-1926.916667,5124.482222,1831.694444,2772.9,1840.641304,
705.4928698,1294.18,-1926.916667,5124.482222,1831.694444,2741.93,1812.821304,
705.4928698,1294.18,-1926.916667,5124.482222,1831.694444,2741.93,1771.911304,
783.721854,1294.18,-2151.71,5432.7275,1941.87375,2752.15,1806.631304,
816.8664991,1636.7225,-2197.19625,5432.7275,1941.87375,2822.21,2027.311304,
816.8664991,1636.7225,-2197.19625,5432.7275,1941.87375,2813.76,2099.091304,
816.8664991,1636.7225,-2197.19625,5471.145714,1955.604286,2952.13,2298.221304,
783.721854,1765.28,-2151.71,5471.145714,1955.604286,3044.49,2526.561304,
783.721854,1765.28,-2151.71,5432.7275,1941.87375,3092.4,2720.261304,
705.4928698,1636.7225,-1926.916667,5124.482222,1831.694444,3125.16,3000,
705.4928698,1636.7225,-1926.916667,5124.482222,1831.694444,3096.38,2733.871304,
705.4928698,1636.7225,-1926.916667,5432.7275,1941.87375,3111.07,2738.761304,
705.4928698,1765.28,-1926.916667,5432.7275,1941.87375,3159.92,2792.601304,
783.721854,1765.28,-2151.71,5432.7275,1941.87375,3137.67,2830.961304,
783.721854,1765.28,-2151.71,5471.145714,1955.604286,3102.99,2856.631304,
816.8664991,1765.28,-2197.19625,5471.145714,1955.604286,3064.96,2845.561304,
816.8664991,1765.28,-2197.19625,5471.145714,1955.604286,3000.61,2845.611304,
816.8664991,1765.28,-2197.19625,5471.145714,1955.604286,2984.35,2795.771304,
816.8664991,1765.28,-2197.19625,5471.145714,1955.604286,2962.89,2813.811304,
816.8664991,1636.7225,-2197.19625,5432.7275,1941.87375,2946.65,2735.051304,
783.721854,1636.7225,-2151.71,5124.482222,1831.694444,2877.59,2587.481304,
783.721854,1294.18,-2151.71,5124.482222,1831.694444,2880.2,2309.281304,
706.9194019,1289.848571,-1917.436667,5107.208889,1825.521111,2882.34,2013.88,
706.9194019,1289.848571,-1917.436667,5107.208889,1825.521111,2844.39,1933.37,
706.9194019,1289.848571,-1917.436667,5107.208889,1825.521111,2788.72,1843.66,
706.9194019,1289.848571,-1917.436667,5107.208889,1825.521111,2761.37,1816.15,
706.9194019,1289.848571,-1917.436667,5107.208889,1825.521111,2761.37,1774.31,
784.3780511,1289.848571,-2138.541429,5409.275,1933.49,2769.35,1810.03,
817.294268,1626.625,-2183.15375,5409.275,1933.49,2834.76,2028.22,
817.294268,1626.625,-2183.15375,5409.275,1933.49,2826.87,2099.18,
817.294268,1626.625,-2183.15375,5448.012857,1947.338571,2956.05,2296.07,
784.3780511,1753.108889,-2138.541429,5448.012857,1947.338571,3042.27,2521.83,
784.3780511,1753.108889,-2138.541429,5409.275,1933.49,3087,2713.34,
706.9194019,1626.625,-1917.436667,5107.208889,1825.521111,3117.59,2990.91,
706.9194019,1626.625,-1917.436667,5107.208889,1825.521111,3090.71,2726.79,
706.9194019,1626.625,-1917.436667,5409.275,1933.49,3104.43,2731.63,
706.9194019,1753.108889,-1917.436667,5409.275,1933.49,3153.67,2784.86,
784.3780511,1753.108889,-2138.541429,5409.275,1933.49,3129.27,2822.79,
784.3780511,1753.108889,-2138.541429,5448.012857,1947.338571,3096.89,2848.17,
817.294268,1753.108889,-2183.15375,5448.012857,1947.338571,3061.38,2837.22,
817.294268,1753.108889,-2183.15375,5448.012857,1947.338571,3001.31,2837.28,
817.294268,1753.108889,-2183.15375,5448.012857,1947.338571,2986.12,2788,
817.294268,1753.108889,-2183.15375,5448.012857,1947.338571,2966.1,2805.83,
817.294268,1626.625,-2183.15375,5409.275,1933.49,2950.93,2727.96,
784.3780511,1626.625,-2138.541429,5107.208889,1825.521111,2886.46,2582.06,
784.3780511,1289.848571,-2138.541429,5107.208889,1825.521111,2888.9,2307,
703.2003236,1268.522857,-1898.733333,5084.95,1817.563333,2886.37,2018.32,
703.2003236,1268.522857,-1898.733333,5084.95,1817.563333,2848.84,1939.29,
703.2003236,1268.522857,-1898.733333,5084.95,1817.563333,2793.76,1851.22,
703.2003236,1268.522857,-1898.733333,5084.95,1817.563333,2765.59,1824.22,
703.2003236,1268.522857,-1898.733333,5084.95,1817.563333,2765.59,1782.13,
781.1172398,1268.522857,-2128.782857,5394.29625,1928.13875,2774.6,1818.21,
814.2709464,1619.53875,-2175.75,5394.29625,1928.13875,2839.3,2032.4,
814.2709464,1619.53875,-2175.75,5394.29625,1928.13875,2831.5,2102.05,
814.2709464,1619.53875,-2175.75,5435.425714,1942.837143,2959.3,2295.32,
781.1172398,1750.977778,-2128.782857,5435.425714,1942.837143,3044.6,2516.94,
781.1172398,1750.977778,-2128.782857,5394.29625,1928.13875,3088.85,2704.92,
703.2003236,1619.53875,-1898.733333,5084.95,1817.563333,3119.11,2976.01,
703.2003236,1619.53875,-1898.733333,5084.95,1817.563333,3092.52,2718.13,
703.2003236,1619.53875,-1898.733333,5394.29625,1928.13875,3106.09,2722.88,
703.2003236,1750.977778,-1898.733333,5394.29625,1928.13875,3152.24,2775.14,
781.1172398,1750.977778,-2128.782857,5394.29625,1928.13875,3130.67,2812.37,
781.1172398,1750.977778,-2128.782857,5435.425714,1942.837143,3098.63,2837.28,
814.2709464,1750.977778,-2175.75,5435.425714,1942.837143,3063.51,2826.54,
814.2709464,1750.977778,-2175.75,5435.425714,1942.837143,3004.07,2826.59,
814.2709464,1750.977778,-2175.75,5435.425714,1942.837143,2989.05,2778.22,
814.2709464,1750.977778,-2175.75,5435.425714,1942.837143,2969.24,2795.72,
814.2709464,1619.53875,-2175.75,5394.29625,1928.13875,2954.24,2719.28,
781.1172398,1619.53875,-2128.782857,5084.95,1817.563333,2890.45,2576.06,
781.1172398,1268.522857,-2128.782857,5084.95,1817.563333,2892.86,2306.06,
701.681838,1265.794286,-1872.772222,5069.237778,1819.171111,2883.66,1978.19,
701.681838,1265.794286,-1872.772222,5069.237778,1819.171111,2844.48,1900.48,
701.681838,1265.794286,-1872.772222,5069.237778,1819.171111,2786.98,1813.88,
701.681838,1265.794286,-1872.772222,5069.237778,1819.171111,2756.37,1787.33,
701.681838,1265.794286,-1872.772222,5069.237778,1819.171111,2746.54,1718.72,
780.7686105,1265.794286,-2106.11,5399.1075,1937.55,2766.98,1781.42,
813.9908077,1617.59625,-2145.9975,5399.1075,1937.55,2834.52,1992.03,
813.9908077,1617.59625,-2145.9975,5399.1075,1937.55,2826.38,2060.53,
813.9908077,1617.59625,-2145.9975,5449.954286,1955.797143,2959.79,2250.58,
780.7686105,1754.964444,-2106.11,5449.954286,1955.797143,3048.84,2468.5,
780.7686105,1754.964444,-2106.11,5399.1075,1937.55,3095.03,2653.36,
701.681838,1617.59625,-1872.772222,5069.237778,1819.171111,3126.63,2882.89,
701.681838,1617.59625,-1872.772222,5069.237778,1819.171111,3098.87,2666.35,
701.681838,1617.59625,-1872.772222,5399.1075,1937.55,3113.04,2671.02,
701.681838,1754.964444,-1872.772222,5399.1075,1937.55,3146.52,2722.4,
780.7686105,1754.964444,-2106.11,5399.1075,1937.55,3138.69,2759.01,
780.7686105,1754.964444,-2106.11,5449.954286,1955.797143,3105.24,2783.51,
813.9908077,1754.964444,-2145.9975,5449.954286,1955.797143,3068.58,2772.94,
813.9908077,1754.964444,-2145.9975,5449.954286,1955.797143,3006.53,2773,
813.9908077,1754.964444,-2145.9975,5449.954286,1955.797143,2990.85,2725.43,
813.9908077,1754.964444,-2145.9975,5449.954286,1955.797143,2970.17,2742.64,
813.9908077,1617.59625,-2145.9975,5399.1075,1937.55,2954.51,2667.48,
780.7686105,1617.59625,-2106.11,5069.237778,1819.171111,2887.92,2526.64,
780.7686105,1265.794286,-2106.11,5069.237778,1819.171111,2890.44,2261.14,
707.8087498,1302.972857,-1927.343333,5035.6,1807.098889,2885.77,1935.67,
707.8087498,1302.972857,-1927.343333,5035.6,1807.098889,2845.36,1857.69,
707.8087498,1302.972857,-1927.343333,5035.6,1807.098889,2786.07,1770.79,
707.8087498,1302.972857,-1927.343333,5035.6,1807.098889,2754.52,1744.15,
707.8087498,1302.972857,-1927.343333,5035.6,1807.098889,2746.96,1690.82,
788.1189779,1302.972857,-2165.751429,5367.855,1926.33375,2765.45,1738.22,
822.3412933,1665.09625,-2208.85375,5367.855,1926.33375,2835.1,1949.56,
822.3412933,1665.09625,-2208.85375,5367.855,1926.33375,2826.7,2018.29,
822.3412933,1665.09625,-2208.85375,5415.367143,1943.382857,2964.27,2209,
788.1189779,1804.737778,-2165.751429,5415.367143,1943.382857,3056.09,2427.67,
788.1189779,1804.737778,-2165.751429,5367.855,1926.33375,3103.72,2613.17,
707.8087498,1665.09625,-1927.343333,5035.6,1807.098889,3136.3,2864.61,
707.8087498,1665.09625,-1927.343333,5035.6,1807.098889,3107.68,2626.2,
707.8087498,1665.09625,-1927.343333,5367.855,1926.33375,3122.29,2630.89,
707.8087498,1804.737778,-1927.343333,5367.855,1926.33375,3159.92,2682.45,
788.1189779,1804.737778,-2165.751429,5367.855,1926.33375,3148.73,2719.19,
788.1189779,1804.737778,-2165.751429,5415.367143,1943.382857,3114.25,2743.77,
822.3412933,1804.737778,-2208.85375,5415.367143,1943.382857,3076.44,2733.17,
822.3412933,1804.737778,-2208.85375,5415.367143,1943.382857,3012.46,2733.22,
822.3412933,1804.737778,-2208.85375,5415.367143,1943.382857,2996.3,2685.49,
822.3412933,1804.737778,-2208.85375,5415.367143,1943.382857,2974.97,2702.76,
822.3412933,1665.09625,-2208.85375,5367.855,1926.33375,2958.82,2627.33,
788.1189779,1665.09625,-2165.751429,5035.6,1807.098889,2890.15,2486.01,
788.1189779,1302.972857,-2165.751429,5035.6,1807.098889,2892.76,2219.59,
713.4936767,1345.157143,-1975.878889,5031.41,1805.594444,2891.01,1935.42,
713.4936767,1345.157143,-1975.878889,5031.41,1805.594444,2851.33,1863.87,
713.4936767,1345.157143,-1975.878889,5031.41,1805.594444,2793.1,1784.13,
713.4936767,1345.157143,-1975.878889,5031.41,1805.594444,2762.1,1759.69,
713.4936767,1345.157143,-1975.878889,5031.41,1805.594444,2754.69,1717.5,
793.9368728,1345.157143,-2207.451429,5344.54625,1917.96875,2772.84,1754.25,
828.395813,1698.14125,-2250.40625,5344.54625,1917.96875,2841.25,1948.17,
828.395813,1698.14125,-2250.40625,5344.54625,1917.96875,2833,2011.24,
828.395813,1698.14125,-2250.40625,5386.34,1932.967143,2968.11,2186.22,
793.9368728,1833.453333,-2207.451429,5386.34,1932.967143,3058.29,2386.87,
793.9368728,1833.453333,-2207.451429,5344.54625,1917.96875,3105.07,2557.08,
713.4936767,1698.14125,-1975.878889,5031.41,1805.594444,3137.07,2796.97,
713.4936767,1698.14125,-1975.878889,5031.41,1805.594444,3108.96,2569.04,
713.4936767,1698.14125,-1975.878889,5344.54625,1917.96875,3123.31,2573.34,
713.4936767,1833.453333,-1975.878889,5344.54625,1917.96875,3160.29,2620.65,
793.9368728,1833.453333,-2207.451429,5344.54625,1917.96875,3149.28,2654.36,
793.9368728,1833.453333,-2207.451429,5386.34,1932.967143,3115.42,2676.91,
828.395813,1833.453333,-2250.40625,5386.34,1932.967143,3078.28,2667.18,
828.395813,1833.453333,-2250.40625,5386.34,1932.967143,3015.45,2667.23,
828.395813,1833.453333,-2250.40625,5386.34,1932.967143,2999.57,2623.44,
828.395813,1833.453333,-2250.40625,5386.34,1932.967143,2978.62,2639.28,
828.395813,1698.14125,-2250.40625,5344.54625,1917.96875,2962.76,2570.08,
793.9368728,1698.14125,-2207.451429,5031.41,1805.594444,2895.32,2440.41,
793.9368728,1345.157143,-2207.451429,5031.41,1805.594444,2897.87,2195.94,
718.8026343,1371.32,-2009.11,5020.923333,1801.831111,2893.24,1948.57,
718.8026343,1371.32,-2009.11,5020.923333,1801.831111,2854.48,1885.08,
718.8026343,1371.32,-2009.11,5020.923333,1801.831111,2797.6,1814.33,
718.8026343,1371.32,-2009.11,5020.923333,1801.831111,2767.33,1792.64,
718.8026343,1371.32,-2009.11,5020.923333,1801.831111,2754.31,1747.87,
798.5737595,1371.32,-2238.621429,5333.53375,1914.0175,2777.82,1787.82,
832.9174849,1723.8625,-2283.5575,5333.53375,1914.0175,2844.63,1959.88,
832.9174849,1723.8625,-2283.5575,5333.53375,1914.0175,2836.57,2015.84,
832.9174849,1723.8625,-2283.5575,5375.552857,1929.095714,2968.54,2171.1,
798.5737595,1857.264444,-2238.621429,5375.552857,1929.095714,3056.62,2349.13,
798.5737595,1857.264444,-2238.621429,5333.53375,1914.0175,3102.31,2500.15,
718.8026343,1723.8625,-2009.11,5020.923333,1801.831111,3133.56,2703,
718.8026343,1723.8625,-2009.11,5020.923333,1801.831111,3106.1,2510.76,
718.8026343,1723.8625,-2009.11,5333.53375,1914.0175,3120.11,2514.58,
718.8026343,1857.264444,-2009.11,5333.53375,1914.0175,3149.25,2556.56,
798.5737595,1857.264444,-2238.621429,5333.53375,1914.0175,3145.49,2586.46,
798.5737595,1857.264444,-2238.621429,5375.552857,1929.095714,3112.41,2606.47,
832.9174849,1857.264444,-2283.5575,5375.552857,1929.095714,3076.14,2597.84,
832.9174849,1857.264444,-2283.5575,5375.552857,1929.095714,3014.77,2597.89,
832.9174849,1857.264444,-2283.5575,5375.552857,1929.095714,2999.26,2559.03,
832.9174849,1857.264444,-2283.5575,5375.552857,1929.095714,2978.8,2573.09,
832.9174849,1723.8625,-2283.5575,5333.53375,1914.0175,2963.31,2511.68,
798.5737595,1723.8625,-2238.621429,5020.923333,1801.831111,2897.44,2396.63,
798.5737595,1371.32,-2238.621429,5020.923333,1801.831111,2899.94,2179.72,
722.5810921,1370.055714,-2024.045556,5006.396667,1796.618889,2888.64,1918.07,
722.5810921,1370.055714,-2024.045556,5006.396667,1796.618889,2844.87,1852.92,
722.5810921,1370.055714,-2024.045556,5006.396667,1796.618889,2780.64,1780.33,
722.5810921,1370.055714,-2024.045556,5006.396667,1796.618889,2746.46,1758.07,
722.5810921,1370.055714,-2024.045556,5006.396667,1796.618889,2727.07,1701.33,
802.8657899,1370.055714,-2268.75,5364.2575,1925.0425,2758.3,1753.12,
837.6703907,1748.5825,-2318.975,5364.2575,1925.0425,2833.75,1929.67,
837.6703907,1748.5825,-2318.975,5364.2575,1925.0425,2824.65,1987.09,
837.6703907,1748.5825,-2318.975,5412.728571,1942.437143,2973.67,2146.41,
802.8657899,1890.13,-2268.75,5412.728571,1942.437143,3073.13,2329.08,
802.8657899,1890.13,-2268.75,5364.2575,1925.0425,3124.73,2484.05,
722.5810921,1748.5825,-2024.045556,5006.396667,1796.618889,3160.02,2677.5,
722.5810921,1748.5825,-2024.045556,5006.396667,1796.618889,3129.01,2494.93,
722.5810921,1748.5825,-2024.045556,5364.2575,1925.0425,3144.84,2498.85,
722.5810921,1890.13,-2024.045556,5364.2575,1925.0425,3172.78,2541.93,
802.8657899,1890.13,-2268.75,5364.2575,1925.0425,3172.78,2572.61,
802.8657899,1890.13,-2268.75,5412.728571,1942.437143,3136.13,2593.15,
837.6703907,1890.13,-2318.975,5412.728571,1942.437143,3095.18,2584.29,
837.6703907,1890.13,-2318.975,5412.728571,1942.437143,3025.88,2584.34,
837.6703907,1890.13,-2318.975,5412.728571,1942.437143,3008.36,2544.46,
837.6703907,1890.13,-2318.975,5412.728571,1942.437143,2985.26,2558.89,
837.6703907,1748.5825,-2318.975,5364.2575,1925.0425,2967.77,2495.88,
802.8657899,1748.5825,-2268.75,5006.396667,1796.618889,2893.39,2377.82,
802.8657899,1370.055714,-2268.75,5006.396667,1796.618889,2896.21,2155.26,
726.5747057,1367.681429,-2036.806667,5007.656667,1797.072222,2886.33,1881.29,
726.5747057,1367.681429,-2036.806667,5007.656667,1797.072222,2837.26,1811.12,
726.5747057,1367.681429,-2036.806667,5007.656667,1797.072222,2765.27,1732.92,
726.5747057,1367.681429,-2036.806667,5007.656667,1797.072222,2726.96,1708.95,
726.5747057,1367.681429,-2036.806667,5007.656667,1797.072222,2710.9,1649.04,
807.1178802,1367.681429,-2297.381429,5401.48375,1938.40125,2740.23,1703.61,
841.9184128,1770.4075,-2350.56,5401.48375,1938.40125,2824.8,1893.79,
841.9184128,1770.4075,-2350.56,5401.48375,1938.40125,2814.6,1955.65,
841.9184128,1770.4075,-2350.56,5450.712857,1956.067143,2981.64,2127.26,
807.1178802,1921.226667,-2297.381429,5450.712857,1956.067143,3093.13,2324.05,
807.1178802,1921.226667,-2297.381429,5401.48375,1938.40125,3150.96,2490.97,
726.5747057,1770.4075,-2036.806667,5007.656667,1797.072222,3190.52,2701.02,
726.5747057,1770.4075,-2036.806667,5007.656667,1797.072222,3155.77,2502.7,
726.5747057,1770.4075,-2036.806667,5401.48375,1938.40125,3173.5,2506.92,
726.5747057,1921.226667,-2036.806667,5401.48375,1938.40125,3210.89,2553.32,
807.1178802,1921.226667,-2297.381429,5401.48375,1938.40125,3205.62,2586.38,
807.1178802,1921.226667,-2297.381429,5450.712857,1956.067143,3163.75,2608.5,
841.9184128,1921.226667,-2350.56,5450.712857,1956.067143,3117.84,2598.96,
841.9184128,1921.226667,-2350.56,5450.712857,1956.067143,3040.16,2599,
841.9184128,1921.226667,-2350.56,5450.712857,1956.067143,3020.53,2556.05,
841.9184128,1921.226667,-2350.56,5450.712857,1956.067143,2994.63,2571.59,
841.9184128,1770.4075,-2350.56,5401.48375,1938.40125,2975.02,2503.72,
807.1178802,1770.4075,-2297.381429,5007.656667,1797.072222,2891.65,2376.55,
807.1178802,1367.681429,-2297.381429,5007.656667,1797.072222,2894.81,2136.79,
730.0447064,1396.741429,-2063.823333,5041.445556,1809.197778,2899.3,1868.61,
730.0447064,1396.741429,-2063.823333,5041.445556,1809.197778,2852.38,1794.87,
730.0447064,1396.741429,-2063.823333,5041.445556,1809.197778,2783.53,1712.7,
730.0447064,1396.741429,-2063.823333,5041.445556,1809.197778,2746.88,1687.51,
730.0447064,1396.741429,-2063.823333,5041.445556,1809.197778,2743.25,1633.52,
810.9976917,1396.741429,-2314.348571,5417.0075,1943.9725,2759.58,1681.9,
846.010535,1782.855,-2364.52875,5417.0075,1943.9725,2840.46,1881.75,
846.010535,1782.855,-2364.52875,5417.0075,1943.9725,2830.7,1946.74,
846.010535,1782.855,-2364.52875,5461.017143,1959.767143,2990.46,2127.07,
810.9976917,1928.133333,-2314.348571,5461.017143,1959.767143,3097.09,2333.85,
810.9976917,1928.133333,-2314.348571,5417.0075,1943.9725,3152.4,2509.25,
730.0447064,1782.855,-2063.823333,5041.445556,1809.197778,3190.23,2742.16,
730.0447064,1782.855,-2063.823333,5041.445556,1809.197778,3157,2521.58,
730.0447064,1782.855,-2063.823333,5417.0075,1943.9725,3173.96,2526.01,
730.0447064,1928.133333,-2063.823333,5417.0075,1943.9725,3223.89,2574.77,
810.9976917,1928.133333,-2314.348571,5417.0075,1943.9725,3204.67,2609.5,
810.9976917,1928.133333,-2314.348571,5461.017143,1959.767143,3164.63,2632.75,
846.010535,1928.133333,-2364.52875,5461.017143,1959.767143,3120.73,2622.72,
846.010535,1928.133333,-2364.52875,5461.017143,1959.767143,3046.43,2622.77,
846.010535,1928.133333,-2364.52875,5461.017143,1959.767143,3027.65,2577.64,
846.010535,1928.133333,-2364.52875,5461.017143,1959.767143,3002.88,2593.97,
846.010535,1782.855,-2364.52875,5417.0075,1943.9725,2984.13,2522.65,
810.9976917,1782.855,-2314.348571,5041.445556,1809.197778,2904.39,2389.02,
810.9976917,1396.741429,-2314.348571,5041.445556,1809.197778,2907.41,2137.09,
732.3736573,1421.834286,-2085.595556,5061.225556,1816.296667,2915.75,1860.72,
732.3736573,1421.834286,-2085.595556,5061.225556,1816.296667,2874.04,1782.91,
732.3736573,1421.834286,-2085.595556,5061.225556,1816.296667,2812.84,1696.21,
732.3736573,1421.834286,-2085.595556,5061.225556,1816.296667,2780.27,1669.62,
732.3736573,1421.834286,-2085.595556,5061.225556,1816.296667,2777.36,1625.4,
814.8218032,1421.834286,-2324.822857,5422.29125,1945.86875,2791.56,1663.71,
850.5524784,1791.72625,-2373.785,5422.29125,1945.86875,2863.45,1874.58,
850.5524784,1791.72625,-2373.785,5422.29125,1945.86875,2854.78,1943.16,
850.5524784,1791.72625,-2373.785,5465.408571,1961.342857,2996.78,2133.44,
814.8218032,1930.144444,-2324.822857,5465.408571,1961.342857,3091.56,2351.63,
814.8218032,1930.144444,-2324.822857,5422.29125,1945.86875,3140.73,2536.71,
732.3736573,1791.72625,-2085.595556,5061.225556,1816.296667,3174.35,2799.82,
732.3736573,1791.72625,-2085.595556,5061.225556,1816.296667,3144.81,2549.71,
732.3736573,1791.72625,-2085.595556,5422.29125,1945.86875,3159.89,2554.39,
732.3736573,1930.144444,-2085.595556,5422.29125,1945.86875,3204.65,2605.84,
814.8218032,1930.144444,-2324.822857,5422.29125,1945.86875,3187.19,2642.49,
814.8218032,1930.144444,-2324.822857,5465.408571,1961.342857,3151.59,2667.01,
850.5524784,1930.144444,-2373.785,5465.408571,1961.342857,3112.57,2656.44,
850.5524784,1930.144444,-2373.785,5465.408571,1961.342857,3046.53,2656.49,
850.5524784,1930.144444,-2373.785,5465.408571,1961.342857,3029.84,2608.87,
850.5524784,1930.144444,-2373.785,5465.408571,1961.342857,3007.83,2626.1,
850.5524784,1791.72625,-2373.785,5422.29125,1945.86875,2991.16,2550.84,
814.8218032,1791.72625,-2324.822857,5061.225556,1816.296667,2920.28,2409.84,
814.8218032,1421.834286,-2324.822857,5061.225556,1816.296667,2922.96,2144.01,
731.3635639,1421.978571,-2080.55,5047.16,1811.247778,2919.07,1873.21,
731.3635639,1421.978571,-2080.55,5047.16,1811.247778,2879.49,1794.69,
731.3635639,1421.978571,-2080.55,5047.16,1811.247778,2821.42,1707.18,
731.3635639,1421.978571,-2080.55,5047.16,1811.247778,2790.52,1680.35,
731.3635639,1421.978571,-2080.55,5047.16,1811.247778,2784.37,1638.04,
813.4612689,1421.978571,-2314.251429,5405.3375,1939.78375,2801.22,1674.38,
848.9872895,1784.00625,-2362.67875,5405.3375,1939.78375,2869.44,1887.2,
848.9872895,1784.00625,-2362.67875,5405.3375,1939.78375,2861.21,1956.41,
848.9872895,1784.00625,-2362.67875,5449.997143,1955.812857,2995.95,2148.46,
813.4612689,1919.05,-2314.251429,5449.997143,1955.812857,3085.88,2368.66,
813.4612689,1919.05,-2314.251429,5405.3375,1939.78375,3132.53,2555.46,
731.3635639,1784.00625,-2080.55,5047.16,1811.247778,3164.44,2824.16,
731.3635639,1784.00625,-2080.55,5047.16,1811.247778,3136.4,2568.58,
731.3635639,1784.00625,-2080.55,5405.3375,1939.78375,3150.71,2573.3,
731.3635639,1919.05,-2080.55,5405.3375,1939.78375,3189.1,2625.22,
813.4612689,1919.05,-2314.251429,5405.3375,1939.78375,3176.62,2662.22,
813.4612689,1919.05,-2314.251429,5449.997143,1955.812857,3142.84,2686.97,
848.9872895,1919.05,-2362.67875,5449.997143,1955.812857,3105.81,2676.29,
848.9872895,1919.05,-2362.67875,5449.997143,1955.812857,3043.15,2676.35,
848.9872895,1919.05,-2362.67875,5449.997143,1955.812857,3027.32,2628.28,
848.9872895,1919.05,-2362.67875,5449.997143,1955.812857,3006.43,2645.67,
848.9872895,1784.00625,-2362.67875,5405.3375,1939.78375,2990.61,2569.72,
813.4612689,1784.00625,-2314.251429,5047.16,1811.247778,2923.36,2427.41,
813.4612689,1421.978571,-2314.251429,5047.16,1811.247778,2925.91,2159.12,
728.6209308,1410.934286,-2067.177778,5028.648889,1804.605556,2914.47,1897.35,
728.6209308,1410.934286,-2067.177778,5028.648889,1804.605556,2874.58,1820.22,
728.6209308,1410.934286,-2067.177778,5028.648889,1804.605556,2816.05,1734.26,
728.6209308,1410.934286,-2067.177778,5028.648889,1804.605556,2784.9,1707.9,
728.6209308,1410.934286,-2067.177778,5028.648889,1804.605556,2774.11,1668.4,
809.5377743,1410.934286,-2301.287143,5387.695,1933.455,2795.69,1702.04,
844.6875616,1774.67625,-2350.74375,5387.695,1933.455,2864.45,1911.09,
844.6875616,1774.67625,-2350.74375,5387.695,1933.455,2856.15,1979.08,
844.6875616,1774.67625,-2350.74375,5433.944286,1950.051429,2991.96,2167.73,
809.5377743,1909.672222,-2301.287143,5433.944286,1950.051429,3082.6,2384.04,
809.5377743,1909.672222,-2301.287143,5387.695,1933.455,3129.62,2567.53,
728.6209308,1774.67625,-2067.177778,5028.648889,1804.605556,3161.78,2834.28,
728.6209308,1774.67625,-2067.177778,5028.648889,1804.605556,3133.52,2580.42,
728.6209308,1774.67625,-2067.177778,5387.695,1933.455,3147.94,2585.06,
728.6209308,1909.672222,-2067.177778,5387.695,1933.455,3181.09,2636.06,
809.5377743,1909.672222,-2301.287143,5387.695,1933.455,3174.05,2672.4,
809.5377743,1909.672222,-2301.287143,5433.944286,1950.051429,3140.01,2696.71,
844.6875616,1909.672222,-2350.74375,5433.944286,1950.051429,3102.69,2686.23,
844.6875616,1909.672222,-2350.74375,5433.944286,1950.051429,3039.53,2686.28,
844.6875616,1909.672222,-2350.74375,5433.944286,1950.051429,3023.57,2639.07,
844.6875616,1909.672222,-2350.74375,5433.944286,1950.051429,3002.52,2656.15,
844.6875616,1774.67625,-2350.74375,5387.695,1933.455,2986.58,2581.54,
809.5377743,1774.67625,-2301.287143,5028.648889,1804.605556,2918.79,2441.75,
809.5377743,1410.934286,-2301.287143,5028.648889,1804.605556,2921.36,2178.21,
725.483999,1393.767143,-2051.101111,5013.964444,1799.335556,2912.12,1917.69,
725.483999,1393.767143,-2051.101111,5013.964444,1799.335556,2873.07,1841.39,
725.483999,1393.767143,-2051.101111,5013.964444,1799.335556,2815.78,1756.37,
725.483999,1393.767143,-2051.101111,5013.964444,1799.335556,2785.29,1730.3,
725.483999,1393.767143,-2051.101111,5013.964444,1799.335556,2776.91,1698.3,
805.7966893,1393.767143,-2291.504286,5371.6125,1927.68125,2795.85,1724.5,
840.7785129,1766.92,-2341.96875,5371.6125,1927.68125,2863.16,1931.28,
840.7785129,1766.92,-2341.96875,5371.6125,1927.68125,2855.04,1998.54,
840.7785129,1766.92,-2341.96875,5417.634286,1944.197143,2987.98,2185.13,
805.7966893,1905.645556,-2291.504286,5417.634286,1944.197143,3076.7,2399.09,
805.7966893,1905.645556,-2291.504286,5371.6125,1927.68125,3122.73,2580.59,
725.483999,1766.92,-2051.101111,5013.964444,1799.335556,3154.21,2854.07,
725.483999,1766.92,-2051.101111,5013.964444,1799.335556,3126.55,2593.34,
725.483999,1766.92,-2051.101111,5371.6125,1927.68125,3140.67,2597.93,
725.483999,1905.645556,-2051.101111,5371.6125,1927.68125,3175.74,2648.38,
805.7966893,1905.645556,-2291.504286,5371.6125,1927.68125,3166.23,2684.32,
805.7966893,1905.645556,-2291.504286,5417.634286,1944.197143,3132.9,2708.37,
840.7785129,1905.645556,-2341.96875,5417.634286,1944.197143,3096.37,2698,
840.7785129,1905.645556,-2341.96875,5417.634286,1944.197143,3034.55,2698.05,
840.7785129,1905.645556,-2341.96875,5417.634286,1944.197143,3018.92,2651.35,
840.7785129,1905.645556,-2341.96875,5417.634286,1944.197143,2998.31,2668.24,
840.7785129,1766.92,-2341.96875,5371.6125,1927.68125,2982.71,2594.45,
805.7966893,1766.92,-2291.504286,5013.964444,1799.335556,2916.36,2456.17,
805.7966893,1393.767143,-2291.504286,5013.964444,1799.335556,2918.87,2195.49,
726.788443,1385.118571,-2043.717778,5000.464444,1794.488889,2908.22,1932.62,
726.788443,1385.118571,-2043.717778,5000.464444,1794.488889,2869.54,1856.84,
726.788443,1385.118571,-2043.717778,5000.464444,1794.488889,2812.79,1772.39,
726.788443,1385.118571,-2043.717778,5000.464444,1794.488889,2782.58,1746.5,
726.788443,1385.118571,-2043.717778,5000.464444,1794.488889,2779.63,1723.36,
809.3089357,1385.118571,-2287.941429,5358.04125,1922.8125,2793.05,1740.74,
845.2000101,1764.145,-2339.1575,5358.04125,1922.8125,2859.72,1946.12,
845.2000101,1764.145,-2339.1575,5358.04125,1922.8125,2851.68,2012.91,
845.2000101,1764.145,-2339.1575,5403.06,1938.968571,2983.37,2198.24,
809.3089357,1905.087778,-2287.941429,5403.06,1938.968571,3071.26,2410.74,
809.3089357,1905.087778,-2287.941429,5358.04125,1922.8125,3116.86,2591,
726.788443,1764.145,-2043.717778,5000.464444,1794.488889,3148.05,2874.38,
726.788443,1764.145,-2043.717778,5000.464444,1794.488889,3120.65,2603.66,
726.788443,1764.145,-2043.717778,5358.04125,1922.8125,3134.63,2608.22,
726.788443,1905.087778,-2043.717778,5358.04125,1922.8125,3175.84,2658.33,
809.3089357,1905.087778,-2287.941429,5358.04125,1922.8125,3159.95,2694.03,
809.3089357,1905.087778,-2287.941429,5403.06,1938.968571,3126.94,2717.91,
845.2000101,1905.087778,-2339.1575,5403.06,1938.968571,3090.75,2707.61,
845.2000101,1905.087778,-2339.1575,5403.06,1938.968571,3029.5,2707.66,
845.2000101,1905.087778,-2339.1575,5403.06,1938.968571,3014.03,2661.28,
845.2000101,1905.087778,-2339.1575,5403.06,1938.968571,2993.61,2678.06,
845.2000101,1764.145,-2339.1575,5358.04125,1922.8125,2978.15,2604.77,
809.3089357,1764.145,-2287.941429,5000.464444,1794.488889,2912.42,2467.43,
809.3089357,1385.118571,-2287.941429,5000.464444,1794.488889,2914.91,2208.53,
729.4721687,1379.178571,-2033.503333,4983.396667,1788.364444,2900.96,1953.25,
729.4721687,1379.178571,-2033.503333,4983.396667,1788.364444,2862.06,1880.33,
729.4721687,1379.178571,-2033.503333,4983.396667,1788.364444,2804.99,1799.07,
729.4721687,1379.178571,-2033.503333,4983.396667,1788.364444,2774.62,1774.15,
729.4721687,1379.178571,-2033.503333,4983.396667,1788.364444,2772.09,1753.29,
813.0096976,1379.178571,-2275.207143,5344.32,1917.89,2785.14,1768.61,
849.1520537,1754.37375,-2325.9675,5344.32,1917.89,2852.19,1966.24,
849.1520537,1754.37375,-2325.9675,5344.32,1917.89,2844.1,2030.52,
849.1520537,1754.37375,-2325.9675,5390.202857,1934.352857,2976.53,2208.85,
813.0096976,1893.841111,-2275.207143,5390.202857,1934.352857,3064.91,2413.34,
813.0096976,1893.841111,-2275.207143,5344.32,1917.89,3110.76,2586.81,
729.4721687,1754.37375,-2033.503333,4983.396667,1788.364444,3142.12,2861.41,
729.4721687,1754.37375,-2033.503333,4983.396667,1788.364444,3114.57,2598.99,
729.4721687,1754.37375,-2033.503333,5344.32,1917.89,3128.63,2603.38,
729.4721687,1893.841111,-2033.503333,5344.32,1917.89,3170.61,2651.6,
813.0096976,1893.841111,-2275.207143,5344.32,1917.89,3154.09,2685.95,
813.0096976,1893.841111,-2275.207143,5390.202857,1934.352857,3120.9,2708.93,
849.1520537,1893.841111,-2325.9675,5390.202857,1934.352857,3084.51,2699.02,
849.1520537,1893.841111,-2325.9675,5390.202857,1934.352857,3022.92,2699.07,
849.1520537,1893.841111,-2325.9675,5390.202857,1934.352857,3007.36,2654.44,
849.1520537,1893.841111,-2325.9675,5390.202857,1934.352857,2986.82,2670.58,
849.1520537,1754.37375,-2325.9675,5344.32,1917.89,2971.28,2600.05,
813.0096976,1754.37375,-2275.207143,4983.396667,1788.364444,2905.18,2467.9,
813.0096976,1379.178571,-2275.207143,4983.396667,1788.364444,2907.69,2218.76,
726.8896995,1365.827143,-2019.411111,4969.961111,1783.543333,2888.59,1953.56,
726.8896995,1365.827143,-2019.411111,4969.961111,1783.543333,2848.01,1881.93,
726.8896995,1365.827143,-2019.411111,4969.961111,1783.543333,2788.46,1802.1,
726.8896995,1365.827143,-2019.411111,4969.961111,1783.543333,2756.77,1777.63,
726.8896995,1365.827143,-2019.411111,4969.961111,1783.543333,2747.32,1754.14,
809.1423821,1365.827143,-2264.248571,5328.98625,1912.385,2767.75,1772.18,
844.7108746,1745.9925,-2315.75875,5328.98625,1912.385,2837.7,1966.32,
844.7108746,1745.9925,-2315.75875,5328.98625,1912.385,2829.26,2029.47,
844.7108746,1745.9925,-2315.75875,5375.141429,1928.947143,2967.43,2204.65,
809.1423821,1887.242222,-2264.248571,5375.141429,1928.947143,3059.64,2405.53,
809.1423821,1887.242222,-2264.248571,5328.98625,1912.385,3107.47,2575.93,
726.8896995,1745.9925,-2019.411111,4969.961111,1783.543333,3140.19,2841.6,
726.8896995,1745.9925,-2019.411111,4969.961111,1783.543333,3111.45,2587.9,
726.8896995,1745.9925,-2019.411111,5328.98625,1912.385,3126.12,2592.21,
726.8896995,1887.242222,-2019.411111,5328.98625,1912.385,3161.68,2639.57,
809.1423821,1887.242222,-2264.248571,5328.98625,1912.385,3152.68,2673.32,
809.1423821,1887.242222,-2264.248571,5375.141429,1928.947143,3118.05,2695.9,
844.7108746,1887.242222,-2315.75875,5375.141429,1928.947143,3080.08,2686.16,
844.7108746,1887.242222,-2315.75875,5375.141429,1928.947143,3015.83,2686.21,
844.7108746,1887.242222,-2315.75875,5375.141429,1928.947143,2999.59,2642.36,
844.7108746,1887.242222,-2315.75875,5375.141429,1928.947143,2978.17,2658.23,
844.7108746,1745.9925,-2315.75875,5328.98625,1912.385,2961.95,2588.94,
809.1423821,1745.9925,-2264.248571,4969.961111,1783.543333,2892.99,2459.12,
809.1423821,1365.827143,-2264.248571,4969.961111,1783.543333,2895.6,2214.38,
724.27588,1358.101429,-2011.274444,4955.841111,1778.475556,2882.65,1939.4,
724.27588,1358.101429,-2011.274444,4955.841111,1778.475556,2843.73,1867.31,
724.27588,1358.101429,-2011.274444,4955.841111,1778.475556,2786.61,1786.96,
724.27588,1358.101429,-2011.274444,4955.841111,1778.475556,2756.22,1762.33,
724.27588,1358.101429,-2011.274444,4955.841111,1778.475556,2740.86,1730.08,
804.6888745,1358.101429,-2257.99,5316.71625,1907.98,2766.75,1756.85,
839.7714229,1741.14875,-2309.8625,5316.71625,1907.98,2833.84,1952.25,
839.7714229,1741.14875,-2309.8625,5316.71625,1907.98,2825.75,2015.8,
839.7714229,1741.14875,-2309.8625,5363.08,1924.618571,2958.27,2192.12,
804.6888745,1883.491111,-2257.99,5363.08,1924.618571,3046.72,2394.29,
804.6888745,1883.491111,-2257.99,5316.71625,1907.98,3092.6,2565.79,
724.27588,1741.14875,-2011.274444,4955.841111,1778.475556,3123.99,2821.47,
724.27588,1741.14875,-2011.274444,4955.841111,1778.475556,3096.42,2577.84,
724.27588,1741.14875,-2011.274444,5316.71625,1907.98,3110.49,2582.18,
724.27588,1883.491111,-2011.274444,5316.71625,1907.98,3137,2629.85,
804.6888745,1883.491111,-2257.99,5316.71625,1907.98,3135.97,2663.82,
804.6888745,1883.491111,-2257.99,5363.08,1924.618571,3102.75,2686.54,
839.7714229,1883.491111,-2309.8625,5363.08,1924.618571,3066.33,2676.74,
839.7714229,1883.491111,-2309.8625,5363.08,1924.618571,3004.7,2676.79,
839.7714229,1883.491111,-2309.8625,5363.08,1924.618571,2989.12,2632.66,
839.7714229,1883.491111,-2309.8625,5363.08,1924.618571,2968.58,2648.62,
839.7714229,1741.14875,-2309.8625,5316.71625,1907.98,2953.02,2578.89,
804.6888745,1741.14875,-2257.99,4955.841111,1778.475556,2886.88,2448.23,
804.6888745,1358.101429,-2257.99,4955.841111,1778.475556,2889.38,2201.91,
721.9338079,1365.345714,-2008.562222,4952.964444,1777.444444,2877.57,1916.14,
721.9338079,1365.345714,-2008.562222,4952.964444,1777.444444,2839.73,1842.19,
721.9338079,1365.345714,-2008.562222,4952.964444,1777.444444,2784.2,1759.78,
721.9338079,1365.345714,-2008.562222,4952.964444,1777.444444,2754.64,1734.52,
721.9338079,1365.345714,-2008.562222,4952.964444,1777.444444,2742.13,1692.73,
800.8147764,1365.345714,-2243.781429,5301.39,1902.48125,2764.88,1728.89,
835.1469195,1729.595,-2292.40625,5301.39,1902.48125,2830.11,1929.31,
835.1469195,1729.595,-2292.40625,5301.39,1902.48125,2822.25,1994.49,
835.1469195,1729.595,-2292.40625,5345.177143,1918.194286,2951.1,2175.34,
800.8147764,1865.552222,-2243.781429,5345.177143,1918.194286,3037.1,2382.72,
800.8147764,1865.552222,-2243.781429,5301.39,1902.48125,3081.71,2558.63,
721.9338079,1729.595,-2008.562222,4952.964444,1777.444444,3112.22,2809.03,
721.9338079,1729.595,-2008.562222,4952.964444,1777.444444,3085.41,2570.98,
721.9338079,1729.595,-2008.562222,5301.39,1902.48125,3099.1,2575.43,
721.9338079,1865.552222,-2008.562222,5301.39,1902.48125,3127.79,2624.33,
800.8147764,1865.552222,-2243.781429,5301.39,1902.48125,3123.87,2659.17,
800.8147764,1865.552222,-2243.781429,5345.177143,1918.194286,3091.57,2682.48,
835.1469195,1865.552222,-2292.40625,5345.177143,1918.194286,3056.16,2672.42,
835.1469195,1865.552222,-2292.40625,5345.177143,1918.194286,2996.24,2672.47,
835.1469195,1865.552222,-2292.40625,5345.177143,1918.194286,2981.09,2627.21,
835.1469195,1865.552222,-2292.40625,5345.177143,1918.194286,2961.12,2643.58,
835.1469195,1729.595,-2292.40625,5301.39,1902.48125,2945.99,2572.06,
800.8147764,1729.595,-2243.781429,4952.964444,1777.444444,2881.68,2438.04,
800.8147764,1365.345714,-2243.781429,4952.964444,1777.444444,2884.12,2185.39,
720.4540626,1362.287143,-1999.177778,4952.628889,1777.323333,2874.6,1921.21,
720.4540626,1362.287143,-1999.177778,4952.628889,1777.323333,2838.08,1850.42,
720.4540626,1362.287143,-1999.177778,4952.628889,1777.323333,2784.5,1771.54,
720.4540626,1362.287143,-1999.177778,4952.628889,1777.323333,2755.98,1747.36,
720.4540626,1362.287143,-1999.177778,4952.628889,1777.323333,2747.2,1703.31,
799.1896099,1362.287143,-2229.151429,5283.5825,1896.09125,2765.85,1741.98,
833.3477723,1718.18,-2276.49,5283.5825,1896.09125,2828.8,1933.82,
833.3477723,1718.18,-2276.49,5283.5825,1896.09125,2821.21,1996.21,
833.3477723,1718.18,-2276.49,5324.165714,1910.654286,2945.55,2169.33,
799.1896099,1851.167778,-2229.151429,5324.165714,1910.654286,3028.53,2367.83,
799.1896099,1851.167778,-2229.151429,5283.5825,1896.09125,3071.58,2536.21,
720.4540626,1718.18,-1999.177778,4952.628889,1777.323333,3101.03,2770.38,
720.4540626,1718.18,-1999.177778,4952.628889,1777.323333,3075.16,2548.04,
720.4540626,1718.18,-1999.177778,5283.5825,1896.09125,3088.36,2552.29,
720.4540626,1851.167778,-1999.177778,5283.5825,1896.09125,3120.03,2599.1,
799.1896099,1851.167778,-2229.151429,5283.5825,1896.09125,3112.26,2632.45,
799.1896099,1851.167778,-2229.151429,5324.165714,1910.654286,3081.1,2654.76,
833.3477723,1851.167778,-2276.49,5324.165714,1910.654286,3046.93,2645.14,
833.3477723,1851.167778,-2276.49,5324.165714,1910.654286,2989.11,2645.18,
833.3477723,1851.167778,-2276.49,5324.165714,1910.654286,2974.49,2601.86,
833.3477723,1851.167778,-2276.49,5324.165714,1910.654286,2955.22,2617.53,
833.3477723,1718.18,-2276.49,5283.5825,1896.09125,2940.62,2549.07,
799.1896099,1718.18,-2229.151429,4952.628889,1777.323333,2878.56,2420.79,
799.1896099,1362.287143,-2229.151429,4952.628889,1777.323333,2880.91,2178.94,
721.2312566,1346.174286,-1982.026667,4938.987778,1772.428889,2869.45,1918.02,
721.2312566,1346.174286,-1982.026667,4938.987778,1772.428889,2832.92,1848.06,
721.2312566,1346.174286,-1982.026667,4938.987778,1772.428889,2779.31,1770.1,
721.2312566,1346.174286,-1982.026667,4938.987778,1772.428889,2750.78,1746.2,
721.2312566,1346.174286,-1982.026667,4938.987778,1772.428889,2743.39,1700.99,
800.5586878,1346.174286,-2215.235714,5267.485,1890.3125,2760.66,1740.88,
834.983923,1708.03875,-2264.08375,5267.485,1890.3125,2823.64,1930.48,
834.983923,1708.03875,-2264.08375,5267.485,1890.3125,2816.04,1992.14,
834.983923,1708.03875,-2264.08375,5308.358571,1904.981429,2940.43,2163.23,
800.5586878,1842.644444,-2215.235714,5308.358571,1904.981429,3023.45,2359.4,
800.5586878,1842.644444,-2215.235714,5267.485,1890.3125,3066.52,2525.81,
721.2312566,1708.03875,-1982.026667,4938.987778,1772.428889,3095.98,2754.96,
721.2312566,1708.03875,-1982.026667,4938.987778,1772.428889,3070.1,2537.5,
721.2312566,1708.03875,-1982.026667,5267.485,1890.3125,3083.3,2541.71,
721.2312566,1842.644444,-1982.026667,5267.485,1890.3125,3116.67,2587.96,
800.5586878,1842.644444,-2215.235714,5267.485,1890.3125,3107.22,2620.92,
800.5586878,1842.644444,-2215.235714,5308.358571,1904.981429,3076.04,2642.97,
834.983923,1842.644444,-2264.08375,5308.358571,1904.981429,3041.86,2633.46,
834.983923,1842.644444,-2264.08375,5308.358571,1904.981429,2984.01,2633.51,
834.983923,1842.644444,-2264.08375,5308.358571,1904.981429,2969.39,2590.69,
834.983923,1842.644444,-2264.08375,5308.358571,1904.981429,2950.1,2606.18,
834.983923,1708.03875,-2264.08375,5267.485,1890.3125,2935.5,2538.52,
800.5586878,1708.03875,-2215.235714,4938.987778,1772.428889,2873.42,2411.74,
800.5586878,1346.174286,-2215.235714,4938.987778,1772.428889,2875.77,2172.73,
723.4375044,1336.921429,-1968.552222,4932.556667,1770.122222,2865.5,1913.09,
723.4375044,1336.921429,-1968.552222,4932.556667,1770.122222,2829.79,1841.95,
723.4375044,1336.921429,-1968.552222,4932.556667,1770.122222,2777.4,1762.68,
723.4375044,1336.921429,-1968.552222,4932.556667,1770.122222,2749.52,1738.38,
723.4375044,1336.921429,-1968.552222,4932.556667,1770.122222,2745.02,1692.52,
804.1873897,1336.921429,-2199.937143,5246.00375,1882.60375,2759.18,1732.97,
839.2878283,1696.7025,-2249.05875,5246.00375,1882.60375,2820.72,1925.76,
839.2878283,1696.7025,-2249.05875,5246.00375,1882.60375,2813.3,1988.46,
839.2878283,1696.7025,-2249.05875,5285.364286,1896.728571,2934.86,2162.43,
804.1873897,1830.061111,-2199.937143,5285.364286,1896.728571,3016,2361.9,
804.1873897,1830.061111,-2199.937143,5246.00375,1882.60375,3058.09,2531.12,
723.4375044,1696.7025,-1968.552222,4932.556667,1770.122222,3086.87,2764.28,
723.4375044,1696.7025,-1968.552222,4932.556667,1770.122222,3061.58,2543.01,
723.4375044,1696.7025,-1968.552222,5246.00375,1882.60375,3074.49,2547.28,
723.4375044,1830.061111,-1968.552222,5246.00375,1882.60375,3110.4,2594.32,
804.1873897,1830.061111,-2199.937143,5246.00375,1882.60375,3097.86,2627.83,
804.1873897,1830.061111,-2199.937143,5285.364286,1896.728571,3067.39,2650.25,
839.2878283,1830.061111,-2249.05875,5285.364286,1896.728571,3033.98,2640.58,
839.2878283,1830.061111,-2249.05875,5285.364286,1896.728571,2977.45,2640.63,
839.2878283,1830.061111,-2249.05875,5285.364286,1896.728571,2963.16,2597.09,
839.2878283,1830.061111,-2249.05875,5285.364286,1896.728571,2944.31,2612.84,
839.2878283,1696.7025,-2249.05875,5246.00375,1882.60375,2930.05,2544.04,
804.1873897,1696.7025,-2199.937143,4932.556667,1770.122222,2869.37,2415.13,
804.1873897,1336.921429,-2199.937143,4932.556667,1770.122222,2871.67,2172.09,
726.1993388,1334.351429,-1959.501111,4914.976667,1763.811111,2859.95,1913.62,
726.1993388,1334.351429,-1959.501111,4914.976667,1763.811111,2824.95,1841.24,
726.1993388,1334.351429,-1959.501111,4914.976667,1763.811111,2773.6,1760.59,
726.1993388,1334.351429,-1959.501111,4914.976667,1763.811111,2746.26,1735.86,
726.1993388,1334.351429,-1959.501111,4914.976667,1763.811111,2743.08,1693.84,
807.7878702,1334.351429,-2185.384286,5230.4425,1877.0225,2755.73,1730.36,
843.2614926,1685.29125,-2233.08875,5230.4425,1877.0225,2816.06,1926.51,
843.2614926,1685.29125,-2233.08875,5230.4425,1877.0225,2808.79,1990.3,
843.2614926,1685.29125,-2233.08875,5271.218571,1891.652857,2927.95,2167.31,
807.7878702,1815.552222,-2185.384286,5271.218571,1891.652857,3007.48,2370.27,
807.7878702,1815.552222,-2185.384286,5230.4425,1877.0225,3048.74,2542.43,
726.1993388,1685.29125,-1959.501111,4914.976667,1763.811111,3076.96,2785.97,
726.1993388,1685.29125,-1959.501111,4914.976667,1763.811111,3052.16,2554.53,
726.1993388,1685.29125,-1959.501111,5230.4425,1877.0225,3064.82,2558.88,
726.1993388,1815.552222,-1959.501111,5230.4425,1877.0225,3101.49,2606.74,
807.7878702,1815.552222,-2185.384286,5230.4425,1877.0225,3087.73,2640.83,
807.7878702,1815.552222,-2185.384286,5271.218571,1891.652857,3057.86,2663.64,
843.2614926,1815.552222,-2233.08875,5271.218571,1891.652857,3025.11,2653.81,
843.2614926,1815.552222,-2233.08875,5271.218571,1891.652857,2969.69,2653.85,
843.2614926,1815.552222,-2233.08875,5271.218571,1891.652857,2955.69,2609.55,
843.2614926,1815.552222,-2233.08875,5271.218571,1891.652857,2937.21,2625.58,
843.2614926,1685.29125,-2233.08875,5230.4425,1877.0225,2923.22,2555.58,
807.7878702,1685.29125,-2185.384286,4914.976667,1763.811111,2863.75,2424.41,
807.7878702,1334.351429,-2185.384286,4914.976667,1763.811111,2866,2177.14,
729.8658034,1326.262857,-1948.877778,4893.477778,1756.094444,2852.45,1927.38,
729.8658034,1326.262857,-1948.877778,4893.477778,1756.094444,2817.9,1855.74,
729.8658034,1326.262857,-1948.877778,4893.477778,1756.094444,2767.21,1775.9,
729.8658034,1326.262857,-1948.877778,4893.477778,1756.094444,2740.23,1751.42,
729.8658034,1326.262857,-1948.877778,4893.477778,1756.094444,2733.13,1715.17,
811.1947211,1326.262857,-2174.945714,5222.555,1874.19,2749.58,1745.98,
846.6458665,1676.84625,-2222.12,5222.555,1874.19,2809.13,1940.15,
846.6458665,1676.84625,-2222.12,5222.555,1874.19,2801.94,2003.3,
846.6458665,1676.84625,-2222.12,5265.134286,1889.468571,2919.56,2178.51,
811.1947211,1807.384444,-2174.945714,5265.134286,1889.468571,2998.06,2379.41,
811.1947211,1807.384444,-2174.945714,5222.555,1874.19,3038.78,2549.84,
729.8658034,1676.84625,-1948.877778,4893.477778,1756.094444,3066.64,2798.18,
729.8658034,1676.84625,-1948.877778,4893.477778,1756.094444,3042.17,2561.81,
729.8658034,1676.84625,-1948.877778,5222.555,1874.19,3054.66,2566.12,
729.8658034,1807.384444,-1948.877778,5222.555,1874.19,3086.06,2613.49,
811.1947211,1807.384444,-2174.945714,5222.555,1874.19,3077.27,2647.24,
811.1947211,1807.384444,-2174.945714,5265.134286,1889.468571,3047.79,2669.82,
846.6458665,1807.384444,-2222.12,5265.134286,1889.468571,3015.46,2660.08,
846.6458665,1807.384444,-2222.12,5265.134286,1889.468571,2960.76,2660.13,
846.6458665,1807.384444,-2222.12,5265.134286,1889.468571,2946.94,2616.28,
846.6458665,1807.384444,-2222.12,5265.134286,1889.468571,2928.71,2632.14,
846.6458665,1676.84625,-2222.12,5222.555,1874.19,2914.9,2562.85,
811.1947211,1676.84625,-2174.945714,4893.477778,1756.094444,2856.2,2433.01,
811.1947211,1326.262857,-2174.945714,4893.477778,1756.094444,2858.42,2188.24,
734.1845558,1326.042857,-1953.938889,4877.34,1750.302222,2835.75,1938.95,
734.1845558,1326.042857,-1953.938889,4877.34,1750.302222,2796.83,1867.55,
734.1845558,1326.042857,-1953.938889,4877.34,1750.302222,2739.73,1788,
734.1845558,1326.042857,-1953.938889,4877.34,1750.302222,2709.33,1763.61,
734.1845558,1326.042857,-1953.938889,4877.34,1750.302222,2693.22,1733.09,
814.8730502,1326.042857,-2184.924286,5217.85125,1872.5025,2719.86,1758.18,
849.9225509,1685.00875,-2233.79125,5217.85125,1872.5025,2786.95,1951.66,
849.9225509,1685.00875,-2233.79125,5217.85125,1872.5025,2778.86,2014.59,
849.9225509,1685.00875,-2233.79125,5260.88,1887.944286,2911.35,2189.19,
814.8730502,1818.184444,-2184.924286,5260.88,1887.944286,2999.78,2389.39,
814.8730502,1818.184444,-2184.924286,5217.85125,1872.5025,3045.66,2559.21,
734.1845558,1685.00875,-1953.938889,4877.34,1750.302222,3077.04,2814.31,
734.1845558,1685.00875,-1953.938889,4877.34,1750.302222,3049.47,2571.14,
734.1845558,1685.00875,-1953.938889,5217.85125,1872.5025,3063.54,2575.44,
734.1845558,1818.184444,-1953.938889,5217.85125,1872.5025,3089.12,2622.64,
814.8730502,1818.184444,-2184.924286,5217.85125,1872.5025,3089.01,2656.27,
814.8730502,1818.184444,-2184.924286,5260.88,1887.944286,3055.8,2678.78,
849.9225509,1818.184444,-2233.79125,5260.88,1887.944286,3019.39,2669.07,
849.9225509,1818.184444,-2233.79125,5260.88,1887.944286,2957.77,2669.12,
849.9225509,1818.184444,-2233.79125,5260.88,1887.944286,2942.2,2625.42,
849.9225509,1818.184444,-2233.79125,5260.88,1887.944286,2921.66,2641.23,
849.9225509,1685.00875,-2233.79125,5217.85125,1872.5025,2906.1,2572.18,
814.8730502,1685.00875,-2184.924286,4877.34,1750.302222,2839.97,2442.8,
814.8730502,1326.042857,-2184.924286,4877.34,1750.302222,2842.48,2198.88,
738.664632,1331.114286,-1964.282222,4893.642222,1756.153333,2820.81,1948.62,
738.664632,1331.114286,-1964.282222,4893.642222,1756.153333,2777.2,1877.48,
738.664632,1331.114286,-1964.282222,4893.642222,1756.153333,2713.21,1798.21,
738.664632,1331.114286,-1964.282222,4893.642222,1756.153333,2679.15,1773.91,
738.664632,1331.114286,-1964.282222,4893.642222,1756.153333,2662,1745.99,
818.4873737,1331.114286,-2199.388571,5224.14,1874.76,2690.94,1768.5,
853.1920388,1695.665,-2248.41125,5224.14,1874.76,2766.12,1961.29,
853.1920388,1695.665,-2248.41125,5224.14,1874.76,2757.06,2023.99,
853.1920388,1695.665,-2248.41125,5264.938571,1889.4,2905.55,2197.96,
818.4873737,1831.431111,-2199.388571,5264.938571,1889.4,3004.65,2397.44,
818.4873737,1831.431111,-2199.388571,5224.14,1874.76,3056.06,2566.66,
738.664632,1695.665,-1964.282222,4893.642222,1756.153333,3091.23,2824.24,
738.664632,1695.665,-1964.282222,4893.642222,1756.153333,3060.33,2578.55,
738.664632,1695.665,-1964.282222,5224.14,1874.76,3076.1,2582.82,
738.664632,1831.431111,-1964.282222,5224.14,1874.76,3105.87,2629.86,
818.4873737,1831.431111,-2199.388571,5224.14,1874.76,3104.65,2663.37,
818.4873737,1831.431111,-2199.388571,5264.938571,1889.4,3067.43,2685.79,
853.1920388,1831.431111,-2248.41125,5264.938571,1889.4,3026.62,2676.12,
853.1920388,1831.431111,-2248.41125,5264.938571,1889.4,2957.56,2676.17,
853.1920388,1831.431111,-2248.41125,5264.938571,1889.4,2940.11,2632.63,
853.1920388,1831.431111,-2248.41125,5264.938571,1889.4,2917.09,2648.38,
853.1920388,1695.665,-2248.41125,5224.14,1874.76,2899.66,2579.58,
818.4873737,1695.665,-2199.388571,4893.642222,1756.153333,2825.55,2450.66,
818.4873737,1331.114286,-2199.388571,4893.642222,1756.153333,2828.36,2207.62,
745.4226622,1351.582857,-1982.508889,4896.155556,1757.057778,2821.05,1962.17,
745.4226622,1351.582857,-1982.508889,4896.155556,1757.057778,2779.34,1892.57,
745.4226622,1351.582857,-1982.508889,4896.155556,1757.057778,2718.13,1815.01,
745.4226622,1351.582857,-1982.508889,4896.155556,1757.057778,2685.55,1791.23,
745.4226622,1351.582857,-1982.508889,4896.155556,1757.057778,2674.72,1762.49,
821.7146544,1351.582857,-2209.558571,5205.9275,1868.2225,2696.83,1785.94,
854.6283649,1703.285,-2256.58875,5205.9275,1868.2225,2768.74,1974.57,
854.6283649,1703.285,-2256.58875,5205.9275,1868.2225,2760.07,2035.92,
854.6283649,1703.285,-2256.58875,5243.872857,1881.84,2902.09,2206.13,
821.7146544,1834.493333,-2209.558571,5243.872857,1881.84,2996.88,2401.31,
821.7146544,1834.493333,-2209.558571,5205.9275,1868.2225,3046.06,2566.87,
745.4226622,1703.285,-1982.508889,4896.155556,1757.057778,3079.69,2816.96,
745.4226622,1703.285,-1982.508889,4896.155556,1757.057778,3050.14,2578.5,
745.4226622,1703.285,-1982.508889,5205.9275,1868.2225,3065.22,2582.69,
745.4226622,1834.493333,-1982.508889,5205.9275,1868.2225,3100.43,2628.71,
821.7146544,1834.493333,-2209.558571,5205.9275,1868.2225,3092.53,2661.5,
821.7146544,1834.493333,-2209.558571,5243.872857,1881.84,3056.93,2683.43,
854.6283649,1834.493333,-2256.58875,5243.872857,1881.84,3017.9,2673.97,
854.6283649,1834.493333,-2256.58875,5243.872857,1881.84,2951.85,2674.02,
854.6283649,1834.493333,-2256.58875,5243.872857,1881.84,2935.16,2631.42,
854.6283649,1834.493333,-2256.58875,5243.872857,1881.84,2913.14,2646.83,
854.6283649,1703.285,-2256.58875,5205.9275,1868.2225,2896.47,2579.51,
821.7146544,1703.285,-2209.558571,4896.155556,1757.057778,2825.58,2453.38,
821.7146544,1351.582857,-2209.558571,4896.155556,1757.057778,2828.26,2215.58,
749.4197583,1355.224286,-1984.286667,4879.193333,1750.967778,2828.14,1960.02,
749.4197583,1355.224286,-1984.286667,4879.193333,1750.967778,2788.64,1889.39,
749.4197583,1355.224286,-1984.286667,4879.193333,1750.967778,2730.66,1810.69,
749.4197583,1355.224286,-1984.286667,4879.193333,1750.967778,2699.81,1786.56,
749.4197583,1355.224286,-1984.286667,4879.193333,1750.967778,2693.61,1752.89,
825.2300456,1355.224286,-2208.382857,5194.4925,1864.11875,2710.5,1781.19,
857.935803,1702.4275,-2254.865,5194.4925,1864.11875,2778.6,1972.6,
857.935803,1702.4275,-2254.865,5194.4925,1864.11875,2770.39,2034.85,
857.935803,1702.4275,-2254.865,5232.951429,1877.921429,2904.9,2207.57,
825.2300456,1831.908889,-2208.382857,5232.951429,1877.921429,2994.67,2405.62,
825.2300456,1831.908889,-2208.382857,5194.4925,1864.11875,3041.25,2573.62,
749.4197583,1702.4275,-1984.286667,4879.193333,1750.967778,3073.1,2821.25,
749.4197583,1702.4275,-1984.286667,4879.193333,1750.967778,3045.12,2585.42,
749.4197583,1702.4275,-1984.286667,5194.4925,1864.11875,3059.4,2589.67,
749.4197583,1831.908889,-1984.286667,5194.4925,1864.11875,3097.64,2636.37,
825.2300456,1831.908889,-2208.382857,5194.4925,1864.11875,3085.26,2669.64,
825.2300456,1831.908889,-2208.382857,5232.951429,1877.921429,3051.54,2691.9,
857.935803,1831.908889,-2254.865,5232.951429,1877.921429,3014.58,2682.3,
857.935803,1831.908889,-2254.865,5232.951429,1877.921429,2952.02,2682.35,
857.935803,1831.908889,-2254.865,5232.951429,1877.921429,2936.21,2639.12,
857.935803,1831.908889,-2254.865,5232.951429,1877.921429,2915.36,2654.76,
857.935803,1702.4275,-2254.865,5194.4925,1864.11875,2899.57,2586.45,
825.2300456,1702.4275,-2208.382857,4879.193333,1750.967778,2832.43,2458.46,
825.2300456,1355.224286,-2208.382857,4879.193333,1750.967778,2834.97,2217.16,
749.1534169,1348.625714,-1973.501111,4866.986667,1746.588889,2824.74,1945.46,
749.1534169,1348.625714,-1973.501111,4866.986667,1746.588889,2785.66,1871.95,
749.1534169,1348.625714,-1973.501111,4866.986667,1746.588889,2728.33,1790.03,
749.1534169,1348.625714,-1973.501111,4866.986667,1746.588889,2697.82,1764.91,
749.1534169,1348.625714,-1973.501111,4866.986667,1746.588889,2694.27,1728.24,
828.7390364,1348.625714,-2195.861429,5177.27875,1857.9425,2708.39,1759.32,
863.2772094,1692.19375,-2241.1525,5177.27875,1857.9425,2775.74,1958.56,
863.2772094,1692.19375,-2241.1525,5177.27875,1857.9425,2767.62,2023.36,
863.2772094,1692.19375,-2241.1525,5213.045714,1870.778571,2900.64,2203.15,
828.7390364,1820.918889,-2195.861429,5213.045714,1870.778571,2989.43,2409.3,
828.7390364,1820.918889,-2195.861429,5177.27875,1857.9425,3035.49,2584.18,
749.1534169,1692.19375,-1973.501111,4866.986667,1746.588889,3066.99,2839.73,
749.1534169,1692.19375,-1973.501111,4866.986667,1746.588889,3039.31,2596.46,
749.1534169,1692.19375,-1973.501111,5177.27875,1857.9425,3053.44,2600.88,
749.1534169,1820.918889,-1973.501111,5177.27875,1857.9425,3094.38,2649.49,
828.7390364,1820.918889,-2195.861429,5177.27875,1857.9425,3079.02,2684.13,
828.7390364,1820.918889,-2195.861429,5213.045714,1870.778571,3045.67,2707.3,
863.2772094,1820.918889,-2241.1525,5213.045714,1870.778571,3009.11,2697.3,
863.2772094,1820.918889,-2241.1525,5213.045714,1870.778571,2947.25,2697.35,
863.2772094,1820.918889,-2241.1525,5213.045714,1870.778571,2931.61,2652.36,
863.2772094,1820.918889,-2241.1525,5213.045714,1870.778571,2910.99,2668.64,
863.2772094,1692.19375,-2241.1525,5177.27875,1857.9425,2895.37,2597.53,
828.7390364,1692.19375,-2195.861429,4866.986667,1746.588889,2828.98,2464.3,
828.7390364,1348.625714,-2195.861429,4866.986667,1746.588889,2831.49,2213.13,
749.0911803,1345.201429,-1963.102222,4844.654444,1738.575556,2819.21,1939.69,
749.0911803,1345.201429,-1963.102222,4844.654444,1738.575556,2780.72,1865.65,
749.0911803,1345.201429,-1963.102222,4844.654444,1738.575556,2724.23,1783.15,
749.0911803,1345.201429,-1963.102222,4844.654444,1738.575556,2694.17,1757.86,
749.0911803,1345.201429,-1963.102222,4844.654444,1738.575556,2692.51,1724.35,
832.1557295,1345.201429,-2179.768571,5151.9325,1848.84625,2704.58,1752.23,
868.2491001,1679.5325,-2223.51625,5151.9325,1848.84625,2770.94,1952.88,
868.2491001,1679.5325,-2223.51625,5151.9325,1848.84625,2762.94,2018.13,
868.2491001,1679.5325,-2223.51625,5187.395714,1861.571429,2894,2199.19,
832.1557295,1805.077778,-2179.768571,5187.395714,1861.571429,2981.47,2406.81,
832.1557295,1805.077778,-2179.768571,5151.9325,1848.84625,3026.85,2582.92,
749.0911803,1679.5325,-1963.102222,4844.654444,1738.575556,3057.89,2844.94,
749.0911803,1679.5325,-1963.102222,4844.654444,1738.575556,3030.62,2595.29,
749.0911803,1679.5325,-1963.102222,5151.9325,1848.84625,3044.54,2599.74,
749.0911803,1805.077778,-1963.102222,5151.9325,1848.84625,3087.09,2648.7,
832.1557295,1805.077778,-2179.768571,5151.9325,1848.84625,3069.73,2683.57,
832.1557295,1805.077778,-2179.768571,5187.395714,1861.571429,3036.88,2706.91,
868.2491001,1805.077778,-2223.51625,5187.395714,1861.571429,3000.86,2696.85,
868.2491001,1805.077778,-2223.51625,5187.395714,1861.571429,2939.91,2696.89,
868.2491001,1805.077778,-2223.51625,5187.395714,1861.571429,2924.51,2651.58,
868.2491001,1805.077778,-2223.51625,5187.395714,1861.571429,2904.19,2667.97,
868.2491001,1679.5325,-2223.51625,5151.9325,1848.84625,2888.8,2596.37,
832.1557295,1679.5325,-2179.768571,4844.654444,1738.575556,2823.39,2462.2,
832.1557295,1345.201429,-2179.768571,4844.654444,1738.575556,2825.87,2209.25,
750.1431267,1334.712857,-1947.383333,4811.318889,1726.61,2815.9,1943.77,
750.1431267,1334.712857,-1947.383333,4811.318889,1726.61,2780.75,1871.35,
750.1431267,1334.712857,-1947.383333,4811.318889,1726.61,2729.18,1790.64,
750.1431267,1334.712857,-1947.383333,4811.318889,1726.61,2702.16,1765.89,
750.1431267,1334.712857,-1947.383333,4811.318889,1726.61,2702.16,1732.61,
832.2248225,1334.712857,-2161.684286,5119.24375,1837.11625,2711.23,1760.39,
867.799818,1665.9375,-2205.43375,5119.24375,1837.11625,2771.83,1956.67,
867.799818,1665.9375,-2205.43375,5119.24375,1837.11625,2764.52,2020.51,
867.799818,1665.9375,-2205.43375,5157.275714,1850.765714,2884.2,2197.63,
832.2248225,1789.967778,-2161.684286,5157.275714,1850.765714,2964.07,2400.72,
832.2248225,1789.967778,-2161.684286,5119.24375,1837.11625,3005.51,2573,
750.1431267,1665.9375,-1947.383333,4811.318889,1726.61,3033.85,2828.62,
750.1431267,1665.9375,-1947.383333,4811.318889,1726.61,3008.95,2585.1,
750.1431267,1665.9375,-1947.383333,5119.24375,1837.11625,3021.66,2589.46,
750.1431267,1789.967778,-1947.383333,5119.24375,1837.11625,3063.36,2637.35,
832.2248225,1789.967778,-2161.684286,5119.24375,1837.11625,3044.67,2671.46,
832.2248225,1789.967778,-2161.684286,5157.275714,1850.765714,3014.67,2694.29,
867.799818,1789.967778,-2205.43375,5157.275714,1850.765714,2981.78,2684.45,
867.799818,1789.967778,-2205.43375,5157.275714,1850.765714,2926.12,2684.49,
867.799818,1789.967778,-2205.43375,5157.275714,1850.765714,2912.06,2640.17,
867.799818,1789.967778,-2205.43375,5157.275714,1850.765714,2893.5,2656.2,
867.799818,1665.9375,-2205.43375,5119.24375,1837.11625,2879.45,2586.15,
832.2248225,1665.9375,-2161.684286,4811.318889,1726.61,2819.72,2454.9,
832.2248225,1334.712857,-2161.684286,4811.318889,1726.61,2821.98,2207.46,
745.6484968,1325.467143,-1931.432222,4774.654444,1713.455556,2811.9,1954.67,
745.6484968,1325.467143,-1931.432222,4774.654444,1713.455556,2781.18,1885.36,
745.6484968,1325.467143,-1931.432222,4774.654444,1713.455556,2736.12,1808.11,
745.6484968,1325.467143,-1931.432222,4774.654444,1713.455556,2712.14,1784.43,
745.6484968,1325.467143,-1931.432222,4774.654444,1713.455556,2705.93,1750.1,
828.9663233,1325.467143,-2140.838571,5085.86625,1825.1375,2720.44,1779.16,
865.2519241,1651.0825,-2185.30125,5085.86625,1825.1375,2773.38,1967.02,
865.2519241,1651.0825,-2185.30125,5085.86625,1825.1375,2767,2028.12,
865.2519241,1651.0825,-2185.30125,5128.275714,1840.357143,2871.56,2197.65,
828.9663233,1771.77,-2140.838571,5128.275714,1840.357143,2941.35,2392.03,
828.9663233,1771.77,-2140.838571,5085.86625,1825.1375,2977.56,2556.93,
745.6484968,1651.0825,-1931.432222,4774.654444,1713.455556,3002.32,2798.23,
745.6484968,1651.0825,-1931.432222,4774.654444,1713.455556,2980.56,2568.51,
745.6484968,1651.0825,-1931.432222,5085.86625,1825.1375,2991.67,2572.68,
745.6484968,1771.77,-1931.432222,5085.86625,1825.1375,3019.73,2618.52,
828.9663233,1771.77,-2140.838571,5085.86625,1825.1375,3011.77,2651.17,
828.9663233,1771.77,-2140.838571,5128.275714,1840.357143,2985.56,2673.02,
865.2519241,1771.77,-2185.30125,5128.275714,1840.357143,2956.82,2663.6,
865.2519241,1771.77,-2185.30125,5128.275714,1840.357143,2908.19,2663.64,
865.2519241,1771.77,-2185.30125,5128.275714,1840.357143,2895.91,2621.21,
865.2519241,1771.77,-2185.30125,5128.275714,1840.357143,2879.69,2636.57,
865.2519241,1651.0825,-2185.30125,5085.86625,1825.1375,2867.42,2569.52,
828.9663233,1651.0825,-2140.838571,4774.654444,1713.455556,2815.23,2443.9,
828.9663233,1325.467143,-2140.838571,4774.654444,1713.455556,2817.21,2207.06,
741.7573844,1300.28,-1908.407778,4740.314444,1701.133333,2802.6,1951.71,
741.7573844,1300.28,-1908.407778,4740.314444,1701.133333,2772.85,1882.76,
741.7573844,1300.28,-1908.407778,4740.314444,1701.133333,2729.19,1805.93,
741.7573844,1300.28,-1908.407778,4740.314444,1701.133333,2705.95,1782.38,
741.7573844,1300.28,-1908.407778,4740.314444,1701.133333,2676.81,1742.92,
828.3812133,1300.28,-2126.617143,5066.3875,1818.145,2714,1777.14,
866.0657004,1641.04,-2174.22375,5066.3875,1818.145,2765.29,1963.99,
866.0657004,1641.04,-2174.22375,5066.3875,1818.145,2759.1,2024.76,
866.0657004,1641.04,-2174.22375,5112.782857,1834.797143,2860.42,2193.37,
828.3812133,1766.417778,-2126.617143,5112.782857,1834.797143,2928.03,2386.71,
828.3812133,1766.417778,-2126.617143,5066.3875,1818.145,2963.11,2550.72,
741.7573844,1641.04,-1908.407778,4740.314444,1701.133333,2986.41,2783.48,
741.7573844,1641.04,-1908.407778,4740.314444,1701.133333,2966.02,2562.24,
741.7573844,1641.04,-1908.407778,5066.3875,1818.145,2976.78,2566.38,
741.7573844,1766.417778,-1908.407778,5066.3875,1818.145,2986.41,2611.97,
828.3812133,1766.417778,-2126.617143,5066.3875,1818.145,2986.41,2644.45,
828.3812133,1766.417778,-2126.617143,5112.782857,1834.797143,2970.86,2666.18,
866.0657004,1766.417778,-2174.22375,5112.782857,1834.797143,2943.02,2656.81,
866.0657004,1766.417778,-2174.22375,5112.782857,1834.797143,2895.91,2656.86,
866.0657004,1766.417778,-2174.22375,5112.782857,1834.797143,2884,2614.66,
866.0657004,1766.417778,-2174.22375,5112.782857,1834.797143,2868.29,2629.93,
866.0657004,1641.04,-2174.22375,5066.3875,1818.145,2856.4,2563.24,
828.3812133,1641.04,-2126.617143,4740.314444,1701.133333,2805.83,2438.29,
828.3812133,1300.28,-2126.617143,4740.314444,1701.133333,2807.75,2202.74,
740.8000259,1285.345714,-1971.735556,4723.275556,1725.123333,2796,2059.42,
740.8000259,1285.345714,-1971.735556,4723.275556,1725.123333,2761.14,1987.91,
740.8000259,1285.345714,-1971.735556,4723.275556,1725.123333,2709.98,1908.22,
740.8000259,1285.345714,-1971.735556,4723.275556,1725.123333,2682.75,1883.79,
740.8000259,1285.345714,-1971.735556,4723.275556,1725.123333,2616.07,1765.64,
827.9457207,1285.345714,-2210.414286,5077.86,1854.6325,2692.18,1878.35,
867.9961623,1643.42625,-2261.41375,5077.86,1854.6325,2752.28,2072.16,
867.9961623,1643.42625,-2261.41375,5077.86,1854.6325,2745.03,2135.2,
867.9961623,1643.42625,-2261.41375,5121.855714,1870.698571,2863.74,2310.09,
827.9457207,1775.921111,-2210.414286,5121.855714,1870.698571,2942.97,2510.63,
827.9457207,1775.921111,-2210.414286,5077.86,1854.6325,2984.07,2680.74,
740.8000259,1643.42625,-1971.735556,4723.275556,1725.123333,2998.37,2817.09,
740.8000259,1643.42625,-1971.735556,4723.275556,1725.123333,2987.48,2692.69,
740.8000259,1643.42625,-1971.735556,5077.86,1854.6325,2998.37,2696.99,
740.8000259,1775.921111,-1971.735556,5077.86,1854.6325,2998.37,2744.27,
827.9457207,1775.921111,-2210.414286,5077.86,1854.6325,2998.37,2777.96,
827.9457207,1775.921111,-2210.414286,5121.855714,1870.698571,2993.15,2800.5,
867.9961623,1775.921111,-2261.41375,5121.855714,1870.698571,2960.53,2790.78,
867.9961623,1775.921111,-2261.41375,5121.855714,1870.698571,2905.33,2790.83,
867.9961623,1775.921111,-2261.41375,5121.855714,1870.698571,2891.37,2747.06,
867.9961623,1775.921111,-2261.41375,5121.855714,1870.698571,2872.97,2762.9,
867.9961623,1643.42625,-2261.41375,5077.86,1854.6325,2859.04,2693.73,
827.9457207,1643.42625,-2210.414286,4723.275556,1725.123333,2799.79,2564.13,
827.9457207,1285.345714,-2210.414286,4723.275556,1725.123333,2802.03,2319.8,
730.9053657,1293.512857,-1989.59,4817.58,1759.565556,2764.92,1989.84,
730.9053657,1293.512857,-1989.59,4817.58,1759.565556,2726.58,1921.63,
730.9053657,1293.512857,-1989.59,4817.58,1759.565556,2670.34,1845.62,
730.9053657,1293.512857,-1989.59,4817.58,1759.565556,2640.4,1822.32,
730.9053657,1293.512857,-1989.59,4817.58,1759.565556,2588.99,1737.32,
816.4388724,1293.512857,-2236.14,5153.405,1882.2225,2650.77,1817.13,
854.9344452,1661.24875,-2286.865,5153.405,1882.2225,2716.85,2001.99,
854.9344452,1661.24875,-2286.865,5153.405,1882.2225,2708.88,2062.11,
854.9344452,1661.24875,-2286.865,5193.318571,1896.8,2839.39,2228.92,
816.4388724,1798.672222,-2236.14,5193.318571,1896.8,2926.49,2420.2,
816.4388724,1798.672222,-2236.14,5153.405,1882.2225,2971.68,2582.45,
730.9053657,1661.24875,-1989.59,4817.58,1759.565556,2995.94,2750.19,
730.9053657,1661.24875,-1989.59,4817.58,1759.565556,2975.43,2593.85,
730.9053657,1661.24875,-1989.59,5153.405,1882.2225,2989.29,2597.95,
730.9053657,1798.672222,-1989.59,5153.405,1882.2225,2995.94,2643.05,
816.4388724,1798.672222,-2236.14,5153.405,1882.2225,2995.94,2675.19,
816.4388724,1798.672222,-2236.14,5193.318571,1896.8,2981.67,2696.69,
854.9344452,1798.672222,-2286.865,5193.318571,1896.8,2945.8,2687.41,
854.9344452,1798.672222,-2286.865,5193.318571,1896.8,2885.11,2687.46,
854.9344452,1798.672222,-2286.865,5193.318571,1896.8,2869.77,2645.71,
854.9344452,1798.672222,-2286.865,5193.318571,1896.8,2849.54,2660.81,
854.9344452,1661.24875,-2286.865,5153.405,1882.2225,2834.22,2594.84,
816.4388724,1661.24875,-2236.14,4817.58,1759.565556,2769.08,2471.23,
816.4388724,1293.512857,-2236.14,4817.58,1759.565556,2771.54,2238.19,
723.4596288,1326.83,-2021.103333,4903.196667,1790.836667,2754.25,1941.11,
723.4596288,1326.83,-2021.103333,4903.196667,1790.836667,2711.49,1875.13,
723.4596288,1326.83,-2021.103333,4903.196667,1790.836667,2648.73,1801.61,
723.4596288,1326.83,-2021.103333,4903.196667,1790.836667,2615.33,1779.07,
723.4596288,1326.83,-2021.103333,4903.196667,1790.836667,2593.96,1716.94,
808.7562723,1326.83,-2255.914286,5217.00625,1905.45375,2626.9,1774.06,
846.7782858,1674.21875,-2301.65125,5217.00625,1905.45375,2700.62,1952.86,
846.7782858,1674.21875,-2301.65125,5217.00625,1905.45375,2691.73,2011.02,
846.7782858,1674.21875,-2301.65125,5250.974286,1917.858571,2837.34,2172.36,
808.7562723,1805.844444,-2255.914286,5250.974286,1917.858571,2934.52,2357.38,
808.7562723,1805.844444,-2255.914286,5217.00625,1905.45375,2984.94,2514.32,
723.4596288,1674.21875,-2021.103333,4903.196667,1790.836667,3019.42,2703.89,
723.4596288,1674.21875,-2021.103333,4903.196667,1790.836667,2989.13,2525.34,
723.4596288,1674.21875,-2021.103333,5217.00625,1905.45375,3004.59,2529.31,
723.4596288,1805.844444,-2021.103333,5217.00625,1905.45375,3030.42,2572.93,
808.7562723,1805.844444,-2255.914286,5217.00625,1905.45375,3030.42,2604.01,
808.7562723,1805.844444,-2255.914286,5250.974286,1917.858571,2996.08,2624.81,
846.7782858,1805.844444,-2301.65125,5250.974286,1917.858571,2956.07,2615.84,
846.7782858,1805.844444,-2301.65125,5250.974286,1917.858571,2888.35,2615.88,
846.7782858,1805.844444,-2301.65125,5250.974286,1917.858571,2871.24,2575.5,
846.7782858,1805.844444,-2301.65125,5250.974286,1917.858571,2848.66,2590.11,
846.7782858,1674.21875,-2301.65125,5217.00625,1905.45375,2831.57,2526.3,
808.7562723,1674.21875,-2255.914286,4903.196667,1790.836667,2758.9,2406.74,
808.7562723,1326.83,-2255.914286,4903.196667,1790.836667,2761.65,2181.33,
717.8626148,1349.525714,-2043.89,4953.514444,1809.214444,2777.19,1902.58,
717.8626148,1349.525714,-2043.89,4953.514444,1809.214444,2742.44,1837.55,
717.8626148,1349.525714,-2043.89,4953.514444,1809.214444,2691.46,1765.09,
717.8626148,1349.525714,-2043.89,4953.514444,1809.214444,2664.32,1742.87,
717.8626148,1349.525714,-2043.89,4953.514444,1809.214444,2661.24,1689.47,
804.3865086,1349.525714,-2270.64,5267.7375,1923.98125,2673.72,1737.93,
842.2748186,1685.635,-2315.3925,5267.7375,1923.98125,2733.62,1914.16,
842.2748186,1685.635,-2315.3925,5267.7375,1923.98125,2726.39,1971.48,
842.2748186,1685.635,-2315.3925,5303.224286,1936.942857,2844.7,2130.51,
804.3865086,1812.567778,-2270.64,5303.224286,1936.942857,2923.67,2312.87,
804.3865086,1812.567778,-2270.64,5267.7375,1923.98125,2964.63,2467.55,
717.8626148,1685.635,-2043.89,4953.514444,1809.214444,2992.65,2665.08,
717.8626148,1685.635,-2043.89,4953.514444,1809.214444,2968.03,2478.42,
717.8626148,1685.635,-2043.89,5267.7375,1923.98125,2980.6,2482.33,
717.8626148,1812.567778,-2043.89,5267.7375,1923.98125,3017.1,2525.33,
804.3865086,1812.567778,-2270.64,5267.7375,1923.98125,3003.34,2555.96,
804.3865086,1812.567778,-2270.64,5303.224286,1936.942857,2973.69,2576.46,
842.2748186,1812.567778,-2315.3925,5303.224286,1936.942857,2941.17,2567.62,
842.2748186,1812.567778,-2315.3925,5303.224286,1936.942857,2886.15,2567.66,
842.2748186,1812.567778,-2315.3925,5303.224286,1936.942857,2872.25,2527.86,
842.2748186,1812.567778,-2315.3925,5303.224286,1936.942857,2853.9,2542.26,
842.2748186,1685.635,-2315.3925,5267.7375,1923.98125,2840.02,2479.37,
804.3865086,1685.635,-2270.64,4953.514444,1809.214444,2780.96,2361.52,
804.3865086,1349.525714,-2270.64,4953.514444,1809.214444,2783.2,2139.35,
716.5415042,1355.982857,-2055.858889,4982.018889,1819.626667,2786.96,1867.75,
716.5415042,1355.982857,-2055.858889,4982.018889,1819.626667,2753.21,1802.08,
716.5415042,1355.982857,-2055.858889,4982.018889,1819.626667,2703.68,1728.89,
716.5415042,1355.982857,-2055.858889,4982.018889,1819.626667,2677.33,1706.45,
716.5415042,1355.982857,-2055.858889,4982.018889,1819.626667,2676.79,1659.06,
800.5439054,1355.982857,-2285.135714,5306.33125,1938.0775,2686.46,1701.46,
836.7219147,1697.2625,-2331.6825,5306.33125,1938.0775,2744.64,1879.45,
836.7219147,1697.2625,-2331.6825,5306.33125,1938.0775,2737.62,1937.33,
836.7219147,1697.2625,-2331.6825,5345.44,1952.361429,2852.53,2097.94,
800.5439054,1825.243333,-2285.135714,5345.44,1952.361429,2929.23,2282.11,
800.5439054,1825.243333,-2285.135714,5306.33125,1938.0775,2969.01,2438.33,
716.5415042,1697.2625,-2055.858889,4982.018889,1819.626667,2996.22,2646.7,
716.5415042,1697.2625,-2055.858889,4982.018889,1819.626667,2972.32,2449.3,
716.5415042,1697.2625,-2055.858889,5306.33125,1938.0775,2984.52,2453.25,
716.5415042,1825.243333,-2055.858889,5306.33125,1938.0775,3022.94,2496.68,
800.5439054,1825.243333,-2285.135714,5306.33125,1938.0775,3006.61,2527.61,
800.5439054,1825.243333,-2285.135714,5345.44,1952.361429,2977.81,2548.31,
836.7219147,1825.243333,-2331.6825,5345.44,1952.361429,2946.23,2539.39,
836.7219147,1825.243333,-2331.6825,5345.44,1952.361429,2892.79,2539.43,
836.7219147,1825.243333,-2331.6825,5345.44,1952.361429,2879.28,2499.23,
836.7219147,1825.243333,-2331.6825,5345.44,1952.361429,2861.47,2513.78,
836.7219147,1697.2625,-2331.6825,5306.33125,1938.0775,2847.98,2450.26,
800.5439054,1697.2625,-2285.135714,4982.018889,1819.626667,2790.62,2331.24,
800.5439054,1355.982857,-2285.135714,4982.018889,1819.626667,2792.8,2106.86,
717.146295,1352.725714,-2062.075556,5002.181111,1826.99,2792.19,1845.78,
717.146295,1352.725714,-2062.075556,5002.181111,1826.99,2757.62,1780.25,
717.146295,1352.725714,-2062.075556,5002.181111,1826.99,2706.89,1707.22,
717.146295,1352.725714,-2062.075556,5002.181111,1826.99,2679.89,1684.84,
717.146295,1352.725714,-2062.075556,5002.181111,1826.99,2673.32,1646.15,
801.3796871,1352.725714,-2301.371429,5335.40375,1948.69625,2689.24,1679.85,
837.5906495,1709.88875,-2350.8325,5335.40375,1948.69625,2748.84,1857.46,
837.5906495,1709.88875,-2350.8325,5335.40375,1948.69625,2741.65,1915.22,
837.5906495,1709.88875,-2350.8325,5377.992857,1964.252857,2859.35,2075.49,
801.3796871,1843.204444,-2301.371429,5377.992857,1964.252857,2937.91,2259.26,
801.3796871,1843.204444,-2301.371429,5335.40375,1948.69625,2978.66,2415.14,
717.146295,1709.88875,-2062.075556,5002.181111,1826.99,3006.53,2634.79,
717.146295,1709.88875,-2062.075556,5002.181111,1826.99,2982.04,2426.09,
717.146295,1709.88875,-2062.075556,5335.40375,1948.69625,2994.54,2430.03,
717.146295,1843.204444,-2062.075556,5335.40375,1948.69625,3026.62,2473.37,
801.3796871,1843.204444,-2301.371429,5335.40375,1948.69625,3017.17,2504.24,
801.3796871,1843.204444,-2301.371429,5377.992857,1964.252857,2987.67,2524.89,
837.5906495,1843.204444,-2350.8325,5377.992857,1964.252857,2955.32,2515.99,
837.5906495,1843.204444,-2350.8325,5377.992857,1964.252857,2900.58,2516.03,
837.5906495,1843.204444,-2350.8325,5377.992857,1964.252857,2886.75,2475.92,
837.5906495,1843.204444,-2350.8325,5377.992857,1964.252857,2868.5,2490.43,
837.5906495,1709.88875,-2350.8325,5335.40375,1948.69625,2854.68,2427.05,
801.3796871,1709.88875,-2301.371429,5002.181111,1826.99,2795.94,2308.29,
801.3796871,1352.725714,-2301.371429,5002.181111,1826.99,2798.16,2084.39,
718.9328346,1357.254286,-2072.887778,5026.923333,1836.026667,2795.77,1839.39,
718.9328346,1357.254286,-2072.887778,5026.923333,1836.026667,2759.37,1775.97,
718.9328346,1357.254286,-2072.887778,5026.923333,1836.026667,2705.96,1705.29,
718.9328346,1357.254286,-2072.887778,5026.923333,1836.026667,2677.53,1683.62,
718.9328346,1357.254286,-2072.887778,5026.923333,1836.026667,2669.37,1652.28,
804.4388617,1357.254286,-2317.281429,5358.6925,1957.2025,2687.38,1678.8,
841.2187343,1721.1975,-2367.04625,5358.6925,1957.2025,2750.13,1850.69,
841.2187343,1721.1975,-2367.04625,5358.6925,1957.2025,2742.56,1906.6,
841.2187343,1721.1975,-2367.04625,5400.838571,1972.595714,2866.49,2061.71,
804.4388617,1857.568889,-2317.281429,5400.838571,1972.595714,2949.2,2239.57,
804.4388617,1857.568889,-2317.281429,5358.6925,1957.2025,2992.11,2390.45,
718.9328346,1721.1975,-2072.887778,5026.923333,1836.026667,3021.46,2611.34,
718.9328346,1721.1975,-2072.887778,5026.923333,1836.026667,2995.68,2401.04,
718.9328346,1721.1975,-2072.887778,5358.6925,1957.2025,3008.84,2404.86,
718.9328346,1857.568889,-2072.887778,5358.6925,1957.2025,3041.11,2446.8,
804.4388617,1857.568889,-2317.281429,5358.6925,1957.2025,3032.66,2476.68,
804.4388617,1857.568889,-2317.281429,5400.838571,1972.595714,3001.6,2496.67,
841.2187343,1857.568889,-2367.04625,5400.838571,1972.595714,2967.54,2488.05,
841.2187343,1857.568889,-2367.04625,5400.838571,1972.595714,2909.91,2488.09,
841.2187343,1857.568889,-2367.04625,5400.838571,1972.595714,2895.34,2449.27,
841.2187343,1857.568889,-2367.04625,5400.838571,1972.595714,2876.13,2463.31,
841.2187343,1721.1975,-2367.04625,5358.6925,1957.2025,2861.58,2401.97,
804.4388617,1721.1975,-2317.281429,5026.923333,1836.026667,2799.72,2287.02,
804.4388617,1357.254286,-2317.281429,5026.923333,1836.026667,2802.07,2070.33,
718.1713019,1359.294286,-2081.687778,5052.528889,1845.378889,2807.75,1832.42,
718.1713019,1359.294286,-2081.687778,5052.528889,1845.378889,2773.37,1770.39,
718.1713019,1359.294286,-2081.687778,5052.528889,1845.378889,2722.92,1701.25,
718.1713019,1359.294286,-2081.687778,5052.528889,1845.378889,2696.07,1680.06,
718.1713019,1359.294286,-2081.687778,5052.528889,1845.378889,2690.76,1645.58,
802.2186237,1359.294286,-2331.891429,5376.41875,1963.6775,2705.37,1675.34,
838.0479793,1732.2675,-2383.1775,5376.41875,1963.6775,2764.64,1843.47,
838.0479793,1732.2675,-2383.1775,5376.41875,1963.6775,2757.49,1898.15,
838.0479793,1732.2675,-2383.1775,5416.258571,1978.225714,2874.54,2049.87,
802.2186237,1871.783333,-2331.891429,5416.258571,1978.225714,2952.67,2223.84,
802.2186237,1871.783333,-2331.891429,5376.41875,1963.6775,2993.2,2371.41,
718.1713019,1732.2675,-2081.687778,5052.528889,1845.378889,3020.92,2582.25,
718.1713019,1732.2675,-2081.687778,5052.528889,1845.378889,2996.56,2381.77,
718.1713019,1732.2675,-2081.687778,5376.41875,1963.6775,3008.99,2385.5,
718.1713019,1871.783333,-2081.687778,5376.41875,1963.6775,3042.38,2426.52,
802.2186237,1871.783333,-2331.891429,5376.41875,1963.6775,3031.5,2455.75,
802.2186237,1871.783333,-2331.891429,5416.258571,1978.225714,3002.15,2475.3,
838.0479793,1871.783333,-2383.1775,5416.258571,1978.225714,2969.99,2466.87,
838.0479793,1871.783333,-2383.1775,5416.258571,1978.225714,2915.55,2466.91,
838.0479793,1871.783333,-2383.1775,5416.258571,1978.225714,2901.79,2428.94,
838.0479793,1871.783333,-2383.1775,5416.258571,1978.225714,2883.65,2442.68,
838.0479793,1732.2675,-2383.1775,5376.41875,1963.6775,2869.9,2382.68,
802.2186237,1732.2675,-2331.891429,5052.528889,1845.378889,2811.48,2270.25,
802.2186237,1359.294286,-2331.891429,5052.528889,1845.378889,2813.69,2058.3,
715.6238957,1362.448571,-2088.897778,5071.892222,1852.452222,2818.72,1815.2,
715.6238957,1362.448571,-2088.897778,5071.892222,1852.452222,2785.75,1751.68,
715.6238957,1362.448571,-2088.897778,5071.892222,1852.452222,2737.36,1680.89,
715.6238957,1362.448571,-2088.897778,5071.892222,1852.452222,2711.61,1659.19,
715.6238957,1362.448571,-2088.897778,5071.892222,1852.452222,2709.85,1612.22,
797.8182921,1362.448571,-2341.804286,5385.74625,1967.08125,2720.53,1654.36,
832.8886175,1739.905,-2394.0575,5385.74625,1967.08125,2777.37,1826.52,
832.8886175,1739.905,-2394.0575,5385.74625,1967.08125,2770.52,1882.51,
832.8886175,1739.905,-2394.0575,5425.342857,1981.544286,2882.78,2037.86,
797.8182921,1880.811111,-2341.804286,5425.342857,1981.544286,2957.71,2215.99,
797.8182921,1880.811111,-2341.804286,5385.74625,1967.08125,2996.58,2367.1,
715.6238957,1739.905,-2088.897778,5071.892222,1852.452222,3023.17,2567.13,
715.6238957,1739.905,-2088.897778,5071.892222,1852.452222,2999.81,2377.71,
715.6238957,1739.905,-2088.897778,5385.74625,1967.08125,3011.73,2381.53,
715.6238957,1880.811111,-2088.897778,5385.74625,1967.08125,3047.77,2423.53,
797.8182921,1880.811111,-2341.804286,5385.74625,1967.08125,3033.31,2453.46,
797.8182921,1880.811111,-2341.804286,5425.342857,1981.544286,3005.17,2473.48,
832.8886175,1880.811111,-2394.0575,5425.342857,1981.544286,2974.32,2464.85,
832.8886175,1880.811111,-2394.0575,5425.342857,1981.544286,2922.11,2464.89,
832.8886175,1880.811111,-2394.0575,5425.342857,1981.544286,2908.92,2426.01,
832.8886175,1880.811111,-2394.0575,5425.342857,1981.544286,2891.51,2440.08,
832.8886175,1739.905,-2394.0575,5385.74625,1967.08125,2878.33,2378.64,
797.8182921,1739.905,-2341.804286,5071.892222,1852.452222,2822.3,2263.52,
797.8182921,1362.448571,-2341.804286,5071.892222,1852.452222,2824.42,2046.49,
711.2445991,1383.664286,-2100.431111,5065.553333,1850.135556,2825.19,1803.86,
711.2445991,1383.664286,-2100.431111,5065.553333,1850.135556,2791.75,1737.36,
711.2445991,1383.664286,-2100.431111,5065.553333,1850.135556,2742.68,1663.26,
711.2445991,1383.664286,-2100.431111,5065.553333,1850.135556,2716.56,1640.55,
711.2445991,1383.664286,-2100.431111,5065.553333,1850.135556,2715.4,1590.11,
793.235462,1383.664286,-2336.901429,5374.36125,1962.925,2725.61,1635.49,
828.4691854,1735.79125,-2385.03625,5374.36125,1962.925,2783.26,1815.7,
828.4691854,1735.79125,-2385.03625,5374.36125,1962.925,2776.3,1874.31,
828.4691854,1735.79125,-2385.03625,5414.378571,1977.54,2890.17,2036.93,
793.235462,1867.746667,-2336.901429,5414.378571,1977.54,2966.16,2223.4,
793.235462,1867.746667,-2336.901429,5374.36125,1962.925,3005.58,2381.57,
711.2445991,1735.79125,-2100.431111,5065.553333,1850.135556,3032.55,2589.22,
711.2445991,1735.79125,-2100.431111,5065.553333,1850.135556,3008.86,2392.68,
711.2445991,1735.79125,-2100.431111,5374.36125,1962.925,3020.95,2396.68,
711.2445991,1867.746667,-2100.431111,5374.36125,1962.925,3058.26,2440.65,
793.235462,1867.746667,-2336.901429,5374.36125,1962.925,3042.84,2471.97,
793.235462,1867.746667,-2336.901429,5414.378571,1977.54,3014.3,2492.93,
828.4691854,1867.746667,-2385.03625,5414.378571,1977.54,2983.01,2483.9,
828.4691854,1867.746667,-2385.03625,5414.378571,1977.54,2930.05,2483.94,
828.4691854,1867.746667,-2385.03625,5414.378571,1977.54,2916.67,2443.24,
828.4691854,1867.746667,-2385.03625,5414.378571,1977.54,2899.02,2457.96,
828.4691854,1735.79125,-2385.03625,5374.36125,1962.925,2885.65,2393.65,
793.235462,1735.79125,-2336.901429,5065.553333,1850.135556,2828.82,2273.15,
793.235462,1383.664286,-2336.901429,5065.553333,1850.135556,2830.98,2045.96,
706.4071314,1382.66,-2092.193333,5057.261111,1847.108889,2828.36,1817.56,
706.4071314,1382.66,-2092.193333,5057.261111,1847.108889,2793.46,1751,
706.4071314,1382.66,-2092.193333,5057.261111,1847.108889,2742.26,1676.83,
706.4071314,1382.66,-2092.193333,5057.261111,1847.108889,2715,1654.1,
706.4071314,1382.66,-2092.193333,5057.261111,1847.108889,2713.9,1606.43,
788.9783755,1382.66,-2321.672857,5362.89375,1958.73625,2724.44,1649.03,
824.4433063,1724.6825,-2368.6575,5362.89375,1958.73625,2784.6,1829.42,
824.4433063,1724.6825,-2368.6575,5362.89375,1958.73625,2777.34,1888.08,
824.4433063,1724.6825,-2368.6575,5403.131429,1973.43,2896.15,2050.86,
788.9783755,1852.658889,-2321.672857,5403.131429,1973.43,2975.45,2237.5,
788.9783755,1852.658889,-2321.672857,5362.89375,1958.73625,3016.59,2395.82,
706.4071314,1724.6825,-2092.193333,5057.261111,1847.108889,3044.72,2607.51,
706.4071314,1724.6825,-2092.193333,5057.261111,1847.108889,3020,2406.95,
706.4071314,1724.6825,-2092.193333,5362.89375,1958.73625,3032.62,2410.95,
706.4071314,1852.658889,-2092.193333,5362.89375,1958.73625,3071.69,2454.96,
788.9783755,1852.658889,-2321.672857,5362.89375,1958.73625,3055.46,2486.31,
788.9783755,1852.658889,-2321.672857,5403.131429,1973.43,3025.68,2507.29,
824.4433063,1852.658889,-2368.6575,5403.131429,1973.43,2993.03,2498.25,
824.4433063,1852.658889,-2368.6575,5403.131429,1973.43,2937.77,2498.29,
824.4433063,1852.658889,-2368.6575,5403.131429,1973.43,2923.81,2457.55,
824.4433063,1852.658889,-2368.6575,5403.131429,1973.43,2905.39,2472.29,
824.4433063,1724.6825,-2368.6575,5362.89375,1958.73625,2891.44,2407.91,
788.9783755,1724.6825,-2321.672857,5057.261111,1847.108889,2832.14,2287.3,
788.9783755,1382.66,-2321.672857,5057.261111,1847.108889,2834.39,2059.9,
701.9850406,1364.088571,-2074.412222,5042.485556,1841.708889,2835.56,1842.75,
701.9850406,1364.088571,-2074.412222,5042.485556,1841.708889,2801.94,1776.66,
701.9850406,1364.088571,-2074.412222,5042.485556,1841.708889,2752.62,1703,
701.9850406,1364.088571,-2074.412222,5042.485556,1841.708889,2726.37,1680.42,
701.9850406,1364.088571,-2074.412222,5042.485556,1841.708889,2722.06,1635.35,
784.6171582,1364.088571,-2310.808571,5360.46125,1957.84625,2735.47,1675.39,
820.0218821,1716.8675,-2359.61375,5360.46125,1957.84625,2793.41,1854.53,
820.0218821,1716.8675,-2359.61375,5360.46125,1957.84625,2786.42,1912.79,
820.0218821,1716.8675,-2359.61375,5402.264286,1973.115714,2900.86,2074.44,
784.6171582,1848.584444,-2310.808571,5402.264286,1973.115714,2977.24,2259.8,
784.6171582,1848.584444,-2310.808571,5360.46125,1957.84625,3016.86,2417.03,
701.9850406,1716.8675,-2074.412222,5042.485556,1841.708889,3043.96,2630.35,
701.9850406,1716.8675,-2074.412222,5042.485556,1841.708889,3020.15,2428.08,
701.9850406,1716.8675,-2074.412222,5360.46125,1957.84625,3032.31,2432.05,
701.9850406,1848.584444,-2074.412222,5360.46125,1957.84625,3066.01,2475.76,
784.6171582,1848.584444,-2310.808571,5360.46125,1957.84625,3054.31,2506.9,
784.6171582,1848.584444,-2310.808571,5402.264286,1973.115714,3025.62,2527.73,
820.0218821,1848.584444,-2359.61375,5402.264286,1973.115714,2994.17,2518.75,
820.0218821,1848.584444,-2359.61375,5402.264286,1973.115714,2940.95,2518.79,
820.0218821,1848.584444,-2359.61375,5402.264286,1973.115714,2927.5,2478.33,
820.0218821,1848.584444,-2359.61375,5402.264286,1973.115714,2909.76,2492.97,
820.0218821,1716.8675,-2359.61375,5360.46125,1957.84625,2896.32,2429.04,
784.6171582,1716.8675,-2310.808571,5042.485556,1841.708889,2839.2,2309.25,
784.6171582,1364.088571,-2310.808571,5042.485556,1841.708889,2841.37,2083.42,
696.7531547,1351.34,-2071.327778,5038.506667,1840.258889,2835.81,1857.06,
696.7531547,1351.34,-2071.327778,5038.506667,1840.258889,2800.08,1787.86,
696.7531547,1351.34,-2071.327778,5038.506667,1840.258889,2747.64,1710.74,
696.7531547,1351.34,-2071.327778,5038.506667,1840.258889,2719.73,1687.1,
696.7531547,1351.34,-2071.327778,5038.506667,1840.258889,2713.7,1637.94,
780.1709061,1351.34,-2321.564286,5377.08,1963.915,2729.4,1681.84,
816.0016407,1724.955,-2373.39375,5377.08,1963.915,2791,1869.39,
816.0016407,1724.955,-2373.39375,5377.08,1963.915,2783.57,1930.38,
816.0016407,1724.955,-2373.39375,5422.022857,1980.331429,2905.24,2099.62,
780.1709061,1864.337778,-2321.564286,5422.022857,1980.331429,2986.44,2293.67,
780.1709061,1864.337778,-2321.564286,5377.08,1963.915,3028.57,2458.28,
696.7531547,1724.955,-2071.327778,5038.506667,1840.258889,3057.38,2678.91,
696.7531547,1724.955,-2071.327778,5038.506667,1840.258889,3032.07,2469.85,
696.7531547,1724.955,-2071.327778,5377.08,1963.915,3044.99,2474.01,
696.7531547,1864.337778,-2071.327778,5377.08,1963.915,3079.06,2519.76,
780.1709061,1864.337778,-2321.564286,5377.08,1963.915,3068.38,2552.36,
780.1709061,1864.337778,-2321.564286,5422.022857,1980.331429,3037.88,2574.17,
816.0016407,1864.337778,-2373.39375,5422.022857,1980.331429,3004.44,2564.77,
816.0016407,1864.337778,-2373.39375,5422.022857,1980.331429,2947.86,2564.81,
816.0016407,1864.337778,-2373.39375,5422.022857,1980.331429,2933.56,2522.46,
816.0016407,1864.337778,-2373.39375,5422.022857,1980.331429,2914.7,2537.78,
816.0016407,1724.955,-2373.39375,5377.08,1963.915,2900.42,2470.85,
780.1709061,1724.955,-2321.564286,5038.506667,1840.258889,2839.69,2345.44,
780.1709061,1351.34,-2321.564286,5038.506667,1840.258889,2841.99,2109.02,
691.7529736,1359.991429,-2083.512222,5048.24,1843.812222,2834.9,1887.88,
691.7529736,1359.991429,-2083.512222,5048.24,1843.812222,2796.53,1817.17,
691.7529736,1359.991429,-2083.512222,5048.24,1843.812222,2740.23,1738.38,
691.7529736,1359.991429,-2083.512222,5048.24,1843.812222,2710.26,1714.22,
691.7529736,1359.991429,-2083.512222,5048.24,1843.812222,2707.94,1664.41,
775.6201952,1359.991429,-2334.488571,5389.4225,1968.42375,2720.64,1708.84,
811.7112697,1734.31875,-2386.1175,5389.4225,1968.42375,2786.78,1900.47,
811.7112697,1734.31875,-2386.1175,5389.4225,1968.42375,2778.81,1962.8,
811.7112697,1734.31875,-2386.1175,5433.552857,1984.544286,2909.45,2135.72,
775.6201952,1874.215556,-2334.488571,5433.552857,1984.544286,2996.64,2334,
775.6201952,1874.215556,-2334.488571,5389.4225,1968.42375,3041.87,2502.19,
691.7529736,1734.31875,-2083.512222,5048.24,1843.812222,3072.81,2728.21,
691.7529736,1734.31875,-2083.512222,5048.24,1843.812222,3045.63,2514.01,
691.7529736,1734.31875,-2083.512222,5389.4225,1968.42375,3059.5,2518.26,
691.7529736,1874.215556,-2083.512222,5389.4225,1968.42375,3101.12,2565.02,
775.6201952,1874.215556,-2334.488571,5389.4225,1968.42375,3084.62,2598.33,
775.6201952,1874.215556,-2334.488571,5433.552857,1984.544286,3051.87,2620.61,
811.7112697,1874.215556,-2386.1175,5433.552857,1984.544286,3015.97,2611,
811.7112697,1874.215556,-2386.1175,5433.552857,1984.544286,2955.21,2611.05,
811.7112697,1874.215556,-2386.1175,5433.552857,1984.544286,2939.86,2567.77,
811.7112697,1874.215556,-2386.1175,5433.552857,1984.544286,2919.6,2583.43,
811.7112697,1734.31875,-2386.1175,5389.4225,1968.42375,2904.27,2515.04,
775.6201952,1734.31875,-2334.488571,5048.24,1843.812222,2839.06,2386.9,
775.6201952,1359.991429,-2334.488571,5048.24,1843.812222,2841.53,2145.32,
688.4175573,1375.431429,-2095.785556,5062.154444,1848.893333,2831.32,1935.69,
688.4175573,1375.431429,-2095.785556,5062.154444,1848.893333,2790.72,1865.34,
688.4175573,1375.431429,-2095.785556,5062.154444,1848.893333,2731.15,1786.94,
688.4175573,1375.431429,-2095.785556,5062.154444,1848.893333,2699.49,1762.9,
688.4175573,1375.431429,-2095.785556,5062.154444,1848.893333,2699.49,1722.46,
770.5349618,1375.431429,-2338.347143,5392.6975,1969.6225,2710.43,1757.55,
806.2987866,1737.2025,-2388.24375,5392.6975,1969.6225,2780.41,1948.22,
806.2987866,1737.2025,-2388.24375,5392.6975,1969.6225,2771.97,2010.23,
806.2987866,1737.2025,-2388.24375,5434.997143,1985.07,2910.19,2182.29,
770.5349618,1872.403333,-2338.347143,5434.997143,1985.07,3002.43,2379.57,
770.5349618,1872.403333,-2338.347143,5392.6975,1969.6225,3050.29,2546.92,
688.4175573,1737.2025,-2095.785556,5062.154444,1848.893333,3083.02,2784.2,
688.4175573,1737.2025,-2095.785556,5062.154444,1848.893333,3054.27,2558.68,
688.4175573,1737.2025,-2095.785556,5392.6975,1969.6225,3068.94,2562.91,
688.4175573,1872.403333,-2095.785556,5392.6975,1969.6225,3116.02,2609.43,
770.5349618,1872.403333,-2338.347143,5392.6975,1969.6225,3095.51,2642.57,
770.5349618,1872.403333,-2338.347143,5434.997143,1985.07,3060.87,2664.74,
806.2987866,1872.403333,-2388.24375,5434.997143,1985.07,3022.88,2655.18,
806.2987866,1872.403333,-2388.24375,5434.997143,1985.07,2958.61,2655.23,
806.2987866,1872.403333,-2388.24375,5434.997143,1985.07,2942.36,2612.17,
806.2987866,1872.403333,-2388.24375,5434.997143,1985.07,2920.93,2627.75,
806.2987866,1737.2025,-2388.24375,5392.6975,1969.6225,2904.71,2559.7,
770.5349618,1737.2025,-2338.347143,5062.154444,1848.893333,2835.72,2432.2,
770.5349618,1375.431429,-2338.347143,5062.154444,1848.893333,2838.34,2191.84,
684.0810242,1373.587143,-2092.592222,5057.108889,1847.05,2827.53,2004.04,
684.0810242,1373.587143,-2092.592222,5057.108889,1847.05,2787.94,1937.2,
684.0810242,1373.587143,-2092.592222,5057.108889,1847.05,2729.85,1862.7,
684.0810242,1373.587143,-2092.592222,5057.108889,1847.05,2698.93,1839.86,
684.0810242,1373.587143,-2092.592222,5057.108889,1847.05,2695.57,1809.73,
767.2651367,1373.587143,-2334.451429,5377.1875,1963.95875,2709.64,1834.78,
803.6470673,1734.29625,-2384.18875,5377.1875,1963.95875,2777.88,2015.95,
803.6470673,1734.29625,-2384.18875,5377.1875,1963.95875,2769.65,2074.87,
803.6470673,1734.29625,-2384.18875,5417.772857,1978.781429,2904.44,2238.36,
767.2651367,1869.114444,-2334.451429,5417.772857,1978.781429,2994.4,2425.81,
767.2651367,1869.114444,-2334.451429,5377.1875,1963.95875,3041.06,2584.83,
684.0810242,1734.29625,-2092.592222,5057.108889,1847.05,3072.98,2821.58,
684.0810242,1734.29625,-2092.592222,5057.108889,1847.05,3044.94,2596,
684.0810242,1734.29625,-2092.592222,5377.1875,1963.95875,3059.25,2600.02,
684.0810242,1869.114444,-2092.592222,5377.1875,1963.95875,3101.02,2644.22,
767.2651367,1869.114444,-2334.451429,5377.1875,1963.95875,3085.17,2675.71,
767.2651367,1869.114444,-2334.451429,5417.772857,1978.781429,3051.38,2696.78,
803.6470673,1869.114444,-2384.18875,5417.772857,1978.781429,3014.34,2687.7,
803.6470673,1869.114444,-2384.18875,5417.772857,1978.781429,2951.66,2687.74,
803.6470673,1869.114444,-2384.18875,5417.772857,1978.781429,2935.82,2646.82,
803.6470673,1869.114444,-2384.18875,5417.772857,1978.781429,2914.92,2661.63,
803.6470673,1734.29625,-2384.18875,5377.1875,1963.95875,2899.1,2596.97,
767.2651367,1734.29625,-2334.451429,5057.108889,1847.05,2831.82,2475.83,
767.2651367,1373.587143,-2334.451429,5057.108889,1847.05,2834.37,2247.44,
687.6016121,1366.085714,-2083.357778,5046.744444,1843.266667,2832.16,2065.32,
687.6016121,1366.085714,-2083.357778,5046.744444,1843.266667,2798.84,2000.55,
687.6016121,1366.085714,-2083.357778,5046.744444,1843.266667,2749.94,1928.36,
687.6016121,1366.085714,-2083.357778,5046.744444,1843.266667,2723.91,1906.24,
687.6016121,1366.085714,-2083.357778,5046.744444,1843.266667,2722.75,1882.83,
772.1601315,1366.085714,-2326.287143,5358.69375,1957.20125,2732.93,1901.31,
809.0418353,1727.95875,-2375.84875,5358.69375,1957.20125,2790.37,2076.86,
809.0418353,1727.95875,-2375.84875,5358.69375,1957.20125,2783.45,2133.95,
809.0418353,1727.95875,-2375.84875,5398.68,1971.807143,2896.91,2292.36,
772.1601315,1863.486667,-2326.287143,5398.68,1971.807143,2972.63,2473.99,
772.1601315,1863.486667,-2326.287143,5358.69375,1957.20125,3011.91,2628.07,
687.6016121,1727.95875,-2083.357778,5046.744444,1843.266667,3038.78,2865.36,
687.6016121,1727.95875,-2083.357778,5046.744444,1843.266667,3015.18,2638.9,
687.6016121,1727.95875,-2083.357778,5358.69375,1957.20125,3027.23,2642.79,
687.6016121,1863.486667,-2083.357778,5358.69375,1957.20125,3064.4,2685.62,
772.1601315,1863.486667,-2326.287143,5358.69375,1957.20125,3049.04,2716.13,
772.1601315,1863.486667,-2326.287143,5398.68,1971.807143,3020.6,2736.55,
809.0418353,1863.486667,-2375.84875,5398.68,1971.807143,2989.42,2727.75,
809.0418353,1863.486667,-2375.84875,5398.68,1971.807143,2936.65,2727.79,
809.0418353,1863.486667,-2375.84875,5398.68,1971.807143,2923.32,2688.14,
809.0418353,1863.486667,-2375.84875,5398.68,1971.807143,2905.73,2702.49,
809.0418353,1727.95875,-2375.84875,5358.69375,1957.20125,2892.41,2639.84,
772.1601315,1727.95875,-2326.287143,5046.744444,1843.266667,2835.78,2522.45,
772.1601315,1366.085714,-2326.287143,5046.744444,1843.266667,2837.92,2301.15,
691.2371469,1359.375714,-2071.915556,5029.025556,1836.795556,2832.54,2121.69,
691.2371469,1359.375714,-2071.915556,5029.025556,1836.795556,2803.92,2058.44,
691.2371469,1359.375714,-2071.915556,5029.025556,1836.795556,2761.94,1987.95,
691.2371469,1359.375714,-2071.915556,5029.025556,1836.795556,2739.59,1966.34,
691.2371469,1359.375714,-2071.915556,5029.025556,1836.795556,2738.35,1948.27,
778.6669788,1359.375714,-2312.608571,5340.62375,1950.6025,2747.33,1961.53,
816.291914,1717.61375,-2361.43875,5340.62375,1950.6025,2796.66,2132.96,
816.291914,1717.61375,-2361.43875,5340.62375,1950.6025,2790.71,2188.71,
816.291914,1717.61375,-2361.43875,5381.364286,1965.482857,2888.13,2343.4,
778.6669788,1851.976667,-2312.608571,5381.364286,1965.482857,2953.15,2520.77,
778.6669788,1851.976667,-2312.608571,5340.62375,1950.6025,2986.88,2671.23,
691.2371469,1717.61375,-2071.915556,5029.025556,1836.795556,3009.95,2909.45,
691.2371469,1717.61375,-2071.915556,5029.025556,1836.795556,2989.68,2681.8,
691.2371469,1717.61375,-2071.915556,5340.62375,1950.6025,3000.03,2685.61,
691.2371469,1851.976667,-2071.915556,5340.62375,1950.6025,3031.65,2727.43,
778.6669788,1851.976667,-2312.608571,5340.62375,1950.6025,3018.76,2757.23,
778.6669788,1851.976667,-2312.608571,5381.364286,1965.482857,2994.34,2777.17,
816.291914,1851.976667,-2361.43875,5381.364286,1965.482857,2967.57,2768.57,
816.291914,1851.976667,-2361.43875,5381.364286,1965.482857,2922.26,2768.61,
816.291914,1851.976667,-2361.43875,5381.364286,1965.482857,2910.81,2729.89,
816.291914,1851.976667,-2361.43875,5381.364286,1965.482857,2895.71,2743.9,
816.291914,1717.61375,-2361.43875,5340.62375,1950.6025,2884.27,2682.72,
778.6669788,1717.61375,-2312.608571,5029.025556,1836.795556,2835.64,2568.1,
778.6669788,1359.375714,-2312.608571,5029.025556,1836.795556,2837.49,2351.99,
694.1439905,1355.098571,-2061.031111,5011.361111,1830.342222,2829,2181.36,
694.1439905,1355.098571,-2061.031111,5011.361111,1830.342222,2803.27,2121.01,
694.1439905,1355.098571,-2061.031111,5011.361111,1830.342222,2765.51,2053.76,
694.1439905,1355.098571,-2061.031111,5011.361111,1830.342222,2745.41,2033.14,
694.1439905,1355.098571,-2061.031111,5011.361111,1830.342222,2741.08,2022.68,
785.2371051,1355.098571,-2296.258571,5322.8325,1944.10375,2752.37,2028.55,
824.2098485,1705.9325,-2344.6425,5322.8325,1944.10375,2796.73,2192.11,
824.2098485,1705.9325,-2344.6425,5322.8325,1944.10375,2791.38,2245.3,
824.2098485,1705.9325,-2344.6425,5363.92,1959.112857,2879,2392.89,
785.2371051,1837.053333,-2296.258571,5363.92,1959.112857,2937.48,2562.11,
785.2371051,1837.053333,-2296.258571,5322.8325,1944.10375,2967.81,2705.67,
694.1439905,1705.9325,-2061.031111,5011.361111,1830.342222,2988.56,2942.17,
694.1439905,1705.9325,-2061.031111,5011.361111,1830.342222,2970.33,2715.75,
694.1439905,1705.9325,-2061.031111,5322.8325,1944.10375,2979.63,2719.38,
694.1439905,1837.053333,-2061.031111,5322.8325,1944.10375,3004.19,2759.28,
785.2371051,1837.053333,-2296.258571,5322.8325,1944.10375,2996.48,2787.71,
785.2371051,1837.053333,-2296.258571,5363.92,1959.112857,2974.52,2806.73,
824.2098485,1837.053333,-2344.6425,5363.92,1959.112857,2950.44,2798.53,
824.2098485,1837.053333,-2344.6425,5363.92,1959.112857,2909.69,2798.57,
824.2098485,1837.053333,-2344.6425,5363.92,1959.112857,2899.39,2761.63,
824.2098485,1837.053333,-2344.6425,5363.92,1959.112857,2885.81,2775,
824.2098485,1705.9325,-2344.6425,5322.8325,1944.10375,2875.53,2716.63,
785.2371051,1705.9325,-2296.258571,5011.361111,1830.342222,2831.8,2607.26,
785.2371051,1355.098571,-2296.258571,5011.361111,1830.342222,2833.45,2401.08,
697.6033431,1341.151429,-2045.037778,4994.474444,1824.175556,2816.44,2220.7,
697.6033431,1341.151429,-2045.037778,4994.474444,1824.175556,2788.32,2160.67,
697.6033431,1341.151429,-2045.037778,4994.474444,1824.175556,2747.07,2093.78,
697.6033431,1341.151429,-2045.037778,4994.474444,1824.175556,2725.11,2073.27,
697.6033431,1341.151429,-2045.037778,4994.474444,1824.175556,2716.66,2070,
790.7259473,1341.151429,-2282.705714,5306.6,1938.17375,2732.72,2070,
830.4831564,1696.2275,-2332.1375,5306.6,1938.17375,2781.18,2231.4,
830.4831564,1696.2275,-2332.1375,5306.6,1938.17375,2775.34,2284.31,
830.4831564,1696.2275,-2332.1375,5347.298571,1953.041429,2871.06,2431.11,
790.7259473,1828.55,-2282.705714,5347.298571,1953.041429,2934.94,2599.44,
790.7259473,1828.55,-2282.705714,5306.6,1938.17375,2968.09,2742.24,
697.6033431,1696.2275,-2045.037778,4994.474444,1824.175556,2990.76,2988.79,
697.6033431,1696.2275,-2045.037778,4994.474444,1824.175556,2970.84,2752.27,
697.6033431,1696.2275,-2045.037778,5306.6,1938.17375,2981,2755.88,
697.6033431,1828.55,-2045.037778,5306.6,1938.17375,3003.34,2795.57,
790.7259473,1828.55,-2282.705714,5306.6,1938.17375,2999.41,2823.85,
790.7259473,1828.55,-2282.705714,5347.298571,1953.041429,2975.41,2842.77,
830.4831564,1828.55,-2332.1375,5347.298571,1953.041429,2949.11,2834.61,
830.4831564,1828.55,-2332.1375,5347.298571,1953.041429,2904.59,2834.65,
830.4831564,1828.55,-2332.1375,5347.298571,1953.041429,2893.34,2797.91,
830.4831564,1828.55,-2332.1375,5347.298571,1953.041429,2878.5,2811.2,
830.4831564,1696.2275,-2332.1375,5306.6,1938.17375,2867.26,2753.14,
790.7259473,1696.2275,-2282.705714,4994.474444,1824.175556,2819.49,2644.35,
790.7259473,1341.151429,-2282.705714,4994.474444,1824.175556,2821.3,2439.26,
703.5904261,1335.814286,-2034.538889,4986.36,1821.212222,2804.58,2250.98913,
703.5904261,1335.814286,-2034.538889,4986.36,1821.212222,2773.22,2191.19913,
703.5904261,1335.814286,-2034.538889,4986.36,1821.212222,2727.22,2124.55913,
703.5904261,1335.814286,-2034.538889,4986.36,1821.212222,2702.73,2104.12913,
703.5904261,1335.814286,-2034.538889,4986.36,1821.212222,2693.4,2100.55913,
794.2005446,1335.814286,-2269.205714,5285.61875,1930.51125,2711.21,2100.55913,
832.9126567,1685.865,-2317.5275,5285.61875,1930.51125,2765.26,2261.64913,
832.9126567,1685.865,-2317.5275,5285.61875,1930.51125,2758.74,2314.35913,
832.9126567,1685.865,-2317.5275,5323.964286,1944.518571,2865.5,2460.59913,
794.2005446,1816.66,-2269.205714,5323.964286,1944.518571,2936.75,2628.27913,
794.2005446,1816.66,-2269.205714,5285.61875,1930.51125,2973.71,2770.52913,
703.5904261,1685.865,-2034.538889,4986.36,1821.212222,2998.99,3000,
703.5904261,1685.865,-2034.538889,4986.36,1821.212222,2976.78,2780.51913,
703.5904261,1685.865,-2034.538889,5285.61875,1930.51125,2988.11,2784.11913,
703.5904261,1816.66,-2034.538889,5285.61875,1930.51125,3013.14,2823.65913,
794.2005446,1816.66,-2269.205714,5285.61875,1930.51125,3008.64,2851.82913,
794.2005446,1816.66,-2269.205714,5323.964286,1944.518571,2981.88,2870.67913,
832.9126567,1816.66,-2317.5275,5323.964286,1944.518571,2952.54,2862.54913,
832.9126567,1816.66,-2317.5275,5323.964286,1944.518571,2902.89,2862.58913,
832.9126567,1816.66,-2317.5275,5323.964286,1944.518571,2890.35,2825.98913,
832.9126567,1816.66,-2317.5275,5323.964286,1944.518571,2873.8,2839.22913,
832.9126567,1685.865,-2317.5275,5285.61875,1930.51125,2861.27,2781.38913,
794.2005446,1685.865,-2269.205714,4986.36,1821.212222,2807.98,2673.01913,
794.2005446,1335.814286,-2269.205714,4986.36,1821.212222,2810,2468.71913,
705.1737868,1320.177143,-2018.692222,4971,1815.601111,2800.79,2270.634783,
705.1737868,1320.177143,-2018.692222,4971,1815.601111,2769.17,2210.924783,
705.1737868,1320.177143,-2018.692222,4971,1815.601111,2722.77,2144.374783,
705.1737868,1320.177143,-2018.692222,4971,1815.601111,2698.07,2123.964783,
705.1737868,1320.177143,-2018.692222,4971,1815.601111,2691.72,2122.244783,
795.5454931,1320.177143,-2258.537143,5265.0725,1923.0075,2706.62,2122.244783,
834.5004865,1677.885,-2307.86,5265.0725,1923.0075,2761.14,2281.274783,
834.5004865,1677.885,-2307.86,5265.0725,1923.0075,2754.56,2333.914783,
834.5004865,1677.885,-2307.86,5303.361429,1936.992857,2862.23,2479.964783,
795.5454931,1811.583333,-2258.537143,5303.361429,1936.992857,2934.09,2647.424783,
795.5454931,1811.583333,-2258.537143,5265.0725,1923.0075,2971.36,2789.484783,
705.1737868,1677.885,-2018.692222,4971,1815.601111,2996.86,3000,
705.1737868,1677.885,-2018.692222,4971,1815.601111,2974.46,2799.464783,
705.1737868,1677.885,-2018.692222,5265.0725,1923.0075,2985.89,2803.054783,
705.1737868,1811.583333,-2018.692222,5265.0725,1923.0075,3014.83,2842.544783,
795.5454931,1811.583333,-2258.537143,5265.0725,1923.0075,3006.59,2870.674783,
795.5454931,1811.583333,-2258.537143,5303.361429,1936.992857,2979.6,2889.494783,
834.5004865,1811.583333,-2307.86,5303.361429,1936.992857,2950.02,2881.384783,
834.5004865,1811.583333,-2307.86,5303.361429,1936.992857,2899.94,2881.424783,
834.5004865,1811.583333,-2307.86,5303.361429,1936.992857,2887.29,2844.864783,
834.5004865,1811.583333,-2307.86,5303.361429,1936.992857,2870.6,2858.094783,
834.5004865,1677.885,-2307.86,5265.0725,1923.0075,2857.96,2800.334783,
795.5454931,1677.885,-2258.537143,4971,1815.601111,2804.22,2692.104783,
795.5454931,1320.177143,-2258.537143,4971,1815.601111,2806.26,2488.074783,
701.6128077,1309.357143,-2008.791111,4935.622222,1802.68,2805.77,2276.175652,
701.6128077,1309.357143,-2008.791111,4935.622222,1802.68,2774.72,2216.035652,
701.6128077,1309.357143,-2008.791111,4935.622222,1802.68,2729.17,2149.015652,
701.6128077,1309.357143,-2008.791111,4935.622222,1802.68,2704.92,2128.465652,
701.6128077,1309.357143,-2008.791111,4935.622222,1802.68,2699.32,2124.445652,
794.3387223,1309.357143,-2253.451429,5254.85125,1919.27625,2713.32,2124.445652,
834.3533838,1673.87,-2303.42375,5254.85125,1919.27625,2766.84,2286.895652,
834.3533838,1673.87,-2303.42375,5254.85125,1919.27625,2760.38,2339.905652,
834.3533838,1673.87,-2303.42375,5296.771429,1934.587143,2866.09,2486.985652,
794.3387223,1810.347778,-2253.451429,5296.771429,1934.587143,2936.64,2655.645652,
794.3387223,1810.347778,-2253.451429,5254.85125,1919.27625,2973.24,2798.715652,
701.6128077,1673.87,-2008.791111,4935.622222,1802.68,2998.28,3000,
701.6128077,1673.87,-2008.791111,4935.622222,1802.68,2976.28,2808.765652,
701.6128077,1673.87,-2008.791111,5254.85125,1919.27625,2987.51,2812.385652,
701.6128077,1810.347778,-2008.791111,5254.85125,1919.27625,3016.68,2852.145652,
794.3387223,1810.347778,-2253.451429,5254.85125,1919.27625,3007.83,2880.485652,
794.3387223,1810.347778,-2253.451429,5296.771429,1934.587143,2981.33,2899.435652,
834.3533838,1810.347778,-2303.42375,5296.771429,1934.587143,2952.28,2891.265652,
834.3533838,1810.347778,-2303.42375,5296.771429,1934.587143,2903.12,2891.305652,
834.3533838,1810.347778,-2303.42375,5296.771429,1934.587143,2890.7,2854.495652,
834.3533838,1810.347778,-2303.42375,5296.771429,1934.587143,2874.31,2867.805652,
834.3533838,1673.87,-2303.42375,5254.85125,1919.27625,2861.9,2809.635652,
794.3387223,1673.87,-2253.451429,4935.622222,1802.68,2809.14,2700.645652,
794.3387223,1309.357143,-2253.451429,4935.622222,1802.68,2811.14,2495.155652,
705.5462546,1311.017143,-2001.897778,4912.696667,1794.306667,2811.99,2271.056957,
705.5462546,1311.017143,-2001.897778,4912.696667,1794.306667,2781.78,2211.536957,
705.5462546,1311.017143,-2001.897778,4912.696667,1794.306667,2737.46,2145.196957,
705.5462546,1311.017143,-2001.897778,4912.696667,1794.306667,2713.86,2124.856957,
705.5462546,1311.017143,-2001.897778,4912.696667,1794.306667,2711.64,2122.666957,
797.5005182,1311.017143,-2238.66,5239.225,1913.56875,2722.04,2122.666957,
837.1557088,1661.5225,-2284.98375,5239.225,1913.56875,2774.11,2281.666957,
837.1557088,1661.5225,-2284.98375,5239.225,1913.56875,2767.83,2334.136957,
837.1557088,1661.5225,-2284.98375,5281.707143,1929.082857,2870.67,2479.706957,
797.5005182,1794.178889,-2238.66,5281.707143,1929.082857,2939.31,2646.636957,
797.5005182,1794.178889,-2238.66,5239.225,1913.56875,2974.92,2788.236957,
705.5462546,1661.5225,-2001.897778,4912.696667,1794.306667,2999.27,3000,
705.5462546,1661.5225,-2001.897778,4912.696667,1794.306667,2977.88,2798.176957,
705.5462546,1661.5225,-2001.897778,5239.225,1913.56875,2988.8,2801.756957,
705.5462546,1794.178889,-2001.897778,5239.225,1913.56875,3021.07,2841.116957,
797.5005182,1794.178889,-2238.66,5239.225,1913.56875,3008.57,2869.166957,
797.5005182,1794.178889,-2238.66,5281.707143,1929.082857,2982.79,2887.926957,
837.1557088,1794.178889,-2284.98375,5281.707143,1929.082857,2954.53,2879.836957,
837.1557088,1794.178889,-2284.98375,5281.707143,1929.082857,2906.7,2879.876957,
837.1557088,1794.178889,-2284.98375,5281.707143,1929.082857,2894.61,2843.436957,
837.1557088,1794.178889,-2284.98375,5281.707143,1929.082857,2878.67,2856.616957,
837.1557088,1661.5225,-2284.98375,5239.225,1913.56875,2866.6,2799.046957,
797.5005182,1661.5225,-2238.66,4912.696667,1794.306667,2815.26,2691.166957,
797.5005182,1311.017143,-2238.66,4912.696667,1794.306667,2817.21,2487.796957,
709.8484274,1313.281429,-1992.581111,4900.204444,1789.744444,2814.77,2284.58,
709.8484274,1313.281429,-1992.581111,4900.204444,1789.744444,2783.82,2231.37,
709.8484274,1313.281429,-1992.581111,4900.204444,1789.744444,2738.42,2172.08,
709.8484274,1313.281429,-1992.581111,4900.204444,1789.744444,2714.32,2153.9,
709.8484274,1313.281429,-1992.581111,4900.204444,1789.744444,2714.32,2153.78,
800.4943505,1313.281429,-2216.944286,5216.9925,1905.4475,2722.62,2153.78,
839.5719278,1645.585,-2260.97875,5216.9925,1905.4475,2775.96,2294.06,
839.5719278,1645.585,-2260.97875,5216.9925,1905.4475,2769.53,2340.96,
839.5719278,1645.585,-2260.97875,5257.938571,1920.402857,2874.89,2471.09,
800.4943505,1771.252222,-2216.944286,5257.938571,1920.402857,2945.21,2620.3,
800.4943505,1771.252222,-2216.944286,5216.9925,1905.4475,2981.69,2746.87,
709.8484274,1645.585,-1992.581111,4900.204444,1789.744444,3006.64,2972.64,
709.8484274,1645.585,-1992.581111,4900.204444,1789.744444,2984.72,2755.76,
709.8484274,1645.585,-1992.581111,5216.9925,1905.4475,2995.91,2758.96,
709.8484274,1771.252222,-1992.581111,5216.9925,1905.4475,3031.9,2794.14,
800.4943505,1771.252222,-2216.944286,5216.9925,1905.4475,3016.16,2819.21,
800.4943505,1771.252222,-2216.944286,5257.938571,1920.402857,2989.75,2835.98,
839.5719278,1771.252222,-2260.97875,5257.938571,1920.402857,2960.8,2828.75,
839.5719278,1771.252222,-2260.97875,5257.938571,1920.402857,2911.8,2828.78,
839.5719278,1771.252222,-2260.97875,5257.938571,1920.402857,2899.42,2796.21,
839.5719278,1771.252222,-2260.97875,5257.938571,1920.402857,2883.08,2808,
839.5719278,1645.585,-2260.97875,5216.9925,1905.4475,2870.72,2756.53,
800.4943505,1645.585,-2216.944286,4900.204444,1789.744444,2818.13,2660.1,
800.4943505,1313.281429,-2216.944286,4900.204444,1789.744444,2820.12,2478.31,
708.6825984,1307.385714,-1976.682222,4882.081111,1783.126667,2811.96,2296.13,
708.6825984,1307.385714,-1976.682222,4882.081111,1783.126667,2779.51,2250.2,
708.6825984,1307.385714,-1976.682222,4882.081111,1783.126667,2731.88,2199.02,
708.6825984,1307.385714,-1976.682222,4882.081111,1783.126667,2706.54,2183.32,
708.6825984,1307.385714,-1976.682222,4882.081111,1783.126667,2704.43,2176.62,
800.0466017,1307.385714,-2192.121429,5194.695,1897.30375,2715.32,2179.83,
839.4164801,1628.3925,-2236.1525,5194.695,1897.30375,2771.26,2304.32,
839.4164801,1628.3925,-2236.1525,5194.695,1897.30375,2764.52,2344.8,
839.4164801,1628.3925,-2236.1525,5236.941429,1912.732857,2875.01,2457.14,
800.0466017,1748.558889,-2192.121429,5236.941429,1912.732857,2948.76,2585.94,
800.0466017,1748.558889,-2192.121429,5194.695,1897.30375,2987.01,2695.2,
708.6825984,1628.3925,-1976.682222,4882.081111,1783.126667,3013.18,2876.94,
708.6825984,1628.3925,-1976.682222,4882.081111,1783.126667,2990.19,2702.88,
708.6825984,1628.3925,-1976.682222,5194.695,1897.30375,3001.93,2705.64,
708.6825984,1748.558889,-1976.682222,5194.695,1897.30375,3036.94,2736.01,
800.0466017,1748.558889,-2192.121429,5194.695,1897.30375,3023.17,2757.65,
800.0466017,1748.558889,-2192.121429,5236.941429,1912.732857,2995.47,2772.13,
839.4164801,1748.558889,-2236.1525,5236.941429,1912.732857,2965.11,2765.89,
839.4164801,1748.558889,-2236.1525,5236.941429,1912.732857,2913.72,2765.92,
839.4164801,1748.558889,-2236.1525,5236.941429,1912.732857,2900.73,2737.8,
839.4164801,1748.558889,-2236.1525,5236.941429,1912.732857,2883.6,2747.97,
839.4164801,1628.3925,-2236.1525,5194.695,1897.30375,2870.63,2703.55,
800.0466017,1628.3925,-2192.121429,4882.081111,1783.126667,2815.48,2620.31,
800.0466017,1307.385714,-2192.121429,4882.081111,1783.126667,2817.57,2463.38,
701.8017328,1279.17,-1948.94,4857.187778,1774.031111,2802.23,2218.27,
701.8017328,1279.17,-1948.94,4857.187778,1774.031111,2766.71,2163.14,
701.8017328,1279.17,-1948.94,4857.187778,1774.031111,2714.6,2101.7,
701.8017328,1279.17,-1948.94,4857.187778,1774.031111,2686.87,2082.86,
701.8017328,1279.17,-1948.94,4857.187778,1774.031111,2684.19,2052.01,
797.5764129,1279.17,-2173.468571,5181.685,1892.55125,2696.48,2078.67,
839.1862646,1615.75625,-2221.20375,5181.685,1892.55125,2757.69,2228.09,
839.1862646,1615.75625,-2221.20375,5181.685,1892.55125,2750.31,2276.69,
839.1862646,1615.75625,-2221.20375,5226.908571,1909.07,2871.22,2411.53,
797.5764129,1740.47,-2173.468571,5226.908571,1909.07,2951.92,2566.14,
797.5764129,1740.47,-2173.468571,5181.685,1892.55125,2993.78,2697.29,
701.8017328,1615.75625,-1948.94,4857.187778,1774.031111,3022.42,2884.4,
701.8017328,1615.75625,-1948.94,4857.187778,1774.031111,2997.26,2706.51,
701.8017328,1615.75625,-1948.94,5181.685,1892.55125,3010.1,2709.82,
701.8017328,1740.47,-1948.94,5181.685,1892.55125,3047.98,2746.28,
797.5764129,1740.47,-2173.468571,5181.685,1892.55125,3033.35,2772.25,
797.5764129,1740.47,-2173.468571,5226.908571,1909.07,3003.04,2789.63,
839.1862646,1740.47,-2221.20375,5226.908571,1909.07,2969.81,2782.14,
839.1862646,1740.47,-2221.20375,5226.908571,1909.07,2913.58,2782.17,
839.1862646,1740.47,-2221.20375,5226.908571,1909.07,2899.37,2748.43,
839.1862646,1740.47,-2221.20375,5226.908571,1909.07,2880.62,2760.64,
839.1862646,1615.75625,-2221.20375,5181.685,1892.55125,2866.43,2707.31,
797.5764129,1615.75625,-2173.468571,4857.187778,1774.031111,2806.08,2607.39,
797.5764129,1279.17,-2173.468571,4857.187778,1774.031111,2808.37,2419.02,
704.7088722,1260.04,-1928.564444,4863.045556,1776.171111,2792.48,2152.43,
704.7088722,1260.04,-1928.564444,4863.045556,1776.171111,2754.62,2089.28,
704.7088722,1260.04,-1928.564444,4863.045556,1776.171111,2699.06,2018.9,
704.7088722,1260.04,-1928.564444,4863.045556,1776.171111,2669.62,1997.32,
704.7088722,1260.04,-1928.564444,4863.045556,1776.171111,2669.62,1940.69,
801.4704463,1260.04,-2158.24,5184.205,1893.4725,2679.73,1992.52,
843.817998,1604.63625,-2207.33375,5184.205,1893.4725,2745,2163.68,
843.817998,1604.63625,-2207.33375,5184.205,1893.4725,2737.13,2219.35,
843.817998,1604.63625,-2207.33375,5227.814286,1909.4,2866.04,2373.8,
801.4704463,1732.13,-2158.24,5227.814286,1909.4,2952.08,2550.9,
801.4704463,1732.13,-2158.24,5184.205,1893.4725,2996.72,2701.13,
704.7088722,1604.63625,-1928.564444,4863.045556,1776.171111,3027.24,2886.47,
704.7088722,1604.63625,-1928.564444,4863.045556,1776.171111,3000.42,2711.69,
704.7088722,1604.63625,-1928.564444,5184.205,1893.4725,3014.11,2715.48,
704.7088722,1732.13,-1928.564444,5184.205,1893.4725,3058.27,2757.24,
801.4704463,1732.13,-2158.24,5184.205,1893.4725,3038.9,2787,
801.4704463,1732.13,-2158.24,5227.814286,1909.4,3006.58,2806.9,
843.817998,1732.13,-2207.33375,5227.814286,1909.4,2971.16,2798.32,
843.817998,1732.13,-2207.33375,5227.814286,1909.4,2911.2,2798.36,
843.817998,1732.13,-2207.33375,5227.814286,1909.4,2896.05,2759.7,
843.817998,1732.13,-2207.33375,5227.814286,1909.4,2876.07,2773.69,
843.817998,1604.63625,-2207.33375,5184.205,1893.4725,2860.93,2712.6,
801.4704463,1604.63625,-2158.24,4863.045556,1776.171111,2796.59,2598.15,
801.4704463,1260.04,-2158.24,4863.045556,1776.171111,2799.03,2382.38,
711.3152692,1256.642857,-1920.651111,4876.436667,1781.062222,2789.86,2121.92,
711.3152692,1256.642857,-1920.651111,4876.436667,1781.062222,2754.61,2055.41,
711.3152692,1256.642857,-1920.651111,4876.436667,1781.062222,2702.88,1981.29,
711.3152692,1256.642857,-1920.651111,4876.436667,1781.062222,2676.37,1958.57,
711.3152692,1256.642857,-1920.651111,4876.436667,1781.062222,2676.37,1917.73,
805.995771,1256.642857,-2147.628571,5198.26,1898.60375,2684.88,1953.51,
847.1996683,1596.03125,-2195.10125,5198.26,1898.60375,2745.65,2133.77,
847.1996683,1596.03125,-2195.10125,5198.26,1898.60375,2738.32,2192.4,
847.1996683,1596.03125,-2195.10125,5240.798571,1914.144286,2858.36,2355.06,
805.995771,1722.326667,-2147.628571,5240.798571,1914.144286,2938.47,2541.58,
805.995771,1722.326667,-2147.628571,5198.26,1898.60375,2980.02,2699.8,
711.3152692,1596.03125,-1920.651111,4876.436667,1781.062222,3008.45,2920.59,
711.3152692,1596.03125,-1920.651111,4876.436667,1781.062222,2983.48,2710.91,
711.3152692,1596.03125,-1920.651111,5198.26,1898.60375,2996.22,2714.91,
711.3152692,1722.326667,-1920.651111,5198.26,1898.60375,3039.43,2758.89,
805.995771,1722.326667,-2147.628571,5198.26,1898.60375,3019.3,2790.23,
805.995771,1722.326667,-2147.628571,5240.798571,1914.144286,2989.21,2811.19,
847.1996683,1722.326667,-2195.10125,5240.798571,1914.144286,2956.23,2802.15,
847.1996683,1722.326667,-2195.10125,5240.798571,1914.144286,2900.4,2802.19,
847.1996683,1722.326667,-2195.10125,5240.798571,1914.144286,2886.3,2761.48,
847.1996683,1722.326667,-2195.10125,5240.798571,1914.144286,2867.69,2776.21,
847.1996683,1596.03125,-2195.10125,5198.26,1898.60375,2853.6,2711.88,
805.995771,1596.03125,-2147.628571,4876.436667,1781.062222,2793.69,2591.34,
805.995771,1256.642857,-2147.628571,4876.436667,1781.062222,2795.96,2364.1,
716.8347872,1264.018571,-1933.298889,4885.143333,1784.241111,2780.22,2149.76,
716.8347872,1264.018571,-1933.298889,4885.143333,1784.241111,2745.04,2089.75,
716.8347872,1264.018571,-1933.298889,4885.143333,1784.241111,2693.43,2022.87,
716.8347872,1264.018571,-1933.298889,4885.143333,1784.241111,2665.95,2002.37,
716.8347872,1264.018571,-1933.298889,4885.143333,1784.241111,2657.66,1979.54,
811.8387193,1264.018571,-2163.462857,5216.54125,1905.2825,2675.47,1997.81,
852.7365513,1607.20625,-2210.72125,5216.54125,1905.2825,2736.11,2160.45,
852.7365513,1607.20625,-2210.72125,5216.54125,1905.2825,2728.8,2213.34,
852.7365513,1607.20625,-2210.72125,5258.731429,1920.692857,2848.56,2360.1,
811.8387193,1735.523333,-2163.462857,5258.731429,1920.692857,2928.5,2528.39,
811.8387193,1735.523333,-2163.462857,5216.54125,1905.2825,2969.97,2671.14,
716.8347872,1607.20625,-1933.298889,4885.143333,1784.241111,2998.33,2889.42,
716.8347872,1607.20625,-1933.298889,4885.143333,1784.241111,2973.41,2681.17,
716.8347872,1607.20625,-1933.298889,5216.54125,1905.2825,2986.13,2684.77,
716.8347872,1735.523333,-1933.298889,5216.54125,1905.2825,3016.83,2724.45,
811.8387193,1735.523333,-2163.462857,5216.54125,1905.2825,3009.16,2752.72,
811.8387193,1735.523333,-2163.462857,5258.731429,1920.692857,2979.13,2771.64,
852.7365513,1735.523333,-2210.72125,5258.731429,1920.692857,2946.22,2763.48,
852.7365513,1735.523333,-2210.72125,5258.731429,1920.692857,2890.52,2763.52,
852.7365513,1735.523333,-2210.72125,5258.731429,1920.692857,2876.45,2726.79,
852.7365513,1735.523333,-2210.72125,5258.731429,1920.692857,2857.88,2740.08,
852.7365513,1607.20625,-2210.72125,5216.54125,1905.2825,2843.82,2682.04,
811.8387193,1607.20625,-2163.462857,4885.143333,1784.241111,2784.04,2573.28,
811.8387193,1264.018571,-2163.462857,4885.143333,1784.241111,2786.3,2368.25,
720.8626911,1271.562857,-1946.25,4886.518889,1784.744444,2765.22,2183.2,
720.8626911,1271.562857,-1946.25,4886.518889,1784.744444,2726.55,2130.45,
720.8626911,1271.562857,-1946.25,4886.518889,1784.744444,2669.81,2071.66,
720.8626911,1271.562857,-1946.25,4886.518889,1784.744444,2639.62,2053.64,
720.8626911,1271.562857,-1946.25,4886.518889,1784.744444,2618.76,2029.76,
817.9175942,1271.562857,-2179.984286,5232.3475,1911.05625,2650.08,2049.63,
858.9184722,1618.52375,-2226.56875,5232.3475,1911.05625,2716.73,2192.6,
858.9184722,1618.52375,-2226.56875,5232.3475,1911.05625,2708.69,2239.09,
858.9184722,1618.52375,-2226.56875,5277.12,1927.405714,2840.34,2368.1,
817.9175942,1749.238889,-2179.984286,5277.12,1927.405714,2928.2,2516.03,
817.9175942,1749.238889,-2179.984286,5232.3475,1911.05625,2973.78,2641.51,
720.8626911,1618.52375,-1946.25,4886.518889,1784.744444,3004.96,2828.19,
720.8626911,1618.52375,-1946.25,4886.518889,1784.744444,2977.57,2650.32,
720.8626911,1618.52375,-1946.25,5232.3475,1911.05625,2991.55,2653.5,
720.8626911,1749.238889,-1946.25,5232.3475,1911.05625,3013.97,2688.38,
817.9175942,1749.238889,-2179.984286,5232.3475,1911.05625,3013.97,2713.23,
817.9175942,1749.238889,-2179.984286,5277.12,1927.405714,2983.86,2729.86,
858.9184722,1749.238889,-2226.56875,5277.12,1927.405714,2947.68,2722.68,
858.9184722,1749.238889,-2226.56875,5277.12,1927.405714,2886.45,2722.72,
858.9184722,1749.238889,-2226.56875,5277.12,1927.405714,2870.98,2690.43,
858.9184722,1749.238889,-2226.56875,5277.12,1927.405714,2850.57,2702.11,
858.9184722,1618.52375,-2226.56875,5232.3475,1911.05625,2835.12,2651.09,
817.9175942,1618.52375,-2179.984286,4886.518889,1784.744444,2769.41,2555.49,
817.9175942,1271.562857,-2179.984286,4886.518889,1784.744444,2771.9,2375.27,
-3029.88875,1271.178571,471.2367981,4899.424444,1846.618889,2756.7,2169.47,
-3029.88875,1271.178571,471.2367981,4899.424444,1846.618889,2715.53,2113.75,
-3029.88875,1271.178571,471.2367981,4899.424444,1846.618889,2655.13,2051.64,
-3029.88875,1271.178571,471.2367981,4899.424444,1846.618889,2631.58,2032.61,
-3029.88875,1271.178571,471.2367981,4899.424444,1846.618889,2631.58,2031.37,
-3029.88875,1271.178571,471.2367981,5228.95375,1970.82,2634.11,2031.37,
-4224.834286,1620.0625,600.5714497,5228.95375,1970.82,2705.08,2179.4,
-3958.911111,1620.0625,600.5714497,5228.95375,1970.82,2696.52,2228.52,
-3958.911111,1620.0625,600.5714497,5264.645714,1984.275714,2836.68,2364.81,
-4224.834286,1748.142222,648.0518911,5264.645714,1984.275714,2930.23,2521.08,
-4224.834286,1748.142222,648.0518911,5228.95375,1970.82,2978.76,2653.64,
-3958.911111,1620.0625,600.5714497,4899.424444,1846.618889,3011.96,2887.23,
-3958.911111,1620.0625,600.5714497,4899.424444,1846.618889,2982.79,2662.96,
-3958.911111,1620.0625,600.5714497,5228.95375,1970.82,2997.68,2666.31,
-3958.911111,1748.142222,648.0518911,5228.95375,1970.82,3065.43,2703.16,
-3958.911111,1748.142222,648.0518911,5228.95375,1970.82,3024.62,2729.41,
-4224.834286,1748.142222,648.0518911,5264.645714,1984.275714,2989.49,2746.98,
-4224.834286,1748.142222,648.0518911,5264.645714,1984.275714,2950.97,2739.4,
-4224.834286,1748.142222,648.0518911,5264.645714,1984.275714,2885.79,2739.44,
-4224.834286,1748.142222,648.0518911,5264.645714,1984.275714,2869.31,2705.33,
-3958.911111,1748.142222,648.0518911,5264.645714,1984.275714,2847.58,2717.67,
-3958.911111,1620.0625,600.5714497,5228.95375,1970.82,2831.13,2663.77,
-3029.88875,1620.0625,600.5714497,4899.424444,1846.618889,2761.17,2562.78,
-3029.88875,1271.178571,471.2367981,4899.424444,1846.618889,2763.82,2372.38,
-3121.272391,1266.274286,469.4184586,4951.373333,1866.2,2767.24,2142.51,
-3121.272391,1266.274286,469.4184586,4951.373333,1866.2,2722.94,2079.92,
-3121.272391,1266.274286,469.4184586,4951.373333,1866.2,2657.95,2010.18,
-3121.272391,1266.274286,469.4184586,4951.373333,1866.2,2623.35,1988.79,
-3121.272391,1266.274286,469.4184586,4951.373333,1866.2,2622.76,1957.89,
-3121.272391,1266.274286,469.4184586,5290.08875,1993.8625,2635.34,1984.03,
-4289.676335,1605.7675,595.2722819,5290.08875,1993.8625,2711.69,2153.66,
-4037.814058,1605.7675,595.2722819,5290.08875,1993.8625,2702.48,2208.83,
-4037.814058,1605.7675,595.2722819,5330.812857,2009.215714,2853.3,2361.89,
-4289.676335,1731.415556,641.8504433,5330.812857,2009.215714,2953.96,2537.4,
-4289.676335,1731.415556,641.8504433,5290.08875,1993.8625,3006.18,2686.28,
-4037.814058,1605.7675,595.2722819,4951.373333,1866.2,3041.9,2904.28,
-4037.814058,1605.7675,595.2722819,4951.373333,1866.2,3010.52,2696.74,
-4037.814058,1605.7675,595.2722819,5290.08875,1993.8625,3026.53,2700.5,
-4037.814058,1731.415556,641.8504433,5290.08875,1993.8625,3077.1,2741.89,
-4037.814058,1731.415556,641.8504433,5290.08875,1993.8625,3055.53,2771.37,
-4289.676335,1731.415556,641.8504433,5330.812857,2009.215714,3017.72,2791.1,
-4289.676335,1731.415556,641.8504433,5330.812857,2009.215714,2976.28,2782.59,
-4289.676335,1731.415556,641.8504433,5330.812857,2009.215714,2906.14,2782.63,
-4289.676335,1731.415556,641.8504433,5330.812857,2009.215714,2888.41,2744.32,
-4037.814058,1731.415556,641.8504433,5330.812857,2009.215714,2865.03,2758.18,
-4037.814058,1605.7675,595.2722819,5290.08875,1993.8625,2847.33,2697.65,
-3121.272391,1605.7675,595.2722819,4951.373333,1866.2,2772.05,2584.22,
-3121.272391,1266.274286,469.4184586,4951.373333,1866.2,2774.9,2370.39,
-3169.003523,1254.768571,465.1539684,4993.287778,1882,2769.62,2131.94,
-3169.003523,1254.768571,465.1539684,4993.287778,1882,2720.84,2066.37,
-3169.003523,1254.768571,465.1539684,4993.287778,1882,2649.27,1993.29,
-3169.003523,1254.768571,465.1539684,4993.287778,1882,2611.18,1970.89,
-3169.003523,1254.768571,465.1539684,4993.287778,1882,2603.33,1932.94,
-3169.003523,1254.768571,465.1539684,5343.43875,2013.97125,2624.37,1965.9,
-4320.438052,1599.89,593.092678,5343.43875,2013.97125,2708.45,2143.63,
-4081.275051,1599.89,593.092678,5343.43875,2013.97125,2698.31,2201.43,
-4081.275051,1599.89,593.092678,5387.302857,2030.502857,2864.39,2361.8,
-4320.438052,1728.113333,640.6271819,5387.302857,2030.502857,2975.22,2545.69,
-4320.438052,1728.113333,640.6271819,5343.43875,2013.97125,3032.72,2701.69,
-4081.275051,1599.89,593.092678,4993.287778,1882,3072.05,2922.53,
-4081.275051,1599.89,593.092678,4993.287778,1882,3037.5,2712.64,
-4081.275051,1599.89,593.092678,5343.43875,2013.97125,3055.14,2716.59,
-4081.275051,1728.113333,640.6271819,5343.43875,2013.97125,3102.12,2759.95,
-4081.275051,1728.113333,640.6271819,5343.43875,2013.97125,3087.06,2790.84,
-4320.438052,1728.113333,640.6271819,5387.302857,2030.502857,3045.43,2811.51,
-4320.438052,1728.113333,640.6271819,5387.302857,2030.502857,2999.8,2802.6,
-4320.438052,1728.113333,640.6271819,5387.302857,2030.502857,2922.56,2802.64,
-4320.438052,1728.113333,640.6271819,5387.302857,2030.502857,2903.05,2762.5,
-4081.275051,1728.113333,640.6271819,5387.302857,2030.502857,2877.3,2777.02,
-4081.275051,1599.89,593.092678,5343.43875,2013.97125,2857.8,2713.6,
-3169.003523,1599.89,593.092678,4993.287778,1882,2774.91,2594.76,
-3169.003523,1254.768571,465.1539684,4993.287778,1882,2778.05,2370.71,
-3151.164091,1259.285714,466.8279124,5040.643333,1899.847778,2771.56,2133.64,
-3151.164091,1259.285714,466.8279124,5040.643333,1899.847778,2719.55,2067.37,
-3151.164091,1259.285714,466.8279124,5040.643333,1899.847778,2643.25,1993.52,
-3151.164091,1259.285714,466.8279124,5040.643333,1899.847778,2602.64,1970.88,
-3151.164091,1259.285714,466.8279124,5040.643333,1899.847778,2596.97,1928.39,
-3151.164091,1259.285714,466.8279124,5388.1675,2030.83,2616.71,1965.84,
-4322.162208,1612.1325,597.6312572,5388.1675,2030.83,2706.35,2145.45,
-4080.956869,1612.1325,597.6312572,5388.1675,2030.83,2695.54,2203.86,
-4080.956869,1612.1325,597.6312572,5429.617143,2046.452857,2872.58,2365.93,
-4322.162208,1743.697778,646.4040465,5429.617143,2046.452857,2990.75,2551.77,
-4322.162208,1743.697778,646.4040465,5388.1675,2030.83,3052.04,2709.41,
-4080.956869,1612.1325,597.6312572,5040.643333,1899.847778,3093.97,2926.95,
-4080.956869,1612.1325,597.6312572,5040.643333,1899.847778,3057.14,2720.49,
-4080.956869,1612.1325,597.6312572,5388.1675,2030.83,3075.94,2724.47,
-4080.956869,1743.697778,646.4040465,5388.1675,2030.83,3129.27,2768.29,
-4080.956869,1743.697778,646.4040465,5388.1675,2030.83,3109.97,2799.51,
-4322.162208,1743.697778,646.4040465,5429.617143,2046.452857,3065.6,2820.4,
-4322.162208,1743.697778,646.4040465,5429.617143,2046.452857,3016.94,2811.39,
-4322.162208,1743.697778,646.4040465,5429.617143,2046.452857,2934.6,2811.43,
-4322.162208,1743.697778,646.4040465,5429.617143,2046.452857,2913.8,2770.87,
-4080.956869,1743.697778,646.4040465,5429.617143,2046.452857,2886.35,2785.55,
-4080.956869,1612.1325,597.6312572,5388.1675,2030.83,2865.57,2721.45,
-3151.164091,1612.1325,597.6312572,5040.643333,1899.847778,2777.2,2601.35,
-3151.164091,1259.285714,466.8279124,5040.643333,1899.847778,2780.55,2374.93,
-3118.703068,1274.37,472.4197966,5090.622222,1918.683333,2770.45,2135.48,
-3118.703068,1274.37,472.4197966,5090.622222,1918.683333,2715.51,2068.11,
-3118.703068,1274.37,472.4197966,5090.622222,1918.683333,2634.89,1993.04,
-3118.703068,1274.37,472.4197966,5090.622222,1918.683333,2591.98,1970.02,
-3118.703068,1274.37,472.4197966,5090.622222,1918.683333,2589.19,1919.73,
-3118.703068,1274.37,472.4197966,5415.375,2041.08375,2606.84,1964.9,
-4295.431299,1623.36625,601.7959017,5415.375,2041.08375,2701.55,2147.48,
-4044.741818,1623.36625,601.7959017,5415.375,2041.08375,2690.13,2206.86,
-4044.741818,1623.36625,601.7959017,5452.448571,2055.058571,2877.19,2371.62,
-4295.431299,1754.533333,650.4205949,5452.448571,2055.058571,3002.04,2560.54,
-4295.431299,1754.533333,650.4205949,5415.375,2041.08375,3066.8,2720.79,
-4044.741818,1623.36625,601.7959017,5090.622222,1918.683333,3111.1,2932.27,
-4044.741818,1623.36625,601.7959017,5090.622222,1918.683333,3072.19,2732.05,
-4044.741818,1623.36625,601.7959017,5415.375,2041.08375,3092.05,2736.1,
-4044.741818,1754.533333,650.4205949,5415.375,2041.08375,3152.28,2780.65,
-4044.741818,1754.533333,650.4205949,5415.375,2041.08375,3128.01,2812.38,
-4295.431299,1754.533333,650.4205949,5452.448571,2055.058571,3081.12,2833.62,
-4295.431299,1754.533333,650.4205949,5452.448571,2055.058571,3029.72,2824.46,
-4295.431299,1754.533333,650.4205949,5452.448571,2055.058571,2942.72,2824.5,
-4295.431299,1754.533333,650.4205949,5452.448571,2055.058571,2920.74,2783.27,
-4044.741818,1754.533333,650.4205949,5452.448571,2055.058571,2891.73,2798.19,
-4044.741818,1623.36625,601.7959017,5415.375,2041.08375,2869.78,2733.03,
-3118.703068,1623.36625,601.7959017,5090.622222,1918.683333,2776.41,2610.94,
-3118.703068,1274.37,472.4197966,5090.622222,1918.683333,2779.95,2380.77,
-3100.0125,1287.66,477.3467503,5112.056667,1926.762222,2762.4,2136.82,
-3100.0125,1287.66,477.3467503,5112.056667,1926.762222,2706.88,2067.37,
-3100.0125,1287.66,477.3467503,5112.056667,1926.762222,2625.42,1989.97,
-3100.0125,1287.66,477.3467503,5112.056667,1926.762222,2584.96,1966.25,
-3100.0125,1287.66,477.3467503,5112.056667,1926.762222,2584.96,1912.47,
-3100.0125,1287.66,477.3467503,5435.23625,2048.57125,2597.09,1960.97,
-4247.171429,1633.70125,605.6276339,5435.23625,2048.57125,2692.78,2149.19,
-3996.405556,1633.70125,605.6276339,5435.23625,2048.57125,2681.24,2210.41,
-3996.405556,1633.70125,605.6276339,5472.988571,2062.797143,2870.25,2380.26,
-4247.171429,1764.017778,653.9363308,5472.988571,2062.797143,2996.4,2575.02,
-4247.171429,1764.017778,653.9363308,5435.23625,2048.57125,3061.84,2740.23,
-3996.405556,1633.70125,605.6276339,5112.056667,1926.762222,3106.6,2955.62,
-3996.405556,1633.70125,605.6276339,5112.056667,1926.762222,3067.28,2751.84,
-3996.405556,1633.70125,605.6276339,5435.23625,2048.57125,3087.35,2756.01,
-3996.405556,1764.017778,653.9363308,5435.23625,2048.57125,3158.36,2801.94,
-3996.405556,1764.017778,653.9363308,5435.23625,2048.57125,3123.68,2834.66,
-4247.171429,1764.017778,653.9363308,5472.988571,2062.797143,3076.31,2856.55,
-4247.171429,1764.017778,653.9363308,5472.988571,2062.797143,3024.36,2847.11,
-4247.171429,1764.017778,653.9363308,5472.988571,2062.797143,2936.46,2847.15,
-4247.171429,1764.017778,653.9363308,5472.988571,2062.797143,2914.25,2804.64,
-3996.405556,1764.017778,653.9363308,5472.988571,2062.797143,2884.95,2820.02,
-3996.405556,1633.70125,605.6276339,5435.23625,2048.57125,2862.76,2752.85,
-3100.0125,1633.70125,605.6276339,5112.056667,1926.762222,2768.42,2626.98,
-3100.0125,1287.66,477.3467503,5112.056667,1926.762222,2771.99,2389.7,
-3071.05,1274.882857,472.6100844,5106.252222,1924.573333,2749.77,2149.2,
-3071.05,1274.882857,472.6100844,5106.252222,1924.573333,2695.57,2078.72,
-3071.05,1274.882857,472.6100844,5106.252222,1924.573333,2616.05,2000.17,
-3071.05,1274.882857,472.6100844,5106.252222,1924.573333,2576.2,1976.09,
-3071.05,1274.882857,472.6100844,5106.252222,1924.573333,2576.2,1925.16,
-3071.05,1274.882857,472.6100844,5434.20875,2048.18375,2588.39,1970.73,
-4201.7,1625.13375,602.4511455,5434.20875,2048.18375,2681.81,2161.76,
-3956.721111,1625.13375,602.4511455,5434.20875,2048.18375,2670.54,2223.89,
-3956.721111,1625.13375,602.4511455,5473.388571,2062.95,2855.06,2396.27,
-4201.7,1757.366667,651.4705683,5473.388571,2062.95,2978.21,2593.92,
-4201.7,1757.366667,651.4705683,5434.20875,2048.18375,3042.1,2761.59,
-3956.721111,1625.13375,602.4511455,5106.252222,1924.573333,3085.8,2985.14,
-3956.721111,1625.13375,602.4511455,5106.252222,1924.573333,3047.41,2773.37,
-3956.721111,1625.13375,602.4511455,5434.20875,2048.18375,3067,2777.61,
-3956.721111,1757.366667,651.4705683,5434.20875,2048.18375,3135.52,2824.22,
-3956.721111,1757.366667,651.4705683,5434.20875,2048.18375,3102.48,2857.42,
-4201.7,1757.366667,651.4705683,5473.388571,2062.95,3056.22,2879.64,
-4201.7,1757.366667,651.4705683,5473.388571,2062.95,3005.52,2870.06,
-4201.7,1757.366667,651.4705683,5473.388571,2062.95,2919.7,2870.1,
-4201.7,1757.366667,651.4705683,5473.388571,2062.95,2898.02,2826.96,
-3956.721111,1757.366667,651.4705683,5473.388571,2062.95,2869.41,2842.57,
-3956.721111,1625.13375,602.4511455,5434.20875,2048.18375,2847.75,2774.39,
-3071.05,1625.13375,602.4511455,5106.252222,1924.573333,2755.65,2646.66,
-3071.05,1274.882857,472.6100844,5106.252222,1924.573333,2759.14,2405.84,
-3048.49625,1277.072857,473.4222164,5094.794444,1920.255556,2745.37,2174.275652,
-3048.49625,1277.072857,473.4222164,5094.794444,1920.255556,2699.84,2104.365652,
-3048.49625,1277.072857,473.4222164,5094.794444,1920.255556,2633.02,2026.455652,
-3048.49625,1277.072857,473.4222164,5094.794444,1920.255556,2597.46,2002.565652,
-3048.49625,1277.072857,473.4222164,5094.794444,1920.255556,2577.07,1965.465652,
-3048.49625,1277.072857,473.4222164,5411.46375,2039.61125,2609.78,1997.245652,
-4163.628571,1611.13125,597.2613244,5411.46375,2039.61125,2688.27,2186.735652,
-3923.247778,1611.13125,597.2613244,5411.46375,2039.61125,2678.8,2248.365652,
-3923.247778,1611.13125,597.2613244,5450.4,2054.285714,2833.84,2419.345652,
-4163.628571,1736.632222,643.7843161,5450.4,2054.285714,2937.31,2615.405652,
-4163.628571,1736.632222,643.7843161,5411.46375,2039.61125,2990.99,2781.715652,
-3923.247778,1611.13125,597.2613244,5094.794444,1920.255556,3027.7,3000,
-3923.247778,1611.13125,597.2613244,5094.794444,1920.255556,2995.45,2793.405652,
-3923.247778,1611.13125,597.2613244,5411.46375,2039.61125,3011.91,2797.605652,
-3923.247778,1736.632222,643.7843161,5411.46375,2039.61125,3040.84,2843.835652,
-3923.247778,1736.632222,643.7843161,5411.46375,2039.61125,3040.84,2876.775652,
-4163.628571,1736.632222,643.7843161,5450.4,2054.285714,3002.85,2898.815652,
-4163.628571,1736.632222,643.7843161,5450.4,2054.285714,2960.25,2889.305652,
-4163.628571,1736.632222,643.7843161,5450.4,2054.285714,2888.15,2889.355652,
-4163.628571,1736.632222,643.7843161,5450.4,2054.285714,2869.93,2846.565652,
-3923.247778,1736.632222,643.7843161,5450.4,2054.285714,2845.89,2862.045652,
-3923.247778,1611.13125,597.2613244,5411.46375,2039.61125,2827.69,2794.415652,
-3048.49625,1611.13125,597.2613244,5094.794444,1920.255556,2750.31,2667.715652,
-3048.49625,1277.072857,473.4222164,5094.794444,1920.255556,2753.24,2428.845652,
-3019.8675,1270.508571,470.9894068,5071.3,1911.401111,2724.5,2205.71913,
-3019.8675,1270.508571,470.9894068,5071.3,1911.401111,2677,2137.93913,
-3019.8675,1270.508571,470.9894068,5071.3,1911.401111,2607.29,2062.40913,
-3019.8675,1270.508571,470.9894068,5071.3,1911.401111,2570.19,2039.24913,
-3019.8675,1270.508571,470.9894068,5071.3,1911.401111,2520.03,2017.61913,
-3019.8675,1270.508571,470.9894068,5385.31375,2029.75625,2583.04,2034.09913,
-4148.731429,1597.89875,592.3554538,5385.31375,2029.75625,2664.93,2217.78913,
-3903.777778,1597.89875,592.3554538,5385.31375,2029.75625,2655.05,2277.52913,
-3903.777778,1597.89875,592.3554538,5427.138571,2045.517143,2816.8,2443.28913,
-4148.731429,1719.938889,637.5968554,5427.138571,2045.517143,2924.75,2633.35913,
-4148.731429,1719.938889,637.5968554,5385.31375,2029.75625,2980.75,2794.58913,
-3903.777778,1597.89875,592.3554538,5071.3,1911.401111,3016.44,3000,
-3903.777778,1597.89875,592.3554538,5071.3,1911.401111,2985.4,2805.91913,
-3903.777778,1597.89875,592.3554538,5385.31375,2029.75625,3002.58,2809.98913,
-3903.777778,1719.938889,637.5968554,5385.31375,2029.75625,3016.44,2854.80913,
-3903.777778,1719.938889,637.5968554,5385.31375,2029.75625,3016.44,2886.73913,
-4148.731429,1719.938889,637.5968554,5427.138571,2045.517143,2993.13,2908.09913,
-4148.731429,1719.938889,637.5968554,5427.138571,2045.517143,2948.68,2898.88913,
-4148.731429,1719.938889,637.5968554,5427.138571,2045.517143,2873.46,2898.93913,
-4148.731429,1719.938889,637.5968554,5427.138571,2045.517143,2854.45,2857.44913,
-3903.777778,1719.938889,637.5968554,5427.138571,2045.517143,2829.37,2872.45913,
-3903.777778,1597.89875,592.3554538,5385.31375,2029.75625,2810.39,2806.89913,
-3019.8675,1597.89875,592.3554538,5071.3,1911.401111,2729.66,2684.06913,
-3019.8675,1270.508571,470.9894068,5071.3,1911.401111,2732.72,2452.49913,
-3022.655,1249.755714,463.2958365,5037.021111,1898.478889,2718.31,2252.23,
-3022.655,1249.755714,463.2958365,5037.021111,1898.478889,2666.17,2191.28,
-3022.655,1249.755714,463.2958365,5037.021111,1898.478889,2589.67,2123.35,
-3022.655,1249.755714,463.2958365,5037.021111,1898.478889,2548.96,2102.53,
-3022.655,1249.755714,463.2958365,5037.021111,1898.478889,2480.3,2092.25,
-3022.655,1249.755714,463.2958365,5369.87,2023.93375,2563.06,2097.89,
-4173.991429,1588.76375,588.9681898,5369.87,2023.93375,2652.93,2263.09,
-3922.766667,1588.76375,588.9681898,5369.87,2023.93375,2642.09,2316.82,
-3922.766667,1588.76375,588.9681898,5416,2041.321429,2819.6,2465.9,
-4173.991429,1714.872222,635.7177688,5416,2041.321429,2938.07,2636.83,
-4173.991429,1714.872222,635.7177688,5369.87,2023.93375,2999.53,2781.83,
-3922.766667,1588.76375,588.9681898,5037.021111,1898.478889,3033.05,3000,
-3922.766667,1588.76375,588.9681898,5037.021111,1898.478889,3004.63,2792.02,
-3922.766667,1588.76375,588.9681898,5369.87,2023.93375,3023.48,2795.68,
-3922.766667,1714.872222,635.7177688,5369.87,2023.93375,3033.05,2835.99,
-3922.766667,1714.872222,635.7177688,5369.87,2023.93375,3033.05,2864.7,
-4173.991429,1714.872222,635.7177688,5416,2041.321429,3013.11,2883.92,
-4173.991429,1714.872222,635.7177688,5416,2041.321429,2964.33,2875.63,
-4173.991429,1714.872222,635.7177688,5416,2041.321429,2881.78,2875.67,
-4173.991429,1714.872222,635.7177688,5416,2041.321429,2860.92,2838.36,
-3922.766667,1714.872222,635.7177688,5416,2041.321429,2833.4,2851.86,
-3922.766667,1588.76375,588.9681898,5369.87,2023.93375,2812.56,2792.9,
-3022.655,1588.76375,588.9681898,5037.021111,1898.478889,2723.97,2682.44,
-3022.655,1249.755714,463.2958365,5037.021111,1898.478889,2727.32,2474.18,
-3029.44625,1255.195714,465.3117501,5025.236667,1894.041111,2729,2256.73,
-3029.44625,1255.195714,465.3117501,5025.236667,1894.041111,2669.27,2197.39,
-3029.44625,1255.195714,465.3117501,5025.236667,1894.041111,2581.62,2131.25,
-3029.44625,1255.195714,465.3117501,5025.236667,1894.041111,2534.98,2110.98,
-3029.44625,1255.195714,465.3117501,5025.236667,1894.041111,2480.67,2090.33,
-3029.44625,1255.195714,465.3117501,5356.06125,2018.72875,2551.13,2106.47,
-4199.701429,1594.95625,591.2647172,5356.06125,2018.72875,2654.1,2267.3,
-3943.037778,1594.95625,591.2647172,5356.06125,2018.72875,2641.68,2319.61,
-3943.037778,1594.95625,591.2647172,5400.264286,2035.39,2845.04,2464.75,
-4199.701429,1721.852222,638.305695,5400.264286,2035.39,2980.77,2631.16,
-4199.701429,1721.852222,638.305695,5356.06125,2018.72875,3051.18,2772.33,
-3943.037778,1594.95625,591.2647172,5025.236667,1894.041111,3099.34,2990.81,
-3943.037778,1594.95625,591.2647172,5025.236667,1894.041111,3057.03,2782.25,
-3943.037778,1594.95625,591.2647172,5356.06125,2018.72875,3078.63,2785.82,
-3943.037778,1721.852222,638.305695,5356.06125,2018.72875,3099.85,2825.06,
-3943.037778,1721.852222,638.305695,5356.06125,2018.72875,3099.85,2853.02,
-4199.701429,1721.852222,638.305695,5400.264286,2035.39,3066.75,2871.72,
-4199.701429,1721.852222,638.305695,5400.264286,2035.39,3010.86,2863.66,
-4199.701429,1721.852222,638.305695,5400.264286,2035.39,2916.29,2863.7,
-4199.701429,1721.852222,638.305695,5400.264286,2035.39,2892.38,2827.37,
-3943.037778,1721.852222,638.305695,5400.264286,2035.39,2860.86,2840.51,
-3943.037778,1594.95625,591.2647172,5356.06125,2018.72875,2836.98,2783.11,
-3029.44625,1594.95625,591.2647172,5025.236667,1894.041111,2735.48,2675.57,
-3029.44625,1255.195714,465.3117501,5025.236667,1894.041111,2739.33,2472.81,
-3033.72875,1271.227143,471.2544409,5018.922222,1891.657778,2771.82,2223.47,
-3033.72875,1271.227143,471.2544409,5018.922222,1891.657778,2712.81,2159.39,
-3033.72875,1271.227143,471.2544409,5018.922222,1891.657778,2626.22,2087.98,
-3033.72875,1271.227143,471.2544409,5018.922222,1891.657778,2580.14,2066.08,
-3033.72875,1271.227143,471.2544409,5018.922222,1891.657778,2551.99,2025.38,
-3033.72875,1271.227143,471.2544409,5343.915,2014.15125,2596.1,2061.21,
-4180.217143,1603.3475,594.3748521,5343.915,2014.15125,2697.82,2234.89,
-3927.183333,1603.3475,594.3748521,5343.915,2014.15125,2685.56,2291.38,
-3927.183333,1603.3475,594.3748521,5386.554286,2030.22,2886.47,2448.1,
-4180.217143,1728.135556,640.6345128,5386.554286,2030.22,3020.57,2627.81,
-4180.217143,1728.135556,640.6345128,5343.915,2014.15125,3090.13,2780.25,
-3927.183333,1603.3475,594.3748521,5018.922222,1891.657778,3137.71,2991.14,
-3927.183333,1603.3475,594.3748521,5018.922222,1891.657778,3095.91,2790.96,
-3927.183333,1603.3475,594.3748521,5343.915,2014.15125,3117.25,2794.81,
-3927.183333,1728.135556,640.6345128,5343.915,2014.15125,3153.7,2837.19,
-3927.183333,1728.135556,640.6345128,5343.915,2014.15125,3153.7,2867.38,
-4180.217143,1728.135556,640.6345128,5386.554286,2030.22,3105.51,2887.58,
-4180.217143,1728.135556,640.6345128,5386.554286,2030.22,3050.3,2878.87,
-4180.217143,1728.135556,640.6345128,5386.554286,2030.22,2956.86,2878.91,
-4180.217143,1728.135556,640.6345128,5386.554286,2030.22,2933.24,2839.68,
-3927.183333,1728.135556,640.6345128,5386.554286,2030.22,2902.1,2853.87,
-3927.183333,1603.3475,594.3748521,5343.915,2014.15125,2878.51,2791.89,
-3033.72875,1603.3475,594.3748521,5018.922222,1891.657778,2778.23,2675.75,
-3033.72875,1271.227143,471.2544409,5018.922222,1891.657778,2782.03,2456.8,
-3033.83125,1266.81,469.6169635,5014.197778,1889.88,2817.59,2195.88,
-3033.83125,1266.81,469.6169635,5014.197778,1889.88,2758.03,2127.86,
-3033.83125,1266.81,469.6169635,5014.197778,1889.88,2670.64,2052.05,
-3033.83125,1266.81,469.6169635,5014.197778,1889.88,2624.12,2028.81,
-3033.83125,1266.81,469.6169635,5014.197778,1889.88,2620.9,1975.34,
-3033.83125,1266.81,469.6169635,5343.12,2013.84875,2640.24,2023.64,
-4143.895714,1601.4875,593.6854117,5343.12,2013.84875,2742.9,2208,
-3898.255556,1601.4875,593.6854117,5343.12,2013.84875,2730.52,2267.96,
-3898.255556,1601.4875,593.6854117,5385.6,2029.861429,2933.3,2434.33,
-4143.895714,1727.552222,640.4186108,5385.6,2029.861429,3068.64,2625.09,
-4143.895714,1727.552222,640.4186108,5343.12,2013.84875,3138.85,2786.91,
-3898.255556,1601.4875,593.6854117,5014.197778,1889.88,3186.87,2996.79,
-3898.255556,1601.4875,593.6854117,5014.197778,1889.88,3144.69,2798.28,
-3898.255556,1601.4875,593.6854117,5343.12,2013.84875,3166.22,2802.37,
-3898.255556,1727.552222,640.4186108,5343.12,2013.84875,3231.27,2847.35,
-3898.255556,1727.552222,640.4186108,5343.12,2013.84875,3205.2,2879.39,
-4143.895714,1727.552222,640.4186108,5385.6,2029.861429,3154.37,2900.84,
-4143.895714,1727.552222,640.4186108,5385.6,2029.861429,3098.65,2891.59,
-4143.895714,1727.552222,640.4186108,5385.6,2029.861429,3004.34,2891.63,
-4143.895714,1727.552222,640.4186108,5385.6,2029.861429,2980.51,2850,
-3898.255556,1727.552222,640.4186108,5385.6,2029.861429,2949.07,2865.06,
-3898.255556,1601.4875,593.6854117,5343.12,2013.84875,2925.27,2799.27,
-3033.83125,1601.4875,593.6854117,5014.197778,1889.88,2824.05,2675.98,
-3033.83125,1266.81,469.6169635,5014.197778,1889.88,2827.89,2443.57,
-3020.0475,1262.158571,467.8940933,5014.67,1890.053333,2866.26,2194.238261,
-3020.0475,1262.158571,467.8940933,5014.67,1890.053333,2809.27,2125.078261,
-3020.0475,1262.158571,467.8940933,5014.67,1890.053333,2725.66,2047.998261,
-3020.0475,1262.158571,467.8940933,5014.67,1890.053333,2681.16,2024.368261,
-3020.0475,1262.158571,467.8940933,5014.67,1890.053333,2675.88,1969.508261,
-3020.0475,1262.158571,467.8940933,5328.68,2008.40875,2696.58,2019.108261,
-4104.348571,1589.715,589.3220489,5328.68,2008.40875,2794.8,2206.558261,
-3865.171111,1589.715,589.3220489,5328.68,2008.40875,2782.96,2267.528261,
-3865.171111,1589.715,589.3220489,5367.201429,2022.928571,2976.96,2436.678261,
-4104.348571,1713.295556,635.1335722,5367.201429,2022.928571,3106.45,2630.628261,
-4104.348571,1713.295556,635.1335722,5328.68,2008.40875,3173.62,2795.158261,
-3865.171111,1589.715,589.3220489,5014.67,1890.053333,3219.56,3000,
-3865.171111,1589.715,589.3220489,5014.67,1890.053333,3179.2,2806.718261,
-3865.171111,1589.715,589.3220489,5328.68,2008.40875,3199.8,2810.878261,
-3865.171111,1713.295556,635.1335722,5328.68,2008.40875,3259.39,2856.608261,
-3865.171111,1713.295556,635.1335722,5328.68,2008.40875,3237.1,2889.188261,
-4104.348571,1713.295556,635.1335722,5367.201429,2022.928571,3188.47,2910.988261,
-4104.348571,1713.295556,635.1335722,5367.201429,2022.928571,3135.15,2901.588261,
-4104.348571,1713.295556,635.1335722,5367.201429,2022.928571,3044.93,2901.638261,
-4104.348571,1713.295556,635.1335722,5367.201429,2022.928571,3022.13,2859.298261,
-3865.171111,1713.295556,635.1335722,5367.201429,2022.928571,2992.05,2874.618261,
-3865.171111,1589.715,589.3220489,5328.68,2008.40875,2969.27,2807.718261,
-3020.0475,1589.715,589.3220489,5014.67,1890.053333,2872.44,2682.378261,
-3020.0475,1262.158571,467.8940933,5014.67,1890.053333,2876.11,2446.068261,
-2992.80125,1266.882857,469.6441641,5010.707778,1888.563333,2922.14,2218.88913,
-2992.80125,1266.882857,469.6441641,5010.707778,1888.563333,2874.03,2152.45913,
-2992.80125,1266.882857,469.6441641,5010.707778,1888.563333,2803.43,2078.41913,
-2992.80125,1266.882857,469.6441641,5010.707778,1888.563333,2766.05,2055.71913,
-2992.80125,1266.882857,469.6441641,5010.707778,1888.563333,2766.05,2007.25913,
-2992.80125,1266.882857,469.6441641,5306.35875,1999.99625,2778.87,2050.66913,
-4066.314286,1574.5075,583.6842924,5306.35875,1999.99625,2861.81,2230.72913,
-3830.328889,1574.5075,583.6842924,5306.35875,1999.99625,2851.8,2289.28913,
-3830.328889,1574.5075,583.6842924,5343.441429,2013.972857,3015.62,2451.76913,
-4066.314286,1689.997778,626.4968667,5343.441429,2013.972857,3124.95,2638.07913,
-4066.314286,1689.997778,626.4968667,5306.35875,1999.99625,3181.67,2796.11913,
-3830.328889,1574.5075,583.6842924,5010.707778,1888.563333,3220.46,3000,
-3830.328889,1574.5075,583.6842924,5010.707778,1888.563333,3186.38,2807.21913,
-3830.328889,1574.5075,583.6842924,5306.35875,1999.99625,3203.78,2811.21913,
-3830.328889,1689.997778,626.4968667,5306.35875,1999.99625,3259.93,2855.14913,
-3830.328889,1689.997778,626.4968667,5306.35875,1999.99625,3235.27,2886.44913,
-4066.314286,1689.997778,626.4968667,5343.441429,2013.972857,3194.21,2907.38913,
-4066.314286,1689.997778,626.4968667,5343.441429,2013.972857,3149.19,2898.35913,
-4066.314286,1689.997778,626.4968667,5343.441429,2013.972857,3073.01,2898.39913,
-4066.314286,1689.997778,626.4968667,5343.441429,2013.972857,3053.75,2857.72913,
-3830.328889,1689.997778,626.4968667,5343.441429,2013.972857,3028.36,2872.44913,
-3830.328889,1574.5075,583.6842924,5306.35875,1999.99625,3009.13,2808.18913,
-2992.80125,1574.5075,583.6842924,5010.707778,1888.563333,2927.36,2687.77913,
-2992.80125,1266.882857,469.6441641,5010.707778,1888.563333,2930.46,2460.78913,
-2971.635,1257.337143,466.1057234,4984.553333,1878.706667,2966.5,2256.9,
-2971.635,1257.337143,466.1057234,4984.553333,1878.706667,2923.79,2194.75,
-2971.635,1257.337143,466.1057234,4984.553333,1878.706667,2861.13,2125.49,
-2971.635,1257.337143,466.1057234,4984.553333,1878.706667,2827.77,2104.26,
-2971.635,1257.337143,466.1057234,4984.553333,1878.706667,2824.48,2058.35,
-2971.635,1257.337143,466.1057234,5289.48375,1993.63625,2839.33,2099.53,
-4019.552857,1562.13375,579.0968264,5289.48375,1993.63625,2912.95,2267.97,
-3790.525556,1562.13375,579.0968264,5289.48375,1993.63625,2904.07,2322.75,
-3790.525556,1562.13375,579.0968264,5332.22,2009.741429,3049.48,2474.74,
-4019.552857,1675.625556,621.1698779,5332.22,2009.741429,3146.52,2649.02,
-4019.552857,1675.625556,621.1698779,5289.48375,1993.63625,3196.87,2796.86,
-3790.525556,1562.13375,579.0968264,4984.553333,1878.706667,3231.3,2992.62,
-3790.525556,1562.13375,579.0968264,4984.553333,1878.706667,3201.05,2807.25,
-3790.525556,1562.13375,579.0968264,5289.48375,1993.63625,3216.49,2810.98,
-3790.525556,1675.625556,621.1698779,5289.48375,1993.63625,3261.95,2852.08,
-3790.525556,1675.625556,621.1698779,5289.48375,1993.63625,3244.45,2881.36,
-4019.552857,1675.625556,621.1698779,5332.22,2009.741429,3208,2900.95,
-4019.552857,1675.625556,621.1698779,5332.22,2009.741429,3168.04,2892.5,
-4019.552857,1675.625556,621.1698779,5332.22,2009.741429,3100.42,2892.54,
-4019.552857,1675.625556,621.1698779,5332.22,2009.741429,3083.33,2854.5,
-3790.525556,1675.625556,621.1698779,5332.22,2009.741429,3060.78,2868.26,
-3790.525556,1562.13375,579.0968264,5289.48375,1993.63625,3043.71,2808.15,
-2971.635,1562.13375,579.0968264,4984.553333,1878.706667,2971.14,2695.52,
-2971.635,1257.337143,466.1057234,4984.553333,1878.706667,2973.89,2483.18,
-2940.725,1239.897143,459.640574,4955.345556,1867.697778,3000.72,2280.127391,
-2940.725,1239.897143,459.640574,4955.345556,1867.697778,2959.36,2218.377391,
-2940.725,1239.897143,459.640574,4955.345556,1867.697778,2898.67,2149.547391,
-2940.725,1239.897143,459.640574,4955.345556,1867.697778,2866.37,2128.447391,
-2940.725,1239.897143,459.640574,4955.345556,1867.697778,2849.34,2084.237391,
-2940.725,1239.897143,459.640574,5288.395,1993.225,2877.56,2123.757391,
-3982.574286,1553.9975,576.080939,5288.395,1993.225,2948.86,2291.127391,
-3755.715556,1553.9975,576.080939,5288.395,1993.225,2940.26,2345.567391,
-3755.715556,1553.9975,576.080939,5337.524286,2011.742857,3081.08,2496.607391,
-3982.574286,1669.888889,619.0428537,5337.524286,2011.742857,3175.06,2669.787391,
-3982.574286,1669.888889,619.0428537,5288.395,1993.225,3223.82,2816.697391,
-3755.715556,1553.9975,576.080939,4955.345556,1867.697778,3257.17,3000,
-3755.715556,1553.9975,576.080939,4955.345556,1867.697778,3227.87,2827.017391,
-3755.715556,1553.9975,576.080939,5288.395,1993.225,3242.82,2830.727391,
-3755.715556,1669.888889,619.0428537,5288.395,1993.225,3270.12,2871.567391,
-3755.715556,1669.888889,619.0428537,5288.395,1993.225,3269.9,2900.657391,
-3982.574286,1669.888889,619.0428537,5337.524286,2011.742857,3234.6,2920.127391,
-3982.574286,1669.888889,619.0428537,5337.524286,2011.742857,3195.9,2911.737391,
-3982.574286,1669.888889,619.0428537,5337.524286,2011.742857,3130.41,2911.777391,
-3982.574286,1669.888889,619.0428537,5337.524286,2011.742857,3113.86,2873.977391,
-3755.715556,1669.888889,619.0428537,5337.524286,2011.742857,3092.03,2887.647391,
-3755.715556,1553.9975,576.080939,5288.395,1993.225,3075.5,2827.917391,
-2940.725,1553.9975,576.080939,4955.345556,1867.697778,3005.21,2715.997391,
-2940.725,1239.897143,459.640574,4955.345556,1867.697778,3007.87,2504.987391,
-2904.255,1229.64,455.8379888,4960.201111,1869.525556,3018.11,2266.844783,
-2904.255,1229.64,455.8379888,4960.201111,1869.525556,2968.33,2197.304783,
-2904.255,1229.64,455.8379888,4960.201111,1869.525556,2895.3,2119.804783,
-2904.255,1229.64,455.8379888,4960.201111,1869.525556,2856.43,2096.044783,
-2904.255,1229.64,455.8379888,4960.201111,1869.525556,2833.7,2061.994783,
-2904.255,1229.64,455.8379888,5322.275,2005.995,2869.89,2090.764783,
-3955.51,1570.725,582.2817101,5322.275,2005.995,2955.69,2279.234783,
-3728.233333,1570.725,582.2817101,5322.275,2005.995,2945.34,2340.524783,
-3728.233333,1570.725,582.2817101,5376.214286,2026.327143,3114.81,2510.594783,
-3955.51,1697.068889,629.1176836,5376.214286,2026.327143,3227.91,2705.604783,
-3955.51,1697.068889,629.1176836,5322.275,2005.995,3286.59,2871.024783,
-3728.233333,1570.725,582.2817101,4960.201111,1869.525556,3326.72,3000,
-3728.233333,1570.725,582.2817101,4960.201111,1869.525556,3291.46,2882.644783,
-3728.233333,1570.725,582.2817101,5322.275,2005.995,3309.46,2886.824783,
-3728.233333,1697.068889,629.1176836,5322.275,2005.995,3340.82,2932.804783,
-3728.233333,1697.068889,629.1176836,5322.275,2005.995,3340.82,2965.564783,
-3955.51,1697.068889,629.1176836,5376.214286,2026.327143,3299.56,2987.484783,
-3955.51,1697.068889,629.1176836,5376.214286,2026.327143,3252.99,2978.034783,
-3955.51,1697.068889,629.1176836,5376.214286,2026.327143,3174.17,2978.084783,
-3955.51,1697.068889,629.1176836,5376.214286,2026.327143,3154.26,2935.514783,
-3728.233333,1697.068889,629.1176836,5376.214286,2026.327143,3127.99,2950.914783,
-3728.233333,1570.725,582.2817101,5322.275,2005.995,3108.09,2883.654783,
-2904.255,1570.725,582.2817101,4960.201111,1869.525556,3023.51,2757.634783,
-2904.255,1229.64,455.8379888,4960.201111,1869.525556,3026.71,2520.044783,
-2886.73625,1245.917143,461.8725436,5000.357778,1884.662222,3049.64,2319.854783,
-2886.73625,1245.917143,461.8725436,5000.357778,1884.662222,2996.83,2256.424783,
-2886.73625,1245.917143,461.8725436,5000.357778,1884.662222,2919.33,2185.744783,
-2886.73625,1245.917143,461.8725436,5000.357778,1884.662222,2878.09,2164.074783,
-2886.73625,1245.917143,461.8725436,5000.357778,1884.662222,2859.06,2154.054783,
-2886.73625,1245.917143,461.8725436,5367.425,2023.01375,2892.38,2159.244783,
-3930.3,1586.01625,587.9498841,5367.425,2023.01375,2983.41,2331.154783,
-3704.146667,1586.01625,587.9498841,5367.425,2023.01375,2972.43,2387.054783,
-3704.146667,1586.01625,587.9498841,5417.477143,2041.875714,3152.24,2542.174783,
-3930.3,1713.258889,635.1206987,5417.477143,2041.875714,3272.25,2720.044783,
-3930.3,1713.258889,635.1206987,5367.425,2023.01375,3334.51,2870.924783,
-3704.146667,1586.01625,587.9498841,5000.357778,1884.662222,3377.09,3000,
-3704.146667,1586.01625,587.9498841,5000.357778,1884.662222,3339.68,2881.524783,
-3704.146667,1586.01625,587.9498841,5367.425,2023.01375,3358.77,2885.344783,
-3704.146667,1713.258889,635.1206987,5367.425,2023.01375,3396.91,2927.284783,
-3704.146667,1713.258889,635.1206987,5367.425,2023.01375,3393.34,2957.164783,
-3930.3,1713.258889,635.1206987,5417.477143,2041.875714,3348.27,2977.154783,
-3930.3,1713.258889,635.1206987,5417.477143,2041.875714,3298.86,2968.534783,
-3930.3,1713.258889,635.1206987,5417.477143,2041.875714,3215.23,2968.574783,
-3930.3,1713.258889,635.1206987,5417.477143,2041.875714,3194.1,2929.754783,
-3704.146667,1713.258889,635.1206987,5417.477143,2041.875714,3166.23,2943.794783,
-3704.146667,1586.01625,587.9498841,5367.425,2023.01375,3145.12,2882.444783,
-2886.73625,1586.01625,587.9498841,5000.357778,1884.662222,3055.37,2767.504783,
-2886.73625,1245.917143,461.8725436,5000.357778,1884.662222,3058.77,2550.794783,
-2899.2125,1275.968571,473.0118541,5056.864444,1905.961111,3074.11,2343.651304,
-2899.2125,1275.968571,473.0118541,5056.864444,1905.961111,3014.37,2283.071304,
-2899.2125,1275.968571,473.0118541,5056.864444,1905.961111,2926.71,2215.561304,
-2899.2125,1275.968571,473.0118541,5056.864444,1905.961111,2881.29,2198.641304,
-2899.2125,1275.968571,473.0118541,5056.864444,1905.961111,2881.29,2198.641304,
-2899.2125,1275.968571,473.0118541,5412.6175,2040.04625,2896.22,2198.641304,
-3926.577143,1599.1375,592.8144156,5412.6175,2040.04625,2999.2,2354.451304,
-3701.944444,1599.1375,592.8144156,5412.6175,2040.04625,2986.78,2407.851304,
-3701.944444,1599.1375,592.8144156,5456.185714,2056.467143,3190.17,2556.011304,
-3926.577143,1721.326667,638.1104067,5456.185714,2056.467143,3325.92,2725.901304,
-3926.577143,1721.326667,638.1104067,5412.6175,2040.04625,3396.34,2870.021304,
-3701.944444,1599.1375,592.8144156,5056.864444,1905.961111,3444.5,3000,
-3701.944444,1599.1375,592.8144156,5056.864444,1905.961111,3402.19,2880.151304,
-3701.944444,1599.1375,592.8144156,5412.6175,2040.04625,3423.78,2883.791304,
-3701.944444,1721.326667,638.1104067,5412.6175,2040.04625,3495.81,2923.851304,
-3701.944444,1721.326667,638.1104067,5412.6175,2040.04625,3462.89,2952.391304,
-3926.577143,1721.326667,638.1104067,5456.185714,2056.467143,3411.9,2971.491304,
-3926.577143,1721.326667,638.1104067,5456.185714,2056.467143,3356.01,2963.251304,
-3926.577143,1721.326667,638.1104067,5456.185714,2056.467143,3261.42,2963.291304,
-3926.577143,1721.326667,638.1104067,5456.185714,2056.467143,3237.52,2926.211304,
-3701.944444,1721.326667,638.1104067,5456.185714,2056.467143,3205.98,2939.621304,
-3701.944444,1599.1375,592.8144156,5412.6175,2040.04625,3182.11,2881.031304,
-2899.2125,1599.1375,592.8144156,5056.864444,1905.961111,3080.59,2771.231304,
-2899.2125,1275.968571,473.0118541,5056.864444,1905.961111,3084.44,2564.241304,
-2898.94875,1286.871429,477.0547904,5085.98,1916.935556,3114.69,2343.965217,
-2898.94875,1286.871429,477.0547904,5085.98,1916.935556,3059.68,2287.205217,
-2898.94875,1286.871429,477.0547904,5085.98,1916.935556,2978.96,2223.945217,
-2898.94875,1286.871429,477.0547904,5085.98,1916.935556,2940.68,2207.475217,
-2898.94875,1286.871429,477.0547904,5085.98,1916.935556,2940.68,2207.475217,
-2898.94875,1286.871429,477.0547904,5457.4175,2056.93,2950.88,2207.475217,
-3956.172857,1613.5575,598.1599724,5457.4175,2056.93,3045.71,2354.075217,
-3724.228889,1613.5575,598.1599724,5457.4175,2056.93,3034.27,2404.105217,
-3724.228889,1613.5575,598.1599724,5503.547143,2074.317143,3221.57,2542.915217,
-3956.172857,1737.067778,643.9471038,5503.547143,2074.317143,3346.57,2702.085217,
-3956.172857,1737.067778,643.9471038,5457.4175,2056.93,3411.42,2837.095217,
-3724.228889,1613.5575,598.1599724,5085.98,1916.935556,3455.77,3000,
-3724.228889,1613.5575,598.1599724,5085.98,1916.935556,3416.81,2846.585217,
-3724.228889,1613.5575,598.1599724,5457.4175,2056.93,3436.69,2849.995217,
-3724.228889,1737.067778,643.9471038,5457.4175,2056.93,3511.3,2887.525217,
-3724.228889,1737.067778,643.9471038,5457.4175,2056.93,3472.7,2914.265217,
-3956.172857,1737.067778,643.9471038,5503.547143,2074.317143,3425.75,2932.155217,
-3956.172857,1737.067778,643.9471038,5503.547143,2074.317143,3374.28,2924.445217,
-3956.172857,1737.067778,643.9471038,5503.547143,2074.317143,3287.18,2924.475217,
-3956.172857,1737.067778,643.9471038,5503.547143,2074.317143,3265.17,2889.735217,
-3724.228889,1737.067778,643.9471038,5503.547143,2074.317143,3236.13,2902.305217,
-3724.228889,1613.5575,598.1599724,5457.4175,2056.93,3214.14,2847.405217,
-2898.94875,1613.5575,598.1599724,5085.98,1916.935556,3120.66,2744.545217,
-2898.94875,1286.871429,477.0547904,5085.98,1916.935556,3124.2,2550.625217,
-2915.77,1288.028571,477.4835445,5117.022222,1928.633333,3140.85,2327.94,
-2915.77,1288.028571,477.4835445,5117.022222,1928.633333,3088.03,2275.61,
-2915.77,1288.028571,477.4835445,5117.022222,1928.633333,3010.52,2217.28,
-2915.77,1288.028571,477.4835445,5117.022222,1928.633333,2970.91,2199.4,
-2915.77,1288.028571,477.4835445,5117.022222,1928.633333,2970.91,2189,
-2915.77,1288.028571,477.4835445,5491.03875,2069.605,2983.56,2195.42,
-3971.341429,1627.13625,603.1941572,5491.03875,2069.605,3074.61,2337.27,
-3739.966667,1627.13625,603.1941572,5491.03875,2069.605,3063.63,2383.4,
-3739.966667,1627.13625,603.1941572,5537.778571,2087.22,3243.48,2511.4,
-3971.341429,1754.8,650.5196304,5537.778571,2087.22,3363.51,2658.17,
-3971.341429,1754.8,650.5196304,5491.03875,2069.605,3425.78,2782.67,
-3739.966667,1627.13625,603.1941572,5117.022222,1928.633333,3468.37,2985.98,
-3739.966667,1627.13625,603.1941572,5117.022222,1928.633333,3430.95,2791.41,
-3739.966667,1627.13625,603.1941572,5491.03875,2069.605,3450.05,2794.56,
-3739.966667,1754.8,650.5196304,5491.03875,2069.605,3515.03,2829.17,
-3739.966667,1754.8,650.5196304,5491.03875,2069.605,3484.63,2853.82,
-3971.341429,1754.8,650.5196304,5537.778571,2087.22,3439.54,2870.32,
-3971.341429,1754.8,650.5196304,5537.778571,2087.22,3390.12,2863.21,
-3971.341429,1754.8,650.5196304,5537.778571,2087.22,3306.48,2863.24,
-3971.341429,1754.8,650.5196304,5537.778571,2087.22,3285.34,2831.21,
-3739.966667,1754.8,650.5196304,5537.778571,2087.22,3257.46,2842.8,
-3739.966667,1627.13625,603.1941572,5491.03875,2069.605,3236.35,2792.17,
-2915.77,1627.13625,603.1941572,5117.022222,1928.633333,3146.58,2697.32,
-2915.77,1288.028571,477.4835445,5117.022222,1928.633333,3149.99,2518.51,
-2915.65,1296.68,480.6910351,5145.217778,1939.261111,3156.11,2278.3,
-2915.65,1296.68,480.6910351,5145.217778,1939.261111,3103.58,2224.75,
-2915.65,1296.68,480.6910351,5145.217778,1939.261111,3026.49,2165.08,
-2915.65,1296.68,480.6910351,5145.217778,1939.261111,2985.46,2146.79,
-2915.65,1296.68,480.6910351,5145.217778,1939.261111,2977.58,2111.51,
-2915.65,1296.68,480.6910351,5516.9075,2079.3525,2999.68,2142.72,
-3964.152857,1637.5075,607.0380967,5516.9075,2079.3525,3090.23,2287.83,
-3734.405556,1637.5075,607.0380967,5516.9075,2079.3525,3079.31,2335.03,
-3734.405556,1637.5075,607.0380967,5563.447143,2096.892857,3258.17,2465.98,
-3964.152857,1765.456667,654.4698886,5563.447143,2096.892857,3377.55,2616.13,
-3964.152857,1765.456667,654.4698886,5516.9075,2079.3525,3439.48,2743.5,
-3734.405556,1637.5075,607.0380967,5145.217778,1939.261111,3481.84,2917.98,
-3734.405556,1637.5075,607.0380967,5145.217778,1939.261111,3444.62,2752.45,
-3734.405556,1637.5075,607.0380967,5516.9075,2079.3525,3463.62,2755.67,
-3734.405556,1765.456667,654.4698886,5516.9075,2079.3525,3514.91,2791.08,
-3734.405556,1765.456667,654.4698886,5516.9075,2079.3525,3498,2816.3,
-3964.152857,1765.456667,654.4698886,5563.447143,2096.892857,3453.17,2833.18,
-3964.152857,1765.456667,654.4698886,5563.447143,2096.892857,3404.02,2825.9,
-3964.152857,1765.456667,654.4698886,5563.447143,2096.892857,3320.83,2825.94,
-3964.152857,1765.456667,654.4698886,5563.447143,2096.892857,3299.81,2793.16,
-3734.405556,1765.456667,654.4698886,5563.447143,2096.892857,3272.08,2805.02,
-3734.405556,1637.5075,607.0380967,5516.9075,2079.3525,3251.09,2753.23,
-2915.65,1637.5075,607.0380967,5145.217778,1939.261111,3161.81,2656.19,
-2915.65,1296.68,480.6910351,5145.217778,1939.261111,3165.19,2473.25,
-2924.2175,1299.927143,481.8941966,5169.06,1948.247778,3166.82,2222.05,
-2924.2175,1299.927143,481.8941966,5169.06,1948.247778,3113.81,2165.4,
-2924.2175,1299.927143,481.8941966,5169.06,1948.247778,3036.02,2102.26,
-2924.2175,1299.927143,481.8941966,5169.06,1948.247778,2994.62,2082.9,
-2924.2175,1299.927143,481.8941966,5169.06,1948.247778,2979.35,2025.68,
-2924.2175,1299.927143,481.8941966,5535.7,2086.43625,3008.96,2078.59,
-3931.645714,1647.93625,610.9040086,5535.7,2086.43625,3100.34,2232.15,
-3710.3,1647.93625,610.9040086,5535.7,2086.43625,3089.32,2282.09,
-3710.3,1647.93625,610.9040086,5582.864286,2104.212857,3269.81,2420.65,
-3931.645714,1778.23,659.2057122,5582.864286,2104.212857,3390.28,2579.54,
-3931.645714,1778.23,659.2057122,5535.7,2086.43625,3452.77,2714.32,
-3710.3,1647.93625,610.9040086,5169.06,1948.247778,3495.52,2871.86,
-3710.3,1647.93625,610.9040086,5169.06,1948.247778,3457.96,2723.79,
-3710.3,1647.93625,610.9040086,5535.7,2086.43625,3477.13,2727.19,
-3710.3,1778.23,659.2057122,5535.7,2086.43625,3520.05,2764.66,
-3710.3,1778.23,659.2057122,5535.7,2086.43625,3511.83,2791.35,
-3931.645714,1778.23,659.2057122,5582.864286,2104.212857,3466.59,2809.21,
-3931.645714,1778.23,659.2057122,5582.864286,2104.212857,3416.99,2801.51,
-3931.645714,1778.23,659.2057122,5582.864286,2104.212857,3333.04,2801.54,
-3931.645714,1778.23,659.2057122,5582.864286,2104.212857,3311.83,2766.86,
-3710.3,1778.23,659.2057122,5582.864286,2104.212857,3283.85,2779.41,
-3710.3,1647.93625,610.9040086,5535.7,2086.43625,3262.66,2724.61,
-2924.2175,1647.93625,610.9040086,5169.06,1948.247778,3172.57,2621.93,
-2924.2175,1299.927143,481.8941966,5169.06,1948.247778,3175.99,2428.35,
-2919.47125,1304.308571,483.5182686,5190.626667,1956.377778,3166.04,2166.66,
-2919.47125,1304.308571,483.5182686,5190.626667,1956.377778,3106.28,2104.92,
-2919.47125,1304.308571,483.5182686,5190.626667,1956.377778,3018.58,2036.12,
-2919.47125,1304.308571,483.5182686,5190.626667,1956.377778,2971.91,2015.02,
-2919.47125,1304.308571,483.5182686,5190.626667,1956.377778,2944.67,1951.32,
-2919.47125,1304.308571,483.5182686,5552.70375,2092.84375,2988.08,2010.33,
-3905.644286,1654.54,613.351897,5552.70375,2092.84375,3091.1,2177.65,
-3689.296667,1654.54,613.351897,5552.70375,2092.84375,3078.67,2232.07,
-3689.296667,1654.54,613.351897,5599.592857,2110.517143,3282.15,2383.06,
-3905.644286,1785.711111,661.9792961,5599.592857,2110.517143,3417.96,2556.19,
-3905.644286,1785.711111,661.9792961,5552.70375,2092.84375,3488.41,2703.06,
-3689.296667,1654.54,613.351897,5190.626667,1956.377778,3536.6,2872.9,
-3689.296667,1654.54,613.351897,5190.626667,1956.377778,3494.26,2713.38,
-3689.296667,1654.54,613.351897,5552.70375,2092.84375,3515.87,2717.09,
-3689.296667,1785.711111,661.9792961,5552.70375,2092.84375,3553.56,2757.91,
-3689.296667,1785.711111,661.9792961,5552.70375,2092.84375,3553.56,2787,
-3905.644286,1785.711111,661.9792961,5599.592857,2110.517143,3503.98,2806.46,
-3905.644286,1785.711111,661.9792961,5599.592857,2110.517143,3448.07,2798.07,
-3905.644286,1785.711111,661.9792961,5599.592857,2110.517143,3353.43,2798.11,
-3905.644286,1785.711111,661.9792961,5599.592857,2110.517143,3329.52,2760.32,
-3689.296667,1785.711111,661.9792961,5599.592857,2110.517143,3297.97,2773.99,
-3689.296667,1654.54,613.351897,5552.70375,2092.84375,3274.09,2714.27,
-2919.47125,1654.54,613.351897,5190.626667,1956.377778,3172.53,2602.39,
-2919.47125,1304.308571,483.5182686,5190.626667,1956.377778,3176.37,2391.45,
-2896.51,1302.874286,482.9871288,5204.94,1961.768889,3151.75,2122.88,
-2896.51,1302.874286,482.9871288,5204.94,1961.768889,3076.85,2055.67,
-2896.51,1302.874286,482.9871288,5204.94,1961.768889,2966.97,1980.78,
-2896.51,1302.874286,482.9871288,5204.94,1961.768889,2908.48,1957.82,
-2896.51,1302.874286,482.9871288,5204.94,1961.768889,2886.65,1889.64,
-2896.51,1302.874286,482.9871288,5571.94125,2100.09625,2928.74,1952.71,
-3891.821429,1643.72125,609.342032,5571.94125,2100.09625,3057.83,2134.85,
-3674.267778,1643.72125,609.342032,5571.94125,2100.09625,3042.26,2194.09,
-3674.267778,1643.72125,609.342032,5618.76,2117.742857,3297.24,2358.45,
-3891.821429,1771.441111,656.6887196,5618.76,2117.742857,3467.42,2546.91,
-3891.821429,1771.441111,656.6887196,5571.94125,2100.09625,3555.7,2706.78,
-3674.267778,1643.72125,609.342032,5204.94,1961.768889,3616.08,2893.24,
-3674.267778,1643.72125,609.342032,5204.94,1961.768889,3563.03,2718.01,
-3674.267778,1643.72125,609.342032,5571.94125,2100.09625,3590.11,2722.05,
-3674.267778,1771.441111,656.6887196,5571.94125,2100.09625,3650.43,2766.49,
-3674.267778,1771.441111,656.6887196,5571.94125,2100.09625,3639.13,2798.15,
-3891.821429,1771.441111,656.6887196,5618.76,2117.742857,3575.21,2819.34,
-3891.821429,1771.441111,656.6887196,5618.76,2117.742857,3505.14,2810.2,
-3891.821429,1771.441111,656.6887196,5618.76,2117.742857,3386.56,2810.25,
-3891.821429,1771.441111,656.6887196,5618.76,2117.742857,3356.6,2769.11,
-3674.267778,1771.441111,656.6887196,5618.76,2117.742857,3317.07,2783.99,
-3674.267778,1643.72125,609.342032,5571.94125,2100.09625,3287.14,2718.99,
-2896.51,1643.72125,609.342032,5204.94,1961.768889,3159.87,2597.19,
-2896.51,1302.874286,482.9871288,5204.94,1961.768889,3164.69,2367.58,
-2896.99875,1293.525714,479.5207252,5214.167778,1965.25,3167.82,2106.17,
-2896.99875,1293.525714,479.5207252,5214.167778,1965.25,3093.45,2035.17,
-2896.99875,1293.525714,479.5207252,5214.167778,1965.25,2984.33,1956.04,
-2896.99875,1293.525714,479.5207252,5214.167778,1965.25,2926.25,1931.78,
-2896.99875,1293.525714,479.5207252,5214.167778,1965.25,2914.25,1867.93,
-2896.99875,1293.525714,479.5207252,5588.67625,2106.405,2946.37,1926.39,
-3906.294286,1634.22875,605.8230816,5588.67625,2106.405,3074.56,2118.82,
-3686.414444,1634.22875,605.8230816,5588.67625,2106.405,3059.1,2181.4,
-3686.414444,1634.22875,605.8230816,5635.984286,2124.232857,3312.3,2355.04,
-3906.294286,1761.567778,653.0289686,5635.984286,2124.232857,3481.29,2554.15,
-3906.294286,1761.567778,653.0289686,5588.67625,2106.405,3568.96,2723.05,
-3686.414444,1634.22875,605.8230816,5214.167778,1965.25,3628.92,2931.16,
-3686.414444,1634.22875,605.8230816,5214.167778,1965.25,3576.24,2734.91,
-3686.414444,1634.22875,605.8230816,5588.67625,2106.405,3603.13,2739.18,
-3686.414444,1761.567778,653.0289686,5588.67625,2106.405,3674.72,2786.13,
-3686.414444,1761.567778,653.0289686,5588.67625,2106.405,3651.8,2819.58,
-3906.294286,1761.567778,653.0289686,5635.984286,2124.232857,3588.34,2841.96,
-3906.294286,1761.567778,653.0289686,5635.984286,2124.232857,3518.75,2832.31,
-3906.294286,1761.567778,653.0289686,5635.984286,2124.232857,3401,2832.35,
-3906.294286,1761.567778,653.0289686,5635.984286,2124.232857,3371.24,2788.89,
-3686.414444,1761.567778,653.0289686,5635.984286,2124.232857,3331.99,2804.62,
-3686.414444,1634.22875,605.8230816,5588.67625,2106.405,3302.26,2735.94,
-2896.99875,1634.22875,605.8230816,5214.167778,1965.25,3175.89,2607.27,
-2896.99875,1293.525714,479.5207252,5214.167778,1965.25,3180.67,2364.69,
-2903.19125,1294.842857,480.0089965,5218.531111,1966.894444,3200.42,2125.57,
-2903.19125,1294.842857,480.0089965,5218.531111,1966.894444,3137.29,2055.78,
-2903.19125,1294.842857,480.0089965,5218.531111,1966.894444,3044.65,1978,
-2903.19125,1294.842857,480.0089965,5218.531111,1966.894444,2995.45,1954.16,
-2903.19125,1294.842857,480.0089965,5218.531111,1966.894444,2995.45,1904.3,
-2903.19125,1294.842857,480.0089965,5581.275,2103.615,3012.42,1948.85,
-3934.815714,1632.555,605.2026256,5581.275,2103.615,3121.25,2138.01,
-3709.914444,1632.555,605.2026256,5581.275,2103.615,3108.13,2199.53,
-3709.914444,1632.555,605.2026256,5627.352857,2120.98,3323.08,2370.21,
-3934.815714,1759.042222,652.0918044,5627.352857,2120.98,3466.55,2565.93,
-3934.815714,1759.042222,652.0918044,5581.275,2103.615,3540.97,2731.96,
-3709.914444,1632.555,605.2026256,5218.531111,1966.894444,3591.88,2954.11,
-3709.914444,1632.555,605.2026256,5218.531111,1966.894444,3547.15,2743.62,
-3709.914444,1632.555,605.2026256,5581.275,2103.615,3569.98,2747.82,
-3709.914444,1759.042222,652.0918044,5581.275,2103.615,3643.33,2793.97,
-3709.914444,1759.042222,652.0918044,5581.275,2103.615,3611.31,2826.85,
-3934.815714,1759.042222,652.0918044,5627.352857,2120.98,3557.42,2848.85,
-3934.815714,1759.042222,652.0918044,5627.352857,2120.98,3498.35,2839.36,
-3934.815714,1759.042222,652.0918044,5627.352857,2120.98,3398.38,2839.41,
-3934.815714,1759.042222,652.0918044,5627.352857,2120.98,3373.12,2796.69,
-3709.914444,1759.042222,652.0918044,5627.352857,2120.98,3339.8,2812.14,
-3709.914444,1632.555,605.2026256,5581.275,2103.615,3314.56,2744.64,
-2903.19125,1632.555,605.2026256,5218.531111,1966.894444,3207.27,2618.15,
-2903.19125,1294.842857,480.0089965,5218.531111,1966.894444,3211.34,2379.69,
-2909.8275,1296.12,480.4833327,5206.862222,1962.494444,3226.32,2152.22,
-2909.8275,1296.12,480.4833327,5206.862222,1962.494444,3174,2084.33,
-2909.8275,1296.12,480.4833327,5206.862222,1962.494444,3097.23,2008.66,
-2909.8275,1296.12,480.4833327,5206.862222,1962.494444,3056.37,1985.47,
-2909.8275,1296.12,480.4833327,5206.862222,1962.494444,3046.05,1954.7,
-2909.8275,1296.12,480.4833327,5566.99375,2098.23125,3070.52,1980.31,
-3969.017143,1639.88375,607.9193977,5566.99375,2098.23125,3160.71,2164.32,
-3736.913333,1639.88375,607.9193977,5566.99375,2098.23125,3149.83,2224.16,
-3736.913333,1639.88375,607.9193977,5614.195714,2116.021429,3327.97,2390.2,
-3969.017143,1768.545556,655.6151875,5614.195714,2116.021429,3446.87,2580.6,
-3969.017143,1768.545556,655.6151875,5566.99375,2098.23125,3508.54,2742.1,
-3736.913333,1639.88375,607.9193977,5206.862222,1962.494444,3550.73,2982.33,
-3736.913333,1639.88375,607.9193977,5206.862222,1962.494444,3513.67,2753.45,
-3736.913333,1639.88375,607.9193977,5566.99375,2098.23125,3532.58,2757.53,
-3736.913333,1768.545556,655.6151875,5566.99375,2098.23125,3580.69,2802.43,
-3736.913333,1768.545556,655.6151875,5566.99375,2098.23125,3566.83,2834.41,
-3969.017143,1768.545556,655.6151875,5614.195714,2116.021429,3522.18,2855.81,
-3969.017143,1768.545556,655.6151875,5614.195714,2116.021429,3473.22,2846.58,
-3969.017143,1768.545556,655.6151875,5614.195714,2116.021429,3390.38,2846.63,
-3969.017143,1768.545556,655.6151875,5614.195714,2116.021429,3369.44,2805.07,
-3736.913333,1768.545556,655.6151875,5614.195714,2116.021429,3341.82,2820.11,
-3736.913333,1639.88375,607.9193977,5566.99375,2098.23125,3320.91,2754.44,
-2909.8275,1639.88375,607.9193977,5206.862222,1962.494444,3232,2631.39,
-2909.8275,1296.12,480.4833327,5206.862222,1962.494444,3235.37,2399.43,
-2912.875,1294.181429,479.764343,5184.382222,1954.021111,3226.21,2188.62,
-2912.875,1294.181429,479.764343,5184.382222,1954.021111,3175.95,2125.22,
-2912.875,1294.181429,479.764343,5184.382222,1954.021111,3102.21,2054.57,
-2912.875,1294.181429,479.764343,5184.382222,1954.021111,3062.96,2032.91,
-2912.875,1294.181429,479.764343,5184.382222,1954.021111,3046.73,2021.54,
-2912.875,1294.181429,479.764343,5558.7425,2095.1225,3076.55,2028.09,
-4006.004286,1651.00875,612.0432381,5558.7425,2095.1225,3163.19,2199.91,
-3764.248889,1651.00875,612.0432381,5558.7425,2095.1225,3152.74,2255.79,
-3764.248889,1651.00875,612.0432381,5609.071429,2114.088571,3323.86,2410.84,
-4006.004286,1784.466667,661.5173056,5609.071429,2114.088571,3438.06,2588.62,
-4006.004286,1784.466667,661.5173056,5558.7425,2095.1225,3497.31,2739.43,
-3764.248889,1651.00875,612.0432381,5184.382222,1954.021111,3537.83,2987.38,
-3764.248889,1651.00875,612.0432381,5184.382222,1954.021111,3502.23,2750.03,
-3764.248889,1651.00875,612.0432381,5558.7425,2095.1225,3520.4,2753.84,
-3764.248889,1784.466667,661.5173056,5558.7425,2095.1225,3558.97,2795.76,
-3764.248889,1784.466667,661.5173056,5558.7425,2095.1225,3553.3,2825.63,
-4006.004286,1784.466667,661.5173056,5609.071429,2114.088571,3510.41,2845.61,
-4006.004286,1784.466667,661.5173056,5609.071429,2114.088571,3463.38,2836.99,
-4006.004286,1784.466667,661.5173056,5609.071429,2114.088571,3383.8,2837.03,
-4006.004286,1784.466667,661.5173056,5609.071429,2114.088571,3363.69,2798.23,
-3764.248889,1784.466667,661.5173056,5609.071429,2114.088571,3337.16,2812.27,
-3764.248889,1651.00875,612.0432381,5558.7425,2095.1225,3317.08,2750.95,
-2912.875,1651.00875,612.0432381,5184.382222,1954.021111,3231.67,2636.06,
-2912.875,1294.181429,479.764343,5184.382222,1954.021111,3234.9,2419.45,
-2906.17875,1294.644286,479.9353584,5178.245556,1961.963333,3246.42,2261.543043,
-2906.17875,1294.644286,479.9353584,5178.245556,1961.963333,3199.66,2199.003043,
-2906.17875,1294.644286,479.9353584,5178.245556,1961.963333,3131.05,2129.313043,
-2906.17875,1294.644286,479.9353584,5178.245556,1961.963333,3094.53,2107.943043,
-2906.17875,1294.644286,479.9353584,5178.245556,1961.963333,2939.49,2103.863043,
-2906.17875,1294.644286,479.9353584,5563.4125,2107.89625,3107.18,2103.863043,
-4019.948571,1648.6375,611.1641048,5563.4125,2107.89625,3187.78,2272.683043,
-3759.667778,1648.6375,611.1641048,5563.4125,2107.89625,3178.06,2327.813043,
-3759.667778,1648.6375,611.1641048,5611.725714,2126.202857,3337.27,2480.763043,
-4019.948571,1786.323333,662.2059537,5611.725714,2126.202857,3443.54,2656.143043,
-4019.948571,1786.323333,662.2059537,5563.4125,2107.89625,3498.66,2804.913043,
-3759.667778,1648.6375,611.1641048,5178.245556,1961.963333,3499.82,3000,
-3759.667778,1648.6375,611.1641048,5178.245556,1961.963333,3499.82,2815.363043,
-3759.667778,1648.6375,611.1641048,5563.4125,2107.89625,3499.82,2819.123043,
-3759.667778,1786.323333,662.2059537,5563.4125,2107.89625,3499.82,2860.483043,
-3759.667778,1786.323333,662.2059537,5563.4125,2107.89625,3499.82,2889.943043,
-4019.948571,1786.323333,662.2059537,5611.725714,2126.202857,3499.82,2909.653043,
-4019.948571,1786.323333,662.2059537,5611.725714,2126.202857,3467.09,2901.153043,
-4019.948571,1786.323333,662.2059537,5611.725714,2126.202857,3393.05,2901.193043,
-4019.948571,1786.323333,662.2059537,5611.725714,2126.202857,3374.34,2862.913043,
-3759.667778,1786.323333,662.2059537,5611.725714,2126.202857,3349.65,2876.763043,
-3759.667778,1648.6375,611.1641048,5563.4125,2107.89625,3330.97,2816.273043,
-2906.17875,1648.6375,611.1641048,5178.245556,1961.963333,3251.5,2702.933043,
-2906.17875,1294.644286,479.9353584,5178.245556,1961.963333,3254.51,2489.253043,
-2986.53,1327.571429,492.1423137,5210.735556,1974.272222,3112.93,2346.1135,
-2986.53,1327.571429,492.1423137,5210.735556,1974.272222,3057.18,2281.3235,
-2986.53,1327.571429,492.1423137,5210.735556,1974.272222,2975.37,2209.1135,
-2986.53,1327.571429,492.1423137,5210.735556,1974.272222,2931.83,2186.9735,
-2986.53,1327.571429,492.1423137,5210.735556,1974.272222,2831.78,2179.7235,
-2986.53,1327.571429,492.1423137,5602.32,2122.63875,2946.92,2182.0535,
-4111.134286,1686.98875,625.3815301,5602.32,2122.63875,3043.02,2357.6535,
-3852.141111,1686.98875,625.3815301,5602.32,2122.63875,3031.43,2414.7735,
-3852.141111,1686.98875,625.3815301,5648.607143,2140.177143,3221.24,2573.2335,
-4111.134286,1826.194444,676.9862293,5648.607143,2140.177143,3347.92,2754.9335,
-4111.134286,1826.194444,676.9862293,5602.32,2122.63875,3413.64,2909.0635,
-3852.141111,1686.98875,625.3815301,5210.735556,1974.272222,3438.62,3000,
-3852.141111,1686.98875,625.3815301,5210.735556,1974.272222,3419.1,2919.8935,
-3852.141111,1686.98875,625.3815301,5602.32,2122.63875,3438.62,2923.7935,
-3852.141111,1826.194444,676.9862293,5602.32,2122.63875,3438.62,2966.6335,
-3852.141111,1826.194444,676.9862293,5602.32,2122.63875,3438.62,2997.1635,
-4111.134286,1826.194444,676.9862293,5648.607143,2140.177143,3428.17,3000,
-4111.134286,1826.194444,676.9862293,5648.607143,2140.177143,3376.01,3000,
-4111.134286,1826.194444,676.9862293,5648.607143,2140.177143,3287.73,3000,
-4111.134286,1826.194444,676.9862293,5648.607143,2140.177143,3265.43,2969.1635,
-3852.141111,1826.194444,676.9862293,5648.607143,2140.177143,3236,2983.5035,
-3852.141111,1686.98875,625.3815301,5602.32,2122.63875,3213.72,2920.8335,
-2986.53,1686.98875,625.3815301,5210.735556,1974.272222,3118.98,2803.4135,
-2986.53,1327.571429,492.1423137,5210.735556,1974.272222,3122.57,2582.0335,
-3047.92375,1348.197143,499.789376,5238.172222,1984.671111,3037.21,2456.205,
-3047.92375,1348.197143,499.789376,5238.172222,1984.671111,2978.05,2388.775,
-3047.92375,1348.197143,499.789376,5238.172222,1984.671111,2891.24,2313.645,
-3047.92375,1348.197143,499.789376,5238.172222,1984.671111,2845.04,2290.605,
-3047.92375,1348.197143,499.789376,5238.172222,1984.671111,2789.38,2287.845,
-3047.92375,1348.197143,499.789376,5627.88125,2132.32375,2861.04,2287.845,
-4156.757143,1713.96625,635.3821286,5627.88125,2132.32375,2963.02,2468.215,
-3905.901111,1713.96625,635.3821286,5627.88125,2132.32375,2950.72,2527.645,
-3905.901111,1713.96625,635.3821286,5671.724286,2148.937143,3152.15,2692.525,
-4156.757143,1855.485556,687.8446757,5671.724286,2148.937143,3286.58,2881.595,
-4156.757143,1855.485556,687.8446757,5627.88125,2132.32375,3356.32,3000,
-3905.901111,1713.96625,635.3821286,5238.172222,1984.671111,3403.59,3000,
-3905.901111,1713.96625,635.3821286,5238.172222,1984.671111,3362.12,3000,
-3905.901111,1713.96625,635.3821286,5627.88125,2132.32375,3383.51,3000,
-3905.901111,1855.485556,687.8446757,5627.88125,2132.32375,3403.59,3000,
-3905.901111,1855.485556,687.8446757,5627.88125,2132.32375,3403.59,3000,
-4156.757143,1855.485556,687.8446757,5671.724286,2148.937143,3371.74,3000,
-4156.757143,1855.485556,687.8446757,5671.724286,2148.937143,3316.39,3000,
-4156.757143,1855.485556,687.8446757,5671.724286,2148.937143,3222.71,3000,
-4156.757143,1855.485556,687.8446757,5671.724286,2148.937143,3199.04,3000,
-3905.901111,1855.485556,687.8446757,5671.724286,2148.937143,3167.81,3000,
-3905.901111,1713.96625,635.3821286,5627.88125,2132.32375,3144.17,3000,
-3047.92375,1713.96625,635.3821286,5238.172222,1984.671111,3043.63,2932.035,
-3047.92375,1348.197143,499.789376,5238.172222,1984.671111,3047.44,2701.685,
-3079.6775,1368.834286,507.4385947,5237.511111,1984.417778,2984.93,2565.095455,
-3079.6775,1368.834286,507.4385947,5237.511111,1984.417778,2921.1,2502.155455,
-3079.6775,1368.834286,507.4385947,5237.511111,1984.417778,2827.44,2432.025455,
-3079.6775,1368.834286,507.4385947,5237.511111,1984.417778,2777.59,2414.355455,
-3079.6775,1368.834286,507.4385947,5237.511111,1984.417778,2756.79,2414.355455,
-3079.6775,1368.834286,507.4385947,5623,2130.47625,2794.85,2414.355455,
-4187.134286,1728,640.5843291,5623,2130.47625,2904.89,2576.305455,
-3940.958889,1728,640.5843291,5623,2130.47625,2891.62,2631.785455,
-3940.958889,1728,640.5843291,5665.897143,2146.728571,3108.95,2785.705455,
-4187.134286,1865.987778,691.7377141,5665.897143,2146.728571,3254,2962.205455,
-4187.134286,1865.987778,691.7377141,5623,2130.47625,3329.24,3000,
-3940.958889,1728,640.5843291,5237.511111,1984.417778,3380.71,3000,
-3940.958889,1728,640.5843291,5237.511111,1984.417778,3335.49,3000,
-3940.958889,1728,640.5843291,5623,2130.47625,3358.57,3000,
-3940.958889,1865.987778,691.7377141,5623,2130.47625,3407.33,3000,
-3940.958889,1865.987778,691.7377141,5623,2130.47625,3400.35,3000,
-4187.134286,1865.987778,691.7377141,5665.897143,2146.728571,3345.88,3000,
-4187.134286,1865.987778,691.7377141,5665.897143,2146.728571,3286.15,3000,
-4187.134286,1865.987778,691.7377141,5665.897143,2146.728571,3185.08,3000,
-4187.134286,1865.987778,691.7377141,5665.897143,2146.728571,3159.54,3000,
-3940.958889,1865.987778,691.7377141,5665.897143,2146.728571,3125.84,3000,
-3940.958889,1728,640.5843291,5623,2130.47625,3100.33,3000,
-3079.6775,1728,640.5843291,5237.511111,1984.417778,2991.86,3000,
-3079.6775,1368.834286,507.4385947,5237.511111,1984.417778,2995.97,2794.255455,
-3091.97875,1367.337143,506.8831654,5223.945556,1979.28,2953.01,2623.226364,
-3091.97875,1367.337143,506.8831654,5223.945556,1979.28,2889.5,2566.306364,
-3091.97875,1367.337143,506.8831654,5223.945556,1979.28,2796.31,2502.866364,
-3091.97875,1367.337143,506.8831654,5223.945556,1979.28,2746.71,2490.026364,
-3091.97875,1367.337143,506.8831654,5223.945556,1979.28,2742.26,2490.026364,
-3091.97875,1367.337143,506.8831654,5588.75375,2117.5,2763.89,2490.026364,
-4216.568571,1714.48625,635.5747026,5588.75375,2117.5,2873.37,2633.376364,
-3968.613333,1714.48625,635.5747026,5588.75375,2117.5,2860.17,2683.546364,
-3968.613333,1714.48625,635.5747026,5631.525714,2133.707143,3076.4,2822.776364,
-4216.568571,1846.504444,684.515812,5631.525714,2133.707143,3220.72,2982.416364,
-4216.568571,1846.504444,684.515812,5588.75375,2117.5,3295.59,3000,
-3968.613333,1714.48625,635.5747026,5223.945556,1979.28,3346.8,3000,
-3968.613333,1714.48625,635.5747026,5223.945556,1979.28,3301.81,3000,
-3968.613333,1714.48625,635.5747026,5588.75375,2117.5,3324.77,3000,
-3968.613333,1846.504444,684.515812,5588.75375,2117.5,3392.91,3000,
-3968.613333,1846.504444,684.515812,5588.75375,2117.5,3366.34,3000,
-4216.568571,1846.504444,684.515812,5631.525714,2133.707143,3312.14,3000,
-4216.568571,1846.504444,684.515812,5631.525714,2133.707143,3252.72,3000,
-4216.568571,1846.504444,684.515812,5631.525714,2133.707143,3152.15,3000,
-4216.568571,1846.504444,684.515812,5631.525714,2133.707143,3126.74,3000,
-3968.613333,1846.504444,684.515812,5631.525714,2133.707143,3093.22,3000,
-3968.613333,1714.48625,635.5747026,5588.75375,2117.5,3067.83,3000,
-3091.97875,1714.48625,635.5747026,5223.945556,1979.28,2959.91,3000,
-3091.97875,1367.337143,506.8831654,5223.945556,1979.28,2963.99,2830.506364,
-3111.94625,1355.812857,502.6112902,5202.134444,1971.015556,2928.56,2613.6975,
-3111.94625,1355.812857,502.6112902,5202.134444,1971.015556,2868.07,2563.7675,
-3111.94625,1355.812857,502.6112902,5202.134444,1971.015556,2779.3,2508.1275,
-3111.94625,1355.812857,502.6112902,5202.134444,1971.015556,2735.42,2491.0675,
-3111.94625,1355.812857,502.6112902,5202.134444,1971.015556,2735.42,2489.5575,
-3111.94625,1355.812857,502.6112902,5542.8825,2100.11875,2748.43,2489.5575,
-4233.754286,1697.18375,629.1604775,5542.8825,2100.11875,2852.7,2622.5975,
-3987.341111,1697.18375,629.1604775,5542.8825,2100.11875,2840.13,2666.6075,
-3987.341111,1697.18375,629.1604775,5587.354286,2116.97,3046.09,2788.7075,
-4233.754286,1824.601111,676.3957926,5587.354286,2116.97,3183.56,2928.7275,
-4233.754286,1824.601111,676.3957926,5542.8825,2100.11875,3254.87,3000,
-3987.341111,1697.18375,629.1604775,5202.134444,1971.015556,3303.64,3000,
-3987.341111,1697.18375,629.1604775,5202.134444,1971.015556,3260.79,3000,
-3987.341111,1697.18375,629.1604775,5542.8825,2100.11875,3282.66,3000,
-3987.341111,1824.601111,676.3957926,5542.8825,2100.11875,3360.53,3000,
-3987.341111,1824.601111,676.3957926,5542.8825,2100.11875,3322.26,3000,
-4233.754286,1824.601111,676.3957926,5587.354286,2116.97,3270.63,3000,
-4233.754286,1824.601111,676.3957926,5587.354286,2116.97,3214.03,3000,
-4233.754286,1824.601111,676.3957926,5587.354286,2116.97,3118.24,3000,
-4233.754286,1824.601111,676.3957926,5587.354286,2116.97,3094.04,3000,
-3987.341111,1824.601111,676.3957926,5587.354286,2116.97,3062.11,3000,
-3987.341111,1697.18375,629.1604775,5542.8825,2100.11875,3037.93,3000,
-3111.94625,1697.18375,629.1604775,5202.134444,1971.015556,2935.13,2966.0775,
-3111.94625,1355.812857,502.6112902,5202.134444,1971.015556,2939.02,2795.4975,
-3144.74875,1350.415714,500.6114199,5177.337778,1961.621111,2930.21,2565.478333,
-3144.74875,1350.415714,500.6114199,5177.337778,1961.621111,2885.87,2507.608333,
-3144.74875,1350.415714,500.6114199,5177.337778,1961.621111,2820.8,2443.108333,
-3144.74875,1350.415714,500.6114199,5177.337778,1961.621111,2786.17,2423.338333,
-3144.74875,1350.415714,500.6114199,5177.337778,1961.621111,2773.33,2380.468333,
-3144.74875,1350.415714,500.6114199,5504.4525,2085.56125,2798.17,2418.938333,
-4238.427143,1679.53875,622.6190439,5504.4525,2085.56125,2874.6,2575.788333,
-3999.543333,1679.53875,622.6190439,5504.4525,2085.56125,2865.39,2626.808333,
-3999.543333,1679.53875,622.6190439,5551.611429,2103.427143,3016.35,2768.348333,
-4238.427143,1799.942222,667.2541888,5551.611429,2103.427143,3117.11,2930.648333,
-4238.427143,1799.942222,667.2541888,5504.4525,2085.56125,3169.38,3000,
-3999.543333,1679.53875,622.6190439,5177.337778,1961.621111,3205.13,3000,
-3999.543333,1679.53875,622.6190439,5177.337778,1961.621111,3173.72,3000,
-3999.543333,1679.53875,622.6190439,5504.4525,2085.56125,3189.75,3000,
-3999.543333,1799.942222,667.2541888,5504.4525,2085.56125,3225.56,3000,
-3999.543333,1799.942222,667.2541888,5504.4525,2085.56125,3218.78,3000,
-4238.427143,1799.942222,667.2541888,5551.611429,2103.427143,3180.93,3000,
-4238.427143,1799.942222,667.2541888,5551.611429,2103.427143,3139.45,3000,
-4238.427143,1799.942222,667.2541888,5551.611429,2103.427143,3069.24,3000,
-4238.427143,1799.942222,667.2541888,5551.611429,2103.427143,3051.5,3000,
-3999.543333,1799.942222,667.2541888,5551.611429,2103.427143,3028.09,3000,
-3999.543333,1679.53875,622.6190439,5504.4525,2085.56125,3010.37,3000,
-3144.74875,1679.53875,622.6190439,5177.337778,1961.621111,2935.02,2973.948333,
-3144.74875,1350.415714,500.6114199,5177.337778,1961.621111,2937.87,2776.208333,
-3141.036141,1325.55,491.3919866,5152.895556,1952.356667,2906.55,2526.8575,
-3141.036141,1325.55,491.3919866,5152.895556,1952.356667,2861.54,2466.1375,
-3141.036141,1325.55,491.3919866,5152.895556,1952.356667,2795.5,2398.4575,
-3141.036141,1325.55,491.3919866,5152.895556,1952.356667,2760.35,2377.7175,
-3141.036141,1325.55,491.3919866,5152.895556,1952.356667,2735.42,2306.3675,
-3141.036141,1325.55,491.3919866,5492.3125,2080.96,2772.52,2373.0975,
-4272.153478,1671.97375,619.8159094,5492.3125,2080.96,2850.11,2537.6775,
-4027.178502,1671.97375,619.8159094,5492.3125,2080.96,2840.75,2591.2075,
-4027.178502,1671.97375,619.8159094,5540.804286,2099.332857,2994,2739.7175,
-4272.153478,1798.83,666.8417932,5540.804286,2099.332857,3096.28,2910.0075,
-4272.153478,1798.83,666.8417932,5492.3125,2080.96,3149.34,3000,
-4027.178502,1671.97375,619.8159094,5152.895556,1952.356667,3185.63,3000,
-4027.178502,1671.97375,619.8159094,5152.895556,1952.356667,3153.75,3000,
-4027.178502,1671.97375,619.8159094,5492.3125,2080.96,3170.02,3000,
-4027.178502,1798.83,666.8417932,5492.3125,2080.96,3195.73,3000,
-4027.178502,1798.83,666.8417932,5492.3125,2080.96,3195.73,3000,
-4272.153478,1798.83,666.8417932,5540.804286,2099.332857,3161.07,3000,
-4272.153478,1798.83,666.8417932,5540.804286,2099.332857,3118.96,3000,
-4272.153478,1798.83,666.8417932,5540.804286,2099.332857,3047.69,3000,
-4272.153478,1798.83,666.8417932,5540.804286,2099.332857,3029.68,3000,
-4027.178502,1798.83,666.8417932,5540.804286,2099.332857,3005.92,3000,
-4027.178502,1671.97375,619.8159094,5492.3125,2080.96,2987.93,3000,
-3141.036141,1671.97375,619.8159094,5152.895556,1952.356667,2911.44,2955.4475,
-3141.036141,1325.55,491.3919866,5152.895556,1952.356667,2914.34,2747.9675,
-3136.225455,1321.841429,490.0187158,5157.083333,1953.947778,2902.41,2511.373636,
-3136.225455,1321.841429,490.0187158,5157.083333,1953.947778,2859.28,2439.463636,
-3136.225455,1321.841429,490.0187158,5157.083333,1953.947778,2795.99,2359.323636,
-3136.225455,1321.841429,490.0187158,5157.083333,1953.947778,2762.31,2334.753636,
-3136.225455,1321.841429,490.0187158,5157.083333,1953.947778,2718.98,2249.303636,
-3136.225455,1321.841429,490.0187158,5518.44875,2090.86375,2773.97,2329.283636,
-4310.030325,1688.46375,625.9277471,5518.44875,2090.86375,2848.32,2524.183636,
-4064.981566,1688.46375,625.9277471,5518.44875,2090.86375,2839.35,2587.563636,
-4064.981566,1688.46375,625.9277471,5564.925714,2108.47,2986.2,2763.433636,
-4310.030325,1824.602222,676.3960258,5564.925714,2108.47,3084.2,2965.093636,
-4310.030325,1824.602222,676.3960258,5518.44875,2090.86375,3135.05,3000,
-4064.981566,1688.46375,625.9277471,5157.083333,1953.947778,3168.36,3000,
-4064.981566,1688.46375,625.9277471,5157.083333,1953.947778,3139.27,3000,
-4064.981566,1688.46375,625.9277471,5518.44875,2090.86375,3154.86,3000,
-4064.981566,1824.602222,676.3960258,5518.44875,2090.86375,3168.36,3000,
-4064.981566,1824.602222,676.3960258,5518.44875,2090.86375,3168.36,3000,
-4310.030325,1824.602222,676.3960258,5564.925714,2108.47,3146.29,3000,
-4310.030325,1824.602222,676.3960258,5564.925714,2108.47,3105.93,3000,
-4310.030325,1824.602222,676.3960258,5564.925714,2108.47,3037.64,3000,
-4310.030325,1824.602222,676.3960258,5564.925714,2108.47,3020.38,3000,
-4064.981566,1824.602222,676.3960258,5564.925714,2108.47,2997.62,3000,
-4064.981566,1688.46375,625.9277471,5518.44875,2090.86375,2980.38,3000,
-3136.225455,1688.46375,625.9277471,5157.083333,1953.947778,2907.09,3000,
-3136.225455,1321.841429,490.0187158,5157.083333,1953.947778,2909.86,2773.203636,
-3180.661818,1347.922857,499.6863643,5176.774444,1961.407778,2906.72,2550.587,
-3180.661818,1347.922857,499.6863643,5176.774444,1961.407778,2856.26,2473.797,
-3180.661818,1347.922857,499.6863643,5176.774444,1961.407778,2782.23,2388.207,
-3180.661818,1347.922857,499.6863643,5176.774444,1961.407778,2742.83,2361.967,
-3180.661818,1347.922857,499.6863643,5176.774444,1961.407778,2696.56,2305.997,
-3180.661818,1347.922857,499.6863643,5537.66125,2098.14,2756.48,2356.127,
-4318.848442,1701.195,630.6474165,5537.66125,2098.14,2843.45,2564.277,
-4082.007374,1701.195,630.6474165,5537.66125,2098.14,2832.96,2631.967,
-4082.007374,1701.195,630.6474165,5582.172857,2115.004286,3004.75,2819.787,
-4318.848442,1835.063333,680.2740929,5582.172857,2115.004286,3119.4,3000,
-4318.848442,1835.063333,680.2740929,5537.66125,2098.14,3178.88,3000,
-4082.007374,1701.195,630.6474165,5176.774444,1961.407778,3219.56,3000,
-4082.007374,1701.195,630.6474165,5176.774444,1961.407778,3183.82,3000,
-4082.007374,1701.195,630.6474165,5537.66125,2098.14,3202.06,3000,
-4082.007374,1835.063333,680.2740929,5537.66125,2098.14,3219.75,3000,
-4082.007374,1835.063333,680.2740929,5537.66125,2098.14,3219.75,3000,
-4318.848442,1835.063333,680.2740929,5582.172857,2115.004286,3192.02,3000,
-4318.848442,1835.063333,680.2740929,5582.172857,2115.004286,3144.82,3000,
-4318.848442,1835.063333,680.2740929,5582.172857,2115.004286,3064.92,3000,
-4318.848442,1835.063333,680.2740929,5582.172857,2115.004286,3044.74,3000,
-4082.007374,1835.063333,680.2740929,5582.172857,2115.004286,3018.1,3000,
-4082.007374,1701.195,630.6474165,5537.66125,2098.14,2997.94,3000,
-3180.661818,1701.195,630.6474165,5176.774444,1961.407778,2912.2,3000,
-3180.661818,1347.922857,499.6863643,5176.774444,1961.407778,2915.44,2830.217,
-3216.560455,1353.13,501.6170533,5185.785556,1964.82,2925.5,2593.784,
-3216.560455,1353.13,501.6170533,5185.785556,1964.82,2864.6,2524.444,
-3216.560455,1353.13,501.6170533,5185.785556,1964.82,2775.24,2447.164,
-3216.560455,1353.13,501.6170533,5185.785556,1964.82,2727.68,2423.474,
-3216.560455,1353.13,501.6170533,5185.785556,1964.82,2697.07,2396.744,
-3216.560455,1353.13,501.6170533,5555.79625,2105.0125,2744.15,2418.194,
-4324.290325,1714.2575,635.4905228,5555.79625,2105.0125,2849.13,2606.144,
-4094.011566,1714.2575,635.4905228,5555.79625,2105.0125,2836.47,2667.264,
-4094.011566,1714.2575,635.4905228,5601.902857,2122.481429,3043.82,2836.854,
-4324.290325,1850.177778,685.8769066,5601.902857,2122.481429,3182.22,3000,
-4324.290325,1850.177778,685.8769066,5555.79625,2105.0125,3254.01,3000,
-4094.011566,1714.2575,635.4905228,5185.785556,1964.82,3303.11,3000,
-4094.011566,1714.2575,635.4905228,5185.785556,1964.82,3259.97,3000,
-4094.011566,1714.2575,635.4905228,5555.79625,2105.0125,3281.99,3000,
-4094.011566,1850.177778,685.8769066,5555.79625,2105.0125,3318.67,3000,
-4094.011566,1850.177778,685.8769066,5555.79625,2105.0125,3318.67,3000,
-4324.290325,1850.177778,685.8769066,5601.902857,2122.481429,3269.88,3000,
-4324.290325,1850.177778,685.8769066,5601.902857,2122.481429,3212.9,3000,
-4324.290325,1850.177778,685.8769066,5601.902857,2122.481429,3116.46,3000,
-4324.290325,1850.177778,685.8769066,5601.902857,2122.481429,3092.09,3000,
-4094.011566,1850.177778,685.8769066,5601.902857,2122.481429,3059.95,3000,
-4094.011566,1714.2575,635.4905228,5555.79625,2105.0125,3035.61,3000,
-3216.560455,1714.2575,635.4905228,5185.785556,1964.82,2932.11,3000,
-3216.560455,1353.13,501.6170533,5185.785556,1964.82,2936.03,2846.274,
-3196.382159,1359.627143,504.026352,5189.005556,1966.041111,2960.49,2616.226,
-3196.382159,1359.627143,504.026352,5189.005556,1966.041111,2890.42,2554.996,
-3196.382159,1359.627143,504.026352,5189.005556,1966.041111,2787.61,2486.766,
-3196.382159,1359.627143,504.026352,5189.005556,1966.041111,2732.89,2465.846,
-3196.382159,1359.627143,504.026352,5189.005556,1966.041111,2718.91,2449.106,
-3196.382159,1359.627143,504.026352,5572.6825,2111.41125,2751.85,2461.196,
-4310.919935,1724.35,639.2316547,5572.6825,2111.41125,2872.63,2627.136,
-4075.249242,1724.35,639.2316547,5572.6825,2111.41125,2858.06,2681.106,
-4075.249242,1724.35,639.2316547,5621.105714,2129.757143,3096.62,2830.846,
-4310.919935,1860.584444,689.7342771,5621.105714,2129.757143,3255.84,3000,
-4310.919935,1860.584444,689.7342771,5572.6825,2111.41125,3338.43,3000,
-4075.249242,1724.35,639.2316547,5189.005556,1966.041111,3394.93,3000,
-4075.249242,1724.35,639.2316547,5189.005556,1966.041111,3345.3,3000,
-4075.249242,1724.35,639.2316547,5572.6825,2111.41125,3370.63,3000,
-4075.249242,1860.584444,689.7342771,5572.6825,2111.41125,3434.85,3000,
-4075.249242,1860.584444,689.7342771,5572.6825,2111.41125,3416.49,3000,
-4310.919935,1860.584444,689.7342771,5621.105714,2129.757143,3356.69,3000,
-4310.919935,1860.584444,689.7342771,5621.105714,2129.757143,3291.13,3000,
-4310.919935,1860.584444,689.7342771,5621.105714,2129.757143,3180.19,3000,
-4310.919935,1860.584444,689.7342771,5621.105714,2129.757143,3152.15,3000,
-4075.249242,1860.584444,689.7342771,5621.105714,2129.757143,3115.17,3000,
-4075.249242,1724.35,639.2316547,5572.6825,2111.41125,3087.16,3000,
-3196.382159,1724.35,639.2316547,5189.005556,1966.041111,2968.09,3000,
-3196.382159,1359.627143,504.026352,5189.005556,1966.041111,2972.61,2839.156,
-3167.835326,1360.201429,504.2388146,5200.906667,1970.55,3011.69,2606.390833,
-3167.835326,1360.201429,504.2388146,5200.906667,1970.55,2938.08,2551.370833,
-3167.835326,1360.201429,504.2388146,5200.906667,1970.55,2830.08,2490.050833,
-3167.835326,1360.201429,504.2388146,5200.906667,1970.55,2772.99,2471.250833,
-3167.835326,1360.201429,504.2388146,5200.906667,1970.55,2772.99,2444.930833,
-3167.835326,1360.201429,504.2388146,5582.5125,2115.13625,2792.51,2467.060833,
-4301.35528,1732.19,642.1375568,5582.5125,2115.13625,2919.39,2616.200833,
-4059.682271,1732.19,642.1375568,5582.5125,2115.13625,2904.09,2664.700833,
-4059.682271,1732.19,642.1375568,5631.705714,2133.772857,3154.68,2799.270833,
-4301.35528,1870.707778,693.4878953,5631.705714,2133.772857,3321.94,2953.570833,
-4301.35528,1870.707778,693.4878953,5582.5125,2115.13625,3408.71,3000,
-4059.682271,1732.19,642.1375568,5200.906667,1970.55,3468.05,3000,
-4059.682271,1732.19,642.1375568,5200.906667,1970.55,3415.91,3000,
-4059.682271,1732.19,642.1375568,5582.5125,2115.13625,3442.52,3000,
-4059.682271,1870.707778,693.4878953,5582.5125,2115.13625,3528.64,3000,
-4059.682271,1870.707778,693.4878953,5582.5125,2115.13625,3490.7,3000,
-4301.35528,1870.707778,693.4878953,5631.705714,2133.772857,3427.89,3000,
-4301.35528,1870.707778,693.4878953,5631.705714,2133.772857,3359.02,3000,
-4301.35528,1870.707778,693.4878953,5631.705714,2133.772857,3242.47,3000,
-4301.35528,1870.707778,693.4878953,5631.705714,2133.772857,3213.02,3000,
-4059.682271,1870.707778,693.4878953,5631.705714,2133.772857,3174.17,3000,
-4059.682271,1732.19,642.1375568,5582.5125,2115.13625,3144.75,3000,
-3167.835326,1732.19,642.1375568,5200.906667,1970.55,3019.67,2994.740833,
-3167.835326,1360.201429,504.2388146,5200.906667,1970.55,3024.41,2806.740833,
-3140.97212,1357.687143,503.3063273,5203.708889,1971.608889,3061.65,2584.900909,
-3140.97212,1357.687143,503.3063273,5203.708889,1971.608889,2984.54,2523.980909,
-3140.97212,1357.687143,503.3063273,5203.708889,1971.608889,2871.4,2456.090909,
-3140.97212,1357.687143,503.3063273,5203.708889,1971.608889,2814.03,2435.280909,
-3140.97212,1357.687143,503.3063273,5203.708889,1971.608889,2814.03,2381.310909,
-3140.97212,1357.687143,503.3063273,5598.60625,2121.2325,2832.05,2430.650909,
-4291.680745,1744.265,646.6142156,5598.60625,2121.2325,2964.96,2595.750909,
-4045.477536,1744.265,646.6142156,5598.60625,2121.2325,2948.93,2649.450909,
-4045.477536,1744.265,646.6142156,5651.141429,2141.138571,3211.45,2798.430909,
-4291.680745,1887.984444,699.8925491,5651.141429,2141.138571,3386.67,2969.260909,
-4291.680745,1887.984444,699.8925491,5598.60625,2121.2325,3477.56,3000,
-4045.477536,1744.265,646.6142156,5203.708889,1971.608889,3539.73,3000,
-4045.477536,1744.265,646.6142156,5203.708889,1971.608889,3485.11,3000,
-4045.477536,1744.265,646.6142156,5598.60625,2121.2325,3512.99,3000,
-4045.477536,1887.984444,699.8925491,5598.60625,2121.2325,3608.89,3000,
-4045.477536,1887.984444,699.8925491,5598.60625,2121.2325,3563.46,3000,
-4291.680745,1887.984444,699.8925491,5651.141429,2141.138571,3497.65,3000,
-4291.680745,1887.984444,699.8925491,5651.141429,2141.138571,3425.51,3000,
-4291.680745,1887.984444,699.8925491,5651.141429,2141.138571,3303.42,3000,
-4291.680745,1887.984444,699.8925491,5651.141429,2141.138571,3272.57,3000,
-4045.477536,1887.984444,699.8925491,5651.141429,2141.138571,3231.87,3000,
-4045.477536,1744.265,646.6142156,5598.60625,2121.2325,3201.05,3000,
-3140.97212,1744.265,646.6142156,5203.708889,1971.608889,3070.02,3000,
-3140.97212,1357.687143,503.3063273,5203.708889,1971.608889,3074.98,2806.700909,
-3127.121705,1353.561429,501.7775201,5211.942222,1974.731111,3099.23,2579.157,
-3127.121705,1353.561429,501.7775201,5211.942222,1974.731111,3014.63,2508.677,
-3127.121705,1353.561429,501.7775201,5211.942222,1974.731111,2890.49,2430.137,
-3127.121705,1353.561429,501.7775201,5211.942222,1974.731111,2827.07,2406.057,
-3127.121705,1353.561429,501.7775201,5211.942222,1974.731111,2827.07,2332.257,
-3127.121705,1353.561429,501.7775201,5620.42625,2129.50125,2847.31,2400.697,
-4301.053182,1757.75125,651.6141799,5620.42625,2129.50125,2993.14,2591.717,
-4052.93601,1757.75125,651.6141799,5620.42625,2129.50125,2975.55,2653.837,
-4052.93601,1757.75125,651.6141799,5675.218571,2150.261429,3263.59,2826.207,
-4301.053182,1907.796667,707.2363016,5675.218571,2150.261429,3455.84,3000,
-4301.053182,1907.796667,707.2363016,5620.42625,2129.50125,3555.57,3000,
-4052.93601,1757.75125,651.6141799,5211.942222,1974.731111,3623.78,3000,
-4052.93601,1757.75125,651.6141799,5211.942222,1974.731111,3563.85,3000,
-4052.93601,1757.75125,651.6141799,5620.42625,2129.50125,3594.44,3000,
-4052.93601,1907.796667,707.2363016,5620.42625,2129.50125,3698.55,3000,
-4052.93601,1907.796667,707.2363016,5620.42625,2129.50125,3649.82,3000,
-4301.053182,1907.796667,707.2363016,5675.218571,2150.261429,3577.61,3000,
-4301.053182,1907.796667,707.2363016,5675.218571,2150.261429,3498.46,3000,
-4301.053182,1907.796667,707.2363016,5675.218571,2150.261429,3364.5,3000,
-4301.053182,1907.796667,707.2363016,5675.218571,2150.261429,3330.65,3000,
-4052.93601,1907.796667,707.2363016,5675.218571,2150.261429,3285.99,3000,
-4052.93601,1757.75125,651.6141799,5620.42625,2129.50125,3252.18,3000,
-3127.121705,1757.75125,651.6141799,5211.942222,1974.731111,3108.41,3000,
-3127.121705,1353.561429,501.7775201,5211.942222,1974.731111,3113.86,2835.777,
-3122.553533,1363.815714,505.5778728,5237.624444,1984.462222,3143.67,2614.641,
-3122.553533,1363.815714,505.5778728,5237.624444,1984.462222,3057.92,2539.711,
-3122.553533,1363.815714,505.5778728,5237.624444,1984.462222,2932.1,2456.211,
-3122.553533,1363.815714,505.5778728,5237.624444,1984.462222,2865.65,2430.611,
-3122.553533,1363.815714,505.5778728,5237.624444,1984.462222,2865.65,2369.161,
-3122.553533,1363.815714,505.5778728,5643.46625,2138.23,2888.33,2424.921,
-4287.246957,1769.84875,656.0990843,5643.46625,2138.23,3036.14,2627.991,
-4037.651449,1769.84875,656.0990843,5643.46625,2138.23,3018.31,2694.041,
-4037.651449,1769.84875,656.0990843,5697.071429,2158.54,3310.26,2877.291,
-4287.246957,1920.691111,712.0171728,5697.071429,2158.54,3505.11,3000,
-4287.246957,1920.691111,712.0171728,5643.46625,2138.23,3606.19,3000,
-4037.651449,1769.84875,656.0990843,5237.624444,1984.462222,3675.32,3000,
-4037.651449,1769.84875,656.0990843,5237.624444,1984.462222,3614.59,3000,
-4037.651449,1769.84875,656.0990843,5643.46625,2138.23,3645.59,3000,
-4037.651449,1920.691111,712.0171728,5643.46625,2138.23,3746.06,3000,
-4037.651449,1920.691111,712.0171728,5643.46625,2138.23,3701.71,3000,
-4287.246957,1920.691111,712.0171728,5697.071429,2158.54,3628.53,3000,
-4287.246957,1920.691111,712.0171728,5697.071429,2158.54,3548.3,3000,
-4287.246957,1920.691111,712.0171728,5697.071429,2158.54,3412.53,3000,
-4287.246957,1920.691111,712.0171728,5697.071429,2158.54,3378.22,3000,
-4037.651449,1920.691111,712.0171728,5697.071429,2158.54,3332.96,3000,
-4037.651449,1769.84875,656.0990843,5643.46625,2138.23,3298.69,3000,
-3122.553533,1769.84875,656.0990843,5237.624444,1984.462222,3152.97,3000,
-3122.553533,1363.815714,505.5778728,5237.624444,1984.462222,3158.49,2887.461,
-3114.31462,1386.628571,514.0352856,5261.106667,1993.358889,3190.36,2658.088,
-3114.31462,1386.628571,514.0352856,5261.106667,1993.358889,3107.53,2587.968,
-3114.31462,1386.628571,514.0352856,5261.106667,1993.358889,2985.98,2509.838,
-3114.31462,1386.628571,514.0352856,5261.106667,1993.358889,2927.11,2485.888,
-3114.31462,1386.628571,514.0352856,5261.106667,1993.358889,2927.11,2448.598,
-3114.31462,1386.628571,514.0352856,5673.285,2149.52625,2943.69,2480.558,
-4266.487888,1780.78625,660.1526488,5673.285,2149.52625,3086.49,2670.578,
-4016.484203,1780.78625,660.1526488,5673.285,2149.52625,3069.27,2732.378,
-4016.484203,1780.78625,660.1526488,5727.992857,2170.254286,3351.3,2903.848,
-4266.487888,1927.105556,714.395568,5727.992857,2170.254286,3539.53,3000,
-4266.487888,1927.105556,714.395568,5673.285,2149.52625,3637.18,3000,
-4016.484203,1780.78625,660.1526488,5261.106667,1993.358889,3703.97,3000,
-4016.484203,1780.78625,660.1526488,5261.106667,1993.358889,3645.3,3000,
-4016.484203,1780.78625,660.1526488,5673.285,2149.52625,3675.24,3000,
-4016.484203,1927.105556,714.395568,5673.285,2149.52625,3784.74,3000,
-4016.484203,1927.105556,714.395568,5673.285,2149.52625,3729.47,3000,
-4266.487888,1927.105556,714.395568,5727.992857,2170.254286,3658.77,3000,
-4266.487888,1927.105556,714.395568,5727.992857,2170.254286,3581.26,3000,
-4266.487888,1927.105556,714.395568,5727.992857,2170.254286,3450.1,3000,
-4266.487888,1927.105556,714.395568,5727.992857,2170.254286,3416.95,3000,
-4016.484203,1927.105556,714.395568,5727.992857,2170.254286,3373.23,3000,
-4016.484203,1780.78625,660.1526488,5673.285,2149.52625,3340.12,3000,
-3114.31462,1780.78625,660.1526488,5261.106667,1993.358889,3199.35,3000,
-3114.31462,1386.628571,514.0352856,5261.106667,1993.358889,3204.69,2913.368,
-3080.279348,1395.291429,517.2466332,5284.18,2002.098889,3220.04,2690.177,
-3080.279348,1395.291429,517.2466332,5284.18,2002.098889,3135.42,2625.787,
-3080.279348,1395.291429,517.2466332,5284.18,2002.098889,3011.25,2554.027,
-3080.279348,1395.291429,517.2466332,5284.18,2002.098889,2951.98,2532.027,
-3080.279348,1395.291429,517.2466332,5284.18,2002.098889,2951.98,2516.747,
-3080.279348,1395.291429,517.2466332,5710.11375,2163.4825,2968.06,2527.127,
-4260.82087,1795.57,665.6338623,5710.11375,2163.4825,3113.93,2701.647,
-4004.787681,1795.57,665.6338623,5710.11375,2163.4825,3096.33,2758.407,
-4004.787681,1795.57,665.6338623,5767.467143,2185.211429,3384.44,2915.897,
-4260.82087,1944.583333,720.8738785,5767.467143,2185.211429,3576.73,3000,
-4260.82087,1944.583333,720.8738785,5710.11375,2163.4825,3676.49,3000,
-4004.787681,1795.57,665.6338623,5284.18,2002.098889,3744.71,3000,
-4004.787681,1795.57,665.6338623,5284.18,2002.098889,3684.77,3000,
-4004.787681,1795.57,665.6338623,5710.11375,2163.4825,3715.37,3000,
-4004.787681,1944.583333,720.8738785,5710.11375,2163.4825,3829.24,3000,
-4004.787681,1944.583333,720.8738785,5710.11375,2163.4825,3770.76,3000,
-4260.82087,1944.583333,720.8738785,5767.467143,2185.211429,3698.54,3000,
-4260.82087,1944.583333,720.8738785,5767.467143,2185.211429,3619.36,3000,
-4260.82087,1944.583333,720.8738785,5767.467143,2185.211429,3485.37,3000,
-4260.82087,1944.583333,720.8738785,5767.467143,2185.211429,3451.51,3000,
-4004.787681,1944.583333,720.8738785,5767.467143,2185.211429,3406.85,3000,
-4004.787681,1795.57,665.6338623,5710.11375,2163.4825,3373.03,3000,
-3080.279348,1795.57,665.6338623,5284.18,2002.098889,3229.22,3000,
-3080.279348,1395.291429,517.2466332,5284.18,2002.098889,3234.67,2924.637,
-3058.909239,1404.265714,520.572825,5319.262222,2015.392222,3233.28,2680.231,
-3058.909239,1404.265714,520.572825,5319.262222,2015.392222,3143.5,2618.971,
-3058.909239,1404.265714,520.572825,5319.262222,2015.392222,3011.77,2550.701,
-3058.909239,1404.265714,520.572825,5319.262222,2015.392222,2949.9,2529.771,
-3058.909239,1404.265714,520.572825,5319.262222,2015.392222,2949.9,2515.381,
-3058.909239,1404.265714,520.572825,5751.51875,2179.16875,2965.95,2525.111,
-4249.227205,1810.55125,671.186518,5751.51875,2179.16875,3120.7,2691.141,
-3989.753961,1810.55125,671.186518,5751.51875,2179.16875,3102.03,2745.141,
-3989.753961,1810.55125,671.186518,5809.14,2201.001429,3407.69,2894.961,
-4249.227205,1962.288889,727.4371799,5809.14,2201.001429,3611.7,3000,
-4249.227205,1962.288889,727.4371799,5751.51875,2179.16875,3717.52,3000,x
-3989.753961,1810.55125,671.186518,5319.262222,2015.392222,3789.91,3000,x
-3989.753961,1810.55125,671.186518,5319.262222,2015.392222,3726.32,3000,x
-3989.753961,1810.55125,671.186518,5751.51875,2179.16875,3758.77,3000,x
-3989.753961,1962.288889,727.4371799,5751.51875,2179.16875,3881.95,3000,x
-3989.753961,1962.288889,727.4371799,5751.51875,2179.16875,3817.54,3000,
-4249.227205,1962.288889,727.4371799,5809.14,2201.001429,3740.92,3000,
-4249.227205,1962.288889,727.4371799,5809.14,2201.001429,3656.92,3000,
-4249.227205,1962.288889,727.4371799,5809.14,2201.001429,3514.77,3000,
-4249.227205,1962.288889,727.4371799,5809.14,2201.001429,3478.85,3000,
-3989.753961,1962.288889,727.4371799,5809.14,2201.001429,3431.46,3000,
-3989.753961,1810.55125,671.186518,5751.51875,2179.16875,3395.58,3000,
-3058.909239,1810.55125,671.186518,5319.262222,2015.392222,3243.02,3000,
-3058.909239,1404.265714,520.572825,5319.262222,2015.392222,3248.8,2903.281,
-3079.724348,1413,523.811189,5355.761111,2029.221111,3246.12,2642.222,
-3079.724348,1413,523.811189,5355.761111,2029.221111,3156.87,2583.742,
-3079.724348,1413,523.811189,5355.761111,2029.221111,3025.9,2518.562,
-3079.724348,1413,523.811189,5355.761111,2029.221111,2964.92,2498.582,
-3079.724348,1413,523.811189,5355.761111,2029.221111,2964.92,2479.572,
-3079.724348,1413,523.811189,5799.50875,2197.3525,2980.34,2494.132,
-4260.476584,1824.915,676.5124208,5799.50875,2197.3525,3134.2,2652.642,
-4004.458792,1824.915,676.5124208,5799.50875,2197.3525,3115.64,2704.192,
-4004.458792,1824.915,676.5124208,5858.658571,2219.761429,3419.53,2847.222,
-4260.476584,1978.042222,733.2779098,5858.658571,2219.761429,3622.34,3000,
-4260.476584,1978.042222,733.2779098,5799.50875,2197.3525,3727.56,3000,x
-4004.458792,1824.915,676.5124208,5355.761111,2029.221111,3799.52,3000,x
-4004.458792,1824.915,676.5124208,5355.761111,2029.221111,3736.3,3000,x
-4004.458792,1824.915,676.5124208,5799.50875,2197.3525,3768.57,3000,x
-4004.458792,1978.042222,733.2779098,5799.50875,2197.3525,3892.25,3000,x
-4004.458792,1978.042222,733.2779098,5799.50875,2197.3525,3826.99,3000,
-4260.476584,1978.042222,733.2779098,5858.658571,2219.761429,3750.82,3000,
-4260.476584,1978.042222,733.2779098,5858.658571,2219.761429,3667.31,3000,
-4260.476584,1978.042222,733.2779098,5858.658571,2219.761429,3525.98,3000,
-4260.476584,1978.042222,733.2779098,5858.658571,2219.761429,3490.27,3000,
-4004.458792,1978.042222,733.2779098,5858.658571,2219.761429,3443.15,3000,
-4004.458792,1824.915,676.5124208,5799.50875,2197.3525,3407.48,3000,
-3079.724348,1824.915,676.5124208,5355.761111,2029.221111,3255.81,3000,
-3079.724348,1413,523.811189,5355.761111,2029.221111,3261.55,2855.162,
-3078.599432,1413.854286,524.1275586,5378.936667,2038.003333,3249.9,2589.4725,
-3078.599432,1413.854286,524.1275586,5378.936667,2038.003333,3165.91,2532.3625,
-3078.599432,1413.854286,524.1275586,5378.936667,2038.003333,3042.66,2468.7225,
-3078.599432,1413.854286,524.1275586,5378.936667,2038.003333,2981.92,2449.2025,
-3078.599432,1413.854286,524.1275586,5378.936667,2038.003333,2981.92,2427.5825,
-3078.599432,1413.854286,524.1275586,5861.92,2220.9975,2999.79,2444.8625,
-4290.274416,1841.20875,682.5519014,5861.92,2220.9975,3144.58,2599.6525,
-4032.841515,1841.20875,682.5519014,5861.92,2220.9975,3127.11,2649.9925,
-4032.841515,1841.20875,682.5519014,5925.44,2245.067143,3413.09,2789.6625,
-4290.274416,1999.571111,741.258319,5925.44,2245.067143,3603.95,2949.8225,
-4290.274416,1999.571111,741.258319,5861.92,2220.9975,3702.97,3000,
-4032.841515,1841.20875,682.5519014,5378.936667,2038.003333,3770.69,3000,
-4032.841515,1841.20875,682.5519014,5378.936667,2038.003333,3711.19,3000,
-4032.841515,1841.20875,682.5519014,5861.92,2220.9975,3741.56,3000,
-4032.841515,1999.571111,741.258319,5861.92,2220.9975,3850.13,3000,
-4032.841515,1999.571111,741.258319,5861.92,2220.9975,3796.54,3000,
-4290.274416,1999.571111,741.258319,5925.44,2245.067143,3724.85,3000,
-4290.274416,1999.571111,741.258319,5925.44,2245.067143,3646.27,3000,
-4290.274416,1999.571111,741.258319,5925.44,2245.067143,3513.27,3000,
-4290.274416,1999.571111,741.258319,5925.44,2245.067143,3479.66,3000,
-4032.841515,1999.571111,741.258319,5925.44,2245.067143,3435.32,3000,
-4032.841515,1841.20875,682.5519014,5861.92,2220.9975,3401.76,3000,
-3078.599432,1841.20875,682.5519014,5378.936667,2038.003333,3259.02,2992.5525,
-3078.599432,1413.854286,524.1275586,5378.936667,2038.003333,3264.43,2797.4225,
-3092.880795,1416.634286,525.1594962,5421.198889,2054.014444,3254.2,2527.046667,
-3092.880795,1416.634286,525.1594962,5421.198889,2054.014444,3178.76,2469.426667,
-3092.880795,1416.634286,525.1594962,5421.198889,2054.014444,3068.06,2405.206667,
-3092.880795,1416.634286,525.1594962,5421.198889,2054.014444,3009.14,2385.516667,
-3092.880795,1416.634286,525.1594962,5421.198889,2054.014444,2990.5,2359.656667,
-3092.880795,1416.634286,525.1594962,5917.525,2242.0675,3029.55,2381.136667,
-4312.657532,1857.99625,688.7744618,5917.525,2242.0675,3159.59,2537.316667,
-4061.363434,1857.99625,688.7744618,5917.525,2242.0675,3143.91,2588.116667,
-4061.363434,1857.99625,688.7744618,5982.107143,2266.534286,3400.77,2729.046667,
-4312.657532,2022.821111,749.8769153,5982.107143,2266.534286,3572.2,2890.646667,
-4312.657532,2022.821111,749.8769153,5917.525,2242.0675,3661.14,3000,
-4061.363434,1857.99625,688.7744618,5421.198889,2054.014444,3721.97,3000,
-4061.363434,1857.99625,688.7744618,5421.198889,2054.014444,3668.53,3000,
-4061.363434,1857.99625,688.7744618,5917.525,2242.0675,3695.8,3000,
-4061.363434,2022.821111,749.8769153,5917.525,2242.0675,3760.61,3000,
-4061.363434,2022.821111,749.8769153,5917.525,2242.0675,3745.18,3000,
-4312.657532,2022.821111,749.8769153,5982.107143,2266.534286,3680.8,3000,
-4312.657532,2022.821111,749.8769153,5982.107143,2266.534286,3610.21,3000,
-4312.657532,2022.821111,749.8769153,5982.107143,2266.534286,3490.75,3000,
-4312.657532,2022.821111,749.8769153,5982.107143,2266.534286,3460.57,3000,
-4061.363434,2022.821111,749.8769153,5982.107143,2266.534286,3420.74,3000,
-4061.363434,1857.99625,688.7744618,5917.525,2242.0675,3390.59,3000,
-3092.880795,1857.99625,688.7744618,5421.198889,2054.014444,3262.39,2933.766667,
-3092.880795,1416.634286,525.1594962,5421.198889,2054.014444,3267.24,2736.876667,
-3137.102841,1441.291429,534.2988792,5478.788889,2075.835556,3229.02,2463.329375,
-3137.102841,1441.291429,534.2988792,5478.788889,2075.835556,3144.42,2405.349375,
-3137.102841,1441.291429,534.2988792,5478.788889,2075.835556,3020.28,2340.729375,
-3137.102841,1441.291429,534.2988792,5478.788889,2075.835556,2954.21,2320.919375,
-3137.102841,1441.291429,534.2988792,5478.788889,2075.835556,2912.59,2286.629375,
-3137.102841,1441.291429,534.2988792,5965.07625,2260.08,2977.09,2316.509375,
-4317.102208,1869.04875,692.8724596,5965.07625,2260.08,3122.93,2473.659375,
-4073.275758,1869.04875,692.8724596,5965.07625,2260.08,3105.34,2524.769375,
-4073.275758,1869.04875,692.8724596,6027.58,2283.764286,3393.38,2666.569375,
-4317.102208,2029.417778,752.3235655,6027.58,2283.764286,3585.63,2829.169375,
-4317.102208,2029.417778,752.3235655,5965.07625,2260.08,3685.36,2967.099375,
-4073.275758,1869.04875,692.8724596,5478.788889,2075.835556,3753.57,3000,
-4073.275758,1869.04875,692.8724596,5478.788889,2075.835556,3693.64,2976.789375,
-4073.275758,1869.04875,692.8724596,5965.07625,2260.08,3724.23,2980.279375,
-4073.275758,2029.417778,752.3235655,5965.07625,2260.08,3775.72,3000,
-4073.275758,2029.417778,752.3235655,5965.07625,2260.08,3775.72,3000,
-4317.102208,2029.417778,752.3235655,6027.58,2283.764286,3707.4,3000,
-4317.102208,2029.417778,752.3235655,6027.58,2283.764286,3628.25,3000,
-4317.102208,2029.417778,752.3235655,6027.58,2283.764286,3494.29,3000,
-4317.102208,2029.417778,752.3235655,6027.58,2283.764286,3460.44,3000,
-4073.275758,2029.417778,752.3235655,6027.58,2283.764286,3415.78,3000,
-4073.275758,1869.04875,692.8724596,5965.07625,2260.08,3381.97,2977.639375,
-3137.102841,1869.04875,692.8724596,5478.788889,2075.835556,3238.2,2872.559375,
-3137.102841,1441.291429,534.2988792,5478.788889,2075.835556,3243.65,2674.449375,
-3163.860227,1468.012857,544.2046704,5529.538889,2095.064444,3215.76,2392.609412,
-3163.860227,1468.012857,544.2046704,5529.538889,2095.064444,3119.16,2329.279412,
-3163.860227,1468.012857,544.2046704,5529.538889,2095.064444,2977.42,2258.699412,
-3163.860227,1468.012857,544.2046704,5529.538889,2095.064444,2901.98,2237.059412,
-3163.860227,1468.012857,544.2046704,5529.538889,2095.064444,2878.09,2191.589412,
-3163.860227,1468.012857,544.2046704,6011.64875,2277.7275,2928.11,2232.239412,
-4308.451948,1876.79875,695.7459176,6011.64875,2277.7275,3094.62,2403.899412,
-4067.268283,1876.79875,695.7459176,6011.64875,2277.7275,3074.54,2459.719412,
-4067.268283,1876.79875,695.7459176,6075.952857,2302.094286,3403.43,2614.619412,
-4308.451948,2029.617778,752.3966325,6075.952857,2302.094286,3622.94,2792.219412,
-4308.451948,2029.617778,752.3966325,6011.64875,2277.7275,3736.81,2942.889412,
-4067.268283,1876.79875,695.7459176,5529.538889,2095.064444,3814.7,3000,
-4067.268283,1876.79875,695.7459176,5529.538889,2095.064444,3746.27,2953.469412,
-4067.268283,1876.79875,695.7459176,6011.64875,2277.7275,3781.19,2957.279412,
-4067.268283,2029.617778,752.3966325,6011.64875,2277.7275,3864.15,2999.159412,
-4067.268283,2029.617778,752.3966325,6011.64875,2277.7275,3844.42,3000,
-4308.451948,2029.617778,752.3966325,6075.952857,2302.094286,3761.98,3000,
-4308.451948,2029.617778,752.3966325,6075.952857,2302.094286,3671.6,3000,
-4308.451948,2029.617778,752.3966325,6075.952857,2302.094286,3518.65,3000,
-4308.451948,2029.617778,752.3966325,6075.952857,2302.094286,3479.99,3000,
-4067.268283,2029.617778,752.3966325,6075.952857,2302.094286,3429,3000,
-4067.268283,1876.79875,695.7459176,6011.64875,2277.7275,3390.4,2954.389412,
-3163.860227,1876.79875,695.7459176,5529.538889,2095.064444,3226.24,2839.609412,
-3163.860227,1468.012857,544.2046704,5529.538889,2095.064444,3232.46,2623.219412,
-3143.238315,1472.261429,545.7803098,5584.277778,2115.802222,3223.57,2346.495909,
-3143.238315,1472.261429,545.7803098,5584.277778,2115.802222,3124.28,2282.685909,
-3143.238315,1472.261429,545.7803098,5584.277778,2115.802222,2978.6,2211.575909,
-3143.238315,1472.261429,545.7803098,5584.277778,2115.802222,2909.89,2189.775909,
-3143.238315,1472.261429,545.7803098,5584.277778,2115.802222,2909.89,2133.075909,
-3143.238315,1472.261429,545.7803098,6063.015,2297.19,2927.92,2184.925909,
-4295.318199,1871.4725,693.7713938,6063.015,2297.19,3099.06,2357.865909,
-4049.361787,1871.4725,693.7713938,6063.015,2297.19,3078.42,2414.105909,
-4049.361787,1871.4725,693.7713938,6128.77,2322.104286,3416.46,2570.155909,
-4295.318199,2020.2,748.9062511,6128.77,2322.104286,3642.08,2749.095909,
-4295.318199,2020.2,748.9062511,6063.015,2297.19,3759.12,2900.885909,
-4049.361787,1871.4725,693.7713938,5584.277778,2115.802222,3839.17,3000,
-4049.361787,1871.4725,693.7713938,5584.277778,2115.802222,3768.84,2911.555909,
-4049.361787,1871.4725,693.7713938,6063.015,2297.19,3804.73,2915.385909,
-4049.361787,2020.2,748.9062511,6063.015,2297.19,3940.29,2957.585909,
-4049.361787,2020.2,748.9062511,6063.015,2297.19,3869.72,2987.645909,
-4295.318199,2020.2,748.9062511,6128.77,2322.104286,3784.99,3000,
-4295.318199,2020.2,748.9062511,6128.77,2322.104286,3692.09,2999.085909,
-4295.318199,2020.2,748.9062511,6128.77,2322.104286,3534.88,2999.125909,
-4295.318199,2020.2,748.9062511,6128.77,2322.104286,3495.15,2960.065909,
-4049.361787,2020.2,748.9062511,6128.77,2322.104286,3442.75,2974.195909,
-4049.361787,1871.4725,693.7713938,6063.015,2297.19,3403.07,2912.475909,
-3143.238315,1871.4725,693.7713938,5584.277778,2115.802222,3234.34,2796.835909,
-3143.238315,1472.261429,545.7803098,5584.277778,2115.802222,3240.74,2578.825909,
-3148.699545,1471.895714,545.6438196,5646.896667,2139.53,3230.19,2301.641304,
-3148.699545,1471.895714,545.6438196,5646.896667,2139.53,3136.55,2234.871304,
-3148.699545,1471.895714,545.6438196,5646.896667,2139.53,2999.16,2160.471304,
-3148.699545,1471.895714,545.6438196,5646.896667,2139.53,2938.26,2137.661304,
-3148.699545,1471.895714,545.6438196,5646.896667,2139.53,2938.26,2079.641304,
-3148.699545,1471.895714,545.6438196,6126.1425,2321.10625,2951.36,2132.581304,
-4312.906818,1882.73125,697.9448042,6126.1425,2321.10625,3112.77,2313.531304,
-4070.535101,1882.73125,697.9448042,6126.1425,2321.10625,3093.3,2372.381304,
-4070.535101,1882.73125,697.9448042,6190.814286,2345.612857,3412.1,2535.671304,
-4312.906818,2034.487778,754.2014955,6190.814286,2345.612857,3624.88,2722.901304,
-4312.906818,2034.487778,754.2014955,6126.1425,2321.10625,3735.25,2881.721304,x
-4070.535101,1882.73125,697.9448042,5646.896667,2139.53,3810.75,3000,x
-4070.535101,1882.73125,697.9448042,5646.896667,2139.53,3744.42,2892.881304,x
-4070.535101,1882.73125,697.9448042,6126.1425,2321.10625,3778.28,2896.891304,x
-4070.535101,2034.487778,754.2014955,6126.1425,2321.10625,3915.23,2941.041304,x
-4070.535101,2034.487778,754.2014955,6126.1425,2321.10625,3839.57,2972.491304,
-4312.906818,2034.487778,754.2014955,6190.814286,2345.612857,3759.65,2993.541304,
-4312.906818,2034.487778,754.2014955,6190.814286,2345.612857,3672.04,2984.461304,
-4312.906818,2034.487778,754.2014955,6190.814286,2345.612857,3523.78,2984.511304,
-4312.906818,2034.487778,754.2014955,6190.814286,2345.612857,3486.32,2943.641304,
-4070.535101,2034.487778,754.2014955,6190.814286,2345.612857,3436.89,2958.431304,
-4070.535101,1882.73125,697.9448042,6126.1425,2321.10625,3399.47,2893.851304,
-3148.699545,1882.73125,697.9448042,5646.896667,2139.53,3240.35,2772.851304,
-3148.699545,1471.895714,545.6438196,5646.896667,2139.53,3246.38,2544.741304,
-3161.108068,1471.102857,545.3498534,5707.762222,2162.588889,3231.97,2285.283043,
-3161.108068,1471.102857,545.3498534,5707.762222,2162.588889,3148.18,2219.843043,
-3161.108068,1471.102857,545.3498534,5707.762222,2162.588889,3025.25,2146.913043,
-3161.108068,1471.102857,545.3498534,5707.762222,2162.588889,2959.99,2124.553043,
-3161.108068,1471.102857,545.3498534,5707.762222,2162.588889,2959.99,2067.963043,
-3161.108068,1471.102857,545.3498534,6200.64375,2349.33625,2982.48,2119.573043,
-4335.04487,1897.0625,703.2582136,6200.64375,2349.33625,3126.9,2296.943043,
-4098.520152,1897.0625,703.2582136,6200.64375,2349.33625,3109.49,2354.623043,
-4098.520152,1897.0625,703.2582136,6264.251429,2373.437143,3394.74,2514.683043,
-4335.04487,2053.864444,761.3857544,6264.251429,2373.437143,3585.13,2698.203043,
-4335.04487,2053.864444,761.3857544,6200.64375,2349.33625,3683.89,2853.883043,
-4098.520152,1897.0625,703.2582136,5707.762222,2162.588889,3751.44,3000,
-4098.520152,1897.0625,703.2582136,5707.762222,2162.588889,3692.1,2864.813043,
-4098.520152,1897.0625,703.2582136,6200.64375,2349.33625,3722.39,2868.753043,
-4098.520152,2053.864444,761.3857544,6200.64375,2349.33625,3819.78,2912.023043,
-4098.520152,2053.864444,761.3857544,6200.64375,2349.33625,3777.23,2942.853043,
-4335.04487,2053.864444,761.3857544,6264.251429,2373.437143,3705.72,2963.483043,
-4335.04487,2053.864444,761.3857544,6264.251429,2373.437143,3627.33,2954.593043,
-4335.04487,2053.864444,761.3857544,6264.251429,2373.437143,3494.67,2954.633043,
-4335.04487,2053.864444,761.3857544,6264.251429,2373.437143,3461.15,2914.573043,
-4098.520152,2053.864444,761.3857544,6264.251429,2373.437143,3416.92,2929.063043,
-4098.520152,1897.0625,703.2582136,6200.64375,2349.33625,3383.44,2865.773043,
-3161.108068,1897.0625,703.2582136,5707.762222,2162.588889,3241.06,2747.163043,
-3161.108068,1471.102857,545.3498534,5707.762222,2162.588889,3246.45,2523.563043,
-3176.972143,1467.077143,543.8584653,5776.381111,2188.588889,3216.91,2267.232174,
-3176.972143,1467.077143,543.8584653,5776.381111,2188.588889,3136.15,2201.472174,
-3176.972143,1467.077143,543.8584653,5776.381111,2188.588889,3017.65,2128.182174,
-3176.972143,1467.077143,543.8584653,5776.381111,2188.588889,2954.58,2105.722174,
-3176.972143,1467.077143,543.8584653,5776.381111,2188.588889,2926.75,2048.272174,
-3176.972143,1467.077143,543.8584653,6269.0725,2375.26375,2976.43,2100.722174,
-4357.026939,1915.9225,710.2492483,6269.0725,2375.26375,3115.64,2278.942174,
-4128.888254,1915.9225,710.2492483,6269.0725,2375.26375,3098.85,2336.912174,
-4128.888254,1915.9225,710.2492483,6329.37,2398.108571,3373.81,2497.732174,
-4357.026939,2081.854444,771.7610475,6329.37,2398.108571,3557.32,2682.152174,
-4357.026939,2081.854444,771.7610475,6269.0725,2375.26375,3652.52,2838.582174,
-4128.888254,1915.9225,710.2492483,5776.381111,2188.588889,3717.64,3000,
-4128.888254,1915.9225,710.2492483,5776.381111,2188.588889,3660.43,2849.572174,
-4128.888254,1915.9225,710.2492483,6269.0725,2375.26375,3689.63,2853.522174,
-4128.888254,2081.854444,771.7610475,6269.0725,2375.26375,3749.5,2897.002174,
-4128.888254,2081.854444,771.7610475,6269.0725,2375.26375,3742.49,2927.982174,
-4357.026939,2081.854444,771.7610475,6329.37,2398.108571,3673.57,2948.712174,
-4357.026939,2081.854444,771.7610475,6329.37,2398.108571,3598.01,2939.772174,
-4357.026939,2081.854444,771.7610475,6329.37,2398.108571,3470.13,2939.822174,
-4357.026939,2081.854444,771.7610475,6329.37,2398.108571,3437.82,2899.572174,
-4128.888254,2081.854444,771.7610475,6329.37,2398.108571,3395.19,2914.132174,
-4128.888254,1915.9225,710.2492483,6269.0725,2375.26375,3362.91,2850.522174,
-3176.972143,1915.9225,710.2492483,5776.381111,2188.588889,3225.67,2731.352174,
-3176.972143,1467.077143,543.8584653,5776.381111,2188.588889,3230.87,2506.672174,
-3209.838393,1476.145714,547.2193983,5835.825556,2211.112222,3204.22,2249.323478,
-3209.838393,1476.145714,547.2193983,5835.825556,2211.112222,3124.02,2181.943478,
-3209.838393,1476.145714,547.2193983,5835.825556,2211.112222,3006.35,2106.853478,
-3209.838393,1476.145714,547.2193983,5835.825556,2211.112222,2943.72,2083.833478,
-3209.838393,1476.145714,547.2193983,5835.825556,2211.112222,2909.28,2026.583478,
-3209.838393,1476.145714,547.2193983,6325.14875,2396.51,2965.41,2078.713478,
-4366.73551,1934.3975,717.0984362,6325.14875,2396.51,3103.65,2261.323478,
-4147.630476,1934.3975,717.0984362,6325.14875,2396.51,3086.98,2320.713478,
-4147.630476,1934.3975,717.0984362,6384.668571,2419.06,3360.03,2485.503478,
-4366.73551,2105.165556,780.4035826,6384.668571,2419.06,3542.27,2674.453478,
-4366.73551,2105.165556,780.4035826,6325.14875,2396.51,3636.8,2834.733478,
-4147.630476,1934.3975,717.0984362,5835.825556,2211.112222,3701.47,3000,
-4147.630476,1934.3975,717.0984362,5835.825556,2211.112222,3644.66,2845.993478,
-4147.630476,1934.3975,717.0984362,6325.14875,2396.51,3673.65,2850.043478,
-4147.630476,2105.165556,780.4035826,6325.14875,2396.51,3725.51,2894.603478,
-4147.630476,2105.165556,780.4035826,6325.14875,2396.51,3725.51,2926.343478,
-4366.73551,2105.165556,780.4035826,6384.668571,2419.06,3657.7,2947.583478,
-4366.73551,2105.165556,780.4035826,6384.668571,2419.06,3582.67,2938.423478,
-4366.73551,2105.165556,780.4035826,6384.668571,2419.06,3455.68,2938.463478,
-4366.73551,2105.165556,780.4035826,6384.668571,2419.06,3423.59,2897.223478,
-4147.630476,2105.165556,780.4035826,6384.668571,2419.06,3381.26,2912.143478,
-4147.630476,1934.3975,717.0984362,6325.14875,2396.51,3349.21,2846.973478,
-3209.838393,1934.3975,717.0984362,5835.825556,2211.112222,3212.92,2724.863478,
-3209.838393,1476.145714,547.2193983,5835.825556,2211.112222,3218.09,2494.653478,
-3256.579345,1496.927143,554.9244355,5884.743333,2229.645556,3189.33,2239.817826,
-3256.579345,1496.927143,554.9244355,5884.743333,2229.645556,3099.96,2171.357826,
-3256.579345,1496.927143,554.9244355,5884.743333,2229.645556,2968.83,2095.077826,
-3256.579345,1496.927143,554.9244355,5884.743333,2229.645556,2899.03,2071.687826,
-3256.579345,1496.927143,554.9244355,5884.743333,2229.645556,2876.53,2021.917826,
-3256.579345,1496.927143,554.9244355,6370.4025,2413.65625,2923.21,2066.477826,
-4366.614626,1949.185,722.5798201,6370.4025,2413.65625,3077.26,2252.017826,
-4152.72254,1949.185,722.5798201,6370.4025,2413.65625,3058.68,2312.357826,
-4152.72254,1949.185,722.5798201,6427.272857,2435.202857,3362.97,2479.767826,
-4366.614626,2119.147778,785.5866432,6427.272857,2435.202857,3566.05,2671.747826,
-4366.614626,2119.147778,785.5866432,6370.4025,2413.65625,3671.4,2834.587826,
-4152.72254,1949.185,722.5798201,5884.743333,2229.645556,3743.46,3000,
-4152.72254,1949.185,722.5798201,5884.743333,2229.645556,3680.15,2846.027826,
-4152.72254,1949.185,722.5798201,6370.4025,2413.65625,3712.46,2850.147826,
-4152.72254,2119.147778,785.5866432,6370.4025,2413.65625,3788.74,2895.407826,
-4152.72254,2119.147778,785.5866432,6370.4025,2413.65625,3770.96,2927.657826,
-4366.614626,2119.147778,785.5866432,6427.272857,2435.202857,3694.69,2949.237826,
-4366.614626,2119.147778,785.5866432,6427.272857,2435.202857,3611.07,2939.927826,
-4366.614626,2119.147778,785.5866432,6427.272857,2435.202857,3469.56,2939.977826,
-4366.614626,2119.147778,785.5866432,6427.272857,2435.202857,3433.8,2898.077826,
-4152.72254,2119.147778,785.5866432,6427.272857,2435.202857,3386.62,2913.237826,
-4152.72254,1949.185,722.5798201,6370.4025,2413.65625,3350.91,2847.017826,
-3256.579345,1949.185,722.5798201,5884.743333,2229.645556,3199.03,2722.957826,
-3256.579345,1496.927143,554.9244355,5884.743333,2229.645556,3204.79,2489.067826,
-3247.121477,1511.432857,560.3014666,5909.6,2239.063333,3185.37,2239.344348,
-3247.121477,1511.432857,560.3014666,5909.6,2239.063333,3090.21,2170.114348,
-3247.121477,1511.432857,560.3014666,5909.6,2239.063333,2950.57,2092.964348,
-3247.121477,1511.432857,560.3014666,5909.6,2239.063333,2877.17,2069.314348,
-3247.121477,1511.432857,560.3014666,5909.6,2239.063333,2877.17,2024.354348,
-3247.121477,1511.432857,560.3014666,6401.55875,2425.45875,2902,2064.054348,
-4351.118377,1960.78875,726.8810479,6401.55875,2425.45875,3066.04,2251.674348,
-4130.711061,1960.78875,726.8810479,6401.55875,2425.45875,3046.25,2312.704348,
-4130.711061,1960.78875,726.8810479,6458.398571,2446.997143,3370.26,2482.014348,
-4351.118377,2128.925556,789.2119729,6458.398571,2446.997143,3586.5,2676.154348,
-4351.118377,2128.925556,789.2119729,6401.55875,2425.45875,3698.68,2840.834348,
-4130.711061,1960.78875,726.8810479,5909.6,2239.063333,3775.41,3000,
-4130.711061,1960.78875,726.8810479,5909.6,2239.063333,3708,2852.404348,
-4130.711061,1960.78875,726.8810479,6401.55875,2425.45875,3742.41,2856.564348,
-4130.711061,2128.925556,789.2119729,6401.55875,2425.45875,3854.71,2902.344348,
-4130.711061,2128.925556,789.2119729,6401.55875,2425.45875,3804.7,2934.954348,
-4351.118377,2128.925556,789.2119729,6458.398571,2446.997143,3723.48,2956.774348,
-4351.118377,2128.925556,789.2119729,6458.398571,2446.997143,3634.44,2947.364348,
-4351.118377,2128.925556,789.2119729,6458.398571,2446.997143,3483.76,2947.414348,
-4351.118377,2128.925556,789.2119729,6458.398571,2446.997143,3445.68,2905.034348,
-4130.711061,2128.925556,789.2119729,6458.398571,2446.997143,3395.45,2920.374348,
-4130.711061,1960.78875,726.8810479,6401.55875,2425.45875,3357.42,2853.414348,
-3247.121477,1960.78875,726.8810479,5909.6,2239.063333,3195.7,2727.944348,
-3247.121477,1511.432857,560.3014666,5909.6,2239.063333,3201.83,2491.414348,
-3224.218631,1496.908571,554.9180151,5888.273333,1905.785556,3190.97,2285.616087,
-3224.218631,1496.908571,554.9180151,5888.273333,1905.785556,3098.69,2217.716087,
-3224.218631,1496.908571,554.9180151,5888.273333,1905.785556,2963.29,2142.036087,
-3224.218631,1496.908571,554.9180151,5888.273333,1905.785556,2897.12,2118.836087,
-3224.218631,1496.908571,554.9180151,5888.273333,1905.785556,2897.12,2056.276087,
-3224.218631,1496.908571,554.9180151,6403.2775,2072.4675,2916.19,2113.676087,
-4362.029932,1966.33,728.9355631,6403.2775,2072.4675,3075.25,2297.716087,
-4142.393492,1966.33,728.9355631,6403.2775,2072.4675,3056.07,2357.576087,
-4142.393492,1966.33,728.9355631,6483.264286,2098.357143,3370.24,2523.646087,
-4362.029932,2135.093333,791.4976371,6483.264286,2098.357143,3579.92,2714.076087,
-4362.029932,2135.093333,791.4976371,6403.2775,2072.4675,3688.69,2875.606087,x
-4142.393492,1966.33,728.9355631,5888.273333,1905.785556,3763.09,3000,x
-4142.393492,1966.33,728.9355631,5888.273333,1905.785556,3697.73,2886.956087,x
-4142.393492,1966.33,728.9355631,6403.2775,2072.4675,3731.09,2891.036087,x
-4142.393492,2135.093333,791.4976371,6403.2775,2072.4675,3851.68,2935.946087,x
-4142.393492,2135.093333,791.4976371,6403.2775,2072.4675,3791.49,2967.936087,
-4362.029932,2135.093333,791.4976371,6483.264286,2098.357143,3712.74,2989.336087,x
-4362.029932,2135.093333,791.4976371,6483.264286,2098.357143,3626.4,2980.106087,x
-4362.029932,2135.093333,791.4976371,6483.264286,2098.357143,3480.3,2980.156087,x
-4362.029932,2135.093333,791.4976371,6483.264286,2098.357143,3443.37,2938.586087,x
-4142.393492,2135.093333,791.4976371,6483.264286,2098.357143,3394.67,2953.626087,x
-4142.393492,1966.33,728.9355631,6403.2775,2072.4675,3357.79,2887.946087,
-3224.218631,1966.33,728.9355631,5888.273333,1905.785556,3200.98,2764.876087,
-3224.218631,1496.908571,554.9180151,5888.273333,1905.785556,3206.92,2532.866087,
-3157.369091,1435.097143,532.0031058,5758.592222,1863.812222,3258.4,2277.846087,
-3157.369091,1435.097143,532.0031058,5758.592222,1863.812222,3172.84,2212.686087,
-3157.369091,1435.097143,532.0031058,5758.592222,1863.812222,3047.31,2140.076087,
-3157.369091,1435.097143,532.0031058,5758.592222,1863.812222,2984.66,2117.816087,
-3157.369091,1435.097143,532.0031058,5758.592222,1863.812222,2984.66,2062.206087,
-3157.369091,1435.097143,532.0031058,6257.12875,2025.1675,3003.65,2112.856087,
-4302.951494,1893.72625,702.0204818,6257.12875,2025.1675,3151.12,2289.456087,
-4060.167424,1893.72625,702.0204818,6257.12875,2025.1675,3133.33,2346.886087,
-4060.167424,1893.72625,702.0204818,6327.52,2047.947143,3424.6,2506.236087,
-4302.951494,2061.966667,764.3891558,6327.52,2047.947143,3619,2688.966087,
-4302.951494,2061.966667,764.3891558,6257.12875,2025.1675,3719.85,2843.956087,x
-4060.167424,1893.72625,702.0204818,5758.592222,1863.812222,3788.83,3000,x
-4060.167424,1893.72625,702.0204818,5758.592222,1863.812222,3728.23,2854.846087,x
-4060.167424,1893.72625,702.0204818,6257.12875,2025.1675,3759.16,2858.766087,x
-4060.167424,2061.966667,764.3891558,6257.12875,2025.1675,3867.91,2901.856087,x
-4060.167424,2061.966667,764.3891558,6257.12875,2025.1675,3815.16,2932.546087,
-4302.951494,2061.966667,764.3891558,6327.52,2047.947143,3742.15,2953.086087,x
-4302.951494,2061.966667,764.3891558,6327.52,2047.947143,3662.1,2944.226087,x
-4302.951494,2061.966667,764.3891558,6327.52,2047.947143,3526.64,2944.276087,x
-4302.951494,2061.966667,764.3891558,6327.52,2047.947143,3492.41,2904.386087,x
-4060.167424,2061.966667,764.3891558,6327.52,2047.947143,3447.25,2918.816087,x
-4060.167424,1893.72625,702.0204818,6257.12875,2025.1675,3413.06,2855.796087,
-3157.369091,1893.72625,702.0204818,5758.592222,1863.812222,3267.68,2737.716087,
-3157.369091,1435.097143,532.0031058,5758.592222,1863.812222,3273.19,2515.086087,
-3121.695,1401.634286,519.598573,5676.707778,1837.308889,3313.04,2271.536087,
-3121.695,1401.634286,519.598573,5676.707778,1837.308889,3235.02,2207.206087,
-3121.695,1401.634286,519.598573,5676.707778,1837.308889,3120.55,2135.516087,
-3121.695,1401.634286,519.598573,5676.707778,1837.308889,3059.62,2113.536087,
-3121.695,1401.634286,519.598573,5676.707778,1837.308889,3051.79,2055.236087,
-3121.695,1401.634286,519.598573,6113.50625,1978.68125,3080.73,2108.646087,
-4233.255714,1826.34,677.039601,6113.50625,1978.68125,3215.21,2282.996087,
-3992.841111,1826.34,677.039601,6113.50625,1978.68125,3198.99,2339.696087,
-3992.841111,1826.34,677.039601,6174.24,1998.337143,3464.61,2497.016087,
-4233.255714,1982.687778,735.0003482,6174.24,1998.337143,3641.89,2677.416087,
-4233.255714,1982.687778,735.0003482,6113.50625,1978.68125,3733.86,2830.436087,x
-3992.841111,1826.34,677.039601,5676.707778,1837.308889,3796.76,3000,x
-3992.841111,1826.34,677.039601,5676.707778,1837.308889,3741.5,2841.186087,x
-3992.841111,1826.34,677.039601,6113.50625,1978.68125,3769.7,2845.056087,x
-3992.841111,1982.687778,735.0003482,6113.50625,1978.68125,3850.55,2887.596087,x
-3992.841111,1982.687778,735.0003482,6113.50625,1978.68125,3820.77,2917.896087,
-4233.255714,1982.687778,735.0003482,6174.24,1998.337143,3754.19,2938.176087,x
-4233.255714,1982.687778,735.0003482,6174.24,1998.337143,3681.19,2929.426087,x
-4233.255714,1982.687778,735.0003482,6174.24,1998.337143,3557.66,2929.476087,x
-4233.255714,1982.687778,735.0003482,6174.24,1998.337143,3526.44,2890.096087,x
-3992.841111,1982.687778,735.0003482,6174.24,1998.337143,3485.26,2904.346087,x
-3992.841111,1826.34,677.039601,6113.50625,1978.68125,3454.08,2842.126087,
-3121.695,1826.34,677.039601,5676.707778,1837.308889,3321.51,2725.546087,
-3121.695,1401.634286,519.598573,5676.707778,1837.308889,3326.53,2505.756087,
-3087.55125,1363.064286,505.2994879,5581.391111,1806.458889,3348.74,2276.783043,x
-3087.55125,1363.064286,505.2994879,5581.391111,1806.458889,3272.45,2212.023043,x
-3087.55125,1363.064286,505.2994879,5581.391111,1806.458889,3160.5,2139.853043,x
-3087.55125,1363.064286,505.2994879,5581.391111,1806.458889,3100.92,2117.733043,x
-3087.55125,1363.064286,505.2994879,5581.391111,1806.458889,3078.85,2059.183043,x
-3087.55125,1363.064286,505.2994879,6000.1325,1941.9875,3121.56,2112.803043,x
-4181.507143,1768.75125,655.691211,6000.1325,1941.9875,3253.07,2288.323043,x
-3945.942222,1768.75125,655.691211,6000.1325,1941.9875,3237.21,2345.413043,x
-3945.942222,1768.75125,655.691211,6060.451429,1961.511429,3496.96,2503.793043,x
-4181.507143,1916.496667,710.4620278,6060.451429,1961.511429,3670.33,2685.403043,x
-4181.507143,1916.496667,710.4620278,6000.1325,1941.9875,3760.26,2839.463043,x
-3945.942222,1768.75125,655.691211,5581.391111,1806.458889,3821.78,3000,x
-3945.942222,1768.75125,655.691211,5581.391111,1806.458889,3767.73,2850.283043,x
-3945.942222,1768.75125,655.691211,6000.1325,1941.9875,3795.32,2854.173043,x
-3945.942222,1916.496667,710.4620278,6000.1325,1941.9875,3856.96,2897.003043,x
-3945.942222,1916.496667,710.4620278,6000.1325,1941.9875,3845.26,2927.503043,x
-4181.507143,1916.496667,710.4620278,6060.451429,1961.511429,3780.14,2947.923043,x
-4181.507143,1916.496667,710.4620278,6060.451429,1961.511429,3708.76,2939.113043,x
-4181.507143,1916.496667,710.4620278,6060.451429,1961.511429,3587.96,2939.163043,x
-4181.507143,1916.496667,710.4620278,6060.451429,1961.511429,3557.43,2899.523043,x
-3945.942222,1916.496667,710.4620278,6060.451429,1961.511429,3517.16,2913.863043,x
-3945.942222,1768.75125,655.691211,6000.1325,1941.9875,3486.67,2851.223043,x
-3087.55125,1768.75125,655.691211,5581.391111,1806.458889,3357.02,2733.853043,x
-3087.55125,1363.064286,505.2994879,5581.391111,1806.458889,3361.93,2512.593043,x
-3053.05,1332.69,494.039466,5491.466667,1777.354444,3356.38,2282.251304,
-3053.05,1332.69,494.039466,5491.466667,1777.354444,3268.81,2214.701304,
-3053.05,1332.69,494.039466,5491.466667,1777.354444,3140.32,2139.411304,
-3053.05,1332.69,494.039466,5491.466667,1777.354444,3071.94,2116.331304,
-3053.05,1332.69,494.039466,5491.466667,1777.354444,3053.39,2062.271304,
-3053.05,1332.69,494.039466,5917.42375,1915.21625,3095.63,2111.191304,
-4159.484286,1722.1775,638.4259826,5917.42375,1915.21625,3246.57,2294.291304,
-3919.536667,1722.1775,638.4259826,5917.42375,1915.21625,3228.37,2353.841304,
-3919.536667,1722.1775,638.4259826,5980.784286,1935.724286,3526.51,2519.061304,
-4159.484286,1862.3,690.3708397,5980.784286,1935.724286,3725.49,2708.501304,
-4159.484286,1862.3,690.3708397,5917.42375,1915.21625,3828.72,2869.211304,
-3919.536667,1722.1775,638.4259826,5491.466667,1777.354444,3899.32,3000,
-3919.536667,1722.1775,638.4259826,5491.466667,1777.354444,3837.29,2880.501304,
-3919.536667,1722.1775,638.4259826,5917.42375,1915.21625,3868.95,2884.561304,
-3919.536667,1862.3,690.3708397,5917.42375,1915.21625,3947.91,2929.231304,
-3919.536667,1862.3,690.3708397,5917.42375,1915.21625,3926.27,2961.061304,
-4159.484286,1862.3,690.3708397,5980.784286,1935.724286,3851.53,2982.351304,
-4159.484286,1862.3,690.3708397,5980.784286,1935.724286,3769.6,2973.171304,
-4159.484286,1862.3,690.3708397,5980.784286,1935.724286,3630.95,2973.221304,
-4159.484286,1862.3,690.3708397,5980.784286,1935.724286,3595.91,2931.861304,
-3919.536667,1862.3,690.3708397,5980.784286,1935.724286,3549.69,2946.821304,
-3919.536667,1722.1775,638.4259826,5917.42375,1915.21625,3514.69,2881.481304,
-3053.05,1722.1775,638.4259826,5491.466667,1777.354444,3365.88,2759.051304,
-3053.05,1332.69,494.039466,5491.466667,1777.354444,3371.52,2528.231304,
-3032.64125,1312.562857,486.5786636,5440.344444,1760.807778,3370.61,2310.2635,
-3032.64125,1312.562857,486.5786636,5440.344444,1760.807778,3277.24,2242.4735,
-3032.64125,1312.562857,486.5786636,5440.344444,1760.807778,3140.24,2166.9335,
-3032.64125,1312.562857,486.5786636,5440.344444,1760.807778,3067.32,2143.7735,
-3032.64125,1312.562857,486.5786636,5440.344444,1760.807778,3054.09,2100.3235,
-3032.64125,1312.562857,486.5786636,5858.7575,1896.22875,3092.58,2138.6235,
-4148.734286,1689.57625,626.3407899,5858.7575,1896.22875,3253.53,2322.3335,
-3903.001111,1689.57625,626.3407899,5858.7575,1896.22875,3234.12,2382.0835,
-3903.001111,1689.57625,626.3407899,5918.69,1915.625714,3552.01,2547.8535,
-4148.734286,1826.473333,677.0900579,5918.69,1915.625714,3764.18,2737.9435,
-4148.734286,1826.473333,677.0900579,5858.7575,1896.22875,3874.24,2899.1835,
-3903.001111,1689.57625,626.3407899,5440.344444,1760.807778,3949.53,3000,
-3903.001111,1689.57625,626.3407899,5440.344444,1760.807778,3883.39,2910.5135,
-3903.001111,1689.57625,626.3407899,5858.7575,1896.22875,3917.14,2914.5935,
-3903.001111,1826.473333,677.0900579,5858.7575,1896.22875,4009.24,2959.4135,
-3903.001111,1826.473333,677.0900579,5858.7575,1896.22875,3978.26,2991.3435,
-4148.734286,1826.473333,677.0900579,5918.69,1915.625714,3898.58,3000,
-4148.734286,1826.473333,677.0900579,5918.69,1915.625714,3811.21,3000,
-4148.734286,1826.473333,677.0900579,5918.69,1915.625714,3663.37,3000,
-4148.734286,1826.473333,677.0900579,5918.69,1915.625714,3626.01,2962.0535,
-3903.001111,1826.473333,677.0900579,5918.69,1915.625714,3576.73,2977.0635,
-3903.001111,1689.57625,626.3407899,5858.7575,1896.22875,3539.41,2911.5035,
-3032.64125,1689.57625,626.3407899,5440.344444,1760.807778,3380.75,2788.6535,
-3032.64125,1312.562857,486.5786636,5440.344444,1760.807778,3386.76,2557.0635,
-3051.69625,1293.167143,479.3885936,5400.052222,1747.766667,3386.4,2345.461875,
-3051.69625,1293.167143,479.3885936,5400.052222,1747.766667,3292.4,2276.311875,
-3051.69625,1293.167143,479.3885936,5400.052222,1747.766667,3154.47,2199.261875,
-3051.69625,1293.167143,479.3885936,5400.052222,1747.766667,3084.08,2175.641875,
-3051.69625,1293.167143,479.3885936,5400.052222,1747.766667,3084.08,2140.481875,
-3051.69625,1293.167143,479.3885936,5826.65875,1885.84,3106.48,2170.381875,
-4164.438571,1670.32625,619.20422,5826.65875,1885.84,3268.52,2357.771875,
-3918.262222,1670.32625,619.20422,5826.65875,1885.84,3248.98,2418.721875,
-3918.262222,1670.32625,619.20422,5885.275714,1904.812857,3569.03,2587.821875,
-4164.438571,1808.964444,670.5985654,5885.275714,1904.812857,3782.64,2781.711875,
-4164.438571,1808.964444,670.5985654,5826.65875,1885.84,3893.46,2946.191875,
-3918.262222,1670.32625,619.20422,5400.052222,1747.766667,3969.25,3000,
-3918.262222,1670.32625,619.20422,5400.052222,1747.766667,3902.66,2957.741875,
-3918.262222,1670.32625,619.20422,5826.65875,1885.84,3936.65,2961.901875,
-3918.262222,1808.964444,670.5985654,5826.65875,1885.84,4052.55,3000,
-3918.262222,1808.964444,670.5985654,5826.65875,1885.84,3998.18,3000,
-4164.438571,1808.964444,670.5985654,5885.275714,1904.812857,3917.95,3000,
-4164.438571,1808.964444,670.5985654,5885.275714,1904.812857,3830,3000,
-4164.438571,1808.964444,670.5985654,5885.275714,1904.812857,3681.15,3000,
-4164.438571,1808.964444,670.5985654,5885.275714,1904.812857,3643.54,3000,
-3918.262222,1808.964444,670.5985654,5885.275714,1904.812857,3593.92,3000,
-3918.262222,1670.32625,619.20422,5826.65875,1885.84,3556.35,2958.751875,
-3051.69625,1670.32625,619.20422,5400.052222,1747.766667,3396.61,2833.441875,
-3051.69625,1293.167143,479.3885936,5400.052222,1747.766667,3402.66,2597.211875,
-3055.56625,1275.872857,472.977242,5365.3,1736.517778,3391.87,2388.37,
-3055.56625,1275.872857,472.977242,5365.3,1736.517778,3303.11,2316.93,
-3055.56625,1275.872857,472.977242,5365.3,1736.517778,3172.87,2237.31,
-3055.56625,1275.872857,472.977242,5365.3,1736.517778,3109.15,2212.91,
-3055.56625,1275.872857,472.977242,5365.3,1736.517778,3109.15,2182.4,
-3055.56625,1275.872857,472.977242,5814.3175,1881.84625,3127.57,2207.47,
-4135.164286,1659.39375,615.1521311,5814.3175,1881.84625,3280.57,2401.1,
-3895.33,1659.39375,615.1521311,5814.3175,1881.84625,3262.12,2464.07,
-3895.33,1659.39375,615.1521311,5872.485714,1900.671429,3564.31,2638.8,
-4135.164286,1802.846667,668.3314048,5872.485714,1900.671429,3766.01,2839.14,
-4135.164286,1802.846667,668.3314048,5814.3175,1881.84625,3870.64,3000,
-3895.33,1659.39375,615.1521311,5365.3,1736.517778,3942.2,3000,
-3895.33,1659.39375,615.1521311,5365.3,1736.517778,3879.33,3000,
-3895.33,1659.39375,615.1521311,5814.3175,1881.84625,3911.42,3000,
-3895.33,1802.846667,668.3314048,5814.3175,1881.84625,4027.22,3000,
-3895.33,1802.846667,668.3314048,5814.3175,1881.84625,3969.52,3000,
-4135.164286,1802.846667,668.3314048,5872.485714,1900.671429,3893.77,3000,
-4135.164286,1802.846667,668.3314048,5872.485714,1900.671429,3810.72,3000,
-4135.164286,1802.846667,668.3314048,5872.485714,1900.671429,3670.18,3000,
-4135.164286,1802.846667,668.3314048,5872.485714,1900.671429,3634.66,3000,
-3895.33,1802.846667,668.3314048,5872.485714,1900.671429,3587.81,3000,
-3895.33,1659.39375,615.1521311,5814.3175,1881.84625,3552.34,3000,
-3055.56625,1659.39375,615.1521311,5365.3,1736.517778,3401.5,2892.59,
-3055.56625,1275.872857,472.977242,5365.3,1736.517778,3407.22,2648.5,
-3052.1375,1280.781429,474.797245,5350.313333,1731.67,3370.73,2441.993333,
-3052.1375,1280.781429,474.797245,5350.313333,1731.67,3281.89,2373.153333,
-3052.1375,1280.781429,474.797245,5350.313333,1731.67,3151.53,2296.443333,
-3052.1375,1280.781429,474.797245,5350.313333,1731.67,3083.04,2272.923333,
-3052.1375,1280.781429,474.797245,5350.313333,1731.67,3083.04,2250.163333,
-3052.1375,1280.781429,474.797245,5799.78,1877.14,3106.18,2267.683333,
-4103.901429,1659.375,615.1441699,5799.78,1877.14,3259.32,2454.263333,
-3870.792222,1659.375,615.1441699,5799.78,1877.14,3240.85,2514.943333,
-3870.792222,1659.375,615.1441699,5854.151429,1894.738571,3543.34,2683.303333,
-4103.901429,1802.144444,668.0709992,5854.151429,1894.738571,3745.23,2876.353333,
-4103.901429,1802.144444,668.0709992,5799.78,1877.14,3849.96,3000,
-3870.792222,1659.375,615.1441699,5350.313333,1731.67,3921.59,3000,
-3870.792222,1659.375,615.1441699,5350.313333,1731.67,3858.66,3000,
-3870.792222,1659.375,615.1441699,5799.78,1877.14,3890.78,3000,
-3870.792222,1802.144444,668.0709992,5799.78,1877.14,3995.73,3000,
-3870.792222,1802.144444,668.0709992,5799.78,1877.14,3948.93,3000,
-4103.901429,1802.144444,668.0709992,5854.151429,1894.738571,3873.11,3000,
-4103.901429,1802.144444,668.0709992,5854.151429,1894.738571,3789.98,3000,
-4103.901429,1802.144444,668.0709992,5854.151429,1894.738571,3649.31,3000,
-4103.901429,1802.144444,668.0709992,5854.151429,1894.738571,3613.76,3000,
-3870.792222,1802.144444,668.0709992,5854.151429,1894.738571,3566.86,3000,
-3870.792222,1659.375,615.1441699,5799.78,1877.14,3531.35,3000,
-3052.1375,1659.375,615.1441699,5350.313333,1731.67,3380.38,2927.853333,
-3052.1375,1280.781429,474.797245,5350.313333,1731.67,3386.1,2692.653333,
-3037.8975,1290.04,478.2288067,5350.194444,1731.63,3328.94,2488.034167,
-3037.8975,1290.04,478.2288067,5350.194444,1731.63,3236.43,2427.654167,
-3037.8975,1290.04,478.2288067,5350.194444,1731.63,3100.69,2360.364167,
-3037.8975,1290.04,478.2288067,5350.194444,1731.63,3028.44,2339.734167,
-3037.8975,1290.04,478.2288067,5350.194444,1731.63,3024.32,2320.764167,
-3037.8975,1290.04,478.2288067,5768.7825,1867.1075,3053.47,2335.144167,
-4076.992857,1646.03125,610.1979421,5768.7825,1867.1075,3212.94,2498.794167,
-3847.968889,1646.03125,610.1979421,5768.7825,1867.1075,3193.7,2552.014167,
-3847.968889,1646.03125,610.1979421,5817.08,1882.738571,3508.67,2699.694167,
-4076.992857,1780.973333,660.2225069,5817.08,1882.738571,3718.88,2869.024167,
-4076.992857,1780.973333,660.2225069,5768.7825,1867.1075,3827.94,3000,
-3847.968889,1646.03125,610.1979421,5350.194444,1731.63,3902.52,3000,
-3847.968889,1646.03125,610.1979421,5350.194444,1731.63,3837,3000,
-3847.968889,1646.03125,610.1979421,5768.7825,1867.1075,3870.44,3000,
-3847.968889,1780.973333,660.2225069,5768.7825,1867.1075,3972.55,3000,
-3847.968889,1780.973333,660.2225069,5768.7825,1867.1075,3930.99,3000,
-4076.992857,1780.973333,660.2225069,5817.08,1882.738571,3852.04,3000,
-4076.992857,1780.973333,660.2225069,5817.08,1882.738571,3765.49,3000,
-4076.992857,1780.973333,660.2225069,5817.08,1882.738571,3619.01,3000,
-4076.992857,1780.973333,660.2225069,5817.08,1882.738571,3581.99,3000,
-3847.968889,1780.973333,660.2225069,5817.08,1882.738571,3533.16,3000,
-3847.968889,1646.03125,610.1979421,5768.7825,1867.1075,3496.19,3000,
-3037.8975,1646.03125,610.1979421,5350.194444,1731.63,3338.98,2914.194167,
-3037.8975,1290.04,478.2288067,5350.194444,1731.63,3344.94,2707.894167,
-3014.6625,1293.53,479.5226721,5327.416667,1724.258889,3286.06,2516.650833,
-3014.6625,1293.53,479.5226721,5327.416667,1724.258889,3195.36,2455.750833,
-3014.6625,1293.53,479.5226721,5327.416667,1724.258889,3062.29,2387.880833,
-3014.6625,1293.53,479.5226721,5327.416667,1724.258889,2991.46,2367.080833,
-3014.6625,1293.53,479.5226721,5327.416667,1724.258889,2988.78,2340.630833,
-3014.6625,1293.53,479.5226721,5733.19625,1855.59125,3016,2362.450833,
-4060.397143,1632.46,605.1673613,5733.19625,1855.59125,3172.33,2527.500833,
-3830.32,1632.46,605.1673613,5733.19625,1855.59125,3153.47,2581.180833,
-3830.32,1632.46,605.1673613,5779.298571,1870.511429,3462.25,2730.120833,
-4060.397143,1760.441111,652.6106964,5779.298571,1870.511429,3668.34,2900.910833,
-4060.397143,1760.441111,652.6106964,5733.19625,1855.59125,3775.25,3000,
-3830.32,1632.46,605.1673613,5327.416667,1724.258889,3848.37,3000,
-3830.32,1632.46,605.1673613,5327.416667,1724.258889,3784.13,3000,
-3830.32,1632.46,605.1673613,5733.19625,1855.59125,3816.92,3000,
-3830.32,1760.441111,652.6106964,5733.19625,1855.59125,3918.67,3000,
-3830.32,1760.441111,652.6106964,5733.19625,1855.59125,3876.29,3000,
-4060.397143,1760.441111,652.6106964,5779.298571,1870.511429,3798.88,3000,
-4060.397143,1760.441111,652.6106964,5779.298571,1870.511429,3714.03,3000,
-4060.397143,1760.441111,652.6106964,5779.298571,1870.511429,3570.43,3000,
-4060.397143,1760.441111,652.6106964,5779.298571,1870.511429,3534.14,3000,
-3830.32,1760.441111,652.6106964,5779.298571,1870.511429,3486.26,3000,
-3830.32,1632.46,605.1673613,5733.19625,1855.59125,3450.02,3000,
-3014.6625,1632.46,605.1673613,5327.416667,1724.258889,3295.9,2946.470833,
-3014.6625,1293.53,479.5226721,5327.416667,1724.258889,3301.74,2738.400833,
-2987.87125,1286.76,477.0124932,5279.03,1708.596667,3233.49,2537.713636,
-2987.87125,1286.76,477.0124932,5279.03,1708.596667,3145.8,2471.533636,
-2987.87125,1286.76,477.0124932,5279.03,1708.596667,3017.13,2397.773636,
-2987.87125,1286.76,477.0124932,5279.03,1708.596667,2950.29,2375.163636,
-2987.87125,1286.76,477.0124932,5279.03,1708.596667,2950.29,2342.453636,
-2987.87125,1286.76,477.0124932,5693.5025,1842.7425,2972.37,2370.133636,
-4052.182857,1621.01875,600.9264138,5693.5025,1842.7425,3123.53,2549.503636,
-3817.246667,1621.01875,600.9264138,5693.5025,1842.7425,3105.3,2607.833636,
-3817.246667,1621.01875,600.9264138,5740.167143,1857.847143,3403.86,2769.683636,
-4052.182857,1746.594444,647.4779238,5740.167143,1857.847143,3603.13,2955.273636,
-4052.182857,1746.594444,647.4779238,5693.5025,1842.7425,3706.5,3000,
-3817.246667,1621.01875,600.9264138,5279.03,1708.596667,3777.2,3000,
-3817.246667,1621.01875,600.9264138,5279.03,1708.596667,3715.09,3000,
-3817.246667,1621.01875,600.9264138,5693.5025,1842.7425,3746.79,3000,
-3817.246667,1746.594444,647.4779238,5693.5025,1842.7425,3852.15,3000,
-3817.246667,1746.594444,647.4779238,5693.5025,1842.7425,3804.19,3000,
-4052.182857,1746.594444,647.4779238,5740.167143,1857.847143,3729.35,3000,
-4052.182857,1746.594444,647.4779238,5740.167143,1857.847143,3647.3,3000,
-4052.182857,1746.594444,647.4779238,5740.167143,1857.847143,3508.45,3000,
-4052.182857,1746.594444,647.4779238,5740.167143,1857.847143,3473.36,3000,
-3817.246667,1746.594444,647.4779238,5740.167143,1857.847143,3427.08,3000,
-3817.246667,1621.01875,600.9264138,5693.5025,1842.7425,3392.03,3000,
-2987.87125,1621.01875,600.9264138,5279.03,1708.596667,3243.01,3000,
-2987.87125,1286.76,477.0124932,5279.03,1708.596667,3248.66,2778.673636,
-2976.30875,1276.634286,473.2594164,5235.103333,1694.376667,3188.03,2561.702727,
-2976.30875,1276.634286,473.2594164,5235.103333,1694.376667,3112.81,2493.102727,
-2976.30875,1276.634286,473.2594164,5235.103333,1694.376667,3002.43,2416.652727,
-2976.30875,1276.634286,473.2594164,5235.103333,1694.376667,2943.69,2393.212727,
-2976.30875,1276.634286,473.2594164,5235.103333,1694.376667,2930.19,2364.802727,
-2976.30875,1276.634286,473.2594164,5630.53875,1822.365,2964.04,2387.992727,
-4064.921429,1611.7275,597.4815898,5630.53875,1822.365,3093.7,2573.932727,
-3824.213333,1611.7275,597.4815898,5630.53875,1822.365,3078.06,2634.402727,
-3824.213333,1611.7275,597.4815898,5676.957143,1837.39,3334.17,2802.182727,
-4064.921429,1738.381111,644.4323393,5676.957143,1837.39,3505.1,2994.562727,
-4064.921429,1738.381111,644.4323393,5630.53875,1822.365,3593.78,3000,
-3824.213333,1611.7275,597.4815898,5235.103333,1694.376667,3654.43,3000,
-3824.213333,1611.7275,597.4815898,5235.103333,1694.376667,3601.14,3000,
-3824.213333,1611.7275,597.4815898,5630.53875,1822.365,3628.34,3000,
-3824.213333,1738.381111,644.4323393,5630.53875,1822.365,3699.12,3000,
-3824.213333,1738.381111,644.4323393,5630.53875,1822.365,3677.58,3000,
-4064.921429,1738.381111,644.4323393,5676.957143,1837.39,3613.38,3000,
-4064.921429,1738.381111,644.4323393,5676.957143,1837.39,3543,3000,
-4064.921429,1738.381111,644.4323393,5676.957143,1837.39,3423.89,3000,
-4064.921429,1738.381111,644.4323393,5676.957143,1837.39,3393.79,3000,
-3824.213333,1738.381111,644.4323393,5676.957143,1837.39,3354.09,3000,
-3824.213333,1611.7275,597.4815898,5630.53875,1822.365,3324.02,3000,
-2976.30875,1611.7275,597.4815898,5235.103333,1694.376667,3196.19,3000,
-2976.30875,1276.634286,473.2594164,5235.103333,1694.376667,3201.04,2811.502727,
-2964.435,1273.998571,472.2823631,5186.485556,1678.643333,3106.25,2578.600909,
-2964.435,1273.998571,472.2823631,5186.485556,1678.643333,3027.97,2513.280909,
-2964.435,1273.998571,472.2823631,5186.485556,1678.643333,2913.11,2440.490909,
-2964.435,1273.998571,472.2823631,5186.485556,1678.643333,2851.98,2418.180909,
-2964.435,1273.998571,472.2823631,5186.485556,1678.643333,2837.3,2401.270909,
-2964.435,1273.998571,472.2823631,5559.39625,1799.33875,2873.16,2413.210909,
-4045.631429,1612.98375,597.9469002,5559.39625,1799.33875,3008.09,2590.240909,
-3806.39,1612.98375,597.9469002,5559.39625,1799.33875,2991.82,2647.820909,
-3806.39,1612.98375,597.9469002,5606.471429,1814.575714,3258.33,2807.560909,
-4045.631429,1741.081111,645.4337814,5606.471429,1814.575714,3436.2,2990.730909,
-4045.631429,1741.081111,645.4337814,5559.39625,1799.33875,3528.47,3000,
-3806.39,1612.98375,597.9469002,5186.485556,1678.643333,3591.59,3000,
-3806.39,1612.98375,597.9469002,5186.485556,1678.643333,3536.14,3000,
-3806.39,1612.98375,597.9469002,5559.39625,1799.33875,3564.44,3000,
-3806.39,1741.081111,645.4337814,5559.39625,1799.33875,3637.31,3000,
-3806.39,1741.081111,645.4337814,5559.39625,1799.33875,3615.68,3000,
-4045.631429,1741.081111,645.4337814,5606.471429,1814.575714,3548.87,3000,
-4045.631429,1741.081111,645.4337814,5606.471429,1814.575714,3475.63,3000,
-4045.631429,1741.081111,645.4337814,5606.471429,1814.575714,3351.69,3000,
-4045.631429,1741.081111,645.4337814,5606.471429,1814.575714,3320.37,3000,
-3806.39,1741.081111,645.4337814,5606.471429,1814.575714,3279.05,3000,
-3806.39,1612.98375,597.9469002,5559.39625,1799.33875,3247.77,3000,
-2964.435,1612.98375,597.9469002,5186.485556,1678.643333,3114.75,3000,
-2964.435,1273.998571,472.2823631,5186.485556,1678.643333,3119.78,2816.430909,
-2944.01125,1262.875714,468.1593044,5142.802222,1664.505556,3041.23,2567.327273,
-2944.01125,1262.875714,468.1593044,5142.802222,1664.505556,2969.79,2505.807273,
-2944.01125,1262.875714,468.1593044,5142.802222,1664.505556,2864.96,2437.247273,
-2944.01125,1262.875714,468.1593044,5142.802222,1664.505556,2809.16,2416.227273,
-2944.01125,1262.875714,468.1593044,5142.802222,1664.505556,2778.22,2392.557273,
-2944.01125,1262.875714,468.1593044,5491.9625,1777.515,2828.49,2411.547273,
-4029.95,1605.84,595.2990328,5491.9625,1777.515,2951.64,2578.287273,
-3790.451111,1605.84,595.2990328,5491.9625,1777.515,2936.79,2632.517273,
-3790.451111,1605.84,595.2990328,5537.888571,1792.377143,3180.03,2782.977273,
-4029.95,1735.383333,643.3222851,5537.888571,1792.377143,3342.37,2955.507273,
-4029.95,1735.383333,643.3222851,5491.9625,1777.515,3426.58,3000,
-3790.451111,1605.84,595.2990328,5142.802222,1664.505556,3484.18,3000,
-3790.451111,1605.84,595.2990328,5142.802222,1664.505556,3433.58,3000,
-3790.451111,1605.84,595.2990328,5491.9625,1777.515,3459.41,3000,
-3790.451111,1735.383333,643.3222851,5491.9625,1777.515,3505.44,3000,
-3790.451111,1735.383333,643.3222851,5491.9625,1777.515,3505.44,3000,
-4029.95,1735.383333,643.3222851,5537.888571,1792.377143,3445.2,3000,
-4029.95,1735.383333,643.3222851,5537.888571,1792.377143,3378.36,3000,
-4029.95,1735.383333,643.3222851,5537.888571,1792.377143,3265.24,3000,
-4029.95,1735.383333,643.3222851,5537.888571,1792.377143,3236.65,3000,
-3790.451111,1735.383333,643.3222851,5537.888571,1792.377143,3198.94,3000,
-3790.451111,1605.84,595.2990328,5491.9625,1777.515,3170.39,3000,
-2944.01125,1605.84,595.2990328,5142.802222,1664.505556,3048.98,3000,
-2944.01125,1262.875714,468.1593044,5142.802222,1664.505556,3053.58,2791.337273,
-2928.14,1266.11,469.3571126,5108.344444,1653.351111,2980.48,2548.65,
-2928.14,1266.11,469.3571126,5108.344444,1653.351111,2916.76,2485.82,
-2928.14,1266.11,469.3571126,5108.344444,1653.351111,2823.25,2415.81,
-2928.14,1266.11,469.3571126,5108.344444,1653.351111,2773.49,2394.35,
-2928.14,1266.11,469.3571126,5108.344444,1653.351111,2744.22,2354.71,
-2928.14,1266.11,469.3571126,5436.11875,1759.43875,2790.73,2389.57,
-4013.23,1613.365,598.0887478,5436.11875,1759.43875,2900.57,2559.84,
-3773.865556,1613.365,598.0887478,5436.11875,1759.43875,2887.32,2615.22,
-3773.865556,1613.365,598.0887478,5476.567143,1772.531429,3104.29,2768.86,
-4013.23,1744.438889,646.6785488,5476.567143,1772.531429,3249.09,2945.04,
-4013.23,1744.438889,646.6785488,5436.11875,1759.43875,3324.21,3000,
-3773.865556,1613.365,598.0887478,5108.344444,1653.351111,3375.59,3000,
-3773.865556,1613.365,598.0887478,5108.344444,1653.351111,3330.45,3000,
-3773.865556,1613.365,598.0887478,5436.11875,1759.43875,3353.49,3000,
-3773.865556,1744.438889,646.6785488,5436.11875,1759.43875,3393.54,3000,
-3773.865556,1744.438889,646.6785488,5436.11875,1759.43875,3393.54,3000,
-4013.23,1744.438889,646.6785488,5476.567143,1772.531429,3340.82,3000,
-4013.23,1744.438889,646.6785488,5476.567143,1772.531429,3281.19,3000,
-4013.23,1744.438889,646.6785488,5476.567143,1772.531429,3180.29,3000,
-4013.23,1744.438889,646.6785488,5476.567143,1772.531429,3154.79,3000,
-3773.865556,1744.438889,646.6785488,5476.567143,1772.531429,3121.16,3000,
-3773.865556,1613.365,598.0887478,5436.11875,1759.43875,3095.69,3000,
-2928.14,1613.365,598.0887478,5108.344444,1653.351111,2987.4,2992.04,
-2928.14,1266.11,469.3571126,5108.344444,1653.351111,2991.5,2777.39,
-2930.29375,1277.92,473.7368338,5084.111111,1645.508889,2927.87,2535.687273,
-2930.29375,1277.92,473.7368338,5084.111111,1645.508889,2873.6,2469.347273,
-2930.29375,1277.92,473.7368338,5084.111111,1645.508889,2793.97,2395.427273,
-2930.29375,1277.92,473.7368338,5084.111111,1645.508889,2751.59,2372.767273,
-2930.29375,1277.92,473.7368338,5084.111111,1645.508889,2723.75,2320.267273,
-2930.29375,1277.92,473.7368338,5378.465,1740.77875,2766.27,2367.717273,
-4001.874286,1621.9775,601.2815032,5378.465,1740.77875,2859.82,2547.497273,
-3765.113333,1621.9775,601.2815032,5378.465,1740.77875,2848.53,2605.967273,
-3765.113333,1621.9775,601.2815032,5413.267143,1752.042857,3033.3,2768.197273,
-4001.874286,1751.952222,649.4642496,5413.267143,1752.042857,3156.62,2954.217273,
-4001.874286,1751.952222,649.4642496,5378.465,1740.77875,3220.6,3000,
-3765.113333,1621.9775,601.2815032,5084.111111,1645.508889,3264.35,3000,
-3765.113333,1621.9775,601.2815032,5084.111111,1645.508889,3225.91,3000,
-3765.113333,1621.9775,601.2815032,5378.465,1740.77875,3245.53,3000,
-3765.113333,1751.952222,649.4642496,5378.465,1740.77875,3277.87,3000,
-3765.113333,1751.952222,649.4642496,5378.465,1740.77875,3277.87,3000,
-4001.874286,1751.952222,649.4642496,5413.267143,1752.042857,3234.74,3000,
-4001.874286,1751.952222,649.4642496,5413.267143,1752.042857,3183.96,3000,
-4001.874286,1751.952222,649.4642496,5413.267143,1752.042857,3098.03,3000,
-4001.874286,1751.952222,649.4642496,5413.267143,1752.042857,3076.32,3000,
-3765.113333,1751.952222,649.4642496,5413.267143,1752.042857,3047.67,3000,
-3765.113333,1621.9775,601.2815032,5378.465,1740.77875,3025.98,3000,
-2930.29375,1621.9775,601.2815032,5084.111111,1645.508889,2933.76,3000,
-2930.29375,1277.92,473.7368338,5084.111111,1645.508889,2937.25,2777.207273,
-2936.97375,1278.7,474.0254319,5044.753333,1632.771111,2863.22,2552.798182,
-2936.97375,1278.7,474.0254319,5044.753333,1632.771111,2808.37,2484.448182,
-2936.97375,1278.7,474.0254319,5044.753333,1632.771111,2727.89,2408.278182,
-2936.97375,1278.7,474.0254319,5044.753333,1632.771111,2685.06,2384.928182,
-2936.97375,1278.7,474.0254319,5044.753333,1632.771111,2634.85,2335.718182,
-2936.97375,1278.7,474.0254319,5326.85375,1724.07375,2699.9,2379.728182,
-4011.494286,1627.995,603.5118577,5326.85375,1724.07375,2794.44,2564.978182,
-3774.038889,1627.995,603.5118577,5326.85375,1724.07375,2783.04,2625.218182,
-3774.038889,1627.995,603.5118577,5362.241429,1735.527143,2969.77,2792.378182,
-4011.494286,1759.84,652.3883559,5362.241429,1735.527143,3094.4,2984.048182,
-4011.494286,1759.84,652.3883559,5326.85375,1724.07375,3159.05,3000,
-3774.038889,1627.995,603.5118577,5044.753333,1632.771111,3203.27,3000,
-3774.038889,1627.995,603.5118577,5044.753333,1632.771111,3164.42,3000,
-3774.038889,1627.995,603.5118577,5326.85375,1724.07375,3184.25,3000,
-3774.038889,1759.84,652.3883559,5326.85375,1724.07375,3203.53,3000,
-3774.038889,1759.84,652.3883559,5326.85375,1724.07375,3203.53,3000,
-4011.494286,1759.84,652.3883559,5362.241429,1735.527143,3173.34,3000,
-4011.494286,1759.84,652.3883559,5362.241429,1735.527143,3122.03,3000,
-4011.494286,1759.84,652.3883559,5362.241429,1735.527143,3035.19,3000,
-4011.494286,1759.84,652.3883559,5362.241429,1735.527143,3013.24,3000,
-3774.038889,1759.84,652.3883559,5362.241429,1735.527143,2984.29,3000,
-3774.038889,1627.995,603.5118577,5326.85375,1724.07375,2962.37,3000,
-2936.97375,1627.995,603.5118577,5044.753333,1632.771111,2869.17,3000,
-2936.97375,1278.7,474.0254319,5044.753333,1632.771111,2872.7,2801.658182,
-2917.7175,1272.242857,471.6314066,4990.424444,1615.186667,2813.58,2583.449,
-2917.7175,1272.242857,471.6314066,4990.424444,1615.186667,2758.07,2516.009,
-2917.7175,1272.242857,471.6314066,4990.424444,1615.186667,2676.62,2440.849,
-2917.7175,1272.242857,471.6314066,4990.424444,1615.186667,2633.27,2417.809,
-2917.7175,1272.242857,471.6314066,4990.424444,1615.186667,2564.11,2387.479,
-2917.7175,1272.242857,471.6314066,5291.835,1712.74,2648.29,2412.679,
-3999.237143,1622.6675,601.5367187,5291.835,1712.74,2743.97,2595.469,
-3758.835556,1622.6675,601.5367187,5291.835,1712.74,2732.43,2654.909,
-3758.835556,1622.6675,601.5367187,5332.49,1725.898571,2921.42,2819.849,
-3999.237143,1755.552222,650.798704,5332.49,1725.898571,3047.56,3000,
-3999.237143,1755.552222,650.798704,5291.835,1712.74,3113,3000,
-3758.835556,1622.6675,601.5367187,4990.424444,1615.186667,3150.32,3000,
-3758.835556,1622.6675,601.5367187,4990.424444,1615.186667,3118.43,3000,
-3758.835556,1622.6675,601.5367187,5291.835,1712.74,3138.5,3000,
-3758.835556,1755.552222,650.798704,5291.835,1712.74,3150.32,3000,
-3758.835556,1755.552222,650.798704,5291.835,1712.74,3150.32,3000,
-3999.237143,1755.552222,650.798704,5332.49,1725.898571,3127.46,3000,
-3999.237143,1755.552222,650.798704,5332.49,1725.898571,3075.52,3000,
-3999.237143,1755.552222,650.798704,5332.49,1725.898571,2987.63,3000,
-3999.237143,1755.552222,650.798704,5332.49,1725.898571,2965.42,3000,
-3758.835556,1755.552222,650.798704,5332.49,1725.898571,2936.12,3000,
-3758.835556,1622.6675,601.5367187,5291.835,1712.74,2913.93,3000,
-2917.7175,1622.6675,601.5367187,4990.424444,1615.186667,2819.61,3000,
-2917.7175,1272.242857,471.6314066,4990.424444,1615.186667,2823.18,2829.009,
-2916.975,1271.424286,471.3282386,4941.295556,1599.286667,2769.15,2609.615,
-2916.975,1271.424286,471.3282386,4941.295556,1599.286667,2705.05,2545.205,
-2916.975,1271.424286,471.3282386,4941.295556,1599.286667,2610.98,2473.425,
-2916.975,1271.424286,471.3282386,4941.295556,1599.286667,2560.92,2451.425,
-2916.975,1271.424286,471.3282386,4941.295556,1599.286667,2504.22,2436.065,
-2916.975,1271.424286,471.3282386,5275.26125,1707.37625,2578.26,2446.525,
-3965.197143,1610.0675,596.8654784,5275.26125,1707.37625,2688.77,2621.085,
-3733.385556,1610.0675,596.8654784,5275.26125,1707.37625,2675.44,2677.855,
-3733.385556,1610.0675,596.8654784,5319.947143,1721.838571,2893.7,2835.375,
-3965.197143,1739.383333,644.8051408,5319.947143,1721.838571,3039.37,3000,
-3965.197143,1739.383333,644.8051408,5275.26125,1707.37625,3114.93,3000,
-3733.385556,1610.0675,596.8654784,4941.295556,1599.286667,3166.62,3000,
-3733.385556,1610.0675,596.8654784,4941.295556,1599.286667,3121.21,3000,
-3733.385556,1610.0675,596.8654784,5275.26125,1707.37625,3144.39,3000,
-3733.385556,1739.383333,644.8051408,5275.26125,1707.37625,3168.12,3000,
-3733.385556,1739.383333,644.8051408,5275.26125,1707.37625,3168.12,3000,
-3965.197143,1739.383333,644.8051408,5319.947143,1721.838571,3131.64,3000,
-3965.197143,1739.383333,644.8051408,5319.947143,1721.838571,3071.66,3000,
-3965.197143,1739.383333,644.8051408,5319.947143,1721.838571,2970.16,3000,
-3965.197143,1739.383333,644.8051408,5319.947143,1721.838571,2944.5,3000,
-3733.385556,1739.383333,644.8051408,5319.947143,1721.838571,2910.67,3000,
-3733.385556,1610.0675,596.8654784,5275.26125,1707.37625,2885.05,3000,
-2916.975,1610.0675,596.8654784,4941.295556,1599.286667,2776.11,3000,
-2916.975,1271.424286,471.3282386,4941.295556,1599.286667,2780.24,2844.125,
-2884.07625,1262.528571,468.0299852,4927.138889,1594.704444,2760.69,2617.223,
-2884.07625,1262.528571,468.0299852,4927.138889,1594.704444,2698.29,2552.273,
-2884.07625,1262.528571,468.0299852,4927.138889,1594.704444,2606.73,2479.883,
-2884.07625,1262.528571,468.0299852,4927.138889,1594.704444,2558,2457.693,
-2884.07625,1262.528571,468.0299852,4927.138889,1594.704444,2525.8,2450.553,
-2884.07625,1262.528571,468.0299852,5259.80625,1702.375,2574.88,2452.753,
-3953.575714,1595.77875,591.5688628,5259.80625,1702.375,2682.44,2628.803,
-3718.405556,1595.77875,591.5688628,5259.80625,1702.375,2669.47,2686.053,
-3718.405556,1595.77875,591.5688628,5301.56,1715.888571,2881.92,2844.913,
-3953.575714,1722.765556,638.6441141,5301.56,1715.888571,3023.71,3000,
-3953.575714,1722.765556,638.6441141,5259.80625,1702.375,3097.27,3000,
-3718.405556,1595.77875,591.5688628,4927.138889,1594.704444,3147.58,3000,
-3718.405556,1595.77875,591.5688628,4927.138889,1594.704444,3103.38,3000,
-3718.405556,1595.77875,591.5688628,5259.80625,1702.375,3125.94,3000,
-3718.405556,1722.765556,638.6441141,5259.80625,1702.375,3163,3000,
-3718.405556,1722.765556,638.6441141,5259.80625,1702.375,3163,3000,
-3953.575714,1722.765556,638.6441141,5301.56,1715.888571,3113.53,3000,
-3953.575714,1722.765556,638.6441141,5301.56,1715.888571,3055.15,3000,
-3953.575714,1722.765556,638.6441141,5301.56,1715.888571,2956.35,3000,
-3953.575714,1722.765556,638.6441141,5301.56,1715.888571,2931.38,3000,
-3718.405556,1722.765556,638.6441141,5301.56,1715.888571,2898.44,3000,
-3718.405556,1595.77875,591.5688628,5259.80625,1702.375,2873.5,3000,
-2884.07625,1595.77875,591.5688628,4927.138889,1594.704444,2767.46,3000,
-2884.07625,1262.528571,468.0299852,4927.138889,1594.704444,2771.48,2853.733,
-2858.365,1249.492857,463.1978087,4943.503333,1600.003333,2772.33,2583.144545,
-2858.365,1249.492857,463.1978087,4943.503333,1600.003333,2718.6,2520.244545,
-2858.365,1249.492857,463.1978087,4943.503333,1600.003333,2639.75,2450.144545,
-2858.365,1249.492857,463.1978087,4943.503333,1600.003333,2597.79,2428.654545,
-2858.365,1249.492857,463.1978087,4943.503333,1600.003333,2587.2,2421.074545,
-2858.365,1249.492857,463.1978087,5235.5,1694.5075,2612.33,2423.864545,
-3943.311429,1579.67,585.5972004,5235.5,1694.5075,2704.95,2594.354545,
-3704.172222,1579.67,585.5972004,5235.5,1694.5075,2693.78,2649.794545,
-3704.172222,1579.67,585.5972004,5268.981429,1705.344286,2876.72,2803.634545,
-3943.311429,1705.022222,632.0663717,5268.981429,1705.344286,2998.82,2980.034545,
-3943.311429,1705.022222,632.0663717,5235.5,1694.5075,3062.17,3000,
-3704.172222,1579.67,585.5972004,4943.503333,1600.003333,3105.49,3000,
-3704.172222,1579.67,585.5972004,4943.503333,1600.003333,3067.43,3000,
-3704.172222,1579.67,585.5972004,5235.5,1694.5075,3086.85,3000,
-3704.172222,1705.022222,632.0663717,5235.5,1694.5075,3136.26,3000,
-3704.172222,1705.022222,632.0663717,5235.5,1694.5075,3122.03,3000,
-3943.311429,1705.022222,632.0663717,5268.981429,1705.344286,3076.17,3000,
-3943.311429,1705.022222,632.0663717,5268.981429,1705.344286,3025.89,3000,
-3943.311429,1705.022222,632.0663717,5268.981429,1705.344286,2940.81,3000,
-3943.311429,1705.022222,632.0663717,5268.981429,1705.344286,2919.31,3000,
-3704.172222,1705.022222,632.0663717,5268.981429,1705.344286,2890.95,3000,
-3704.172222,1579.67,585.5972004,5235.5,1694.5075,2869.47,3000,
-2858.365,1579.67,585.5972004,4943.503333,1600.003333,2778.16,3000,
-2858.365,1249.492857,463.1978087,4943.503333,1600.003333,2781.62,2812.174545,
-2880.735,1237.641429,458.8046702,4936.661111,1597.787778,2770.11,2534.078333,
-2880.735,1237.641429,458.8046702,4936.661111,1597.787778,2717.75,2476.478333,
-2880.735,1237.641429,458.8046702,4936.661111,1597.787778,2640.92,2412.298333,
-2880.735,1237.641429,458.8046702,4936.661111,1597.787778,2600.03,2392.618333,
-2880.735,1237.641429,458.8046702,4936.661111,1597.787778,2582.56,2375.388333,
-2880.735,1237.641429,458.8046702,5217.1,1688.5525,2614.19,2388.248333,
-3950.924286,1562.12125,579.0911322,5217.1,1688.5525,2704.45,2544.338333,
-3713.965556,1562.12125,579.0911322,5217.1,1688.5525,2693.56,2595.098333,
-3713.965556,1562.12125,579.0911322,5250.01,1699.204286,2871.84,2735.948333,
-3950.924286,1684.841111,624.5854569,5250.01,1699.204286,2990.82,2897.458333,
-3950.924286,1684.841111,624.5854569,5217.1,1688.5525,3052.54,3000,
-3713.965556,1562.12125,579.0911322,4936.661111,1597.787778,3094.76,3000,
-3713.965556,1562.12125,579.0911322,4936.661111,1597.787778,3057.67,3000,
-3713.965556,1562.12125,579.0911322,5217.1,1688.5525,3076.6,3000,
-3713.965556,1684.841111,624.5854569,5217.1,1688.5525,3116.1,3000,
-3713.965556,1684.841111,624.5854569,5217.1,1688.5525,3110.87,3000,
-3950.924286,1684.841111,624.5854569,5250.01,1699.204286,3066.18,3000,
-3950.924286,1684.841111,624.5854569,5250.01,1699.204286,3017.19,3000,
-3950.924286,1684.841111,624.5854569,5250.01,1699.204286,2934.29,3000,
-3950.924286,1684.841111,624.5854569,5250.01,1699.204286,2913.34,3000,
-3713.965556,1684.841111,624.5854569,5250.01,1699.204286,2885.7,3000,
-3713.965556,1562.12125,579.0911322,5217.1,1688.5525,2864.77,3000,
-2880.735,1562.12125,579.0911322,4936.661111,1597.787778,2775.79,2940.548333,
-2880.735,1237.641429,458.8046702,4936.661111,1597.787778,2779.16,2743.768333,
-2880.79,1222.921429,453.3473926,4919.594444,1592.263333,2770.95,2479.59125,
-2880.79,1222.921429,453.3473926,4919.594444,1592.263333,2720.71,2422.63125,
-2880.79,1222.921429,453.3473926,4919.594444,1592.263333,2646.99,2359.16125,
-2880.79,1222.921429,453.3473926,4919.594444,1592.263333,2607.76,2339.69125,
-2880.79,1222.921429,453.3473926,4919.594444,1592.263333,2580.44,2311.35125,
-2880.79,1222.921429,453.3473926,5203.43375,1684.13,2621.35,2335.36125,
-3922.338571,1545.47875,572.9221897,5203.43375,1684.13,2707.95,2489.74125,
-3691.125556,1545.47875,572.9221897,5203.43375,1684.13,2697.5,2539.95125,
-3691.125556,1545.47875,572.9221897,5238.858571,1695.595714,2868.55,2679.25125,
-3922.338571,1666.696667,617.8596011,5238.858571,1695.595714,2982.71,2838.98125,
-3922.338571,1666.696667,617.8596011,5203.43375,1684.13,3041.93,2974.48125,
-3691.125556,1545.47875,572.9221897,4919.594444,1592.263333,3082.44,3000,
-3691.125556,1545.47875,572.9221897,4919.594444,1592.263333,3046.85,2984.00125,
-3691.125556,1545.47875,572.9221897,5203.43375,1684.13,3065.02,2987.42125,
-3691.125556,1666.696667,617.8596011,5203.43375,1684.13,3094.02,3000,
-3691.125556,1666.696667,617.8596011,5203.43375,1684.13,3094.02,3000,
-3922.338571,1666.696667,617.8596011,5238.858571,1695.595714,3055.03,3000,
-3922.338571,1666.696667,617.8596011,5238.858571,1695.595714,3008.02,3000,
-3922.338571,1666.696667,617.8596011,5238.858571,1695.595714,2928.47,3000,
-3922.338571,1666.696667,617.8596011,5238.858571,1695.595714,2908.37,3000,
-3691.125556,1666.696667,617.8596011,5238.858571,1695.595714,2881.85,3000,
-3691.125556,1545.47875,572.9221897,5203.43375,1684.13,2861.77,2984.83125,
-2880.79,1545.47875,572.9221897,4919.594444,1592.263333,2776.4,2881.60125,
-2880.79,1222.921429,453.3473926,4919.594444,1592.263333,2779.63,2686.99125,
-2869.8025,1202.904286,445.9263231,4917.153333,1591.473333,2779.22,2428.726667,
-2869.8025,1202.904286,445.9263231,4917.153333,1591.473333,2729.36,2369.516667,
-2869.8025,1202.904286,445.9263231,4917.153333,1591.473333,2656.2,2303.536667,
-2869.8025,1202.904286,445.9263231,4917.153333,1591.473333,2617.26,2283.306667,
-2869.8025,1202.904286,445.9263231,4917.153333,1591.473333,2588.43,2250.896667,
-2869.8025,1202.904286,445.9263231,5219.37,1689.2875,2630.75,2278.806667,
-3895.987143,1532.30125,568.0371798,5219.37,1689.2875,2716.7,2439.276667,
-3669.647778,1532.30125,568.0371798,5219.37,1689.2875,2706.33,2491.466667,
-3669.647778,1532.30125,568.0371798,5257.694286,1701.69,2876.1,2636.266667,
-3895.987143,1655.128889,613.5707949,5257.694286,1701.69,2989.4,2802.306667,
-3895.987143,1655.128889,613.5707949,5219.37,1689.2875,3048.18,2943.156667,
-3669.647778,1532.30125,568.0371798,4917.153333,1591.473333,3088.38,3000,
-3669.647778,1532.30125,568.0371798,4917.153333,1591.473333,3053.06,2953.056667,
-3669.647778,1532.30125,568.0371798,5219.37,1689.2875,3071.09,2956.616667,
-3669.647778,1655.128889,613.5707949,5219.37,1689.2875,3098.83,2995.766667,
-3669.647778,1655.128889,613.5707949,5219.37,1689.2875,3098.83,3000,
-3895.987143,1655.128889,613.5707949,5257.694286,1701.69,3061.17,3000,
-3895.987143,1655.128889,613.5707949,5257.694286,1701.69,3014.52,3000,
-3895.987143,1655.128889,613.5707949,5257.694286,1701.69,2935.57,3000,
-3895.987143,1655.128889,613.5707949,5257.694286,1701.69,2915.62,2998.066667,
-3669.647778,1655.128889,613.5707949,5257.694286,1701.69,2889.3,3000,
-3669.647778,1532.30125,568.0371798,5219.37,1689.2875,2869.37,2953.916667,
-2869.8025,1532.30125,568.0371798,4917.153333,1591.473333,2784.64,2846.606667,
-2869.8025,1202.904286,445.9263231,4917.153333,1591.473333,2787.85,2644.316667,
-2846.9275,1186.434286,439.8206975,4930.173333,1595.687778,2788.6,2389.1835,
-2846.9275,1186.434286,439.8206975,4930.173333,1595.687778,2736.04,2329.1235,
-2846.9275,1186.434286,439.8206975,4930.173333,1595.687778,2658.92,2262.2035,
-2846.9275,1186.434286,439.8206975,4930.173333,1595.687778,2617.88,2241.6835,
-2846.9275,1186.434286,439.8206975,4930.173333,1595.687778,2582.63,2218.5235,
-2846.9275,1186.434286,439.8206975,5238.67375,1695.53375,2632.1,2237.1235,
-3881.765714,1522.615,564.4467783,5238.67375,1695.53375,2722.69,2399.8835,
-3653.753333,1522.615,564.4467783,5238.67375,1695.53375,2711.77,2452.8135,
-3653.753333,1522.615,564.4467783,5275.115714,1707.33,2890.71,2599.6835,
-3881.765714,1648.606667,611.1525717,5275.115714,1707.33,3010.13,2768.0835,
-3881.765714,1648.606667,611.1525717,5238.67375,1695.53375,3072.09,2910.9435,
-3653.753333,1522.615,564.4467783,4930.173333,1595.687778,3114.46,3000,
-3653.753333,1522.615,564.4467783,4930.173333,1595.687778,3077.24,2920.9735,
-3653.753333,1522.615,564.4467783,5238.67375,1695.53375,3096.24,2924.5835,
-3653.753333,1648.606667,611.1525717,5238.67375,1695.53375,3122.52,2964.2935,
-3653.753333,1648.606667,611.1525717,5238.67375,1695.53375,3122.52,2992.5935,
-3881.765714,1648.606667,611.1525717,5275.115714,1707.33,3085.78,3000,
-3881.765714,1648.606667,611.1525717,5275.115714,1707.33,3036.61,3000,
-3881.765714,1648.606667,611.1525717,5275.115714,1707.33,2953.39,3000,
-3881.765714,1648.606667,611.1525717,5275.115714,1707.33,2932.36,2966.6335,
-3653.753333,1648.606667,611.1525717,5275.115714,1707.33,2904.62,2979.9335,
-3653.753333,1522.615,564.4467783,5238.67375,1695.53375,2883.61,2921.8535,
-2846.9275,1522.615,564.4467783,4930.173333,1595.687778,2794.3,2813.0135,
-2846.9275,1186.434286,439.8206975,4930.173333,1595.687778,2797.68,2607.8335,
-2852.36,1200.195714,444.9231847,4954.955556,1603.708889,2783.18,2348.00087,
-2852.36,1200.195714,444.9231847,4954.955556,1603.708889,2717,2286.35087,
-2852.36,1200.195714,444.9231847,4954.955556,1603.708889,2619.9,2217.65087,
-2852.36,1200.195714,444.9231847,4954.955556,1603.708889,2568.22,2196.59087,
-2852.36,1200.195714,444.9231847,4954.955556,1603.708889,2551.26,2172.56087,
-2852.36,1200.195714,444.9231847,5250.43625,1699.3425,2586.13,2191.90087,
-3886.955714,1531.58,567.7704085,5250.43625,1699.3425,2700.2,2358.98087,
-3658.178889,1531.58,567.7704085,5250.43625,1699.3425,2686.44,2413.32087,
-3658.178889,1531.58,567.7704085,5282.785714,1709.811429,2911.75,2564.09087,
-3886.955714,1656.958889,614.2497828,5282.785714,1709.811429,3062.12,2736.96087,
-3886.955714,1656.958889,614.2497828,5250.43625,1699.3425,3140.13,2883.61087,
-3658.178889,1531.58,567.7704085,4954.955556,1603.708889,3193.49,3000,
-3658.178889,1531.58,567.7704085,4954.955556,1603.708889,3146.61,2893.91087,
-3658.178889,1531.58,567.7704085,5250.43625,1699.3425,3170.54,2897.62087,
-3658.178889,1656.958889,614.2497828,5250.43625,1699.3425,3226.65,2938.38087,
-3658.178889,1656.958889,614.2497828,5250.43625,1699.3425,3213.85,2967.42087,
-3886.955714,1656.958889,614.2497828,5282.785714,1709.811429,3157.38,2986.86087,
-3886.955714,1656.958889,614.2497828,5282.785714,1709.811429,3095.46,2978.48087,
-3886.955714,1656.958889,614.2497828,5282.785714,1709.811429,2990.68,2978.52087,
-3886.955714,1656.958889,614.2497828,5282.785714,1709.811429,2964.2,2940.78087,
-3658.178889,1656.958889,614.2497828,5282.785714,1709.811429,2929.27,2954.43087,
-3658.178889,1531.58,567.7704085,5250.43625,1699.3425,2902.82,2894.81087,
-2852.36,1531.58,567.7704085,4954.955556,1603.708889,2790.36,2783.09087,
-2852.36,1200.195714,444.9231847,4954.955556,1603.708889,2794.62,2572.46087,
-2873.21375,1212.765714,449.5830297,4961.326667,1605.768889,2802.76,2304.119565,
-2873.21375,1212.765714,449.5830297,4961.326667,1605.768889,2736.05,2240.759565,
-2873.21375,1212.765714,449.5830297,4961.326667,1605.768889,2638.16,2170.159565,
-2873.21375,1212.765714,449.5830297,4961.326667,1605.768889,2586.06,2148.509565,
-2873.21375,1212.765714,449.5830297,4961.326667,1605.768889,2584.49,2115.319565,
-2873.21375,1212.765714,449.5830297,5231.82875,1693.31875,2604.11,2143.689565,
-3898.607143,1540.9775,571.2539585,5231.82875,1693.31875,2719.1,2315.409565,
-3671.816667,1540.9775,571.2539585,5231.82875,1693.31875,2705.24,2371.259565,
-3671.816667,1540.9775,571.2539585,5260.814286,1702.701429,2932.37,2526.209565,
-3898.607143,1665.582222,617.4460331,5260.814286,1702.701429,3083.96,2703.889565,
-3898.607143,1665.582222,617.4460331,5231.82875,1693.31875,3162.6,2854.609565,
-3671.816667,1540.9775,571.2539585,4961.326667,1605.768889,3216.39,3000,
-3671.816667,1540.9775,571.2539585,4961.326667,1605.768889,3169.14,2865.199565,
-3671.816667,1540.9775,571.2539585,5231.82875,1693.31875,3193.25,2869.009565,
-3671.816667,1665.582222,617.4460331,5231.82875,1693.31875,3268.58,2910.909565,
-3671.816667,1665.582222,617.4460331,5231.82875,1693.31875,3236.92,2940.749565,
-3898.607143,1665.582222,617.4460331,5260.814286,1702.701429,3179.99,2960.729565,
-3898.607143,1665.582222,617.4460331,5260.814286,1702.701429,3117.57,2952.109565,
-3898.607143,1665.582222,617.4460331,5260.814286,1702.701429,3011.94,2952.159565,
-3898.607143,1665.582222,617.4460331,5260.814286,1702.701429,2985.24,2913.369565,
-3671.816667,1665.582222,617.4460331,5260.814286,1702.701429,2950.03,2927.399565,
-3671.816667,1540.9775,571.2539585,5231.82875,1693.31875,2923.37,2866.119565,
-2873.21375,1540.9775,571.2539585,4961.326667,1605.768889,2810,2751.299565,
-2873.21375,1212.765714,449.5830297,4961.326667,1605.768889,2814.3,2534.819565,
-2880.5375,1221.575714,452.8481095,4948.582222,1601.646667,2823.58,2255.625652,
-2880.5375,1221.575714,452.8481095,4948.582222,1601.646667,2760.89,2189.515652,
-2880.5375,1221.575714,452.8481095,4948.582222,1601.646667,2668.9,2115.835652,
-2880.5375,1221.575714,452.8481095,4948.582222,1601.646667,2625.39,2093.255652,
-2880.5375,1221.575714,452.8481095,4948.582222,1601.646667,2625.39,2047.605652,
-2880.5375,1221.575714,452.8481095,5211.86125,1686.8575,2636.9,2088.225652,
-3899.867143,1547.04625,573.503361,5211.86125,1686.8575,2744.96,2267.405652,
-3674.392222,1547.04625,573.503361,5211.86125,1686.8575,2731.93,2325.675652,
-3674.392222,1547.04625,573.503361,5241.444286,1696.431429,2945.37,2487.365652,
-3899.867143,1670.231111,619.1688945,5241.444286,1696.431429,3087.83,2672.755652,
-3899.867143,1670.231111,619.1688945,5211.86125,1686.8575,3161.73,2830.025652,
-3674.392222,1547.04625,573.503361,4948.582222,1601.646667,3212.27,3000,
-3674.392222,1547.04625,573.503361,4948.582222,1601.646667,3167.87,2841.075652,
-3674.392222,1547.04625,573.503361,5211.86125,1686.8575,3190.53,2845.045652,
-3674.392222,1670.231111,619.1688945,5211.86125,1686.8575,3275.82,2888.765652,
-3674.392222,1670.231111,619.1688945,5211.86125,1686.8575,3231.57,2919.905652,
-3899.867143,1670.231111,619.1688945,5241.444286,1696.431429,3178.06,2940.745652,
-3899.867143,1670.231111,619.1688945,5241.444286,1696.431429,3119.41,2931.755652,
-3899.867143,1670.231111,619.1688945,5241.444286,1696.431429,3020.15,2931.805652,
-3899.867143,1670.231111,619.1688945,5241.444286,1696.431429,2995.06,2891.335652,
-3674.392222,1670.231111,619.1688945,5241.444286,1696.431429,2961.97,2905.975652,
-3674.392222,1547.04625,573.503361,5211.86125,1686.8575,2936.91,2842.035652,
-2880.5375,1547.04625,573.503361,4948.582222,1601.646667,2830.38,2722.215652,
-2880.5375,1221.575714,452.8481095,4948.582222,1601.646667,2834.42,2496.345652,
-2866.8675,1218.005714,451.5258043,4919.565556,1592.252222,2830.74,2218.770435,
-2866.8675,1218.005714,451.5258043,4919.565556,1592.252222,2773.5,2151.160435,
-2866.8675,1218.005714,451.5258043,4919.565556,1592.252222,2689.52,2075.810435,
-2866.8675,1218.005714,451.5258043,4919.565556,1592.252222,2644.82,2052.710435,
-2866.8675,1218.005714,451.5258043,4919.565556,1592.252222,2641.7,1996.940435,
-2866.8675,1218.005714,451.5258043,5196.4275,1681.8625,2660.3,2047.570435,
-3900.608571,1546.7275,573.3854248,5196.4275,1681.8625,2758.96,2230.820435,
-3672.015556,1546.7275,573.3854248,5196.4275,1681.8625,2747.07,2290.420435,
-3672.015556,1546.7275,573.3854248,5229.128571,1692.444286,2941.94,2455.780435,
-3900.608571,1670.985556,619.4484831,5229.128571,1692.444286,3072,2645.390435,
-3900.608571,1670.985556,619.4484831,5196.4275,1681.8625,3139.47,2806.230435,
-3672.015556,1546.7275,573.3854248,4919.565556,1592.252222,3185.62,3000,
-3672.015556,1546.7275,573.3854248,4919.565556,1592.252222,3145.07,2817.530435,
-3672.015556,1546.7275,573.3854248,5196.4275,1681.8625,3165.77,2821.590435,
-3672.015556,1670.985556,619.4484831,5196.4275,1681.8625,3228.26,2866.300435,
-3672.015556,1670.985556,619.4484831,5196.4275,1681.8625,3203.23,2898.160435,
-3900.608571,1670.985556,619.4484831,5229.128571,1692.444286,3154.38,2919.470435,
-3900.608571,1670.985556,619.4484831,5229.128571,1692.444286,3100.83,2910.280435,
-3900.608571,1670.985556,619.4484831,5229.128571,1692.444286,3010.2,2910.320435,
-3900.608571,1670.985556,619.4484831,5229.128571,1692.444286,2987.3,2868.940435,
-3672.015556,1670.985556,619.4484831,5229.128571,1692.444286,2957.09,2883.910435,
-3672.015556,1546.7275,573.3854248,5196.4275,1681.8625,2934.21,2818.510435,
-2866.8675,1546.7275,573.3854248,4919.565556,1592.252222,2836.95,2695.970435,
-2866.8675,1218.005714,451.5258043,4919.565556,1592.252222,2840.64,2464.960435,
-2879.8325,1232.107143,456.7527589,4906.521111,1588.032222,2833.63,2207.48,
-2879.8325,1232.107143,456.7527589,4906.521111,1588.032222,2781.94,2141.15,
-2879.8325,1232.107143,456.7527589,4906.521111,1588.032222,2706.1,2067.23,
-2879.8325,1232.107143,456.7527589,4906.521111,1588.032222,2665.73,2044.57,
-2879.8325,1232.107143,456.7527589,4906.521111,1588.032222,2633.87,1975.03,
-2879.8325,1232.107143,456.7527589,5173.29,1674.37375,2679.72,2039.53,
-3911.111429,1555.05625,576.4737854,5173.29,1674.37375,2768.82,2219.3,
-3683.051111,1555.05625,576.4737854,5173.29,1674.37375,2758.07,2277.77,
-3683.051111,1555.05625,576.4737854,5207.818571,1685.55,2934.05,2439.99,
-3911.111429,1677.435556,621.8400167,5207.818571,1685.55,3051.51,2625.99,
-3911.111429,1677.435556,621.8400167,5173.29,1674.37375,3112.44,2783.78,
-3683.051111,1555.05625,576.4737854,4906.521111,1588.032222,3154.12,2964.75,
-3683.051111,1555.05625,576.4737854,4906.521111,1588.032222,3117.5,2794.87,
-3683.051111,1555.05625,576.4737854,5173.29,1674.37375,3136.19,2798.85,
-3683.051111,1677.435556,621.8400167,5173.29,1674.37375,3163.75,2842.72,
-3683.051111,1677.435556,621.8400167,5173.29,1674.37375,3163.75,2873.96,
-3911.111429,1677.435556,621.8400167,5207.818571,1685.55,3125.91,2894.87,
-3911.111429,1677.435556,621.8400167,5207.818571,1685.55,3077.55,2885.85,
-3911.111429,1677.435556,621.8400167,5207.818571,1685.55,2995.7,2885.9,
-3911.111429,1677.435556,621.8400167,5207.818571,1685.55,2975.02,2845.3,
-3683.051111,1677.435556,621.8400167,5207.818571,1685.55,2947.74,2859.99,
-3683.051111,1555.05625,576.4737854,5173.29,1674.37375,2927.08,2795.83,
-2879.8325,1555.05625,576.4737854,4906.521111,1588.032222,2839.24,2675.62,
-2879.8325,1232.107143,456.7527589,4906.521111,1588.032222,2842.57,2448.99,
-2883.18,1235.69,458.0821387,4908.193333,1577.628889,2838.48,2008.64,
-2883.18,1235.69,458.0821387,4908.193333,1577.628889,2790.51,1945.08,
-2883.18,1235.69,458.0821387,4908.193333,1577.628889,2720.12,1874.25,
-2883.18,1235.69,458.0821387,4908.193333,1577.628889,2682.65,1852.53,
-2883.18,1235.69,458.0821387,4908.193333,1577.628889,2680.68,1774.09,
-2883.18,1235.69,458.0821387,5171.78125,1662.3525,2695.63,1847.7,
-3904.63,1554.54,576.2812875,5171.78125,1662.3525,2778.32,2019.96,
-3685.034444,1554.54,576.2812875,5171.78125,1662.3525,2768.35,2075.98,
-3685.034444,1554.54,576.2812875,5207.357143,1673.788571,2931.68,2231.43,
-3904.63,1675.114444,620.9796792,5207.357143,1673.788571,3040.7,2409.66,
-3904.63,1675.114444,620.9796792,5171.78125,1662.3525,3097.25,2560.86,
-3685.034444,1554.54,576.2812875,4908.193333,1577.628889,3135.93,2718.21,
-3685.034444,1554.54,576.2812875,4908.193333,1577.628889,3101.95,2571.48,
-3685.034444,1554.54,576.2812875,5171.78125,1662.3525,3119.29,2575.3,
-3685.034444,1675.114444,620.9796792,5171.78125,1662.3525,3172.44,2617.33,
-3685.034444,1675.114444,620.9796792,5171.78125,1662.3525,3150.69,2647.28,
-3904.63,1675.114444,620.9796792,5207.357143,1673.788571,3109.75,2667.31,
-3904.63,1675.114444,620.9796792,5207.357143,1673.788571,3064.86,2658.67,
-3904.63,1675.114444,620.9796792,5207.357143,1673.788571,2988.9,2658.71,
-3904.63,1675.114444,620.9796792,5207.357143,1673.788571,2969.71,2619.81,
-3685.034444,1675.114444,620.9796792,5207.357143,1673.788571,2944.39,2633.88,
-3685.034444,1554.54,576.2812875,5171.78125,1662.3525,2925.21,2572.41,
-2883.18,1554.54,576.2812875,4908.193333,1577.628889,2843.69,2457.22,
-2883.18,1235.69,458.0821387,4908.193333,1577.628889,2846.78,2240.06,
-2853.4175,1229.924286,455.9443062,4891.721111,1572.333333,2842.72,1980.62,
-2853.4175,1229.924286,455.9443062,4891.721111,1572.333333,2786.74,1913.03,
-2853.4175,1229.924286,455.9443062,4891.721111,1572.333333,2704.61,1837.71,
-2853.4175,1229.924286,455.9443062,4891.721111,1572.333333,2660.89,1814.62,
-2853.4175,1229.924286,455.9443062,4891.721111,1572.333333,2656.75,1741.27,
-2853.4175,1229.924286,455.9443062,5157.9375,1657.9025,2676.03,1809.48,
-3873.001429,1563.34625,579.546578,5157.9375,1657.9025,2772.53,1992.66,
-3651.983333,1563.34625,579.546578,5157.9375,1657.9025,2760.89,2052.23,
-3651.983333,1563.34625,579.546578,5194.502857,1669.657143,2951.47,2217.53,
-3873.001429,1688.112222,625.7985401,5194.502857,1669.657143,3078.68,2407.06,
-3873.001429,1688.112222,625.7985401,5157.9375,1657.9025,3144.66,2567.84,
-3651.983333,1563.34625,579.546578,4891.721111,1572.333333,3189.8,2748.86,
-3651.983333,1563.34625,579.546578,4891.721111,1572.333333,3150.14,2579.14,
-3651.983333,1563.34625,579.546578,5157.9375,1657.9025,3170.38,2583.2,
-3651.983333,1688.112222,625.7985401,5157.9375,1657.9025,3230.18,2627.89,
-3651.983333,1688.112222,625.7985401,5157.9375,1657.9025,3207.02,2659.74,
-3873.001429,1688.112222,625.7985401,5194.502857,1669.657143,3159.25,2681.04,
-3873.001429,1688.112222,625.7985401,5194.502857,1669.657143,3106.87,2671.85,
-3873.001429,1688.112222,625.7985401,5194.502857,1669.657143,3018.24,2671.9,
-3873.001429,1688.112222,625.7985401,5194.502857,1669.657143,2995.84,2630.53,
-3651.983333,1688.112222,625.7985401,5194.502857,1669.657143,2966.29,2645.49,
-3651.983333,1563.34625,579.546578,5157.9375,1657.9025,2943.92,2580.12,
-2853.4175,1563.34625,579.546578,4891.721111,1572.333333,2848.8,2457.63,
-2853.4175,1229.924286,455.9443062,4891.721111,1572.333333,2852.4,2226.71,
-2840.375,1225.877143,454.4438461,4896.046667,1573.724444,2854.9,1979.34,
-2840.375,1225.877143,454.4438461,4896.046667,1573.724444,2797.92,1908.59,
-2840.375,1225.877143,454.4438461,4896.046667,1573.724444,2714.3,1829.74,
-2840.375,1225.877143,454.4438461,4896.046667,1573.724444,2669.79,1805.57,
-2840.375,1225.877143,454.4438461,4896.046667,1573.724444,2666.75,1739.25,
-2840.375,1225.877143,454.4438461,5174.14,1663.11,2685.21,1800.19,
-3846.868571,1564.445,579.9535233,5174.14,1663.11,2783.44,1991.95,
-3626.971111,1564.445,579.9535233,5174.14,1663.11,2771.59,2054.31,
-3626.971111,1564.445,579.9535233,5209.895714,1674.604286,2965.62,2227.35,
-3846.868571,1691.081111,626.8990073,5209.895714,1674.604286,3095.12,2425.76,
-3846.868571,1691.081111,626.8990073,5174.14,1663.11,3162.3,2594.07,
-3626.971111,1564.445,579.9535233,4896.046667,1573.724444,3208.25,2797.8,
-3626.971111,1564.445,579.9535233,4896.046667,1573.724444,3167.88,2605.89,
-3626.971111,1564.445,579.9535233,5174.14,1663.11,3188.48,2610.14,
-3626.971111,1691.081111,626.8990073,5174.14,1663.11,3250.78,2656.93,
-3626.971111,1691.081111,626.8990073,5174.14,1663.11,3225.78,2690.26,
-3846.868571,1691.081111,626.8990073,5209.895714,1674.604286,3177.15,2712.56,
-3846.868571,1691.081111,626.8990073,5209.895714,1674.604286,3123.83,2702.94,
-3846.868571,1691.081111,626.8990073,5209.895714,1674.604286,3033.59,2702.99,
-3846.868571,1691.081111,626.8990073,5209.895714,1674.604286,3010.79,2659.68,
-3626.971111,1691.081111,626.8990073,5209.895714,1674.604286,2980.71,2675.35,
-3626.971111,1564.445,579.9535233,5174.14,1663.11,2957.93,2606.92,
-2840.375,1564.445,579.9535233,4896.046667,1573.724444,2861.09,2478.69,
-2840.375,1225.877143,454.4438461,4896.046667,1573.724444,2864.76,2236.96,
-2843,1233.428571,457.2432245,4910.417778,1578.345556,2869.85,2000.99,
-2843,1233.428571,457.2432245,4910.417778,1578.345556,2816.38,1929.51,
-2843,1233.428571,457.2432245,4910.417778,1578.345556,2737.92,1849.86,
-2843,1233.428571,457.2432245,4910.417778,1578.345556,2696.17,1825.44,
-2843,1233.428571,457.2432245,4910.417778,1578.345556,2693.7,1796.01,
-2843,1233.428571,457.2432245,5185.99875,1666.9225,2710.63,1820,
-3819.344286,1561.69,578.9326911,5185.99875,1666.9225,2802.8,2013.72,
-3604.047778,1561.69,578.9326911,5185.99875,1666.9225,2791.68,2076.73,
-3604.047778,1561.69,578.9326911,5220.435714,1677.991429,2973.73,2251.53,
-3819.344286,1684.582222,624.4891682,5220.435714,1677.991429,3095.23,2451.97,
-3819.344286,1684.582222,624.4891682,5185.99875,1666.9225,3158.26,2622,
-3604.047778,1561.69,578.9326911,4910.417778,1578.345556,3201.37,2878.93,
-3604.047778,1561.69,578.9326911,4910.417778,1578.345556,3163.49,2633.94,
-3604.047778,1561.69,578.9326911,5185.99875,1666.9225,3182.82,2638.24,
-3604.047778,1684.582222,624.4891682,5185.99875,1666.9225,3241.74,2685.5,
-3604.047778,1684.582222,624.4891682,5185.99875,1666.9225,3217.82,2719.17,
-3819.344286,1684.582222,624.4891682,5220.435714,1677.991429,3172.19,2741.7,
-3819.344286,1684.582222,624.4891682,5220.435714,1677.991429,3122.16,2731.99,
-3819.344286,1684.582222,624.4891682,5220.435714,1677.991429,3037.5,2732.04,
-3819.344286,1684.582222,624.4891682,5220.435714,1677.991429,3016.11,2688.29,
-3604.047778,1684.582222,624.4891682,5220.435714,1677.991429,2987.88,2704.11,
-3604.047778,1561.69,578.9326911,5185.99875,1666.9225,2966.51,2634.98,
-2843,1561.69,578.9326911,4910.417778,1578.345556,2875.65,2505.45,
-2843,1233.428571,457.2432245,4910.417778,1578.345556,2879.09,2261.24,
-2859.49875,1232.467143,456.8860737,4927.745556,1583.913333,2872.02,2058.19,
-2859.49875,1232.467143,456.8860737,4927.745556,1583.913333,2821.54,1993.32,
-2859.49875,1232.467143,456.8860737,4927.745556,1583.913333,2747.46,1921.04,
-2859.49875,1232.467143,456.8860737,4927.745556,1583.913333,2708.03,1898.88,
-2859.49875,1232.467143,456.8860737,4927.745556,1583.913333,2703.69,1894.88,
-2859.49875,1232.467143,456.8860737,5193.2075,1669.23875,2721.69,1894.88,
-3834.797143,1556.14625,576.8772451,5193.2075,1669.23875,2808.71,2069.74,
-3619.464444,1556.14625,576.8772451,5193.2075,1669.23875,2798.22,2126.91,
-3619.464444,1556.14625,576.8772451,5226.567143,1679.962857,2970.1,2285.54,
-3834.797143,1677.372222,621.8162317,5226.567143,1679.962857,3084.82,2467.43,
-3834.797143,1677.372222,621.8162317,5193.2075,1669.23875,3144.33,2621.72,
-3619.464444,1556.14625,576.8772451,4927.745556,1583.913333,3185.03,2886.93,
-3619.464444,1556.14625,576.8772451,4927.745556,1583.913333,3149.27,2632.56,
-3619.464444,1556.14625,576.8772451,5193.2075,1669.23875,3167.52,2636.46,
-3619.464444,1677.372222,621.8162317,5193.2075,1669.23875,3220.71,2679.35,
-3619.464444,1677.372222,621.8162317,5193.2075,1669.23875,3200.57,2709.91,
-3834.797143,1677.372222,621.8162317,5226.567143,1679.962857,3157.48,2730.35,
-3834.797143,1677.372222,621.8162317,5226.567143,1679.962857,3110.25,2721.53,
-3834.797143,1677.372222,621.8162317,5226.567143,1679.962857,3030.31,2721.58,
-3834.797143,1677.372222,621.8162317,5226.567143,1679.962857,3010.11,2681.88,
-3619.464444,1677.372222,621.8162317,5226.567143,1679.962857,2983.46,2696.24,
-3619.464444,1556.14625,576.8772451,5193.2075,1669.23875,2963.29,2633.5,
-2859.49875,1556.14625,576.8772451,4927.745556,1583.913333,2877.5,2515.96,
-2859.49875,1232.467143,456.8860737,4927.745556,1583.913333,2880.75,2294.35,
-2856.70875,1220.034286,452.2780634,4931.631111,1585.162222,2870.46,2101.62,
-2856.70875,1220.034286,452.2780634,4931.631111,1585.162222,2823.28,2043.37,
-2856.70875,1220.034286,452.2780634,4931.631111,1585.162222,2754.04,1978.46,
-2856.70875,1220.034286,452.2780634,4931.631111,1585.162222,2717.19,1962.06,
-2856.70875,1220.034286,452.2780634,4931.631111,1585.162222,2708.25,1962.06,
-2856.70875,1220.034286,452.2780634,5205.61375,1673.22875,2729.96,1962.06,
-3855.51,1548.515,574.0475246,5205.61375,1673.22875,2811.29,2111.99,
-3635.195556,1548.515,574.0475246,5205.61375,1673.22875,2801.48,2163.33,
-3635.195556,1548.515,574.0475246,5241.167143,1684.654286,2962.13,2305.78,
-3855.51,1671.482222,619.6330873,5241.167143,1684.654286,3069.36,2469.12,
-3855.51,1671.482222,619.6330873,5205.61375,1673.22875,3124.98,2607.68,
-3635.195556,1548.515,574.0475246,4931.631111,1585.162222,3163.02,2868.56,
-3635.195556,1548.515,574.0475246,4931.631111,1585.162222,3129.6,2617.42,
-3635.195556,1548.515,574.0475246,5205.61375,1673.22875,3146.66,2620.92,
-3635.195556,1671.482222,619.6330873,5205.61375,1673.22875,3190.48,2659.43,
-3635.195556,1671.482222,619.6330873,5205.61375,1673.22875,3177.55,2686.88,
-3855.51,1671.482222,619.6330873,5241.167143,1684.654286,3137.28,2705.23,
-3855.51,1671.482222,619.6330873,5241.167143,1684.654286,3093.13,2697.32,
-3855.51,1671.482222,619.6330873,5241.167143,1684.654286,3018.41,2697.36,
-3855.51,1671.482222,619.6330873,5241.167143,1684.654286,2999.53,2661.7,
-3635.195556,1671.482222,619.6330873,5241.167143,1684.654286,2974.63,2674.6,
-3635.195556,1548.515,574.0475246,5205.61375,1673.22875,2955.77,2618.26,
-2856.70875,1548.515,574.0475246,4931.631111,1585.162222,2875.58,2512.7,
-2856.70875,1220.034286,452.2780634,4931.631111,1585.162222,2878.62,2313.7,
-2857.86,1215.482857,450.5899707,4933.607778,1585.796667,2862.32,2099.43,
-2857.86,1215.482857,450.5899707,4933.607778,1585.796667,2816.14,2043.23,
-2857.86,1215.482857,450.5899707,4933.607778,1585.796667,2748.37,1980.6,
-2857.86,1215.482857,450.5899707,4933.607778,1585.796667,2712.3,1961.39,
-2857.86,1215.482857,450.5899707,4933.607778,1585.796667,2699.18,1950.04,
-2857.86,1215.482857,450.5899707,5222.05125,1678.5125,2724.8,1957.12,
-3860.167143,1541.53875,571.462034,5222.05125,1678.5125,2804.41,2109.44,
-3639.133333,1541.53875,571.462034,5222.05125,1678.5125,2794.8,2158.98,
-3639.133333,1541.53875,571.462034,5260.104286,1690.744286,2952.05,2296.42,
-3860.167143,1663.626667,616.7213079,5260.104286,1690.744286,3056.99,2454.02,
-3860.167143,1663.626667,616.7213079,5222.05125,1678.5125,3111.43,2587.71,
-3639.133333,1541.53875,571.462034,4933.607778,1585.796667,3148.67,2805.78,
-3639.133333,1541.53875,571.462034,4933.607778,1585.796667,3115.96,2597.1,
-3639.133333,1541.53875,571.462034,5222.05125,1678.5125,3132.65,2600.48,
-3639.133333,1663.626667,616.7213079,5222.05125,1678.5125,3170.26,2637.65,
-3639.133333,1663.626667,616.7213079,5222.05125,1678.5125,3162.88,2664.12,
-3860.167143,1663.626667,616.7213079,5260.104286,1690.744286,3123.47,2681.84,
-3860.167143,1663.626667,616.7213079,5260.104286,1690.744286,3080.26,2674.2,
-3860.167143,1663.626667,616.7213079,5260.104286,1690.744286,3007.13,2674.23,
-3860.167143,1663.626667,616.7213079,5260.104286,1690.744286,2988.65,2639.83,
-3639.133333,1663.626667,616.7213079,5260.104286,1690.744286,2964.27,2652.28,
-3639.133333,1541.53875,571.462034,5222.05125,1678.5125,2945.81,2597.92,
-2857.86,1541.53875,571.462034,4933.607778,1585.796667,2867.33,2496.07,
-2857.86,1215.482857,450.5899707,4933.607778,1585.796667,2870.31,2304.05,
-2886.43125,1215.26,450.5069967,4952.314444,1591.81,2865.44,2063.2,
-2886.43125,1215.26,450.5069967,4952.314444,1591.81,2825.66,2004.04,
-2886.43125,1215.26,450.5069967,4952.314444,1591.81,2767.28,1938.11,
-2886.43125,1215.26,450.5069967,4952.314444,1591.81,2736.21,1917.9,
-2886.43125,1215.26,450.5069967,4952.314444,1591.81,2712.72,1880.45,
-2886.43125,1215.26,450.5069967,5235.0175,1682.68,2746.98,1913.4,
-3866.51,1540.8575,571.2093671,5235.0175,1682.68,2815.56,2073.74,
-3650.513333,1540.8575,571.2093671,5235.0175,1682.68,2807.28,2125.89,
-3650.513333,1540.8575,571.2093671,5272.532857,1694.737143,2942.74,2270.58,
-3866.51,1662.402222,616.266976,5272.532857,1694.737143,3033.14,2436.49,
-3866.51,1662.402222,616.266976,5235.0175,1682.68,3080.04,2577.22,
-3650.513333,1540.8575,571.2093671,4952.314444,1591.81,3112.11,2772.09,
-3650.513333,1540.8575,571.2093671,4952.314444,1591.81,3083.93,2587.11,
-3650.513333,1540.8575,571.2093671,5235.0175,1682.68,3098.31,2590.67,
-3650.513333,1662.402222,616.266976,5235.0175,1682.68,3120.15,2629.79,
-3650.513333,1662.402222,616.266976,5235.0175,1682.68,3120.15,2657.66,
-3866.51,1662.402222,616.266976,5272.532857,1694.737143,3090.4,2676.31,
-3866.51,1662.402222,616.266976,5272.532857,1694.737143,3053.18,2668.27,
-3866.51,1662.402222,616.266976,5272.532857,1694.737143,2990.19,2668.31,
-3866.51,1662.402222,616.266976,5272.532857,1694.737143,2974.27,2632.09,
-3650.513333,1662.402222,616.266976,5272.532857,1694.737143,2953.27,2645.2,
-3650.513333,1540.8575,571.2093671,5235.0175,1682.68,2937.37,2587.97,
-2886.43125,1540.8575,571.2093671,4952.314444,1591.81,2869.76,2480.75,
-2886.43125,1215.26,450.5069967,4952.314444,1591.81,2872.32,2278.62,
-2901.77875,1222.268571,453.1056873,4972.398889,1598.265556,2863.19,2012.41,
-2901.77875,1222.268571,453.1056873,4972.398889,1598.265556,2824.67,1946.92,
-2901.77875,1222.268571,453.1056873,4972.398889,1598.265556,2768.16,1873.94,
-2901.77875,1222.268571,453.1056873,4972.398889,1598.265556,2738.08,1851.56,
-2901.77875,1222.268571,453.1056873,4972.398889,1598.265556,2714.16,1791.55,
-2901.77875,1222.268571,453.1056873,5253.1575,1688.51,2748.5,1846.58,
-3883.681429,1551.615,575.1970257,5253.1575,1688.51,2814.89,2024.07,
-3667.212222,1551.615,575.1970257,5253.1575,1688.51,2806.88,2081.8,
-3667.212222,1551.615,575.1970257,5290.705714,1700.578571,2938.01,2241.96,
-3883.681429,1673.855556,620.5125386,5290.705714,1700.578571,3025.53,2425.61,
-3883.681429,1673.855556,620.5125386,5253.1575,1688.51,3070.94,2581.39,
-3667.212222,1551.615,575.1970257,4972.398889,1598.265556,3101.99,2771.84,
-3667.212222,1551.615,575.1970257,4972.398889,1598.265556,3074.71,2592.34,
-3667.212222,1551.615,575.1970257,5253.1575,1688.51,3088.63,2596.28,
-3667.212222,1673.855556,620.5125386,5253.1575,1688.51,3109.05,2639.58,
-3667.212222,1673.855556,620.5125386,5253.1575,1688.51,3109.05,2670.43,
-3883.681429,1673.855556,620.5125386,5290.705714,1700.578571,3080.97,2691.07,
-3883.681429,1673.855556,620.5125386,5290.705714,1700.578571,3044.94,2682.17,
-3883.681429,1673.855556,620.5125386,5290.705714,1700.578571,2983.95,2682.21,
-3883.681429,1673.855556,620.5125386,5290.705714,1700.578571,2968.54,2642.13,
-3667.212222,1673.855556,620.5125386,5290.705714,1700.578571,2948.21,2656.63,
-3667.212222,1551.615,575.1970257,5253.1575,1688.51,2932.82,2593.29,
-2901.77875,1551.615,575.1970257,4972.398889,1598.265556,2867.37,2474.61,
-2901.77875,1222.268571,453.1056873,4972.398889,1598.265556,2869.85,2250.85,
-2914.47125,1237.177143,458.6324825,4999.118889,1606.853333,2866.8,1998.22,
-2914.47125,1237.177143,458.6324825,4999.118889,1606.853333,2826.74,1931.52,
-2914.47125,1237.177143,458.6324825,4999.118889,1606.853333,2767.95,1857.18,
-2914.47125,1237.177143,458.6324825,4999.118889,1606.853333,2736.66,1834.39,
-2914.47125,1237.177143,458.6324825,4999.118889,1606.853333,2716.44,1780.6,
-2914.47125,1237.177143,458.6324825,5275.46125,1695.68,2747.5,1829.32,
-3903.702857,1563.245,579.5084411,5275.46125,1695.68,2816.56,2010.1,
-3685.481111,1563.245,579.5084411,5275.46125,1695.68,2808.23,2068.9,
-3685.481111,1563.245,579.5084411,5311.842857,1707.371429,2944.64,2232.03,
-3903.702857,1684.774444,624.5607469,5311.842857,1707.371429,3035.68,2419.09,
-3903.702857,1684.774444,624.5607469,5275.46125,1695.68,3082.91,2577.77,
-3685.481111,1563.245,579.5084411,4999.118889,1606.853333,3115.21,2781.73,
-3685.481111,1563.245,579.5084411,4999.118889,1606.853333,3086.83,2588.91,
-3685.481111,1563.245,579.5084411,5275.46125,1695.68,3101.32,2592.93,
-3685.481111,1684.774444,624.5607469,5275.46125,1695.68,3125.4,2637.03,
-3685.481111,1684.774444,624.5607469,5275.46125,1695.68,3125.4,2668.46,
-3903.702857,1684.774444,624.5607469,5311.842857,1707.371429,3093.35,2689.48,
-3903.702857,1684.774444,624.5607469,5311.842857,1707.371429,3055.86,2680.42,
-3903.702857,1684.774444,624.5607469,5311.842857,1707.371429,2992.43,2680.46,
-3903.702857,1684.774444,624.5607469,5311.842857,1707.371429,2976.4,2639.63,
-3685.481111,1684.774444,624.5607469,5311.842857,1707.371429,2955.25,2654.4,
-3685.481111,1563.245,579.5084411,5275.46125,1695.68,2939.23,2589.88,
-2914.47125,1563.245,579.5084411,4999.118889,1606.853333,2871.15,2469,
-2914.47125,1237.177143,458.6324825,4999.118889,1606.853333,2873.73,2241.09,
-2931.1625,1243.805714,461.0892561,5014.26,1611.722222,2871.77,1996.15,
-2931.1625,1243.805714,461.0892561,5014.26,1611.722222,2828.96,1928.07,
-2931.1625,1243.805714,461.0892561,5014.26,1611.722222,2766.15,1852.21,
-2931.1625,1243.805714,461.0892561,5014.26,1611.722222,2732.72,1828.95,
-2931.1625,1243.805714,461.0892561,5014.26,1611.722222,2721.18,1786.2,
-2931.1625,1243.805714,461.0892561,5309.2325,1706.53125,2744.3,1823.78,
-3920.997143,1577.89875,584.9413575,5309.2325,1706.53125,2818.09,2008.27,
-3702.506667,1577.89875,584.9413575,5309.2325,1706.53125,2809.19,2068.28,
-3702.506667,1577.89875,584.9413575,5345.894286,1718.317143,2954.93,2234.76,
-3920.997143,1702.885556,631.2745798,5345.894286,1718.317143,3052.2,2425.66,
-3920.997143,1702.885556,631.2745798,5309.2325,1706.53125,3102.66,2587.59,
-3702.506667,1577.89875,584.9413575,5014.26,1611.722222,3137.17,2812.27,
-3702.506667,1577.89875,584.9413575,5014.26,1611.722222,3106.85,2598.97,
-3702.506667,1577.89875,584.9413575,5309.2325,1706.53125,3122.33,2603.06,
-3702.506667,1702.885556,631.2745798,5309.2325,1706.53125,3157.94,2648.08,
-3702.506667,1702.885556,631.2745798,5309.2325,1706.53125,3150.35,2680.15,
-3920.997143,1702.885556,631.2745798,5345.894286,1718.317143,3113.82,2701.6,
-3920.997143,1702.885556,631.2745798,5345.894286,1718.317143,3073.76,2692.35,
-3920.997143,1702.885556,631.2745798,5345.894286,1718.317143,3005.99,2692.4,
-3920.997143,1702.885556,631.2745798,5345.894286,1718.317143,2988.86,2650.73,
-3702.506667,1702.885556,631.2745798,5345.894286,1718.317143,2966.26,2665.8,
-3702.506667,1577.89875,584.9413575,5309.2325,1706.53125,2949.15,2599.96,
-2931.1625,1577.89875,584.9413575,5014.26,1611.722222,2876.41,2476.59,
-2931.1625,1243.805714,461.0892561,5014.26,1611.722222,2879.17,2244.01,
-2928.3525,1247.325714,462.3941339,5033.702222,1617.971111,2879.29,2009.26,
-2928.3525,1247.325714,462.3941339,5033.702222,1617.971111,2835.01,1942.09,
-2928.3525,1247.325714,462.3941339,5033.702222,1617.971111,2770.02,1867.25,
-2928.3525,1247.325714,462.3941339,5033.702222,1617.971111,2735.44,1844.3,
-2928.3525,1247.325714,462.3941339,5033.702222,1617.971111,2730.65,1810.53,
-2928.3525,1247.325714,462.3941339,5336.52625,1715.3075,2747.42,1839.2,
-3951.681429,1593.13,590.5863013,5336.52625,1715.3075,2823.76,2021.22,
-3725.644444,1593.13,590.5863013,5336.52625,1715.3075,2814.55,2080.42,
-3725.644444,1593.13,590.5863013,5371.585714,1726.575714,2965.33,2244.67,
-3951.681429,1723.061111,638.7544441,5371.585714,1726.575714,3065.97,2433.01,
-3951.681429,1723.061111,638.7544441,5336.52625,1715.3075,3118.18,2592.78,
-3725.644444,1593.13,590.5863013,5033.702222,1617.971111,3153.89,2825.88,
-3725.644444,1593.13,590.5863013,5033.702222,1617.971111,3122.51,2604,
-3725.644444,1593.13,590.5863013,5336.52625,1715.3075,3138.53,2608.04,
-3725.644444,1723.061111,638.7544441,5336.52625,1715.3075,3184.01,2652.45,
-3725.644444,1723.061111,638.7544441,5336.52625,1715.3075,3167.51,2684.09,
-3951.681429,1723.061111,638.7544441,5371.585714,1726.575714,3129.72,2705.26,
-3951.681429,1723.061111,638.7544441,5371.585714,1726.575714,3088.28,2696.13,
-3951.681429,1723.061111,638.7544441,5371.585714,1726.575714,3018.16,2696.18,
-3951.681429,1723.061111,638.7544441,5371.585714,1726.575714,3000.44,2655.07,
-3725.644444,1723.061111,638.7544441,5371.585714,1726.575714,2977.06,2669.94,
-3725.644444,1593.13,590.5863013,5336.52625,1715.3075,2959.36,2604.98,
-2928.3525,1593.13,590.5863013,5033.702222,1617.971111,2884.1,2483.26,
-2928.3525,1247.325714,462.3941339,5033.702222,1617.971111,2886.95,2253.8,
-2945.12125,1259.642857,466.9612491,5052.905556,1624.144444,2887.75,2015.18,
-2945.12125,1259.642857,466.9612491,5052.905556,1624.144444,2844.13,1947.82,
-2945.12125,1259.642857,466.9612491,5052.905556,1624.144444,2780.13,1872.75,
-2945.12125,1259.642857,466.9612491,5052.905556,1624.144444,2747,1849.73,
-2945.12125,1259.642857,466.9612491,5052.905556,1624.144444,2747,1825.09,
-2945.12125,1259.642857,466.9612491,5347.475,1718.825,2757.87,1844.61,
-3964.202857,1605.0925,595.0227739,5347.475,1718.825,2833.05,2027.18,
-3739.306667,1605.0925,595.0227739,5347.475,1718.825,2823.99,2086.56,
-3739.306667,1605.0925,595.0227739,5381.01,1729.604286,2972.49,2251.31,
-3964.202857,1735.212222,643.2583095,5381.01,1729.604286,3071.6,2440.22,
-3964.202857,1735.212222,643.2583095,5347.475,1718.825,3123.01,2600.46,
-3739.306667,1605.0925,595.0227739,5052.905556,1624.144444,3158.18,2846.83,
-3739.306667,1605.0925,595.0227739,5052.905556,1624.144444,3127.28,2611.72,
-3739.306667,1605.0925,595.0227739,5347.475,1718.825,3143.05,2615.77,
-3739.306667,1735.212222,643.2583095,5347.475,1718.825,3195.71,2660.31,
-3739.306667,1735.212222,643.2583095,5347.475,1718.825,3171.6,2692.05,
-3964.202857,1735.212222,643.2583095,5381.01,1729.604286,3134.38,2713.28,
-3964.202857,1735.212222,643.2583095,5381.01,1729.604286,3093.57,2704.13,
-3964.202857,1735.212222,643.2583095,5381.01,1729.604286,3024.51,2704.17,
-3964.202857,1735.212222,643.2583095,5381.01,1729.604286,3007.05,2662.94,
-3739.306667,1735.212222,643.2583095,5381.01,1729.604286,2984.03,2677.86,
-3739.306667,1605.0925,595.0227739,5347.475,1718.825,2966.6,2612.7,
-2945.12125,1605.0925,595.0227739,5052.905556,1624.144444,2892.48,2490.62,
-2945.12125,1259.642857,466.9612491,5052.905556,1624.144444,2895.29,2260.46,
-2947.79375,1274.532857,472.4806942,5040.736667,1620.23,2886.86,2018.35,
-2947.79375,1274.532857,472.4806942,5040.736667,1620.23,2845.2,1952.27,
-2947.79375,1274.532857,472.4806942,5040.736667,1620.23,2784.07,1878.63,
-2947.79375,1274.532857,472.4806942,5040.736667,1620.23,2754.17,1856.06,
-2947.79375,1274.532857,472.4806942,5040.736667,1620.23,2754.17,1843.08,
-2947.79375,1274.532857,472.4806942,5327.9775,1712.55875,2762.8,1851.03,
-3935.005714,1614.25125,598.4171968,5327.9775,1712.55875,2834.62,2030.13,
-3716.737778,1614.25125,598.4171968,5327.9775,1712.55875,2825.96,2088.37,
-3716.737778,1614.25125,598.4171968,5363.255714,1723.9,2967.8,2249.98,
-3935.005714,1741.885556,645.7320179,5363.255714,1723.9,3062.47,2435.29,
-3935.005714,1741.885556,645.7320179,5327.9775,1712.55875,3111.58,2592.48,
-3716.737778,1614.25125,598.4171968,5040.736667,1620.23,3145.17,2849.4,
-3716.737778,1614.25125,598.4171968,5040.736667,1620.23,3115.66,2603.53,
-3716.737778,1614.25125,598.4171968,5327.9775,1712.55875,3130.72,2607.5,
-3716.737778,1741.885556,645.7320179,5327.9775,1712.55875,3185.11,2651.2,
-3716.737778,1741.885556,645.7320179,5327.9775,1712.55875,3157.99,2682.33,
-3935.005714,1741.885556,645.7320179,5363.255714,1723.9,3122.44,2703.16,
-3935.005714,1741.885556,645.7320179,5363.255714,1723.9,3083.46,2694.17,
-3935.005714,1741.885556,645.7320179,5363.255714,1723.9,3017.49,2694.22,
-3935.005714,1741.885556,645.7320179,5363.255714,1723.9,3000.82,2653.77,
-3716.737778,1741.885556,645.7320179,5363.255714,1723.9,2978.83,2668.4,
-3716.737778,1614.25125,598.4171968,5327.9775,1712.55875,2962.18,2604.49,
-2947.79375,1614.25125,598.4171968,5040.736667,1620.23,2891.38,2484.73,
-2947.79375,1274.532857,472.4806942,5040.736667,1620.23,2894.06,2258.96,
-2936.21625,1270.828571,471.1069997,5012.135556,1611.037778,2883.79,2027.47,
-2936.21625,1270.828571,471.1069997,5012.135556,1611.037778,2846.17,1965.47,
-2936.21625,1270.828571,471.1069997,5012.135556,1611.037778,2790.97,1896.37,
-2936.21625,1270.828571,471.1069997,5012.135556,1611.037778,2761.59,1875.19,
-2936.21625,1270.828571,471.1069997,5012.135556,1611.037778,2758.94,1859.32,
-2936.21625,1270.828571,471.1069997,5310.5675,1706.9625,2771.77,1870.47,
-3912.977143,1603.98375,594.610451,5310.5675,1706.9625,2836.61,2038.52,
-3697.976667,1603.98375,594.610451,5310.5675,1706.9625,2828.79,2093.17,
-3697.976667,1603.98375,594.610451,5351.13,1720.001429,2956.87,2244.81,
-3912.977143,1728.44,640.7478104,5351.13,1720.001429,3042.36,2418.68,
-3912.977143,1728.44,640.7478104,5310.5675,1706.9625,3086.7,2566.17,
-3697.976667,1603.98375,594.610451,5012.135556,1611.037778,3117.03,2802.21,
-3697.976667,1603.98375,594.610451,5012.135556,1611.037778,3090.39,2576.53,
-3697.976667,1603.98375,594.610451,5310.5675,1706.9625,3103.99,2580.26,
-3697.976667,1728.44,640.7478104,5310.5675,1706.9625,3144.33,2621.26,
-3697.976667,1728.44,640.7478104,5310.5675,1706.9625,3128.61,2650.47,
-3912.977143,1728.44,640.7478104,5351.13,1720.001429,3096.51,2670.01,
-3912.977143,1728.44,640.7478104,5351.13,1720.001429,3061.31,2661.59,
-3912.977143,1728.44,640.7478104,5351.13,1720.001429,3001.74,2661.63,
-3912.977143,1728.44,640.7478104,5351.13,1720.001429,2986.69,2623.67,
-3697.976667,1728.44,640.7478104,5351.13,1720.001429,2966.83,2637.41,
-3697.976667,1603.98375,594.610451,5310.5675,1706.9625,2951.8,2577.43,
-2936.21625,1603.98375,594.610451,5012.135556,1611.037778,2887.87,2465.07,
-2936.21625,1270.828571,471.1069997,5012.135556,1611.037778,2890.29,2253.23,
-2906.90875,1251.812857,464.0573486,5000.225556,1607.21,2874.32,1995.66,
-2906.90875,1251.812857,464.0573486,5000.225556,1607.21,2838.96,1931.06,
-2906.90875,1251.812857,464.0573486,5000.225556,1607.21,2787.08,1859.07,
-2906.90875,1251.812857,464.0573486,5000.225556,1607.21,2759.47,1837,
-2906.90875,1251.812857,464.0573486,5000.225556,1607.21,2745.77,1792.81,
-2906.90875,1251.812857,464.0573486,5296.07375,1702.30375,2769.03,1832.09,
-3906.882857,1602.1925,593.9469406,5296.07375,1702.30375,2829.98,2007.17,
-3686.57,1602.1925,593.9469406,5296.07375,1702.30375,2822.63,2064.11,
-3686.57,1602.1925,593.9469406,5335.667143,1715.03,2943.01,2222.1,
-3906.882857,1732.587778,642.2853036,5335.667143,1715.03,3023.35,2403.25,
-3906.882857,1732.587778,642.2853036,5296.07375,1702.30375,3065.03,2556.93,
-3686.57,1602.1925,593.9469406,5000.225556,1607.21,3093.53,2765.21,
-3686.57,1602.1925,593.9469406,5000.225556,1607.21,3068.49,2567.72,
-3686.57,1602.1925,593.9469406,5296.07375,1702.30375,3081.27,2571.61,
-3686.57,1732.587778,642.2853036,5296.07375,1702.30375,3105.65,2614.32,
-3686.57,1732.587778,642.2853036,5296.07375,1702.30375,3104.42,2644.76,
-3906.882857,1732.587778,642.2853036,5335.667143,1715.03,3074.24,2665.12,
-3906.882857,1732.587778,642.2853036,5335.667143,1715.03,3041.16,2656.34,
-3906.882857,1732.587778,642.2853036,5335.667143,1715.03,2985.18,2656.38,
-3906.882857,1732.587778,642.2853036,5335.667143,1715.03,2971.03,2616.84,
-3686.57,1732.587778,642.2853036,5335.667143,1715.03,2952.37,2631.14,
-3686.57,1602.1925,593.9469406,5296.07375,1702.30375,2938.24,2568.66,
-2906.90875,1602.1925,593.9469406,5000.225556,1607.21,2878.15,2451.59,
-2906.90875,1251.812857,464.0573486,5000.225556,1607.21,2880.43,2230.87,
-2920.36625,1259.38,466.8633027,5010.227778,1610.426667,2858,1974.91,
-2920.36625,1259.38,466.8633027,5010.227778,1610.426667,2820.93,1908.9,
-2920.36625,1259.38,466.8633027,5010.227778,1610.426667,2766.55,1835.35,
-2920.36625,1259.38,466.8633027,5010.227778,1610.426667,2737.6,1812.8,
-2920.36625,1259.38,466.8633027,5010.227778,1610.426667,2724.69,1742.27,
-2920.36625,1259.38,466.8633027,5305.86625,1705.45,2747.63,1807.78,
-3924.63,1612.69,597.83889,5305.86625,1705.45,2811.52,1986.66,
-3703.314444,1612.69,597.83889,5305.86625,1705.45,2803.81,2044.84,
-3703.314444,1612.69,597.83889,5343.581429,1717.572857,2930,2206.26,
-3924.63,1744.817778,646.8197311,5343.581429,1717.572857,3014.23,2391.35,
-3924.63,1744.817778,646.8197311,5305.86625,1705.45,3057.92,2548.35,
-3703.314444,1612.69,597.83889,5010.227778,1610.426667,3087.8,2726.62,
-3703.314444,1612.69,597.83889,5010.227778,1610.426667,3061.55,2559.38,
-3703.314444,1612.69,597.83889,5305.86625,1705.45,3074.95,2563.35,
-3703.314444,1744.817778,646.8197311,5305.86625,1705.45,3102.25,2607,
-3703.314444,1744.817778,646.8197311,5305.86625,1705.45,3099.21,2638.09,
-3924.63,1744.817778,646.8197311,5343.581429,1717.572857,3067.58,2658.89,
-3924.63,1744.817778,646.8197311,5343.581429,1717.572857,3032.9,2649.92,
-3924.63,1744.817778,646.8197311,5343.581429,1717.572857,2974.21,2649.97,
-3924.63,1744.817778,646.8197311,5343.581429,1717.572857,2959.38,2609.57,
-3703.314444,1744.817778,646.8197311,5343.581429,1717.572857,2939.82,2624.18,
-3703.314444,1612.69,597.83889,5305.86625,1705.45,2925,2560.34,
-2920.36625,1612.69,597.83889,5010.227778,1610.426667,2862.02,2440.73,
-2920.36625,1259.38,466.8633027,5010.227778,1610.426667,2864.41,2215.22,
-2934.32625,1276.465714,473.196706,5014.947778,1611.941111,2842.97,1967.28,
-2934.32625,1276.465714,473.196706,5014.947778,1611.941111,2804.48,1898.96,
-2934.32625,1276.465714,473.196706,5014.947778,1611.941111,2748,1822.81,
-2934.32625,1276.465714,473.196706,5014.947778,1611.941111,2717.94,1799.46,
-2934.32625,1276.465714,473.196706,5014.947778,1611.941111,2713.24,1738.17,
-2934.32625,1276.465714,473.196706,5290.0275,1700.36,2728.35,1794.27,
-3942.938571,1621.26125,601.0158139,5290.0275,1700.36,2794.7,1979.46,
-3720.451111,1621.26125,601.0158139,5290.0275,1700.36,2786.7,2039.69,
-3720.451111,1621.26125,601.0158139,5322.728571,1710.871429,2917.76,2206.79,
-3942.938571,1750.573333,648.9526433,5322.728571,1710.871429,3005.22,2398.41,
-3942.938571,1750.573333,648.9526433,5290.0275,1700.36,3050.6,2560.95,
-3720.451111,1621.26125,601.0158139,5014.947778,1611.941111,3081.63,2761.45,
-3720.451111,1621.26125,601.0158139,5014.947778,1611.941111,3054.37,2572.37,
-3720.451111,1621.26125,601.0158139,5290.0275,1700.36,3068.28,2576.48,
-3720.451111,1750.573333,648.9526433,5290.0275,1700.36,3107.17,2621.66,
-3720.451111,1750.573333,648.9526433,5290.0275,1700.36,3093.48,2653.85,
-3942.938571,1750.573333,648.9526433,5322.728571,1710.871429,3060.63,2675.39,
-3942.938571,1750.573333,648.9526433,5322.728571,1710.871429,3024.61,2666.1,
-3942.938571,1750.573333,648.9526433,5322.728571,1710.871429,2963.67,2666.14,
-3942.938571,1750.573333,648.9526433,5322.728571,1710.871429,2948.26,2624.32,
-3720.451111,1750.573333,648.9526433,5322.728571,1710.871429,2927.95,2639.45,
-3720.451111,1621.26125,601.0158139,5290.0275,1700.36,2912.56,2573.36,
-2934.32625,1621.26125,601.0158139,5014.947778,1611.941111,2847.15,2449.53,
-2934.32625,1276.465714,473.196706,5014.947778,1611.941111,2849.63,2216.08,
-2941.8975,1272.597143,471.762619,5008.476667,1609.863333,2829.71,1974.78,
-2941.8975,1272.597143,471.762619,5008.476667,1609.863333,2791.76,1905.01,
-2941.8975,1272.597143,471.762619,5008.476667,1609.863333,2736.07,1827.26,
-2941.8975,1272.597143,471.762619,5008.476667,1609.863333,2706.43,1803.42,
-2941.8975,1272.597143,471.762619,5008.476667,1609.863333,2706.4,1761.64,
-2941.8975,1272.597143,471.762619,5270.065,1693.94375,2716.7,1798.12,
-3965.495714,1612.455,597.7510261,5270.065,1693.94375,2782.12,1987.21,
-3739.555556,1612.455,597.7510261,5270.065,1693.94375,2774.23,2048.7,
-3739.555556,1612.455,597.7510261,5299.568571,1703.43,2903.44,2219.33,
-3965.495714,1739.898889,644.995518,5299.568571,1703.43,2989.67,2414.98,
-3965.495714,1739.898889,644.995518,5270.065,1693.94375,3034.41,2580.94,
-3739.555556,1612.455,597.7510261,5008.476667,1609.863333,3065.01,2813.97,
-3739.555556,1612.455,597.7510261,5008.476667,1609.863333,3038.13,2592.6,
-3739.555556,1612.455,597.7510261,5270.065,1693.94375,3051.85,2596.8,
-3739.555556,1739.898889,644.995518,5270.065,1693.94375,3095.74,2642.93,
-3739.555556,1739.898889,644.995518,5270.065,1693.94375,3076.69,2675.8,
-3965.495714,1739.898889,644.995518,5299.568571,1703.43,3044.3,2697.79,
-3965.495714,1739.898889,644.995518,5299.568571,1703.43,3008.79,2688.31,
-3965.495714,1739.898889,644.995518,5299.568571,1703.43,2948.7,2688.35,
-3965.495714,1739.898889,644.995518,5299.568571,1703.43,2933.52,2645.65,
-3739.555556,1739.898889,644.995518,5299.568571,1703.43,2913.48,2661.1,
-3739.555556,1612.455,597.7510261,5270.065,1693.94375,2898.32,2593.62,
-2941.8975,1612.455,597.7510261,5008.476667,1609.863333,2833.82,2467.18,
-2941.8975,1272.597143,471.762619,5008.476667,1609.863333,2836.27,2228.81,
-2937.67875,1267.464286,469.8599414,4990.12,1603.962222,2811.84,2003.1,
-2937.67875,1267.464286,469.8599414,4990.12,1603.962222,2774.17,1935.48,
-2937.67875,1267.464286,469.8599414,4990.12,1603.962222,2718.9,1860.12,
-2937.67875,1267.464286,469.8599414,4990.12,1603.962222,2689.92,1837.02,
-2937.67875,1267.464286,469.8599414,4990.12,1603.962222,2689.92,1814.87,
-2937.67875,1267.464286,469.8599414,5240.87875,1684.565,2699.67,1831.88,
-3967.831429,1601.64875,593.7454319,5240.87875,1684.565,2764.61,2015.15,
-3740.104444,1601.64875,593.7454319,5240.87875,1684.565,2756.77,2074.75,
-3740.104444,1601.64875,593.7454319,5268.521429,1693.445714,2885.03,2240.13,
-3967.831429,1727.276667,640.3164408,5268.521429,1693.445714,2970.63,2429.76,
-3967.831429,1727.276667,640.3164408,5240.87875,1684.565,3015.04,2590.61,
-3740.104444,1601.64875,593.7454319,4990.12,1603.962222,3045.41,2841.45,
-3740.104444,1601.64875,593.7454319,4990.12,1603.962222,3018.73,2601.91,
-3740.104444,1601.64875,593.7454319,5240.87875,1684.565,3032.35,2605.98,
-3740.104444,1727.276667,640.3164408,5240.87875,1684.565,3076.99,2650.69,
-3740.104444,1727.276667,640.3164408,5240.87875,1684.565,3057.01,2682.55,
-3967.831429,1727.276667,640.3164408,5268.521429,1693.445714,3024.86,2703.87,
-3967.831429,1727.276667,640.3164408,5268.521429,1693.445714,2989.61,2694.67,
-3967.831429,1727.276667,640.3164408,5268.521429,1693.445714,2929.96,2694.72,
-3967.831429,1727.276667,640.3164408,5268.521429,1693.445714,2914.89,2653.33,
-3740.104444,1727.276667,640.3164408,5268.521429,1693.445714,2895.01,2668.3,
-3740.104444,1601.64875,593.7454319,5240.87875,1684.565,2879.95,2602.9,
-2937.67875,1601.64875,593.7454319,4990.12,1603.962222,2815.93,2480.35,
-2937.67875,1267.464286,469.8599414,4990.12,1603.962222,2818.36,2249.31,
-2917.355,1265.212857,469.0257881,4951.981111,1591.704444,2795.86,2040.09,
-2917.355,1265.212857,469.0257881,4951.981111,1591.704444,2761.92,1977.35,
-2917.355,1265.212857,469.0257881,4951.981111,1591.704444,2712.12,1907.44,
-2917.355,1265.212857,469.0257881,4951.981111,1591.704444,2687.62,1886,
-2917.355,1265.212857,469.0257881,4951.981111,1591.704444,2687.62,1875.53,
-2917.355,1265.212857,469.0257881,5204.6275,1672.91,2694.79,1881.23,
-3953.344286,1588.695,588.9432176,5204.6275,1672.91,2753.3,2051.27,
-3723.377778,1588.695,588.9432176,5204.6275,1672.91,2746.24,2106.57,
-3723.377778,1588.695,588.9432176,5233.928571,1682.328571,2861.8,2260.01,
-3953.344286,1710.756667,634.1926624,5233.928571,1682.328571,2938.92,2435.94,
-3953.344286,1710.756667,634.1926624,5204.6275,1672.91,2978.93,2585.19,
-3723.377778,1588.695,588.9432176,4951.981111,1591.704444,3006.3,2831.62,
-3723.377778,1588.695,588.9432176,4951.981111,1591.704444,2982.26,2595.67,
-3723.377778,1588.695,588.9432176,5204.6275,1672.91,2994.53,2599.44,
-3723.377778,1710.756667,634.1926624,5204.6275,1672.91,3038.5,2640.93,
-3723.377778,1710.756667,634.1926624,5204.6275,1672.91,3016.74,2670.48,
-3953.344286,1710.756667,634.1926624,5233.928571,1682.328571,2987.78,2690.26,
-3953.344286,1710.756667,634.1926624,5233.928571,1682.328571,2956.02,2681.73,
-3953.344286,1710.756667,634.1926624,5233.928571,1682.328571,2902.28,2681.77,
-3953.344286,1710.756667,634.1926624,5233.928571,1682.328571,2888.7,2643.37,
-3723.377778,1710.756667,634.1926624,5233.928571,1682.328571,2870.78,2657.26,
-3723.377778,1588.695,588.9432176,5204.6275,1672.91,2857.22,2596.58,
-2917.355,1588.695,588.9432176,4951.981111,1591.704444,2799.54,2482.88,
-2917.355,1265.212857,469.0257881,4951.981111,1591.704444,2801.73,2268.53,
-2923.315,1251.93,464.1015204,4900.968889,1575.305556,2778.07,2066.46,
-2923.315,1251.93,464.1015204,4900.968889,1575.305556,2749.21,2009.21,
-2923.315,1251.93,464.1015204,4900.968889,1575.305556,2706.88,1945.41,
-2923.315,1251.93,464.1015204,4900.968889,1575.305556,2684.34,1925.85,
-2923.315,1251.93,464.1015204,4900.968889,1575.305556,2680.54,1913.13,
-2923.315,1251.93,464.1015204,5162.9,1659.4975,2692.15,1921.5,
-3911.067143,1576.16625,584.2983522,5162.9,1659.4975,2741.89,2076.66,
-3693.265556,1576.16625,584.2983522,5162.9,1659.4975,2735.89,2127.12,
-3693.265556,1576.16625,584.2983522,5198.067143,1670.801429,2834.12,2267.12,
-3911.067143,1696.876667,629.0470836,5198.067143,1670.801429,2899.69,2427.66,
-3911.067143,1696.876667,629.0470836,5162.9,1659.4975,2933.7,2563.84,
-3693.265556,1576.16625,584.2983522,4900.968889,1575.305556,2956.96,2784.4,
-3693.265556,1576.16625,584.2983522,4900.968889,1575.305556,2936.52,2573.41,
-3693.265556,1576.16625,584.2983522,5162.9,1659.4975,2946.95,2576.85,
-3693.265556,1696.876667,629.0470836,5162.9,1659.4975,2975.76,2614.71,
-3693.265556,1696.876667,629.0470836,5162.9,1659.4975,2965.84,2641.68,
-3911.067143,1696.876667,629.0470836,5198.067143,1670.801429,2941.22,2659.72,
-3911.067143,1696.876667,629.0470836,5198.067143,1670.801429,2914.22,2651.94,
-3911.067143,1696.876667,629.0470836,5198.067143,1670.801429,2868.54,2651.98,
-3911.067143,1696.876667,629.0470836,5198.067143,1670.801429,2856.99,2616.94,
-3693.265556,1696.876667,629.0470836,5198.067143,1670.801429,2841.76,2629.62,
-3693.265556,1576.16625,584.2983522,5162.9,1659.4975,2830.23,2574.24,
-2923.315,1576.16625,584.2983522,4900.968889,1575.305556,2781.2,2470.49,
-2923.315,1251.93,464.1015204,4900.968889,1575.305556,2783.06,2274.9,
-2920.36375,1228.574286,455.4431911,4855.466667,1560.681111,2739.38,2087.51,
-2920.36375,1228.574286,455.4431911,4855.466667,1560.681111,2704.63,2035.83,
-2920.36375,1228.574286,455.4431911,4855.466667,1560.681111,2653.65,1978.24,
-2920.36375,1228.574286,455.4431911,4855.466667,1560.681111,2626.51,1960.59,
-2920.36375,1228.574286,455.4431911,4855.466667,1560.681111,2593.12,1932.96,
-2920.36375,1228.574286,455.4431911,5126.86625,1647.915,2635.91,1956.66,
-3875.455714,1567.3925,581.0461171,5126.86625,1647.915,2695.81,2096.71,
-3666.812222,1567.3925,581.0461171,5126.86625,1647.915,2688.58,2142.27,
-3666.812222,1567.3925,581.0461171,5167.058571,1660.834286,2806.88,2268.65,
-3875.455714,1691.863333,627.1891246,5167.058571,1660.834286,2885.84,2413.57,
-3875.455714,1691.863333,627.1891246,5126.86625,1647.915,2926.79,2536.5,
-3666.812222,1567.3925,581.0461171,4855.466667,1560.681111,2954.26,2713.63,
-3666.812222,1567.3925,581.0461171,4855.466667,1560.681111,2930.2,2545.14,
-3666.812222,1567.3925,581.0461171,5126.86625,1647.915,2942.76,2548.24,
-3666.812222,1691.863333,627.1891246,5126.86625,1647.915,2954.26,2582.42,
-3666.812222,1691.863333,627.1891246,5126.86625,1647.915,2954.26,2606.76,
-3875.455714,1691.863333,627.1891246,5167.058571,1660.834286,2935.85,2623.05,
-3875.455714,1691.863333,627.1891246,5167.058571,1660.834286,2903.34,2616.02,
-3875.455714,1691.863333,627.1891246,5167.058571,1660.834286,2848.32,2616.06,
-3875.455714,1691.863333,627.1891246,5167.058571,1660.834286,2834.42,2584.43,
-3666.812222,1691.863333,627.1891246,5167.058571,1660.834286,2816.08,2595.87,
-3666.812222,1567.3925,581.0461171,5126.86625,1647.915,2802.19,2545.89,
-2920.36375,1567.3925,581.0461171,4855.466667,1560.681111,2743.15,2452.23,
-2920.36375,1228.574286,455.4431911,4855.466667,1560.681111,2745.38,2275.67,
-2901.38625,1223.428571,453.5360296,4813.315556,1547.132222,2710.84,2065.4,
-2901.38625,1223.428571,453.5360296,4813.315556,1547.132222,2670.41,2011.03,
-2901.38625,1223.428571,453.5360296,4813.315556,1547.132222,2611.08,1950.44,
-2901.38625,1223.428571,453.5360296,4813.315556,1547.132222,2579.5,1931.86,
-2901.38625,1223.428571,453.5360296,4813.315556,1547.132222,2530.2,1899.63,
-2901.38625,1223.428571,453.5360296,5114.1625,1643.8325,2590.44,1927.73,
-3914.95,1582.15125,586.517385,5114.1625,1643.8325,2660.14,2075.09,
-3695.103333,1582.15125,586.517385,5114.1625,1643.8325,2651.73,2123.02,
-3695.103333,1582.15125,586.517385,5157.747143,1657.842857,2789.39,2255.99,
-3914.95,1713.886667,635.3526279,5157.747143,1657.842857,2881.27,2408.46,
-3914.95,1713.886667,635.3526279,5114.1625,1643.8325,2928.93,2537.8,
-3695.103333,1582.15125,586.517385,4813.315556,1547.132222,2956.56,2719.85,
-3695.103333,1582.15125,586.517385,4813.315556,1547.132222,2932.89,2546.89,
-3695.103333,1582.15125,586.517385,5114.1625,1643.8325,2947.51,2550.16,
-3695.103333,1713.886667,635.3526279,5114.1625,1643.8325,2956.56,2586.11,
-3695.103333,1713.886667,635.3526279,5114.1625,1643.8325,2956.56,2611.73,
-3914.95,1713.886667,635.3526279,5157.747143,1657.842857,2939.47,2628.86,
-3914.95,1713.886667,635.3526279,5157.747143,1657.842857,2901.64,2621.47,
-3914.95,1713.886667,635.3526279,5157.747143,1657.842857,2837.62,2621.51,
-3914.95,1713.886667,635.3526279,5157.747143,1657.842857,2821.44,2588.23,
-3695.103333,1713.886667,635.3526279,5157.747143,1657.842857,2800.1,2600.27,
-3695.103333,1582.15125,586.517385,5114.1625,1643.8325,2783.94,2547.68,
-2901.38625,1582.15125,586.517385,4813.315556,1547.132222,2715.23,2449.14,
-2901.38625,1223.428571,453.5360296,4813.315556,1547.132222,2717.83,2263.38,
-2879.65875,1246.695714,462.16024,4820.264444,1549.364444,2700.43,2039.53,
-2879.65875,1246.695714,462.16024,4820.264444,1549.364444,2653.01,1981.42,
-2879.65875,1246.695714,462.16024,4820.264444,1549.364444,2583.44,1916.66,
-2879.65875,1246.695714,462.16024,4820.264444,1549.364444,2546.41,1896.81,
-2879.65875,1246.695714,462.16024,4820.264444,1549.364444,2499.75,1876.02,
-2879.65875,1246.695714,462.16024,5123.4975,1646.83375,2559.23,1892.39,
-3976.261429,1597.20375,592.0981265,5123.4975,1646.83375,2640.97,2049.88,
-3735.141111,1597.20375,592.0981265,5123.4975,1646.83375,2631.11,2101.1,
-3735.141111,1597.20375,592.0981265,5164.087143,1659.88,2792.55,2243.21,
-3976.261429,1727.193333,640.2860349,5164.087143,1659.88,2900.3,2406.17,
-3976.261429,1727.193333,640.2860349,5123.4975,1646.83375,2956.2,2544.4,
-3735.141111,1597.20375,592.0981265,4820.264444,1549.364444,2993.23,2757.55,
-3735.141111,1597.20375,592.0981265,4820.264444,1549.364444,2960.84,2554.11,
-3735.141111,1597.20375,592.0981265,5123.4975,1646.83375,2977.98,2557.6,
-3735.141111,1727.193333,640.2860349,5123.4975,1646.83375,2993.23,2596.02,
-3735.141111,1727.193333,640.2860349,5123.4975,1646.83375,2993.23,2623.4,
-3976.261429,1727.193333,640.2860349,5164.087143,1659.88,2968.55,2641.72,
-3976.261429,1727.193333,640.2860349,5164.087143,1659.88,2924.19,2633.82,
-3976.261429,1727.193333,640.2860349,5164.087143,1659.88,2849.11,2633.86,
-3976.261429,1727.193333,640.2860349,5164.087143,1659.88,2830.13,2598.29,
-3735.141111,1727.193333,640.2860349,5164.087143,1659.88,2805.11,2611.16,
-3735.141111,1597.20375,592.0981265,5123.4975,1646.83375,2786.15,2554.95,
-2879.65875,1597.20375,592.0981265,4820.264444,1549.364444,2705.58,2449.64,
-2879.65875,1246.695714,462.16024,4820.264444,1549.364444,2708.63,2251.11,
-2914.425,1261.104286,467.50264,4865.477778,1563.898889,2709.46,2033.93,
-2914.425,1261.104286,467.50264,4865.477778,1563.898889,2658.71,1976.5,
-2914.425,1261.104286,467.50264,4865.477778,1563.898889,2584.24,1912.5,
-2914.425,1261.104286,467.50264,4865.477778,1563.898889,2544.61,1892.88,
-2914.425,1261.104286,467.50264,4865.477778,1563.898889,2527.27,1883.07,
-2914.425,1261.104286,467.50264,5122.87875,1646.635,2558.34,1888.51,
-3998.897143,1615.76375,598.9781268,5122.87875,1646.635,2645.82,2044.17,
-3757.261111,1615.76375,598.9781268,5122.87875,1646.635,2635.27,2094.79,
-3757.261111,1615.76375,598.9781268,5153.927143,1656.614286,2808.05,2235.25,
-3998.897143,1750.337778,648.8660198,5153.927143,1656.614286,2923.37,2396.3,
-3998.897143,1750.337778,648.8660198,5122.87875,1646.635,2983.19,2532.92,
-3757.261111,1615.76375,598.9781268,4865.477778,1563.898889,3024.11,2758.21,
-3757.261111,1615.76375,598.9781268,4865.477778,1563.898889,2988.16,2542.52,
-3757.261111,1615.76375,598.9781268,5122.87875,1646.635,3006.51,2545.98,
-3757.261111,1750.337778,648.8660198,5122.87875,1646.635,3044.31,2583.95,
-3757.261111,1750.337778,648.8660198,5122.87875,1646.635,3039.73,2611.01,
-3998.897143,1750.337778,648.8660198,5153.927143,1656.614286,2996.42,2629.11,
-3998.897143,1750.337778,648.8660198,5153.927143,1656.614286,2948.93,2621.3,
-3998.897143,1750.337778,648.8660198,5153.927143,1656.614286,2868.58,2621.34,
-3998.897143,1750.337778,648.8660198,5153.927143,1656.614286,2848.27,2586.19,
-3757.261111,1750.337778,648.8660198,5153.927143,1656.614286,2821.48,2598.91,
-3757.261111,1615.76375,598.9781268,5122.87875,1646.635,2801.2,2543.36,
-2914.425,1615.76375,598.9781268,4865.477778,1563.898889,2714.96,2439.27,
-2914.425,1261.104286,467.50264,4865.477778,1563.898889,2718.23,2243.05,
-2938.57375,1275.838571,472.9637124,4865.606667,1563.937778,2753.96,2003.75,
-2938.57375,1275.838571,472.9637124,4865.606667,1563.937778,2717.06,1943.56,
-2938.57375,1275.838571,472.9637124,4865.606667,1563.937778,2662.92,1876.49,
-2938.57375,1275.838571,472.9637124,4865.606667,1563.937778,2638.74,1855.93,
-2938.57375,1275.838571,472.9637124,4865.606667,1563.937778,2638.74,1833.31,
-2938.57375,1275.838571,472.9637124,5137.2775,1651.26125,2644.09,1851.35,
-4014.332857,1629.88125,604.2112339,5137.2775,1651.26125,2707.69,2014.48,
-3774.137778,1629.88125,604.2112339,5137.2775,1651.26125,2700.02,2067.53,
-3774.137778,1629.88125,604.2112339,5170.625714,1661.981429,2825.64,2214.73,
-4014.332857,1764.423333,654.0873673,5170.625714,1661.981429,2909.48,2383.51,
-4014.332857,1764.423333,654.0873673,5137.2775,1651.26125,2952.98,2526.69,
-3774.137778,1629.88125,604.2112339,4865.606667,1563.937778,2982.73,2746.01,
-3774.137778,1629.88125,604.2112339,4865.606667,1563.937778,2956.59,2536.75,
-3774.137778,1629.88125,604.2112339,5137.2775,1651.26125,2969.93,2540.37,
-3774.137778,1764.423333,654.0873673,5137.2775,1651.26125,3023.46,2580.17,
-3774.137778,1764.423333,654.0873673,5137.2775,1651.26125,2994.08,2608.52,
-4014.332857,1764.423333,654.0873673,5170.625714,1661.981429,2962.59,2627.5,
-4014.332857,1764.423333,654.0873673,5170.625714,1661.981429,2928.07,2619.31,
-4014.332857,1764.423333,654.0873673,5170.625714,1661.981429,2869.65,2619.35,
-4014.332857,1764.423333,654.0873673,5170.625714,1661.981429,2854.89,2582.51,
-3774.137778,1764.423333,654.0873673,5170.625714,1661.981429,2835.41,2595.84,
-3774.137778,1629.88125,604.2112339,5137.2775,1651.26125,2820.66,2537.63,
-2938.57375,1629.88125,604.2112339,4865.606667,1563.937778,2757.96,2428.55,
-2938.57375,1275.838571,472.9637124,4865.606667,1563.937778,2760.34,2222.9,
-2940.6,1274.228571,472.3673005,4857.968889,1561.483333,2766.83,1982.08,
-2940.6,1274.228571,472.3673005,4857.968889,1561.483333,2730.75,1921.33,
-2940.6,1274.228571,472.3673005,4857.968889,1561.483333,2677.8,1853.64,
-2940.6,1274.228571,472.3673005,4857.968889,1561.483333,2654.61,1832.89,
-2940.6,1274.228571,472.3673005,4857.968889,1561.483333,2654.61,1795.52,
-2940.6,1274.228571,472.3673005,5123.90375,1646.9625,2659.38,1828.27,
-3977.308571,1626.20125,602.8471131,5123.90375,1646.9625,2721.58,1992.9,
-3745.155556,1626.20125,602.8471131,5123.90375,1646.9625,2714.08,2046.44,
-3745.155556,1626.20125,602.8471131,5154.587143,1656.828571,2836.94,2195,
-3977.308571,1759.705556,652.3390664,5154.587143,1656.828571,2918.94,2365.35,
-3977.308571,1759.705556,652.3390664,5123.90375,1646.9625,2961.48,2509.84,
-3745.155556,1626.20125,602.8471131,4857.968889,1561.483333,2990.58,2711.4,
-3745.155556,1626.20125,602.8471131,4857.968889,1561.483333,2965.02,2520,
-3745.155556,1626.20125,602.8471131,5123.90375,1646.9625,2978.06,2523.65,
-3745.155556,1759.705556,652.3390664,5123.90375,1646.9625,3031.5,2563.82,
-3745.155556,1759.705556,652.3390664,5123.90375,1646.9625,3001.68,2592.43,
-3977.308571,1759.705556,652.3390664,5154.587143,1656.828571,2970.89,2611.58,
-3977.308571,1759.705556,652.3390664,5154.587143,1656.828571,2937.12,2603.32,
-3977.308571,1759.705556,652.3390664,5154.587143,1656.828571,2879.98,2603.36,
-3977.308571,1759.705556,652.3390664,5154.587143,1656.828571,2865.54,2566.18,
-3745.155556,1759.705556,652.3390664,5154.587143,1656.828571,2846.5,2579.63,
-3745.155556,1626.20125,602.8471131,5123.90375,1646.9625,2832.07,2520.88,
-2940.6,1626.20125,602.8471131,4857.968889,1561.483333,2770.75,2410.79,
-2940.6,1274.228571,472.3673005,4857.968889,1561.483333,2773.07,2203.25,
-2931.05,1265.544286,469.1484498,4834.701111,1554.005556,2769.01,1943.04,
-2931.05,1265.544286,469.1484498,4834.701111,1554.005556,2734.18,1877.99,
-2931.05,1265.544286,469.1484498,4834.701111,1554.005556,2683.07,1805.51,
-2931.05,1265.544286,469.1484498,4834.701111,1554.005556,2657.72,1783.29,
-2931.05,1265.544286,469.1484498,4834.701111,1554.005556,2657.72,1735.2,
-2931.05,1265.544286,469.1484498,5103.74875,1640.485,2665.3,1778.34,
-3928.601429,1612.35625,597.7142766,5103.74875,1640.485,2725.33,1954.63,
-3709.295556,1612.35625,597.7142766,5103.74875,1640.485,2718.09,2011.96,
-3709.295556,1612.35625,597.7142766,5138.057143,1651.512857,2836.67,2171.03,
-3928.601429,1742.41,645.9272187,5138.057143,1651.512857,2915.81,2353.43,
-3928.601429,1742.41,645.9272187,5103.74875,1640.485,2956.87,2508.16,
-3709.295556,1612.35625,597.7142766,4834.701111,1554.005556,2984.95,2712.99,
-3709.295556,1612.35625,597.7142766,4834.701111,1554.005556,2960.28,2519.03,
-3709.295556,1612.35625,597.7142766,5103.74875,1640.485,2972.87,2522.94,
-3709.295556,1742.41,645.9272187,5103.74875,1640.485,3017.49,2565.95,
-3709.295556,1742.41,645.9272187,5103.74875,1640.485,2995.67,2596.59,
-3928.601429,1742.41,645.9272187,5138.057143,1651.512857,2965.94,2617.09,
-3928.601429,1742.41,645.9272187,5138.057143,1651.512857,2933.36,2608.25,
-3928.601429,1742.41,645.9272187,5138.057143,1651.512857,2878.21,2608.3,
-3928.601429,1742.41,645.9272187,5138.057143,1651.512857,2864.27,2568.48,
-3709.295556,1742.41,645.9272187,5138.057143,1651.512857,2845.89,2582.89,
-3709.295556,1612.35625,597.7142766,5103.74875,1640.485,2831.97,2519.97,
-2931.05,1612.35625,597.7142766,4834.701111,1554.005556,2772.78,2402.1,
-2931.05,1265.544286,469.1484498,4834.701111,1554.005556,2775.03,2179.87,
-2904.88875,1249.598571,463.2368631,4809.266667,1545.832222,2762.35,1943.33,
-2904.88875,1249.598571,463.2368631,4809.266667,1545.832222,2727.22,1880.26,
-2904.88875,1249.598571,463.2368631,4809.266667,1545.832222,2675.69,1809.97,
-2904.88875,1249.598571,463.2368631,4809.266667,1545.832222,2648.26,1788.42,
-2904.88875,1249.598571,463.2368631,4809.266667,1545.832222,2626.83,1738.84,
-2904.88875,1249.598571,463.2368631,5084.98,1634.4525,2657.76,1783.62,
-3895.157143,1599.2625,592.8603328,5084.98,1634.4525,2718.3,1954.57,
-3681.627778,1599.2625,592.8603328,5084.98,1634.4525,2711,2010.16,
-3681.627778,1599.2625,592.8603328,5124.01,1646.998571,2830.58,2164.42,
-3895.157143,1727.517778,640.4059522,5124.01,1646.998571,2910.38,2341.29,
-3895.157143,1727.517778,640.4059522,5084.98,1634.4525,2951.79,2491.33,
-3681.627778,1599.2625,592.8603328,4809.266667,1545.832222,2980.1,2685.93,
-3681.627778,1599.2625,592.8603328,4809.266667,1545.832222,2955.22,2501.87,
-3681.627778,1599.2625,592.8603328,5084.98,1634.4525,2967.92,2505.66,
-3681.627778,1727.517778,640.4059522,5084.98,1634.4525,2986.77,2547.37,
-3681.627778,1727.517778,640.4059522,5084.98,1634.4525,2986.77,2577.08,
-3895.157143,1727.517778,640.4059522,5124.01,1646.998571,2960.94,2596.96,
-3895.157143,1727.517778,640.4059522,5124.01,1646.998571,2928.08,2588.39,
-3895.157143,1727.517778,640.4059522,5124.01,1646.998571,2872.47,2588.43,
-3895.157143,1727.517778,640.4059522,5124.01,1646.998571,2858.41,2549.83,
-3681.627778,1727.517778,640.4059522,5124.01,1646.998571,2839.88,2563.79,
-3681.627778,1599.2625,592.8603328,5084.98,1634.4525,2825.84,2502.79,
-2904.88875,1599.2625,592.8603328,4809.266667,1545.832222,2766.16,2388.48,
-2904.88875,1249.598571,463.2368631,4809.266667,1545.832222,2768.42,2172.98,
637.0369993,1229.058571,-1743.394444,4787.23,1738.502222,2764.82,1960.08,
637.0369993,1229.058571,-1743.394444,4787.23,1738.502222,2728.74,1896.84,
637.0369993,1229.058571,-1743.394444,4787.23,1738.502222,2675.8,1826.37,
637.0369993,1229.058571,-1743.394444,4787.23,1738.502222,2647.62,1804.76,
637.0369993,1229.058571,-1743.394444,4787.23,1738.502222,2572.6,1743.37,
706.2422847,1229.058571,-1967.534286,5084.7725,1846.55625,2657.38,1799.96,
738.058344,1604.595,-2021.89875,5084.7725,1846.55625,2719.58,1971.35,
738.058344,1604.595,-2021.89875,5084.7725,1846.55625,2712.07,2027.09,
738.058344,1604.595,-2021.89875,5151.881429,1870.927143,2834.92,2181.75,
706.2422847,1738.644444,-1967.534286,5151.881429,1870.927143,2916.91,2359.09,
706.2422847,1738.644444,-1967.534286,5084.7725,1846.55625,2959.44,2509.52,
637.0369993,1604.595,-1743.394444,4787.23,1738.502222,2972.31,2688.74,
637.0369993,1604.595,-1743.394444,4787.23,1738.502222,2962.98,2520.09,
637.0369993,1604.595,-1743.394444,5084.7725,1846.55625,2972.31,2523.89,
637.0369993,1738.644444,-1743.394444,5084.7725,1846.55625,2972.31,2565.71,
706.2422847,1738.644444,-1967.534286,5084.7725,1846.55625,2972.31,2595.5,
706.2422847,1738.644444,-1967.534286,5151.881429,1870.927143,2968.85,2615.43,
738.058344,1738.644444,-2021.89875,5151.881429,1870.927143,2935.09,2606.83,
738.058344,1738.644444,-2021.89875,5151.881429,1870.927143,2877.96,2606.88,
738.058344,1738.644444,-2021.89875,5151.881429,1870.927143,2863.52,2568.17,
738.058344,1738.644444,-2021.89875,5151.881429,1870.927143,2844.47,2582.17,
738.058344,1604.595,-2021.89875,5084.7725,1846.55625,2830.05,2521.01,
706.2422847,1604.595,-1967.534286,4787.23,1738.502222,2768.74,2406.4,
706.2422847,1229.058571,-1967.534286,4787.23,1738.502222,2771.06,2190.34,
625.5005949,1198.112857,-1704.211111,4669.167778,1695.627778,2699.28,1933.8,
625.5005949,1198.112857,-1704.211111,4669.167778,1695.627778,2659.71,1868.84,
625.5005949,1198.112857,-1704.211111,4669.167778,1695.627778,2601.66,1796.45,
625.5005949,1198.112857,-1704.211111,4669.167778,1695.627778,2570.76,1774.26,
625.5005949,1198.112857,-1704.211111,4669.167778,1695.627778,2507.07,1715.33,
698.0321561,1198.112857,-1927.985714,4952.52,1798.53,2581.46,1769.32,
731.1860754,1571.51125,-1980.99375,4952.52,1798.53,2649.66,1945.37,
731.1860754,1571.51125,-1980.99375,4952.52,1798.53,2641.44,2002.63,
731.1860754,1571.51125,-1980.99375,5007.837143,1818.618571,2776.15,2161.49,
698.0321561,1705.734444,-1927.985714,5007.837143,1818.618571,2866.06,2343.65,
698.0321561,1705.734444,-1927.985714,4952.52,1798.53,2912.7,2498.17,
625.5005949,1571.51125,-1704.211111,4669.167778,1695.627778,2933.33,2687.88,
625.5005949,1571.51125,-1704.211111,4669.167778,1695.627778,2916.57,2509.02,
625.5005949,1571.51125,-1704.211111,4952.52,1798.53,2930.88,2512.93,
625.5005949,1705.734444,-1704.211111,4952.52,1798.53,2933.33,2555.88,
698.0321561,1705.734444,-1927.985714,4952.52,1798.53,2933.33,2586.48,
698.0321561,1705.734444,-1927.985714,5007.837143,1818.618571,2923.01,2606.96,
731.1860754,1705.734444,-1980.99375,5007.837143,1818.618571,2885.99,2598.13,
731.1860754,1705.734444,-1980.99375,5007.837143,1818.618571,2823.34,2598.17,
731.1860754,1705.734444,-1980.99375,5007.837143,1818.618571,2807.51,2558.41,
731.1860754,1705.734444,-1980.99375,5007.837143,1818.618571,2786.62,2572.8,
731.1860754,1571.51125,-1980.99375,4952.52,1798.53,2770.81,2509.97,
698.0321561,1571.51125,-1927.985714,4669.167778,1695.627778,2703.57,2392.25,
698.0321561,1198.112857,-1927.985714,4669.167778,1695.627778,2706.12,2170.31,
618.6782408,1179.684286,-1681.847778,4604.192222,1672.031111,2661.71,1920.53,
618.6782408,1179.684286,-1681.847778,4604.192222,1672.031111,2619.41,1854.04,
618.6782408,1179.684286,-1681.847778,4604.192222,1672.031111,2557.35,1779.95,
618.6782408,1179.684286,-1681.847778,4604.192222,1672.031111,2524.31,1757.23,
618.6782408,1179.684286,-1681.847778,4604.192222,1672.031111,2480.2,1706.01,
694.5889191,1179.684286,-1907.784286,4879.20625,1771.905,2535.76,1752.18,
728.8000653,1552.67625,-1957.9725,4879.20625,1771.905,2608.67,1932.38,
728.8000653,1552.67625,-1957.9725,4879.20625,1771.905,2599.87,1990.99,
728.8000653,1552.67625,-1957.9725,4925.244286,1788.621429,2743.88,2153.59,
694.5889191,1689.241111,-1907.784286,4925.244286,1788.621429,2840,2340.05,
694.5889191,1689.241111,-1907.784286,4879.20625,1771.905,2889.86,2498.21,
618.6782408,1552.67625,-1681.847778,4604.192222,1672.031111,2921.86,2704.77,
618.6782408,1552.67625,-1681.847778,4604.192222,1672.031111,2894,2509.33,
618.6782408,1552.67625,-1681.847778,4879.20625,1771.905,2909.29,2513.32,
618.6782408,1689.241111,-1681.847778,4879.20625,1771.905,2921.86,2557.29,
694.5889191,1689.241111,-1907.784286,4879.20625,1771.905,2921.86,2588.61,
694.5889191,1689.241111,-1907.784286,4925.244286,1788.621429,2900.88,2609.57,
728.8000653,1689.241111,-1957.9725,4925.244286,1788.621429,2861.31,2600.53,
728.8000653,1689.241111,-1957.9725,4925.244286,1788.621429,2794.33,2600.58,
728.8000653,1689.241111,-1957.9725,4925.244286,1788.621429,2777.41,2559.88,
728.8000653,1689.241111,-1957.9725,4925.244286,1788.621429,2755.08,2574.6,
728.8000653,1552.67625,-1957.9725,4879.20625,1771.905,2738.18,2510.29,
694.5889191,1552.67625,-1907.784286,4604.192222,1672.031111,2666.3,2389.79,
694.5889191,1179.684286,-1907.784286,4604.192222,1672.031111,2669.02,2162.62,
621.3328692,1196.072857,-1696.654444,4563.482222,1657.247778,2645.52,1933.45,
621.3328692,1196.072857,-1696.654444,4563.482222,1657.247778,2602.15,1867.92,
621.3328692,1196.072857,-1696.654444,4563.482222,1657.247778,2538.52,1794.89,
621.3328692,1196.072857,-1696.654444,4563.482222,1657.247778,2504.65,1772.5,
621.3328692,1196.072857,-1696.654444,4563.482222,1657.247778,2478.53,1733.59,
701.007445,1196.072857,-1918.312857,4846.8525,1760.1525,2516.38,1767.52,
736.6390537,1559.89625,-1965.805,4846.8525,1760.1525,2591.13,1945.13,
736.6390537,1559.89625,-1965.805,4846.8525,1760.1525,2582.12,2002.89,
736.6390537,1559.89625,-1965.805,4888.597143,1775.315714,2729.77,2163.15,
701.007445,1694.42,-1918.312857,4888.597143,1775.315714,2828.32,2346.92,
701.007445,1694.42,-1918.312857,4846.8525,1760.1525,2879.44,2502.81,
621.3328692,1559.89625,-1696.654444,4563.482222,1657.247778,2914.4,2722.15,
621.3328692,1559.89625,-1696.654444,4563.482222,1657.247778,2883.68,2513.76,
621.3328692,1559.89625,-1696.654444,4846.8525,1760.1525,2899.36,2517.7,
621.3328692,1694.42,-1696.654444,4846.8525,1760.1525,2922.85,2561.03,
701.007445,1694.42,-1918.312857,4846.8525,1760.1525,2922.85,2591.91,
701.007445,1694.42,-1918.312857,4888.597143,1775.315714,2890.74,2612.56,
736.6390537,1694.42,-1965.805,4888.597143,1775.315714,2850.16,2603.65,
736.6390537,1694.42,-1965.805,4888.597143,1775.315714,2781.5,2603.7,
736.6390537,1694.42,-1965.805,4888.597143,1775.315714,2764.14,2563.59,
736.6390537,1694.42,-1965.805,4888.597143,1775.315714,2741.25,2578.1,
736.6390537,1559.89625,-1965.805,4846.8525,1760.1525,2723.92,2514.71,
701.007445,1559.89625,-1918.312857,4563.482222,1657.247778,2650.22,2395.95,
701.007445,1196.072857,-1918.312857,4563.482222,1657.247778,2653.01,2172.06,
627.55242,1199.152857,-1709.138889,4545.626667,1650.763333,2643.15,1940.22,
627.55242,1199.152857,-1709.138889,4545.626667,1650.763333,2599.53,1873.92,
627.55242,1199.152857,-1709.138889,4545.626667,1650.763333,2535.53,1800.03,
627.55242,1199.152857,-1709.138889,4545.626667,1650.763333,2501.47,1777.37,
627.55242,1199.152857,-1709.138889,4545.626667,1650.763333,2488.1,1747.28,
710.4280005,1199.152857,-1939.514286,4834.47,1755.65875,2513.27,1772.33,
747.1787183,1576.97625,-1988.62,4834.47,1755.65875,2588.45,1952.04,
747.1787183,1576.97625,-1988.62,4834.47,1755.65875,2579.38,2010.48,
747.1787183,1576.97625,-1988.62,4874.138571,1770.064286,2727.88,2172.64,
710.4280005,1716.87,-1939.514286,4874.138571,1770.064286,2827,2358.58,
710.4280005,1716.87,-1939.514286,4834.47,1755.65875,2878.41,2516.3,
627.55242,1576.97625,-1709.138889,4545.626667,1650.763333,2913.58,2750.85,
627.55242,1576.97625,-1709.138889,4545.626667,1650.763333,2882.68,2527.39,
627.55242,1576.97625,-1709.138889,4834.47,1755.65875,2898.45,2531.37,
627.55242,1716.87,-1709.138889,4834.47,1755.65875,2932.79,2575.22,
710.4280005,1716.87,-1939.514286,4834.47,1755.65875,2927,2606.45,
710.4280005,1716.87,-1939.514286,4874.138571,1770.064286,2889.78,2627.35,
747.1787183,1716.87,-1988.62,4874.138571,1770.064286,2848.97,2618.34,
747.1787183,1716.87,-1988.62,4874.138571,1770.064286,2779.91,2618.38,
747.1787183,1716.87,-1988.62,4874.138571,1770.064286,2762.45,2577.8,
747.1787183,1716.87,-1988.62,4874.138571,1770.064286,2739.43,2592.48,
747.1787183,1576.97625,-1988.62,4834.47,1755.65875,2722,2528.35,
710.4280005,1576.97625,-1939.514286,4545.626667,1650.763333,2647.88,2408.19,
710.4280005,1199.152857,-1939.514286,4545.626667,1650.763333,2650.69,2181.65,
635.1452275,1212.204286,-1730.413333,4561.78,1656.628889,2651.17,1949.52,
635.1452275,1212.204286,-1730.413333,4561.78,1656.628889,2608.28,1883.14,
635.1452275,1212.204286,-1730.413333,4561.78,1656.628889,2545.36,1809.16,
635.1452275,1212.204286,-1730.413333,4561.78,1656.628889,2511.87,1786.48,
635.1452275,1212.204286,-1730.413333,4561.78,1656.628889,2501.1,1760.84,
722.6736412,1212.204286,-1966.494286,4853.495,1762.56625,2523.48,1781.43,
761.0244579,1598.185,-2015.82,4853.495,1762.56625,2597.39,1961.35,
761.0244579,1598.185,-2015.82,4853.495,1762.56625,2588.48,2019.86,
761.0244579,1598.185,-2015.82,4891.794286,1776.474286,2734.48,2182.21,
722.6736412,1741.855556,-1966.494286,4891.794286,1776.474286,2831.92,2368.37,
722.6736412,1741.855556,-1966.494286,4853.495,1762.56625,2882.47,2526.28,
635.1452275,1598.185,-1730.413333,4561.78,1656.628889,2917.04,2767.23,
635.1452275,1598.185,-1730.413333,4561.78,1656.628889,2886.67,2537.38,
635.1452275,1598.185,-1730.413333,4853.495,1762.56625,2902.17,2541.37,
635.1452275,1741.855556,-1730.413333,4853.495,1762.56625,2938.79,2585.27,
722.6736412,1741.855556,-1966.494286,4853.495,1762.56625,2930.24,2616.54,
722.6736412,1741.855556,-1966.494286,4891.794286,1776.474286,2893.64,2637.46,
761.0244579,1741.855556,-2015.82,4891.794286,1776.474286,2853.52,2628.44,
761.0244579,1741.855556,-2015.82,4891.794286,1776.474286,2785.62,2628.48,
761.0244579,1741.855556,-2015.82,4891.794286,1776.474286,2768.46,2587.85,
761.0244579,1741.855556,-2015.82,4891.794286,1776.474286,2745.83,2602.55,
761.0244579,1598.185,-2015.82,4853.495,1762.56625,2728.69,2538.34,
722.6736412,1598.185,-1966.494286,4561.78,1656.628889,2655.82,2418.04,
722.6736412,1212.204286,-1966.494286,4561.78,1656.628889,2658.58,2191.23,
643.1331969,1233.207143,-1758.118889,4592.068889,1667.631111,2660.18,1949.18,
643.1331969,1233.207143,-1758.118889,4592.068889,1667.631111,2617.01,1881.56,
643.1331969,1233.207143,-1758.118889,4592.068889,1667.631111,2553.66,1806.2,
643.1331969,1233.207143,-1758.118889,4592.068889,1667.631111,2519.94,1783.1,
643.1331969,1233.207143,-1758.118889,4592.068889,1667.631111,2512.23,1758.14,
736.5923049,1233.207143,-1996.95,4879.56875,1772.035,2531.62,1777.96,
777.1838655,1621.74375,-2045.2375,4879.56875,1772.035,2606.04,1961.22,
777.1838655,1621.74375,-2045.2375,4879.56875,1772.035,2597.07,2020.82,
777.1838655,1621.74375,-2045.2375,4915.078571,1784.931429,2744.06,2186.2,
736.5923049,1767.593333,-1996.95,4915.078571,1784.931429,2842.17,2375.82,
736.5923049,1767.593333,-1996.95,4879.56875,1772.035,2893.07,2536.67,
643.1331969,1621.74375,-1758.118889,4592.068889,1667.631111,2927.88,2783.67,
643.1331969,1621.74375,-1758.118889,4592.068889,1667.631111,2897.3,2547.97,
643.1331969,1621.74375,-1758.118889,4879.56875,1772.035,2912.91,2552.04,
643.1331969,1767.593333,-1758.118889,4879.56875,1772.035,2953.58,2596.75,
736.5923049,1767.593333,-1996.95,4879.56875,1772.035,2941.17,2628.6,
736.5923049,1767.593333,-1996.95,4915.078571,1784.931429,2904.32,2649.92,
777.1838655,1767.593333,-2045.2375,4915.078571,1784.931429,2863.92,2640.73,
777.1838655,1767.593333,-2045.2375,4915.078571,1784.931429,2795.56,2640.77,
777.1838655,1767.593333,-2045.2375,4915.078571,1784.931429,2778.28,2599.38,
777.1838655,1767.593333,-2045.2375,4915.078571,1784.931429,2755.49,2614.36,
777.1838655,1621.74375,-2045.2375,4879.56875,1772.035,2738.24,2548.95,
736.5923049,1621.74375,-1996.95,4592.068889,1667.631111,2664.87,2426.41,
736.5923049,1233.207143,-1996.95,4592.068889,1667.631111,2667.65,2195.38,
657.2925648,1248.948571,-1783.571111,4622.765556,1678.778889,2671.34,1946.21,
657.2925648,1248.948571,-1783.571111,4622.765556,1678.778889,2628.05,1878.67,
657.2925648,1248.948571,-1783.571111,4622.765556,1678.778889,2564.53,1803.4,
657.2925648,1248.948571,-1783.571111,4622.765556,1678.778889,2530.72,1780.32,
657.2925648,1248.948571,-1783.571111,4622.765556,1678.778889,2524.93,1756.81,
749.5308682,1248.948571,-2029.154286,4910.455,1783.25125,2542.44,1775.19,
788.8277752,1646.95375,-2077.55,4910.455,1783.25125,2617.06,1958.25,
788.8277752,1646.95375,-2077.55,4910.455,1783.25125,2608.06,2017.78,
788.8277752,1646.95375,-2077.55,4943.767143,1795.35,2755.45,2182.97,
749.5308682,1797.322222,-2029.154286,4943.767143,1795.35,2853.82,2372.38,
749.5308682,1797.322222,-2029.154286,4910.455,1783.25125,2904.85,2533.05,
657.2925648,1646.95375,-1783.571111,4622.765556,1678.778889,2939.75,2781.71,
657.2925648,1646.95375,-1783.571111,4622.765556,1678.778889,2909.09,2544.34,
657.2925648,1646.95375,-1783.571111,4910.455,1783.25125,2924.74,2548.4,
657.2925648,1797.322222,-1783.571111,4910.455,1783.25125,2967.85,2593.07,
749.5308682,1797.322222,-2029.154286,4910.455,1783.25125,2953.07,2624.89,
749.5308682,1797.322222,-2029.154286,4943.767143,1795.35,2916.13,2646.18,
788.8277752,1797.322222,-2077.55,4943.767143,1795.35,2875.62,2637,
788.8277752,1797.322222,-2077.55,4943.767143,1795.35,2807.08,2637.04,
788.8277752,1797.322222,-2077.55,4943.767143,1795.35,2789.76,2595.7,
788.8277752,1797.322222,-2077.55,4943.767143,1795.35,2766.91,2610.65,
788.8277752,1646.95375,-2077.55,4910.455,1783.25125,2749.61,2545.32,
749.5308682,1646.95375,-2029.154286,4622.765556,1678.778889,2676.04,2422.92,
749.5308682,1248.948571,-2029.154286,4622.765556,1678.778889,2678.83,2192.14,
669.8336104,1271.397143,-1810.958889,4653.045556,1689.772222,2685.05,1944.2,
669.8336104,1271.397143,-1810.958889,4653.045556,1689.772222,2642.56,1877.8,
669.8336104,1271.397143,-1810.958889,4653.045556,1689.772222,2580.21,1803.81,
669.8336104,1271.397143,-1810.958889,4653.045556,1689.772222,2547.03,1781.12,
669.8336104,1271.397143,-1810.958889,4653.045556,1689.772222,2544.06,1754.49,
761.4342824,1271.397143,-2057.1,4936.84125,1792.83375,2558.52,1776.08,
799.9284995,1668.62125,-2104.20375,4936.84125,1792.83375,2631.76,1956.03,
799.9284995,1668.62125,-2104.20375,4936.84125,1792.83375,2622.93,2014.55,
799.9284995,1668.62125,-2104.20375,4968.884286,1804.471429,2767.59,2176.94,
761.4342824,1819.773333,-2057.1,4968.884286,1804.471429,2864.14,2363.13,
761.4342824,1819.773333,-2057.1,4936.84125,1792.83375,2914.23,2521.08,
669.8336104,1668.62125,-1810.958889,4653.045556,1689.772222,2948.49,2760.72,
669.8336104,1668.62125,-1810.958889,4653.045556,1689.772222,2918.39,2532.17,
669.8336104,1668.62125,-1810.958889,4936.84125,1792.83375,2933.75,2536.17,
669.8336104,1819.773333,-1810.958889,4936.84125,1792.83375,2979.36,2580.07,
761.4342824,1819.773333,-2057.1,4936.84125,1792.83375,2961.56,2611.35,
761.4342824,1819.773333,-2057.1,4968.884286,1804.471429,2925.3,2632.28,
799.9284995,1819.773333,-2104.20375,4968.884286,1804.471429,2885.55,2623.25,
799.9284995,1819.773333,-2104.20375,4968.884286,1804.471429,2818.27,2623.3,
799.9284995,1819.773333,-2104.20375,4968.884286,1804.471429,2801.27,2582.66,
799.9284995,1819.773333,-2104.20375,4968.884286,1804.471429,2778.84,2597.36,
799.9284995,1668.62125,-2104.20375,4936.84125,1792.83375,2761.86,2533.14,
761.4342824,1668.62125,-2057.1,4653.045556,1689.772222,2689.66,2412.81,
761.4342824,1271.397143,-2057.1,4653.045556,1689.772222,2692.39,2185.95,
681.6621187,1289.238571,-1832.851111,4680.113333,1699.603333,2697.85,1930.39,
681.6621187,1289.238571,-1832.851111,4680.113333,1699.603333,2655.84,1863.47,
681.6621187,1289.238571,-1832.851111,4680.113333,1699.603333,2594.21,1788.89,
681.6621187,1289.238571,-1832.851111,4680.113333,1699.603333,2561.4,1766.02,
681.6621187,1289.238571,-1832.851111,4680.113333,1699.603333,2561.01,1730.78,
770.5305733,1289.238571,-2079.245714,4957.8675,1800.46875,2572.77,1760.93,
807.6725965,1686.21,-2125.85,4957.8675,1800.46875,2645.17,1942.31,
807.6725965,1686.21,-2125.85,4957.8675,1800.46875,2636.44,2001.3,
807.6725965,1686.21,-2125.85,4988.197143,1811.482857,2779.45,2164.97,
770.5305733,1837.687778,-2079.245714,4988.197143,1811.482857,2874.9,2352.64,
770.5305733,1837.687778,-2079.245714,4957.8675,1800.46875,2924.42,2511.84,
681.6621187,1686.21,-1832.851111,4680.113333,1699.603333,2958.29,2741.96,
681.6621187,1686.21,-1832.851111,4680.113333,1699.603333,2928.53,2523.03,
681.6621187,1686.21,-1832.851111,4957.8675,1800.46875,2943.72,2527.05,
681.6621187,1837.687778,-1832.851111,4957.8675,1800.46875,2991.87,2571.3,
770.5305733,1837.687778,-2079.245714,4957.8675,1800.46875,2971.22,2602.83,
770.5305733,1837.687778,-2079.245714,4988.197143,1811.482857,2935.37,2623.93,
807.6725965,1837.687778,-2125.85,4988.197143,1811.482857,2896.06,2614.83,
807.6725965,1837.687778,-2125.85,4988.197143,1811.482857,2829.55,2614.87,
807.6725965,1837.687778,-2125.85,4988.197143,1811.482857,2812.75,2573.91,
807.6725965,1837.687778,-2125.85,4988.197143,1811.482857,2790.57,2588.73,
807.6725965,1686.21,-2125.85,4957.8675,1800.46875,2773.79,2524,
770.5305733,1686.21,-2079.245714,4680.113333,1699.603333,2702.41,2402.72,
770.5305733,1289.238571,-2079.245714,4680.113333,1699.603333,2705.11,2174.06,
689.9949662,1307.742857,-1851.222222,4699.35,1706.587778,2711.7,1904.27,
689.9949662,1307.742857,-1851.222222,4699.35,1706.587778,2671.42,1834.46,
689.9949662,1307.742857,-1851.222222,4699.35,1706.587778,2612.32,1756.67,
689.9949662,1307.742857,-1851.222222,4699.35,1706.587778,2582.28,1732.82,
689.9949662,1307.742857,-1851.222222,4699.35,1706.587778,2582.28,1690.27,
777.2141666,1307.742857,-2092.664286,4971.63125,1805.46875,2591.76,1727.51,
814.0007495,1697.9,-2139.3,4971.63125,1805.46875,2661.19,1916.71,
814.0007495,1697.9,-2139.3,4971.63125,1805.46875,2652.81,1978.24,
814.0007495,1697.9,-2139.3,5001.684286,1816.382857,2789.95,2148.97,
777.2141666,1846.028889,-2092.664286,5001.684286,1816.382857,2881.48,2344.73,
777.2141666,1846.028889,-2092.664286,4971.63125,1805.46875,2928.96,2510.79,
689.9949662,1697.9,-1851.222222,4699.35,1706.587778,2961.44,2742.95,
689.9949662,1697.9,-1851.222222,4699.35,1706.587778,2932.91,2522.46,
689.9949662,1697.9,-1851.222222,4971.63125,1805.46875,2947.47,2526.66,
689.9949662,1846.028889,-1851.222222,4971.63125,1805.46875,2997.41,2572.82,
777.2141666,1846.028889,-2092.664286,4971.63125,1805.46875,2973.83,2605.7,
777.2141666,1846.028889,-2092.664286,5001.684286,1816.382857,2939.46,2627.71,
814.0007495,1846.028889,-2139.3,5001.684286,1816.382857,2901.77,2618.22,
814.0007495,1846.028889,-2139.3,5001.684286,1816.382857,2837.99,2618.27,
814.0007495,1846.028889,-2139.3,5001.684286,1816.382857,2821.88,2575.54,
814.0007495,1846.028889,-2139.3,5001.684286,1816.382857,2800.61,2591,
814.0007495,1697.9,-2139.3,4971.63125,1805.46875,2784.52,2523.47,
777.2141666,1697.9,-2092.664286,4699.35,1706.587778,2716.07,2396.96,
777.2141666,1307.742857,-2092.664286,4699.35,1706.587778,2718.66,2158.45,
697.0056464,1324.141429,-1864.241111,4711.652222,1711.057778,2721.44,1891.29,
697.0056464,1324.141429,-1864.241111,4711.652222,1711.057778,2681.9,1820.68,
697.0056464,1324.141429,-1864.241111,4711.652222,1711.057778,2623.9,1742,
697.0056464,1324.141429,-1864.241111,4711.652222,1711.057778,2594.41,1717.87,
697.0056464,1324.141429,-1864.241111,4711.652222,1711.057778,2594.41,1676.93,
782.0964634,1324.141429,-2097.587143,4979.66,1808.38375,2603.72,1712.5,
818.4001026,1703.22875,-2144.32875,4979.66,1808.38375,2671.86,1903.87,
818.4001026,1703.22875,-2144.32875,4979.66,1808.38375,2663.64,1966.11,
818.4001026,1703.22875,-2144.32875,5010.965714,1819.752857,2798.24,2138.79,
782.0964634,1845.864444,-2097.587143,5010.965714,1819.752857,2888.07,2336.79,
782.0964634,1845.864444,-2097.587143,4979.66,1808.38375,2934.67,2504.75,
697.0056464,1703.22875,-1864.241111,4711.652222,1711.057778,2966.55,2742.42,
697.0056464,1703.22875,-1864.241111,4711.652222,1711.057778,2938.54,2516.55,
697.0056464,1703.22875,-1864.241111,4979.66,1808.38375,2952.84,2520.8,
697.0056464,1845.864444,-1864.241111,4979.66,1808.38375,3001.84,2567.49,
782.0964634,1845.864444,-2097.587143,4979.66,1808.38375,2978.71,2600.75,
782.0964634,1845.864444,-2097.587143,5010.965714,1819.752857,2944.97,2623.01,
818.4001026,1845.864444,-2144.32875,5010.965714,1819.752857,2907.99,2613.41,
818.4001026,1845.864444,-2144.32875,5010.965714,1819.752857,2845.39,2613.46,
818.4001026,1845.864444,-2144.32875,5010.965714,1819.752857,2829.57,2570.24,
818.4001026,1845.864444,-2144.32875,5010.965714,1819.752857,2808.7,2585.87,
818.4001026,1703.22875,-2144.32875,4979.66,1808.38375,2792.91,2517.58,
782.0964634,1703.22875,-2097.587143,4711.652222,1711.057778,2725.73,2389.62,
782.0964634,1324.141429,-2097.587143,4711.652222,1711.057778,2728.27,2148.38,
700.5582384,1322.028571,-1868.367778,4705.144444,1708.691111,2727.85,1889.15,
700.5582384,1322.028571,-1868.367778,4705.144444,1708.691111,2688.4,1819.47,
700.5582384,1322.028571,-1868.367778,4705.144444,1708.691111,2630.52,1741.81,
700.5582384,1322.028571,-1868.367778,4705.144444,1708.691111,2599.72,1718,
700.5582384,1322.028571,-1868.367778,4705.144444,1708.691111,2599.02,1679.63,
787.2279291,1322.028571,-2107.518571,4982.08375,1809.26375,2610.39,1712.7,
824.5068355,1712.41,-2156.97,4982.08375,1809.26375,2678.38,1901.57,
824.5068355,1712.41,-2156.97,4982.08375,1809.26375,2670.18,1963,
824.5068355,1712.41,-2156.97,5015.942857,1821.56,2804.48,2133.43,
787.2279291,1858.11,-2107.518571,5015.942857,1821.56,2894.12,2328.85,
787.2279291,1858.11,-2107.518571,4982.08375,1809.26375,2940.61,2494.62,
700.5582384,1712.41,-1868.367778,4705.144444,1708.691111,2972.42,2731.98,
700.5582384,1712.41,-1868.367778,4705.144444,1708.691111,2944.48,2506.27,
700.5582384,1712.41,-1868.367778,4982.08375,1809.26375,2958.74,2510.46,
700.5582384,1858.11,-1868.367778,4982.08375,1809.26375,3003.56,2556.54,
787.2279291,1858.11,-2107.518571,4982.08375,1809.26375,2984.56,2589.37,
787.2279291,1858.11,-2107.518571,5015.942857,1821.56,2950.89,2611.34,
824.5068355,1858.11,-2156.97,5015.942857,1821.56,2913.99,2601.86,
824.5068355,1858.11,-2156.97,5015.942857,1821.56,2851.53,2601.91,
824.5068355,1858.11,-2156.97,5015.942857,1821.56,2835.75,2559.25,
824.5068355,1858.11,-2156.97,5015.942857,1821.56,2814.92,2574.69,
824.5068355,1712.41,-2156.97,4982.08375,1809.26375,2799.16,2507.28,
787.2279291,1712.41,-2107.518571,4705.144444,1708.691111,2732.13,2380.99,
787.2279291,1322.028571,-2107.518571,4705.144444,1708.691111,2734.67,2142.89,
702.5248822,1316.59,-1874.028889,4711.918889,1711.153333,2725.9,1885.59,
702.5248822,1316.59,-1874.028889,4711.918889,1711.153333,2682.7,1816.41,
702.5248822,1316.59,-1874.028889,4711.918889,1711.153333,2619.3,1739.31,
702.5248822,1316.59,-1874.028889,4711.918889,1711.153333,2585.55,1715.67,
702.5248822,1316.59,-1874.028889,4711.918889,1711.153333,2580.57,1680.11,
792.8290299,1316.59,-2124.851429,4996.9225,1814.6525,2597.24,1710.41,
831.7630532,1727.2175,-2177.71,4996.9225,1814.6525,2671.72,1897.92,
831.7630532,1727.2175,-2177.71,4996.9225,1814.6525,2662.74,1958.9,
831.7630532,1727.2175,-2177.71,5031.73,1827.292857,2809.85,2128.11,
792.8290299,1879.715556,-2124.851429,5031.73,1827.292857,2908.03,2322.12,
792.8290299,1879.715556,-2124.851429,4996.9225,1814.6525,2958.96,2486.7,
702.5248822,1727.2175,-1874.028889,4711.918889,1711.153333,2993.8,2725.78,
702.5248822,1727.2175,-1874.028889,4711.918889,1711.153333,2963.19,2498.27,
702.5248822,1727.2175,-1874.028889,4996.9225,1814.6525,2978.81,2502.43,
702.5248822,1879.715556,-1874.028889,4996.9225,1814.6525,3022.81,2548.17,
792.8290299,1879.715556,-2124.851429,4996.9225,1814.6525,3007.1,2580.77,
792.8290299,1879.715556,-2124.851429,5031.73,1827.292857,2970.22,2602.58,
831.7630532,1879.715556,-2177.71,5031.73,1827.292857,2929.79,2593.17,
831.7630532,1879.715556,-2177.71,5031.73,1827.292857,2861.38,2593.22,
831.7630532,1879.715556,-2177.71,5031.73,1827.292857,2844.09,2550.87,
831.7630532,1879.715556,-2177.71,5031.73,1827.292857,2821.28,2566.19,
831.7630532,1727.2175,-2177.71,4996.9225,1814.6525,2804.02,2499.27,
792.8290299,1727.2175,-2124.851429,4711.918889,1711.153333,2730.59,2373.89,
792.8290299,1316.59,-2124.851429,4711.918889,1711.153333,2733.37,2137.5,
704.9537581,1326.884286,-1890.198889,4729.66,1717.592222,2728.13,1873.44,
704.9537581,1326.884286,-1890.198889,4729.66,1717.592222,2683.19,1803.14,
704.9537581,1326.884286,-1890.198889,4729.66,1717.592222,2617.24,1724.8,
704.9537581,1326.884286,-1890.198889,4729.66,1717.592222,2582.15,1700.78,
704.9537581,1326.884286,-1890.198889,4729.66,1717.592222,2576.07,1664.07,
798.343803,1326.884286,-2145.001429,5010.42,1819.55375,2594.3,1695.43,
838.5474162,1742.915,-2197.775,5010.42,1819.55375,2671.77,1885.97,
838.5474162,1742.915,-2197.775,5010.42,1819.55375,2662.43,1947.94,
838.5474162,1742.915,-2197.775,5043.054286,1831.404286,2815.44,2119.87,
798.343803,1898.126667,-2145.001429,5043.054286,1831.404286,2917.56,2317.01,
798.343803,1898.126667,-2145.001429,5010.42,1819.55375,2970.53,2484.25,
704.9537581,1742.915,-1890.198889,4729.66,1717.592222,3006.77,2726.4,
704.9537581,1742.915,-1890.198889,4729.66,1717.592222,2974.93,2496,
704.9537581,1742.915,-1890.198889,5010.42,1819.55375,2991.18,2500.22,
704.9537581,1898.126667,-1890.198889,5010.42,1819.55375,3035.86,2546.71,
798.343803,1898.126667,-2145.001429,5010.42,1819.55375,3020.6,2579.83,
798.343803,1898.126667,-2145.001429,5043.054286,1831.404286,2982.24,2601.99,
838.5474162,1898.126667,-2197.775,5043.054286,1831.404286,2940.2,2592.43,
838.5474162,1898.126667,-2197.775,5043.054286,1831.404286,2869.04,2592.48,
838.5474162,1898.126667,-2197.775,5043.054286,1831.404286,2851.06,2549.45,
838.5474162,1898.126667,-2197.775,5043.054286,1831.404286,2827.33,2565.01,
838.5474162,1742.915,-2197.775,5010.42,1819.55375,2809.37,2497.02,
798.343803,1742.915,-2145.001429,4729.66,1717.592222,2733,2369.61,
798.343803,1326.884286,-2145.001429,4729.66,1717.592222,2735.9,2129.42,
709.7830889,1342.212857,-1910.28,4746.02,1723.537778,2737.72,1870.01,
709.7830889,1342.212857,-1910.28,4746.02,1723.537778,2694.54,1800.22,
709.7830889,1342.212857,-1910.28,4746.02,1723.537778,2631.19,1722.44,
709.7830889,1342.212857,-1910.28,4746.02,1723.537778,2597.47,1698.6,
709.7830889,1342.212857,-1910.28,4746.02,1723.537778,2592.51,1659.44,
802.8601092,1342.212857,-2167.675714,5021.16625,1823.45875,2609.15,1693.29,
842.7673404,1759.51625,-2218.52125,5021.16625,1823.45875,2683.57,1882.44,
842.7673404,1759.51625,-2218.52125,5021.16625,1823.45875,2674.6,1943.95,
842.7673404,1759.51625,-2218.52125,5052.63,1834.884286,2821.6,2114.63,
802.8601092,1917.078889,-2167.675714,5052.63,1834.884286,2919.71,2310.34,
802.8601092,1917.078889,-2167.675714,5021.16625,1823.45875,2970.61,2476.35,
709.7830889,1759.51625,-1910.28,4746.02,1723.537778,3005.42,2713.04,
709.7830889,1759.51625,-1910.28,4746.02,1723.537778,2974.84,2488.02,
709.7830889,1759.51625,-1910.28,5021.16625,1823.45875,2990.45,2492.21,
709.7830889,1917.078889,-1910.28,5021.16625,1823.45875,3034.44,2538.36,
802.8601092,1917.078889,-2167.675714,5021.16625,1823.45875,3018.71,2571.24,
802.8601092,1917.078889,-2167.675714,5052.63,1834.884286,2981.86,2593.23,
842.7673404,1917.078889,-2218.52125,5052.63,1834.884286,2941.46,2583.75,
842.7673404,1917.078889,-2218.52125,5052.63,1834.884286,2873.1,2583.79,
842.7673404,1917.078889,-2218.52125,5052.63,1834.884286,2855.82,2541.08,
842.7673404,1917.078889,-2218.52125,5052.63,1834.884286,2833.03,2556.53,
842.7673404,1759.51625,-2218.52125,5021.16625,1823.45875,2815.77,2489.03,
802.8601092,1759.51625,-2167.675714,4746.02,1723.537778,2742.4,2362.55,
802.8601092,1342.212857,-2167.675714,4746.02,1723.537778,2745.18,2124.11,
715.9772222,1365.234286,-1932.548889,4754.436667,1726.593333,2746.1,1861.21,
715.9772222,1365.234286,-1932.548889,4754.436667,1726.593333,2703.93,1790.76,
715.9772222,1365.234286,-1932.548889,4754.436667,1726.593333,2642.06,1712.24,
715.9772222,1365.234286,-1932.548889,4754.436667,1726.593333,2609.13,1688.17,
715.9772222,1365.234286,-1932.548889,4754.436667,1726.593333,2607.09,1648.33,
806.1877602,1365.234286,-2184.291429,5031.195,1827.09875,2620.54,1682.81,
844.7434118,1772.57875,-2233.36375,5031.195,1827.09875,2693.22,1873.77,
844.7434118,1772.57875,-2233.36375,5031.195,1827.09875,2684.46,1935.87,
844.7434118,1772.57875,-2233.36375,5062.968571,1838.635714,2828.03,2108.18,
806.1877602,1926.884444,-2184.291429,5062.968571,1838.635714,2923.85,2305.76,
806.1877602,1926.884444,-2184.291429,5031.195,1827.09875,2973.55,2473.37,
715.9772222,1772.57875,-1932.548889,4754.436667,1726.593333,3007.55,2711.91,
715.9772222,1772.57875,-1932.548889,4754.436667,1726.593333,2977.68,2485.14,
715.9772222,1772.57875,-1932.548889,5031.195,1827.09875,2992.93,2489.38,
715.9772222,1926.884444,-1932.548889,5031.195,1827.09875,3039.27,2535.97,
806.1877602,1926.884444,-2184.291429,5031.195,1827.09875,3020.53,2569.16,
806.1877602,1926.884444,-2184.291429,5062.968571,1838.635714,2984.54,2591.37,
844.7434118,1926.884444,-2233.36375,5062.968571,1838.635714,2945.09,2581.79,
844.7434118,1926.884444,-2233.36375,5062.968571,1838.635714,2878.32,2581.84,
844.7434118,1926.884444,-2233.36375,5062.968571,1838.635714,2861.45,2538.71,
844.7434118,1926.884444,-2233.36375,5062.968571,1838.635714,2839.19,2554.31,
844.7434118,1772.57875,-2233.36375,5031.195,1827.09875,2822.34,2486.17,
806.1877602,1772.57875,-2184.291429,4754.436667,1726.593333,2750.68,2358.48,
806.1877602,1365.234286,-2184.291429,4754.436667,1726.593333,2753.39,2117.75,
719.4138004,1384.73,-1950.746667,4740.561111,1721.554444,2747.98,1847,
719.4138004,1384.73,-1950.746667,4740.561111,1721.554444,2703.76,1774.65,
719.4138004,1384.73,-1950.746667,4740.561111,1721.554444,2638.87,1694.04,
719.4138004,1384.73,-1950.746667,4740.561111,1721.554444,2604.33,1669.32,
719.4138004,1384.73,-1950.746667,4740.561111,1721.554444,2602.87,1629.77,
809.2227665,1384.73,-2196.538571,5020.5075,1823.2175,2616.3,1663.82,
847.8758744,1782.82,-2244.7625,5020.5075,1823.2175,2692.53,1859.88,
847.8758744,1782.82,-2244.7625,5020.5075,1823.2175,2683.33,1923.65,
847.8758744,1782.82,-2244.7625,5052.671429,1834.897143,2833.9,2100.57,
809.2227665,1933.382222,-2196.538571,5052.671429,1834.897143,2934.39,2303.44,
809.2227665,1933.382222,-2196.538571,5020.5075,1823.2175,2986.52,2475.53,
719.4138004,1782.82,-1950.746667,4740.561111,1721.554444,3022.17,2722.3,
719.4138004,1782.82,-1950.746667,4740.561111,1721.554444,2990.85,2487.62,
719.4138004,1782.82,-1950.746667,5020.5075,1823.2175,3006.84,2491.97,
719.4138004,1933.382222,-1950.746667,5020.5075,1823.2175,3056.26,2539.8,
809.2227665,1933.382222,-2196.538571,5020.5075,1823.2175,3035.78,2573.89,
809.2227665,1933.382222,-2196.538571,5052.671429,1834.897143,2998.04,2596.69,
847.8758744,1933.382222,-2244.7625,5052.671429,1834.897143,2956.66,2586.85,
847.8758744,1933.382222,-2244.7625,5052.671429,1834.897143,2886.64,2586.9,
847.8758744,1933.382222,-2244.7625,5052.671429,1834.897143,2868.95,2542.62,
847.8758744,1933.382222,-2244.7625,5052.671429,1834.897143,2845.6,2558.64,
847.8758744,1782.82,-2244.7625,5020.5075,1823.2175,2827.93,2488.67,
809.2227665,1782.82,-2196.538571,4740.561111,1721.554444,2752.78,2357.57,
809.2227665,1384.73,-2196.538571,4740.561111,1721.554444,2755.63,2110.4,
718.8814665,1395.024286,-1962.662222,4725.395556,1716.048889,2754.01,1840.08,
718.8814665,1395.024286,-1962.662222,4725.395556,1716.048889,2710.51,1767.18,
718.8814665,1395.024286,-1962.662222,4725.395556,1716.048889,2646.69,1685.93,
718.8814665,1395.024286,-1962.662222,4725.395556,1716.048889,2612.81,1661.03,
718.8814665,1395.024286,-1962.662222,4725.395556,1716.048889,2612.81,1623.16,
807.6857599,1395.024286,-2207.018571,5005.595,1817.8025,2624.49,1655.48,
845.9535357,1792.25125,-2256.18125,5005.595,1817.8025,2699.47,1853.07,
845.9535357,1792.25125,-2256.18125,5005.595,1817.8025,2690.42,1917.33,
845.9535357,1792.25125,-2256.18125,5038.885714,1829.892857,2838.51,2095.62,
807.6857599,1941.548889,-2207.018571,5038.885714,1829.892857,2937.35,2300.06,
807.6857599,1941.548889,-2207.018571,5005.595,1817.8025,2988.62,2473.49,
718.8814665,1792.25125,-1962.662222,4725.395556,1716.048889,3023.69,2724.87,
718.8814665,1792.25125,-1962.662222,4725.395556,1716.048889,2992.88,2485.67,
718.8814665,1792.25125,-1962.662222,5005.595,1817.8025,3008.6,2490.05,
718.8814665,1941.548889,-1962.662222,5005.595,1817.8025,3059.16,2538.26,
807.6857599,1941.548889,-2207.018571,5005.595,1817.8025,3037.07,2572.6,
807.6857599,1941.548889,-2207.018571,5038.885714,1829.892857,2999.95,2595.58,
845.9535357,1941.548889,-2256.18125,5038.885714,1829.892857,2959.26,2585.67,
845.9535357,1941.548889,-2256.18125,5038.885714,1829.892857,2890.39,2585.72,
845.9535357,1941.548889,-2256.18125,5038.885714,1829.892857,2872.98,2541.1,
845.9535357,1941.548889,-2256.18125,5038.885714,1829.892857,2850.03,2557.24,
845.9535357,1792.25125,-2256.18125,5005.595,1817.8025,2832.64,2486.73,
807.6857599,1792.25125,-2207.018571,4725.395556,1716.048889,2758.73,2354.61,
807.6857599,1395.024286,-2207.018571,4725.395556,1716.048889,2761.53,2105.53,
719.4952561,1384.832857,-1952.733333,4709.271111,1710.192222,2756.74,1847.88,
719.4952561,1384.832857,-1952.733333,4709.271111,1710.192222,2714.55,1777.31,
719.4952561,1384.832857,-1952.733333,4709.271111,1710.192222,2652.64,1698.66,
719.4952561,1384.832857,-1952.733333,4709.271111,1710.192222,2619.69,1674.55,
719.4952561,1384.832857,-1952.733333,4709.271111,1710.192222,2618.39,1639.8,
808.745007,1384.832857,-2199.521429,4991.11875,1812.54625,2631.1,1669.18,
847.2119172,1786.35,-2249.45,4991.11875,1812.54625,2703.83,1860.45,
847.2119172,1786.35,-2249.45,4991.11875,1812.54625,2695.06,1922.66,
847.2119172,1786.35,-2249.45,5026.042857,1825.227143,2838.71,2095.25,
808.745007,1937.048889,-2199.521429,5026.042857,1825.227143,2934.58,2293.15,
808.745007,1937.048889,-2199.521429,4991.11875,1812.54625,2984.31,2461.03,
719.4952561,1786.35,-1952.733333,4709.271111,1710.192222,3018.33,2706.97,
719.4952561,1786.35,-1952.733333,4709.271111,1710.192222,2988.44,2472.82,
719.4952561,1786.35,-1952.733333,4991.11875,1812.54625,3003.7,2477.07,
719.4952561,1937.048889,-1952.733333,4991.11875,1812.54625,3050.97,2523.73,
808.745007,1937.048889,-2199.521429,4991.11875,1812.54625,3031.31,2556.98,
808.745007,1937.048889,-2199.521429,5026.042857,1825.227143,2995.31,2579.22,
847.2119172,1937.048889,-2249.45,5026.042857,1825.227143,2955.83,2569.63,
847.2119172,1937.048889,-2249.45,5026.042857,1825.227143,2889.03,2569.68,
847.2119172,1937.048889,-2249.45,5026.042857,1825.227143,2872.15,2526.48,
847.2119172,1937.048889,-2249.45,5026.042857,1825.227143,2849.88,2542.11,
847.2119172,1786.35,-2249.45,4991.11875,1812.54625,2833.01,2473.85,
808.745007,1786.35,-2199.521429,4709.271111,1710.192222,2761.32,2345.95,
808.745007,1384.832857,-2199.521429,4709.271111,1710.192222,2764.03,2104.83,
717.4946151,1384.335714,-1959.284444,4692.87,1704.235556,2748.49,1848.62,
717.4946151,1384.335714,-1959.284444,4692.87,1704.235556,2703.94,1779.27,
717.4946151,1384.335714,-1959.284444,4692.87,1704.235556,2638.57,1702,
717.4946151,1384.335714,-1959.284444,4692.87,1704.235556,2603.78,1678.3,
717.4946151,1384.335714,-1959.284444,4692.87,1704.235556,2599.28,1645.56,
808.4117823,1384.335714,-2212.587143,4983.13375,1809.645,2615.83,1673.03,
847.6540872,1797.71125,-2264.8775,4983.13375,1809.645,2692.63,1860.97,
847.6540872,1797.71125,-2264.8775,4983.13375,1809.645,2683.37,1922.09,
847.6540872,1797.71125,-2264.8775,5019.397143,1822.814286,2835.04,2091.68,
808.4117823,1952.062222,-2212.587143,5019.397143,1822.814286,2936.28,2286.14,
808.4117823,1952.062222,-2212.587143,4983.13375,1809.645,2988.79,2451.1,
717.4946151,1797.71125,-1959.284444,4692.87,1704.235556,3024.71,2694.68,
717.4946151,1797.71125,-1959.284444,4692.87,1704.235556,2993.15,2462.69,
717.4946151,1797.71125,-1959.284444,4983.13375,1809.645,3009.26,2466.86,
717.4946151,1952.062222,-1959.284444,4983.13375,1809.645,3055.39,2512.71,
808.4117823,1952.062222,-2212.587143,4983.13375,1809.645,3038.42,2545.38,
808.4117823,1952.062222,-2212.587143,5019.397143,1822.814286,3000.4,2567.24,
847.6540872,1952.062222,-2264.8775,5019.397143,1822.814286,2958.72,2557.81,
847.6540872,1952.062222,-2264.8775,5019.397143,1822.814286,2888.18,2557.86,
847.6540872,1952.062222,-2264.8775,5019.397143,1822.814286,2870.35,2515.41,
847.6540872,1952.062222,-2264.8775,5019.397143,1822.814286,2846.84,2530.77,
847.6540872,1797.71125,-2264.8775,4983.13375,1809.645,2829.03,2463.7,
808.4117823,1797.71125,-2212.587143,4692.87,1704.235556,2753.33,2338.03,
808.4117823,1384.335714,-2212.587143,4692.87,1704.235556,2756.19,2101.1,
720.4361898,1391.898571,-1971.081111,4697.513333,1705.922222,2739.06,1840.91,
720.4361898,1391.898571,-1971.081111,4697.513333,1705.922222,2691.53,1771.47,
720.4361898,1391.898571,-1971.081111,4697.513333,1705.922222,2621.79,1694.09,
720.4361898,1391.898571,-1971.081111,4697.513333,1705.922222,2584.68,1670.37,
720.4361898,1391.898571,-1971.081111,4697.513333,1705.922222,2576.85,1636.29,
811.6384442,1391.898571,-2227.17,4999.185,1815.475,2597.53,1665.09,
850.9574144,1809.1425,-2279.4725,4999.185,1815.475,2679.46,1853.28,
850.9574144,1809.1425,-2279.4725,4999.185,1815.475,2669.58,1914.49,
850.9574144,1809.1425,-2279.4725,5036.601429,1829.064286,2831.4,2084.3,
811.6384442,1965.365556,-2227.17,5036.601429,1829.064286,2939.4,2279.02,
811.6384442,1965.365556,-2227.17,4999.185,1815.475,2995.42,2444.2,
720.4361898,1809.1425,-1971.081111,4697.513333,1705.922222,3033.74,2686.34,
720.4361898,1809.1425,-1971.081111,4697.513333,1705.922222,3000.08,2455.8,
720.4361898,1809.1425,-1971.081111,4999.185,1815.475,3017.26,2459.98,
720.4361898,1965.365556,-1971.081111,4999.185,1815.475,3062.82,2505.89,
811.6384442,1965.365556,-2227.17,4999.185,1815.475,3048.37,2538.6,
811.6384442,1965.365556,-2227.17,5036.601429,1829.064286,3007.81,2560.49,
850.9574144,1965.365556,-2279.4725,5036.601429,1829.064286,2963.34,2551.05,
850.9574144,1965.365556,-2279.4725,5036.601429,1829.064286,2888.09,2551.1,
850.9574144,1965.365556,-2279.4725,5036.601429,1829.064286,2869.07,2508.6,
850.9574144,1965.365556,-2279.4725,5036.601429,1829.064286,2843.98,2523.97,
850.9574144,1809.1425,-2279.4725,4999.185,1815.475,2824.98,2456.81,
811.6384442,1809.1425,-2227.17,4697.513333,1705.922222,2744.22,2330.97,
811.6384442,1391.898571,-2227.17,4697.513333,1705.922222,2747.28,2093.73,
722.8587641,1410.118571,-1988.675556,4713.756667,1711.817778,2740.28,1829.02,
722.8587641,1410.118571,-1988.675556,4713.756667,1711.817778,2693.57,1758.83,
722.8587641,1410.118571,-1988.675556,4713.756667,1711.817778,2625.03,1680.63,
722.8587641,1410.118571,-1988.675556,4713.756667,1711.817778,2588.55,1656.65,
722.8587641,1410.118571,-1988.675556,4713.756667,1711.817778,2582.05,1617.26,
814.9319896,1410.118571,-2240.687143,5014.2525,1820.94625,2601.19,1651.31,
854.6518569,1819.20875,-2290.9,5014.2525,1820.94625,2681.7,1841.52,
854.6518569,1819.20875,-2290.9,5014.2525,1820.94625,2671.99,1903.38,
854.6518569,1819.20875,-2290.9,5050.885714,1834.25,2831.02,2075.02,
814.9319896,1973.343333,-2240.687143,5050.885714,1834.25,2937.16,2271.82,
814.9319896,1973.343333,-2240.687143,5014.2525,1820.94625,2992.22,2438.77,
722.8587641,1819.20875,-1988.675556,4713.756667,1711.817778,3029.88,2676.78,
722.8587641,1819.20875,-1988.675556,4713.756667,1711.817778,2996.79,2450.5,
722.8587641,1819.20875,-1988.675556,5014.2525,1820.94625,3013.68,2454.72,
722.8587641,1973.343333,-1988.675556,5014.2525,1820.94625,3059.89,2501.12,
814.9319896,1973.343333,-2240.687143,5014.2525,1820.94625,3044.25,2534.19,
814.9319896,1973.343333,-2240.687143,5050.885714,1834.25,3004.39,2556.31,
854.6518569,1973.343333,-2290.9,5050.885714,1834.25,2960.69,2546.77,
854.6518569,1973.343333,-2290.9,5050.885714,1834.25,2886.73,2546.81,
854.6518569,1973.343333,-2290.9,5050.885714,1834.25,2868.04,2503.86,
854.6518569,1973.343333,-2290.9,5050.885714,1834.25,2843.39,2519.4,
854.6518569,1819.20875,-2290.9,5014.2525,1820.94625,2824.72,2451.52,
814.9319896,1819.20875,-2240.687143,4713.756667,1711.817778,2745.34,2324.33,
814.9319896,1410.118571,-2240.687143,4713.756667,1711.817778,2748.35,2084.55,
723.6241852,1426.39,-2004.38,4730.243333,1717.808889,2743.67,1816.77,
723.6241852,1426.39,-2004.38,4730.243333,1717.808889,2697,1745.58,
723.6241852,1426.39,-2004.38,4730.243333,1717.808889,2628.52,1666.24,
723.6241852,1426.39,-2004.38,4730.243333,1717.808889,2592.07,1641.92,
723.6241852,1426.39,-2004.38,4730.243333,1717.808889,2586.38,1597.73,
816.216596,1426.39,-2251.651429,5030.99625,1827.02625,2604.7,1636.51,
856.1777864,1828.735,-2301.70875,5030.99625,1827.02625,2685.14,1829.45,
856.1777864,1828.735,-2301.70875,5030.99625,1827.02625,2675.44,1892.2,
856.1777864,1828.735,-2301.70875,5068.007143,1840.468571,2834.33,2066.31,
816.216596,1979.721111,-2251.651429,5068.007143,1840.468571,2940.38,2265.94,
816.216596,1979.721111,-2251.651429,5030.99625,1827.02625,2995.39,2435.29,
723.6241852,1828.735,-2004.38,4730.243333,1717.808889,3033.02,2670.96,
723.6241852,1828.735,-2004.38,4730.243333,1717.808889,2999.96,2447.19,
723.6241852,1828.735,-2004.38,5030.99625,1827.02625,3016.84,2451.47,
723.6241852,1979.721111,-2004.38,5030.99625,1827.02625,3063.98,2498.54,
816.216596,1979.721111,-2251.651429,5030.99625,1827.02625,3047.38,2532.08,
816.216596,1979.721111,-2251.651429,5068.007143,1840.468571,3007.56,2554.52,
856.1777864,1979.721111,-2301.70875,5068.007143,1840.468571,2963.89,2544.84,
856.1777864,1979.721111,-2301.70875,5068.007143,1840.468571,2890,2544.89,
856.1777864,1979.721111,-2301.70875,5068.007143,1840.468571,2871.32,2501.32,
856.1777864,1979.721111,-2301.70875,5068.007143,1840.468571,2846.69,2517.08,
856.1777864,1828.735,-2301.70875,5030.99625,1827.02625,2828.04,2448.22,
816.216596,1828.735,-2251.651429,4730.243333,1717.808889,2748.73,2319.21,
816.216596,1426.39,-2251.651429,4730.243333,1717.808889,2751.73,2075.98,
725.5957632,1436.991429,-2017.413333,4741.6,1721.93,2749.69,1822.2,
725.5957632,1436.991429,-2017.413333,4741.6,1721.93,2704.3,1752.86,
725.5957632,1436.991429,-2017.413333,4741.6,1721.93,2637.7,1675.6,
725.5957632,1436.991429,-2017.413333,4741.6,1721.93,2602.26,1651.92,
725.5957632,1436.991429,-2017.413333,4741.6,1721.93,2597.54,1610.53,
817.435594,1436.991429,-2264.441429,5053.77375,1835.29875,2614.54,1646.64,
857.0603561,1839.42625,-2314.85,5053.77375,1835.29875,2692.77,1834.55,
857.0603561,1839.42625,-2314.85,5053.77375,1835.29875,2683.34,1895.66,
857.0603561,1839.42625,-2314.85,5093.115714,1849.587143,2837.87,2065.22,
817.435594,1990.137778,-2264.441429,5093.115714,1849.587143,2941.01,2259.64,
817.435594,1990.137778,-2264.441429,5053.77375,1835.29875,2994.51,2424.56,
725.5957632,1839.42625,-2017.413333,4741.6,1721.93,3031.11,2656.33,
725.5957632,1839.42625,-2017.413333,4741.6,1721.93,2998.96,2436.15,
725.5957632,1839.42625,-2017.413333,5053.77375,1835.29875,3015.37,2440.32,
725.5957632,1990.137778,-2017.413333,5053.77375,1835.29875,3062.21,2486.16,
817.435594,1990.137778,-2264.441429,5053.77375,1835.29875,3045.08,2518.83,
817.435594,1990.137778,-2264.441429,5093.115714,1849.587143,3006.34,2540.68,
857.0603561,1990.137778,-2314.85,5093.115714,1849.587143,2963.87,2531.26,
857.0603561,1990.137778,-2314.85,5093.115714,1849.587143,2892,2531.3,
857.0603561,1990.137778,-2314.85,5093.115714,1849.587143,2873.84,2488.86,
857.0603561,1990.137778,-2314.85,5093.115714,1849.587143,2849.89,2504.22,
857.0603561,1839.42625,-2314.85,5053.77375,1835.29875,2831.75,2437.16,
817.435594,1839.42625,-2264.441429,4741.6,1721.93,2754.62,2311.51,
817.435594,1436.991429,-2264.441429,4741.6,1721.93,2757.54,2074.63,
725.5743671,1442.315714,-2028.481111,4768.887778,1731.842222,2755.35,1840.41,
725.5743671,1442.315714,-2028.481111,4768.887778,1731.842222,2711.17,1774.02,
725.5743671,1442.315714,-2028.481111,4768.887778,1731.842222,2646.34,1700.03,
725.5743671,1442.315714,-2028.481111,4768.887778,1731.842222,2611.84,1677.34,
725.5743671,1442.315714,-2028.481111,4768.887778,1731.842222,2610.3,1642.91,
819.2361259,1442.315714,-2279.942857,5075.565,1843.21125,2623.79,1672.29,
859.8133368,1852.0775,-2331.3475,5075.565,1843.21125,2699.95,1852.24,
859.8133368,1852.0775,-2331.3475,5075.565,1843.21125,2690.76,1910.77,
859.8133368,1852.0775,-2331.3475,5114.061429,1857.192857,2841.18,2073.14,
819.2361259,2005.464444,-2279.942857,5114.061429,1857.192857,2941.57,2259.34,
819.2361259,2005.464444,-2279.942857,5075.565,1843.21125,2993.65,2417.28,
725.5743671,1852.0775,-2028.481111,4768.887778,1731.842222,3029.27,2646.31,
725.5743671,1852.0775,-2028.481111,4768.887778,1731.842222,2997.97,2428.37,
725.5743671,1852.0775,-2028.481111,5075.565,1843.21125,3013.94,2432.37,
725.5743671,2005.464444,-2028.481111,5075.565,1843.21125,3063.23,2476.27,
819.2361259,2005.464444,-2279.942857,5075.565,1843.21125,3042.86,2507.55,
819.2361259,2005.464444,-2279.942857,5114.061429,1857.192857,3005.16,2528.48,
859.8133368,2005.464444,-2331.3475,5114.061429,1857.192857,2963.82,2519.45,
859.8133368,2005.464444,-2331.3475,5114.061429,1857.192857,2893.87,2519.49,
859.8133368,2005.464444,-2331.3475,5114.061429,1857.192857,2876.19,2478.85,
859.8133368,2005.464444,-2331.3475,5114.061429,1857.192857,2852.87,2493.56,
859.8133368,1852.0775,-2331.3475,5075.565,1843.21125,2835.22,2429.34,
819.2361259,1852.0775,-2279.942857,4768.887778,1731.842222,2760.14,2309.01,
819.2361259,1442.315714,-2279.942857,4768.887778,1731.842222,2762.99,2082.16,
725.5447096,1439.98,-2036.398889,4788.781111,1739.064444,2752.26,1851.17,
725.5447096,1439.98,-2036.398889,4788.781111,1739.064444,2708.16,1786.08,
725.5447096,1439.98,-2036.398889,4788.781111,1739.064444,2643.45,1713.54,
725.5447096,1439.98,-2036.398889,4788.781111,1739.064444,2609.01,1691.3,
725.5447096,1439.98,-2036.398889,4788.781111,1739.064444,2605.65,1653.74,
823.585541,1439.98,-2298.44,5107.62,1854.85375,2620.94,1686.35,
866.1746447,1867.23125,-2352.21,5107.62,1854.85375,2696.96,1862.77,
866.1746447,1867.23125,-2352.21,5107.62,1854.85375,2687.79,1920.15,
866.1746447,1867.23125,-2352.21,5147.208571,1869.23,2837.95,2079.35,
823.585541,2027.008889,-2298.44,5147.208571,1869.23,2938.16,2261.89,
823.585541,2027.008889,-2298.44,5107.62,1854.85375,2990.15,2416.74,
725.5447096,1867.23125,-2036.398889,4788.781111,1739.064444,3025.71,2636.11,
725.5447096,1867.23125,-2036.398889,4788.781111,1739.064444,2994.47,2427.62,
725.5447096,1867.23125,-2036.398889,5107.62,1854.85375,3010.41,2431.53,
725.5447096,2027.008889,-2036.398889,5107.62,1854.85375,3057.4,2474.58,
823.585541,2027.008889,-2298.44,5107.62,1854.85375,3039.28,2505.24,
823.585541,2027.008889,-2298.44,5147.208571,1869.23,3001.64,2525.76,
866.1746447,2027.008889,-2352.21,5147.208571,1869.23,2960.38,2516.91,
866.1746447,2027.008889,-2352.21,5147.208571,1869.23,2890.55,2516.96,
866.1746447,2027.008889,-2352.21,5147.208571,1869.23,2872.9,2477.11,
866.1746447,2027.008889,-2352.21,5147.208571,1869.23,2849.62,2491.53,
866.1746447,1867.23125,-2352.21,5107.62,1854.85375,2832,2428.57,
823.585541,1867.23125,-2298.44,4788.781111,1739.064444,2757.05,2310.59,
823.585541,1439.98,-2298.44,4788.781111,1739.064444,2759.89,2088.19,
728.1295425,1445.75,-2048.978889,4815.766667,1748.864444,2747.53,1849.12,
728.1295425,1445.75,-2048.978889,4815.766667,1748.864444,2702.7,1782.51,
728.1295425,1445.75,-2048.978889,4815.766667,1748.864444,2636.92,1708.29,
728.1295425,1445.75,-2048.978889,4815.766667,1748.864444,2601.91,1685.54,
728.1295425,1445.75,-2048.978889,4815.766667,1748.864444,2592.92,1645.52,
827.8630964,1445.75,-2316.72,5140.47375,1866.78625,2614.04,1680.47,
870.9000435,1881.7175,-2371.18,5140.47375,1866.78625,2691.32,1860.98,
870.9000435,1881.7175,-2371.18,5140.47375,1866.78625,2682,1919.69,
870.9000435,1881.7175,-2371.18,5179.247143,1880.865714,2834.63,2082.58,
827.8630964,2045.118889,-2316.72,5179.247143,1880.865714,2936.5,2269.35,
827.8630964,2045.118889,-2316.72,5140.47375,1866.78625,2989.35,2427.79,
728.1295425,1881.7175,-2048.978889,4815.766667,1748.864444,3025.5,2650.08,
728.1295425,1881.7175,-2048.978889,4815.766667,1748.864444,2993.74,2438.92,
728.1295425,1881.7175,-2048.978889,5140.47375,1866.78625,3009.95,2442.93,
728.1295425,2045.118889,-2048.978889,5140.47375,1866.78625,3050.98,2486.97,
827.8630964,2045.118889,-2316.72,5140.47375,1866.78625,3039.29,2518.34,
827.8630964,2045.118889,-2316.72,5179.247143,1880.865714,3001.03,2539.34,
870.9000435,2045.118889,-2371.18,5179.247143,1880.865714,2959.09,2530.28,
870.9000435,2045.118889,-2371.18,5179.247143,1880.865714,2888.1,2530.33,
870.9000435,2045.118889,-2371.18,5179.247143,1880.865714,2870.16,2489.56,
870.9000435,2045.118889,-2371.18,5179.247143,1880.865714,2846.5,2504.31,
870.9000435,1881.7175,-2371.18,5140.47375,1866.78625,2828.58,2439.89,
827.8630964,1881.7175,-2316.72,4815.766667,1748.864444,2752.4,2319.18,
827.8630964,1445.75,-2316.72,4815.766667,1748.864444,2755.29,2091.63,
733.9642734,1460.484286,-2065.896667,4853.274444,1762.487778,2747.31,1838.26,
733.9642734,1460.484286,-2065.896667,4853.274444,1762.487778,2700.46,1767.99,
733.9642734,1460.484286,-2065.896667,4853.274444,1762.487778,2631.72,1689.69,
733.9642734,1460.484286,-2065.896667,4853.274444,1762.487778,2595.13,1665.68,
733.9642734,1460.484286,-2065.896667,4853.274444,1762.487778,2586.85,1624.4,
830.776195,1460.484286,-2332.881429,5165.53125,1875.8825,2607.8,1660.34,
872.4099457,1894.27125,-2386.4025,5165.53125,1875.8825,2688.56,1850.78,
872.4099457,1894.27125,-2386.4025,5165.53125,1875.8825,2678.82,1912.71,
872.4099457,1894.27125,-2386.4025,5200.408571,1888.548571,2838.34,2084.55,
830.776195,2057.462222,-2332.881429,5200.408571,1888.548571,2944.8,2281.6,
830.776195,2057.462222,-2332.881429,5165.53125,1875.8825,3000.03,2448.74,
733.9642734,1894.27125,-2065.896667,4853.274444,1762.487778,3037.81,2684.52,
733.9642734,1894.27125,-2065.896667,4853.274444,1762.487778,3004.62,2460.49,
733.9642734,1894.27125,-2065.896667,5165.53125,1875.8825,3021.56,2464.71,
733.9642734,2057.462222,-2065.896667,5165.53125,1875.8825,3065.79,2511.17,
830.776195,2057.462222,-2332.881429,5165.53125,1875.8825,3052.22,2544.28,
830.776195,2057.462222,-2332.881429,5200.408571,1888.548571,3012.24,2566.42,
872.4099457,2057.462222,-2386.4025,5200.408571,1888.548571,2968.4,2556.87,
872.4099457,2057.462222,-2386.4025,5200.408571,1888.548571,2894.22,2556.92,
872.4099457,2057.462222,-2386.4025,5200.408571,1888.548571,2875.47,2513.91,
872.4099457,2057.462222,-2386.4025,5200.408571,1888.548571,2850.74,2529.47,
872.4099457,1894.27125,-2386.4025,5165.53125,1875.8825,2832.02,2461.51,
830.776195,1894.27125,-2332.881429,4853.274444,1762.487778,2752.4,2334.17,
830.776195,1460.484286,-2332.881429,4853.274444,1762.487778,2755.42,2094.1,
737.9706573,1480.081429,-2084.143333,4879.026667,1771.84,2754.25,1837.38,
737.9706573,1480.081429,-2084.143333,4879.026667,1771.84,2708.57,1765.13,
737.9706573,1480.081429,-2084.143333,4879.026667,1771.84,2641.55,1684.61,
737.9706573,1480.081429,-2084.143333,4879.026667,1771.84,2605.87,1659.93,
737.9706573,1480.081429,-2084.143333,4879.026667,1771.84,2603.41,1627.85,
832.1321027,1480.081429,-2345.718571,5184.0225,1882.59875,2618.23,1654.43,
872.794704,1904.1925,-2397.42125,5184.0225,1882.59875,2696.97,1850.25,
872.794704,1904.1925,-2397.42125,5184.0225,1882.59875,2687.48,1913.94,
872.794704,1904.1925,-2397.42125,5217.781429,1894.86,2843,2090.64,
832.1321027,2064.302222,-2345.718571,5217.781429,1894.86,2946.8,2293.25,
832.1321027,2064.302222,-2345.718571,5184.0225,1882.59875,3000.64,2465.13,
737.9706573,1904.1925,-2084.143333,4879.026667,1771.84,3037.47,2721.69,
737.9706573,1904.1925,-2084.143333,4879.026667,1771.84,3005.12,2477.2,
737.9706573,1904.1925,-2084.143333,5184.0225,1882.59875,3021.63,2481.54,
737.9706573,2064.302222,-2084.143333,5184.0225,1882.59875,3071.53,2529.32,
832.1321027,2064.302222,-2345.718571,5184.0225,1882.59875,3051.53,2563.36,
832.1321027,2064.302222,-2345.718571,5217.781429,1894.86,3012.55,2586.13,
872.794704,2064.302222,-2397.42125,5217.781429,1894.86,2969.81,2576.31,
872.794704,2064.302222,-2397.42125,5217.781429,1894.86,2897.48,2576.36,
872.794704,2064.302222,-2397.42125,5217.781429,1894.86,2879.2,2532.13,
872.794704,2064.302222,-2397.42125,5217.781429,1894.86,2855.09,2548.13,
872.794704,1904.1925,-2397.42125,5184.0225,1882.59875,2836.84,2478.25,
832.1321027,1904.1925,-2345.718571,4879.026667,1771.84,2759.21,2347.31,
832.1321027,1480.081429,-2345.718571,4879.026667,1771.84,2762.15,2100.45,
737.5455,1497.514286,-2098.657778,4898.826667,1779.028889,2761.83,1849.08,
737.5455,1497.514286,-2098.657778,4898.826667,1779.028889,2717.95,1777.69,
737.5455,1497.514286,-2098.657778,4898.826667,1779.028889,2653.58,1698.13,
737.5455,1497.514286,-2098.657778,4898.826667,1779.028889,2619.31,1673.74,
737.5455,1497.514286,-2098.657778,4898.826667,1779.028889,2617.89,1646.37,
829.9554614,1497.514286,-2352.62,5192.73125,1885.7625,2631.18,1668.31,
869.8350908,1910.7775,-2404.0575,5192.73125,1885.7625,2706.81,1861.8,
869.8350908,1910.7775,-2404.0575,5192.73125,1885.7625,2697.69,1924.73,
869.8350908,1910.7775,-2404.0575,5226.564286,1898.048571,2847.07,2099.33,
829.9554614,2065.84,-2352.62,5226.564286,1898.048571,2946.77,2299.54,
829.9554614,2065.84,-2352.62,5192.73125,1885.7625,2998.49,2469.37,
737.5455,1910.7775,-2098.657778,4898.826667,1779.028889,3033.87,2728.77,
737.5455,1910.7775,-2098.657778,4898.826667,1779.028889,3002.79,2481.3,
737.5455,1910.7775,-2098.657778,5192.73125,1885.7625,3018.65,2485.59,
737.5455,2065.84,-2098.657778,5192.73125,1885.7625,3067.73,2532.8,
829.9554614,2065.84,-2352.62,5192.73125,1885.7625,3047.37,2566.43,
829.9554614,2065.84,-2352.62,5226.564286,1898.048571,3009.93,2588.94,
869.8350908,2065.84,-2404.0575,5226.564286,1898.048571,2968.87,2579.23,
869.8350908,2065.84,-2404.0575,5226.564286,1898.048571,2899.4,2579.28,
869.8350908,2065.84,-2404.0575,5226.564286,1898.048571,2881.85,2535.58,
869.8350908,2065.84,-2404.0575,5226.564286,1898.048571,2858.69,2551.39,
869.8350908,1910.7775,-2404.0575,5192.73125,1885.7625,2841.15,2482.34,
829.9554614,1910.7775,-2352.62,4898.826667,1779.028889,2766.59,2352.95,
829.9554614,1497.514286,-2352.62,4898.826667,1779.028889,2769.42,2109.03,
779.2876134,1498.601429,-2120.796667,4943.88,1797.193333,2762.74,1769.18,
779.2876134,1498.601429,-2120.796667,4943.88,1797.193333,2722.39,1699.5,
779.2876134,1498.601429,-2120.796667,4943.88,1797.193333,2663.17,1621.84,
779.2876134,1498.601429,-2120.796667,4943.88,1797.193333,2658.07,1607.8,
779.2876134,1498.601429,-2120.796667,4943.88,1797.193333,2658.07,1607.8,
875.189845,1498.601429,-2376.965714,5180.24625,1883.12125,2658.07,1607.8,
917.4144788,1910.3475,-2428.13,5180.24625,1883.12125,2712.14,1781.6,
917.4144788,1910.3475,-2428.13,5180.24625,1883.12125,2703.75,1843.02,
917.4144788,1910.3475,-2428.13,5183.711429,1884.377143,2841.15,2013.44,
875.189845,2065.385556,-2376.965714,5183.711429,1884.377143,2932.85,2208.86,
875.189845,2065.385556,-2376.965714,5180.24625,1883.12125,2980.42,2374.62,
779.2876134,1910.3475,-2120.796667,4943.88,1797.193333,3012.95,2707.98,
779.2876134,1910.3475,-2120.796667,4943.88,1797.193333,2984.37,2386.27,
779.2876134,1910.3475,-2120.796667,5180.24625,1883.12125,2998.96,2390.46,
779.2876134,2065.385556,-2120.796667,5180.24625,1883.12125,3123.87,2436.54,
875.189845,2065.385556,-2376.965714,5180.24625,1883.12125,3025.37,2469.36,
875.189845,2065.385556,-2376.965714,5183.711429,1884.377143,2990.93,2491.33,
917.4144788,2065.385556,-2428.13,5183.711429,1884.377143,2953.17,2481.86,
917.4144788,2065.385556,-2428.13,5183.711429,1884.377143,2889.28,2481.9,
917.4144788,2065.385556,-2428.13,5183.711429,1884.377143,2873.13,2439.25,
917.4144788,2065.385556,-2428.13,5183.711429,1884.377143,2851.83,2454.68,
917.4144788,1910.3475,-2428.13,5180.24625,1883.12125,2835.7,2387.28,
875.189845,1910.3475,-2376.965714,4943.88,1797.193333,2767.12,2260.99,
875.189845,1498.601429,-2376.965714,4943.88,1797.193333,2769.72,2022.91,
772.8956427,1490.862857,-2110.827778,5105.454444,1855.928889,2829.37,1855.15,
772.8956427,1490.862857,-2110.827778,5105.454444,1855.928889,2785.03,1783.33,
772.8956427,1490.862857,-2110.827778,5105.454444,1855.928889,2719.97,1703.3,
772.8956427,1490.862857,-2110.827778,5105.454444,1855.928889,2701.14,1679.6,
772.8956427,1490.862857,-2110.827778,5105.454444,1855.928889,2701.14,1679.6,
869.6781383,1490.862857,-2365.7,5342.77875,1942.20375,2701.14,1679.6,
912.3274118,1902.51875,-2418.2775,5342.77875,1942.20375,2773.77,1867.95,
912.3274118,1902.51875,-2418.2775,5342.77875,1942.20375,2764.55,1931.25,
912.3274118,1902.51875,-2418.2775,5356.158571,1947.065714,2915.51,2106.89,
869.6781383,2056.252222,-2365.7,5356.158571,1947.065714,3016.27,2308.3,
869.6781383,2056.252222,-2365.7,5342.77875,1942.20375,3068.54,2479.14,
772.8956427,1902.51875,-2110.827778,5105.454444,1855.928889,3104.29,2787.49,
772.8956427,1902.51875,-2110.827778,5105.454444,1855.928889,3072.88,2491.14,
772.8956427,1902.51875,-2110.827778,5342.77875,1942.20375,3088.91,2495.46,
772.8956427,2056.252222,-2110.827778,5342.77875,1942.20375,3181.19,2542.95,
869.6781383,2056.252222,-2365.7,5342.77875,1942.20375,3117.93,2576.79,
869.6781383,2056.252222,-2365.7,5356.158571,1947.065714,3080.09,2599.42,
912.3274118,2056.252222,-2418.2775,5356.158571,1947.065714,3038.61,2589.66,
912.3274118,2056.252222,-2418.2775,5356.158571,1947.065714,2968.4,2589.71,
912.3274118,2056.252222,-2418.2775,5356.158571,1947.065714,2950.66,2545.75,
912.3274118,2056.252222,-2418.2775,5356.158571,1947.065714,2927.25,2561.65,
912.3274118,1902.51875,-2418.2775,5342.77875,1942.20375,2909.53,2492.19,
869.6781383,1902.51875,-2365.7,5105.454444,1855.928889,2834.18,2362.03,
869.6781383,1490.862857,-2365.7,5105.454444,1855.928889,2837.04,2116.65,
767.3480817,1494.398571,-2119.992222,5197.486667,1889.385556,2873.65,1924.09,
767.3480817,1494.398571,-2119.992222,5197.486667,1889.385556,2825.53,1851.83,
767.3480817,1494.398571,-2119.992222,5197.486667,1889.385556,2754.91,1771.3,
767.3480817,1494.398571,-2119.992222,5197.486667,1889.385556,2721.47,1746.61,
767.3480817,1494.398571,-2119.992222,5197.486667,1889.385556,2721.47,1736.94,
866.4491998,1494.398571,-2379.265714,5463.32875,1986.02625,2730.34,1741.12,
909.8085882,1913.83625,-2433.31625,5463.32875,1986.02625,2813.3,1936.96,
909.8085882,1913.83625,-2433.31625,5463.32875,1986.02625,2803.3,2000.66,
909.8085882,1913.83625,-2433.31625,5487.617143,1994.852857,2967.16,2177.38,
866.4491998,2070.051111,-2379.265714,5487.617143,1994.852857,3076.52,2380.02,
866.4491998,2070.051111,-2379.265714,5463.32875,1986.02625,3133.26,2551.91,
767.3480817,1913.83625,-2119.992222,5197.486667,1889.385556,3172.06,2839,
767.3480817,1913.83625,-2119.992222,5197.486667,1889.385556,3137.97,2563.99,
767.3480817,1913.83625,-2119.992222,5463.32875,1986.02625,3155.37,2568.33,
767.3480817,2070.051111,-2119.992222,5463.32875,1986.02625,3220.79,2616.12,
866.4491998,2070.051111,-2379.265714,5463.32875,1986.02625,3186.88,2650.16,
866.4491998,2070.051111,-2379.265714,5487.617143,1994.852857,3145.8,2672.93,
909.8085882,2070.051111,-2433.31625,5487.617143,1994.852857,3100.77,2663.11,
909.8085882,2070.051111,-2433.31625,5487.617143,1994.852857,3024.56,2663.16,
909.8085882,2070.051111,-2433.31625,5487.617143,1994.852857,3005.31,2618.93,
909.8085882,2070.051111,-2433.31625,5487.617143,1994.852857,2979.9,2634.93,
909.8085882,1913.83625,-2433.31625,5463.32875,1986.02625,2960.67,2565.04,
866.4491998,1913.83625,-2379.265714,5197.486667,1889.385556,2878.88,2434.08,
866.4491998,1494.398571,-2379.265714,5197.486667,1889.385556,2881.98,2187.19,
769.2741258,1497.935714,-2130.372222,5253.06,1909.584444,2900.31,1967.21,
769.2741258,1497.935714,-2130.372222,5253.06,1909.584444,2845.65,1893.01,
769.2741258,1497.935714,-2130.372222,5253.06,1909.584444,2765.45,1810.31,
769.2741258,1497.935714,-2130.372222,5253.06,1909.584444,2722.76,1784.96,
769.2741258,1497.935714,-2130.372222,5253.06,1909.584444,2715.34,1761.62,
870.9092505,1497.935714,-2396.125714,5553.505,2018.805,2737.55,1779.31,
915.0680542,1926.67125,-2450.5325,5553.505,2018.805,2831.77,1980.43,
915.0680542,1926.67125,-2450.5325,5553.505,2018.805,2820.4,2045.84,
915.0680542,1926.67125,-2450.5325,5586.934286,2030.957143,3006.5,2227.33,
870.9092505,2087.097778,-2396.125714,5586.934286,2030.957143,3130.7,2435.42,
870.9092505,2087.097778,-2396.125714,5553.505,2018.805,3195.13,2611.95,
769.2741258,1926.67125,-2130.372222,5253.06,1909.584444,3239.2,2888.53,
769.2741258,1926.67125,-2130.372222,5253.06,1909.584444,3200.49,2624.35,
769.2741258,1926.67125,-2130.372222,5553.505,2018.805,3220.25,2628.81,
769.2741258,2087.097778,-2130.372222,5553.505,2018.805,3274.56,2677.88,
870.9092505,2087.097778,-2396.125714,5553.505,2018.805,3256.02,2712.84,
870.9092505,2087.097778,-2396.125714,5586.934286,2030.957143,3209.38,2736.23,
915.0680542,2087.097778,-2450.5325,5586.934286,2030.957143,3158.24,2726.14,
915.0680542,2087.097778,-2450.5325,5586.934286,2030.957143,3071.69,2726.19,
915.0680542,2087.097778,-2450.5325,5586.934286,2030.957143,3049.82,2680.77,
915.0680542,2087.097778,-2450.5325,5586.934286,2030.957143,3020.97,2697.2,
915.0680542,1926.67125,-2450.5325,5553.505,2018.805,2999.12,2625.43,
870.9092505,1926.67125,-2396.125714,5253.06,1909.584444,2906.24,2490.94,
870.9092505,1497.935714,-2396.125714,5253.06,1909.584444,2909.76,2237.41,
773.5426908,1507.481429,-2143.658889,5314.321111,1931.855556,2928.06,1999.46,
773.5426908,1507.481429,-2143.658889,5314.321111,1931.855556,2870.68,1923.58,
773.5426908,1507.481429,-2143.658889,5314.321111,1931.855556,2786.48,1839.01,
773.5426908,1507.481429,-2143.658889,5314.321111,1931.855556,2741.66,1813.08,
773.5426908,1507.481429,-2143.658889,5314.321111,1931.855556,2729.78,1782.22,
875.2598263,1507.481429,-2411.35,5610.23,2039.425,2757.19,1807.31,
919.0506788,1938.22625,-2465.21625,5610.23,2039.425,2856.1,2012.98,
919.0506788,1938.22625,-2465.21625,5610.23,2039.425,2844.17,2079.87,
919.0506788,1938.22625,-2465.21625,5643.782857,2051.621429,3039.55,2265.45,
875.2598263,2100.112222,-2411.35,5643.782857,2051.621429,3169.95,2478.26,
875.2598263,2100.112222,-2411.35,5610.23,2039.425,3237.6,2658.77,
773.5426908,1938.22625,-2143.658889,5314.321111,1931.855556,3283.87,2932.08,
773.5426908,1938.22625,-2143.658889,5314.321111,1931.855556,3243.22,2671.45,
773.5426908,1938.22625,-2143.658889,5610.23,2039.425,3263.96,2676.02,
773.5426908,2100.112222,-2143.658889,5610.23,2039.425,3316.03,2726.2,
875.2598263,2100.112222,-2411.35,5610.23,2039.425,3301.53,2761.94,
875.2598263,2100.112222,-2411.35,5643.782857,2051.621429,3252.55,2785.86,
919.0506788,2100.112222,-2465.21625,5643.782857,2051.621429,3198.86,2775.55,
919.0506788,2100.112222,-2465.21625,5643.782857,2051.621429,3108,2775.6,
919.0506788,2100.112222,-2465.21625,5643.782857,2051.621429,3085.03,2729.15,
919.0506788,2100.112222,-2465.21625,5643.782857,2051.621429,3054.74,2745.96,
919.0506788,1938.22625,-2465.21625,5610.23,2039.425,3031.81,2672.56,
875.2598263,1938.22625,-2411.35,5314.321111,1931.855556,2934.29,2535.03,
875.2598263,1507.481429,-2411.35,5314.321111,1931.855556,2937.99,2275.76,
778.5125346,1525.287143,-2159.804444,5360.254444,1948.554444,2952.69,2031.67,
778.5125346,1525.287143,-2159.804444,5360.254444,1948.554444,2893.51,1955.88,
778.5125346,1525.287143,-2159.804444,5360.254444,1948.554444,2806.66,1871.42,
778.5125346,1525.287143,-2159.804444,5360.254444,1948.554444,2760.44,1845.52,
778.5125346,1525.287143,-2159.804444,5360.254444,1948.554444,2756.03,1814.34,
878.654109,1525.287143,-2421.222857,5645.19625,2052.13625,2776.45,1839.76,
921.7224521,1946.6225,-2474.4025,5645.19625,2052.13625,2878.47,2045.18,
921.7224521,1946.6225,-2474.4025,5645.19625,2052.13625,2866.17,2111.98,
921.7224521,1946.6225,-2474.4025,5678.802857,2064.354286,3067.68,2297.35,
878.654109,2104.535556,-2421.222857,5678.802857,2064.354286,3202.18,2509.89,
878.654109,2104.535556,-2421.222857,5645.19625,2052.13625,3271.95,2690.19,
778.5125346,1946.6225,-2159.804444,5360.254444,1948.554444,3319.67,2962.7,
778.5125346,1946.6225,-2159.804444,5360.254444,1948.554444,3277.75,2702.86,
778.5125346,1946.6225,-2159.804444,5645.19625,2052.13625,3299.14,2707.42,
778.5125346,2104.535556,-2159.804444,5645.19625,2052.13625,3362.33,2757.53,
878.654109,2104.535556,-2421.222857,5645.19625,2052.13625,3337.89,2793.24,
878.654109,2104.535556,-2421.222857,5678.802857,2064.354286,3287.37,2817.13,
921.7224521,2104.535556,-2474.4025,5678.802857,2064.354286,3231.99,2806.83,
921.7224521,2104.535556,-2474.4025,5678.802857,2064.354286,3138.28,2806.88,
921.7224521,2104.535556,-2474.4025,5678.802857,2064.354286,3114.59,2760.49,
921.7224521,2104.535556,-2474.4025,5678.802857,2064.354286,3083.35,2777.27,
921.7224521,1946.6225,-2474.4025,5645.19625,2052.13625,3059.7,2703.96,
878.654109,1946.6225,-2421.222857,5360.254444,1948.554444,2959.12,2566.6,
878.654109,1525.287143,-2421.222857,5360.254444,1948.554444,2962.93,2307.64,
781.4921547,1527.294286,-2161.936667,5380.287778,1955.835556,2972.08,2054.04,
781.4921547,1527.294286,-2161.936667,5380.287778,1955.835556,2911.83,1978.11,
781.4921547,1527.294286,-2161.936667,5380.287778,1955.835556,2823.43,1893.51,
781.4921547,1527.294286,-2161.936667,5380.287778,1955.835556,2776.39,1867.57,
781.4921547,1527.294286,-2161.936667,5380.287778,1955.835556,2771.82,1836.23,
880.8831661,1527.294286,-2422.807143,5669.97,2061.1425,2792.68,1861.79,
923.8075678,1948.1425,-2476.21,5669.97,2061.1425,2896.53,2067.56,
923.8075678,1948.1425,-2476.21,5669.97,2061.1425,2884.01,2134.48,
923.8075678,1948.1425,-2476.21,5707.042857,2074.62,3089.12,2320.16,
880.8831661,2105.62,-2422.807143,5707.042857,2074.62,3226.01,2533.07,
880.8831661,2105.62,-2422.807143,5669.97,2061.1425,3297.03,2713.67,
781.4921547,1948.1425,-2161.936667,5380.287778,1955.835556,3345.6,2986.49,
781.4921547,1948.1425,-2161.936667,5380.287778,1955.835556,3302.93,2726.36,
781.4921547,1948.1425,-2161.936667,5669.97,2061.1425,3324.71,2730.92,
781.4921547,2105.62,-2161.936667,5669.97,2061.1425,3388.93,2781.12,
880.8831661,2105.62,-2422.807143,5669.97,2061.1425,3364.14,2816.89,
880.8831661,2105.62,-2422.807143,5707.042857,2074.62,3312.73,2840.82,
923.8075678,2105.62,-2476.21,5707.042857,2074.62,3256.36,2830.5,
923.8075678,2105.62,-2476.21,5707.042857,2074.62,3160.97,2830.55,
923.8075678,2105.62,-2476.21,5707.042857,2074.62,3136.87,2784.08,
923.8075678,2105.62,-2476.21,5707.042857,2074.62,3105.07,2800.89,
923.8075678,1948.1425,-2476.21,5669.97,2061.1425,3080.99,2727.46,
880.8831661,1948.1425,-2422.807143,5380.287778,1955.835556,2978.61,2589.87,
880.8831661,1527.294286,-2422.807143,5380.287778,1955.835556,2982.49,2330.47,
778.8048978,1515.194286,-2151.587778,5394.51,1961.005556,2987.66,2059.983478,
778.8048978,1515.194286,-2151.587778,5394.51,1961.005556,2928.02,1982.333478,
778.8048978,1515.194286,-2151.587778,5394.51,1961.005556,2840.5,1895.803478,
778.8048978,1515.194286,-2151.587778,5394.51,1961.005556,2793.92,1869.273478,
778.8048978,1515.194286,-2151.587778,5394.51,1961.005556,2783.94,1832.393478,
877.3640773,1515.194286,-2417.071429,5687.05625,2067.3525,2810.06,1863.373478,
919.917784,1943.56375,-2471.48,5687.05625,2067.3525,2912.87,2073.813478,
919.917784,1943.56375,-2471.48,5687.05625,2067.3525,2900.47,2142.253478,
919.917784,1943.56375,-2471.48,5725.908571,2081.477143,3103.53,2332.153478,
877.3640773,2103.808889,-2417.071429,5725.908571,2081.477143,3239.06,2549.893478,
877.3640773,2103.808889,-2417.071429,5687.05625,2067.3525,3309.36,2734.603478,
778.8048978,1943.56375,-2151.587778,5394.51,1961.005556,3357.45,3000,
778.8048978,1943.56375,-2151.587778,5394.51,1961.005556,3315.21,2747.573478,
778.8048978,1943.56375,-2151.587778,5687.05625,2067.3525,3336.77,2752.243478,
778.8048978,2103.808889,-2151.587778,5687.05625,2067.3525,3393.75,2803.593478,
877.3640773,2103.808889,-2417.071429,5687.05625,2067.3525,3375.81,2840.173478,
877.3640773,2103.808889,-2417.071429,5725.908571,2081.477143,3324.91,2864.643478,
919.917784,2103.808889,-2471.48,5725.908571,2081.477143,3269.1,2854.093478,
919.917784,2103.808889,-2471.48,5725.908571,2081.477143,3174.67,2854.143478,
919.917784,2103.808889,-2471.48,5725.908571,2081.477143,3150.8,2806.613478,
919.917784,2103.808889,-2471.48,5725.908571,2081.477143,3119.32,2823.813478,
919.917784,1943.56375,-2471.48,5687.05625,2067.3525,3095.48,2748.703478,
877.3640773,1943.56375,-2417.071429,5394.51,1961.005556,2994.13,2607.993478,
877.3640773,1515.194286,-2417.071429,5394.51,1961.005556,2997.97,2342.703478,
775.754067,1506.452857,-2140.431111,5418.304444,1969.657778,3000.52,2067.878696,
775.754067,1506.452857,-2140.431111,5418.304444,1969.657778,2942.64,1990.168696,
775.754067,1506.452857,-2140.431111,5418.304444,1969.657778,2857.72,1903.568696,
775.754067,1506.452857,-2140.431111,5418.304444,1969.657778,2812.52,1877.018696,
775.754067,1506.452857,-2140.431111,5418.304444,1969.657778,2796.27,1834.368696,
873.8031904,1506.452857,-2405.577143,5694.265,2069.9725,2828.17,1871.118696,
916.2383695,1934.38125,-2460.00375,5694.265,2069.9725,2927.94,2081.728696,
916.2383695,1934.38125,-2460.00375,5694.265,2069.9725,2915.91,2150.218696,
916.2383695,1934.38125,-2460.00375,5730.898571,2083.288571,3112.96,2340.268696,
873.8031904,2094.397778,-2405.577143,5730.898571,2083.288571,3244.48,2558.188696,
873.8031904,2094.397778,-2405.577143,5694.265,2069.9725,3312.71,2743.048696,
775.754067,1934.38125,-2140.431111,5418.304444,1969.657778,3359.37,3000,
775.754067,1934.38125,-2140.431111,5418.304444,1969.657778,3318.38,2756.028696,
775.754067,1934.38125,-2140.431111,5694.265,2069.9725,3339.3,2760.708696,
775.754067,2094.397778,-2140.431111,5694.265,2069.9725,3386.67,2812.088696,
873.8031904,2094.397778,-2405.577143,5694.265,2069.9725,3377.19,2848.698696,
873.8031904,2094.397778,-2405.577143,5730.898571,2083.288571,3327.79,2873.188696,
916.2383695,2094.397778,-2460.00375,5730.898571,2083.288571,3273.64,2862.628696,
916.2383695,2094.397778,-2460.00375,5730.898571,2083.288571,3182,2862.678696,
916.2383695,2094.397778,-2460.00375,5730.898571,2083.288571,3158.84,2815.118696,
916.2383695,2094.397778,-2460.00375,5730.898571,2083.288571,3128.29,2832.328696,
916.2383695,1934.38125,-2460.00375,5694.265,2069.9725,3105.15,2757.158696,
873.8031904,1934.38125,-2405.577143,5418.304444,1969.657778,3006.8,2616.328696,
873.8031904,1506.452857,-2405.577143,5418.304444,1969.657778,3010.53,2350.828696,
775.9019643,1495.618571,-2128.791111,5416.267778,1968.916667,3011.85,2078.75,
775.9019643,1495.618571,-2128.791111,5416.267778,1968.916667,2956.21,2002.39,
775.9019643,1495.618571,-2128.791111,5416.267778,1968.916667,2874.58,1917.3,
775.9019643,1495.618571,-2128.791111,5416.267778,1968.916667,2831.13,1891.21,
775.9019643,1495.618571,-2128.791111,5416.267778,1968.916667,2813.24,1844.83,
875.422535,1495.618571,-2395.668571,5701.30875,2072.53625,2846.18,1885.41,
918.7299372,1926.51375,-2450.59625,5701.30875,2072.53625,2942.08,2092.36,
918.7299372,1926.51375,-2450.59625,5701.30875,2072.53625,2930.52,2159.66,
918.7299372,1926.51375,-2450.59625,5740.842857,2086.905714,3119.94,2346.41,
875.422535,2087.527778,-2395.668571,5740.842857,2086.905714,3246.37,2560.54,
875.422535,2087.527778,-2395.668571,5701.30875,2072.53625,3311.95,2742.19,
775.9019643,1926.51375,-2128.791111,5416.267778,1968.916667,3356.81,2996.34,
775.9019643,1926.51375,-2128.791111,5416.267778,1968.916667,3317.4,2754.95,
775.9019643,1926.51375,-2128.791111,5701.30875,2072.53625,3337.52,2759.54,
775.9019643,2087.527778,-2128.791111,5701.30875,2072.53625,3380.31,2810.03,
875.422535,2087.527778,-2395.668571,5701.30875,2072.53625,3373.94,2846,
875.422535,2087.527778,-2395.668571,5740.842857,2086.905714,3326.45,2870.07,
918.7299372,2087.527778,-2450.59625,5740.842857,2086.905714,3274.4,2859.69,
918.7299372,2087.527778,-2450.59625,5740.842857,2086.905714,3186.3,2859.74,
918.7299372,2087.527778,-2450.59625,5740.842857,2086.905714,3164.04,2813,
918.7299372,2087.527778,-2450.59625,5740.842857,2086.905714,3134.67,2829.91,
918.7299372,1926.51375,-2450.59625,5701.30875,2072.53625,3112.43,2756.06,
875.422535,1926.51375,-2395.668571,5416.267778,1968.916667,3017.89,2617.67,
875.422535,1495.618571,-2395.668571,5416.267778,1968.916667,3021.47,2356.78,
778.7852727,1493.771429,-2134.741111,5408.382222,1966.051111,3017.11,2076.05,
778.7852727,1493.771429,-2134.741111,5408.382222,1966.051111,2961.1,1999.75,
778.7852727,1493.771429,-2134.741111,5408.382222,1966.051111,2878.92,1914.72,
778.7852727,1493.771429,-2134.741111,5408.382222,1966.051111,2835.19,1888.65,
778.7852727,1493.771429,-2134.741111,5408.382222,1966.051111,2815.41,1840.96,
879.6646136,1493.771429,-2409.548571,5720.03,2079.33875,2850.34,1882.85,
923.3937698,1937.97375,-2466.53125,5720.03,2079.33875,2946.88,2089.65,
923.3937698,1937.97375,-2466.53125,5720.03,2079.33875,2935.23,2156.9,
923.3937698,1937.97375,-2466.53125,5764.411429,2095.472857,3125.91,2343.51,
879.6646136,2103.642222,-2409.548571,5764.411429,2095.472857,3253.17,2557.49,
879.6646136,2103.642222,-2409.548571,5720.03,2079.33875,3319.19,2739,
778.7852727,1937.97375,-2134.741111,5408.382222,1966.051111,3364.35,2991.15,
778.7852727,1937.97375,-2134.741111,5408.382222,1966.051111,3324.68,2751.75,
778.7852727,1937.97375,-2134.741111,5720.03,2079.33875,3344.92,2756.34,
778.7852727,2103.642222,-2134.741111,5720.03,2079.33875,3385.86,2806.79,
879.6646136,2103.642222,-2409.548571,5720.03,2079.33875,3381.58,2842.74,
879.6646136,2103.642222,-2409.548571,5764.411429,2095.472857,3333.79,2866.79,
923.3937698,2103.642222,-2466.53125,5764.411429,2095.472857,3281.39,2856.42,
923.3937698,2103.642222,-2466.53125,5764.411429,2095.472857,3192.71,2856.47,
923.3937698,2103.642222,-2466.53125,5764.411429,2095.472857,3170.3,2809.77,
923.3937698,2103.642222,-2466.53125,5764.411429,2095.472857,3140.74,2826.66,
923.3937698,1937.97375,-2466.53125,5720.03,2079.33875,3118.35,2752.86,
879.6646136,1937.97375,-2409.548571,5408.382222,1966.051111,3023.18,2614.58,
879.6646136,1493.771429,-2409.548571,5408.382222,1966.051111,3026.79,2353.88,
783.4680421,1503.738571,-2147.148889,5419.797778,1970.2,3019.25,2064.14,
783.4680421,1503.738571,-2147.148889,5419.797778,1970.2,2961.42,1986.42,
783.4680421,1503.738571,-2147.148889,5419.797778,1970.2,2876.57,1899.8,
783.4680421,1503.738571,-2147.148889,5419.797778,1970.2,2831.4,1873.25,
783.4680421,1503.738571,-2147.148889,5419.797778,1970.2,2810.5,1826.09,
883.6655085,1503.738571,-2422.24,5736.105,2085.18375,2847.05,1867.34,
926.9017932,1947.84,-2478.81375,5736.105,2085.18375,2946.73,2077.99,
926.9017932,1947.84,-2478.81375,5736.105,2085.18375,2934.71,2146.49,
926.9017932,1947.84,-2478.81375,5779.907143,2101.107143,3131.6,2336.57,
883.6655085,2113.823333,-2422.24,5779.907143,2101.107143,3263,2554.53,
883.6655085,2113.823333,-2422.24,5736.105,2085.18375,3331.17,2739.41,
783.4680421,1947.84,-2147.148889,5419.797778,1970.2,3377.8,2998.17,
783.4680421,1947.84,-2147.148889,5419.797778,1970.2,3336.83,2752.4,
783.4680421,1947.84,-2147.148889,5736.105,2085.18375,3357.74,2757.07,
783.4680421,2113.823333,-2147.148889,5736.105,2085.18375,3399.42,2808.47,
883.6655085,2113.823333,-2422.24,5736.105,2085.18375,3395.59,2845.08,
883.6655085,2113.823333,-2422.24,5779.907143,2101.107143,3346.24,2869.58,
926.9017932,2113.823333,-2478.81375,5779.907143,2101.107143,3292.13,2859.01,
926.9017932,2113.823333,-2478.81375,5779.907143,2101.107143,3200.57,2859.07,
926.9017932,2113.823333,-2478.81375,5779.907143,2101.107143,3177.43,2811.49,
926.9017932,2113.823333,-2478.81375,5779.907143,2101.107143,3146.9,2828.7,
926.9017932,1947.84,-2478.81375,5736.105,2085.18375,3123.79,2753.53,
883.6655085,1947.84,-2422.24,5419.797778,1970.2,3025.52,2612.68,
883.6655085,1503.738571,-2422.24,5419.797778,1970.2,3029.25,2347.13,
786.5597215,1521.228571,-2163.277778,5435.695556,1975.981111,3029.9,2059.83,
786.5597215,1521.228571,-2163.277778,5435.695556,1975.981111,2974.71,1982.48,
786.5597215,1521.228571,-2163.277778,5435.695556,1975.981111,2893.74,1896.27,
786.5597215,1521.228571,-2163.277778,5435.695556,1975.981111,2850.64,1869.84,
786.5597215,1521.228571,-2163.277778,5435.695556,1975.981111,2832.58,1823.89,
887.8594318,1521.228571,-2433.07,5750.985,2090.59125,2865.57,1863.96,
931.4809712,1956.215,-2488.0825,5750.985,2090.59125,2960.7,2073.61,
931.4809712,1956.215,-2488.0825,5750.985,2090.59125,2949.22,2141.8,
931.4809712,1956.215,-2488.0825,5793.412857,2106.018571,3137.11,2330.98,
887.8594318,2119.147778,-2433.07,5793.412857,2106.018571,3262.51,2547.91,
887.8594318,2119.147778,-2433.07,5750.985,2090.59125,3327.57,2731.92,
786.5597215,1956.215,-2163.277778,5435.695556,1975.981111,3372.06,2990.81,
786.5597215,1956.215,-2163.277778,5435.695556,1975.981111,3332.97,2744.85,
786.5597215,1956.215,-2163.277778,5750.985,2090.59125,3352.92,2749.5,
786.5597215,2119.147778,-2163.277778,5750.985,2090.59125,3394.98,2800.65,
887.8594318,2119.147778,-2433.07,5750.985,2090.59125,3389.04,2837.1,
887.8594318,2119.147778,-2433.07,5793.412857,2106.018571,3341.95,2861.48,
931.4809712,2119.147778,-2488.0825,5793.412857,2106.018571,3290.31,2850.96,
931.4809712,2119.147778,-2488.0825,5793.412857,2106.018571,3202.93,2851.02,
931.4809712,2119.147778,-2488.0825,5793.412857,2106.018571,3180.85,2803.67,
931.4809712,2119.147778,-2488.0825,5793.412857,2106.018571,3151.72,2820.8,
931.4809712,1956.215,-2488.0825,5750.985,2090.59125,3129.67,2745.98,
887.8594318,1956.215,-2433.07,5435.695556,1975.981111,3035.89,2605.79,
887.8594318,1521.228571,-2433.07,5435.695556,1975.981111,3039.44,2341.49,
790.2196023,1535.721429,-2177.385556,5457.014444,1983.727778,3036.31,2061.19,
790.2196023,1535.721429,-2177.385556,5457.014444,1983.727778,2981.77,1985.66,
790.2196023,1535.721429,-2177.385556,5457.014444,1983.727778,2901.74,1901.48,
790.2196023,1535.721429,-2177.385556,5457.014444,1983.727778,2859.15,1875.68,
790.2196023,1535.721429,-2177.385556,5457.014444,1983.727778,2838.73,1829.16,
891.2652775,1535.721429,-2443.151429,5758.61125,2093.365,2873.9,1869.93,
934.8564431,1964.53,-2497.605,5758.61125,2093.365,2967.91,2074.65,
934.8564431,1964.53,-2497.605,5758.61125,2093.365,2956.58,2141.23,
934.8564431,1964.53,-2497.605,5799.287143,2108.152857,3142.27,2325.95,
891.2652775,2124.948889,-2443.151429,5799.287143,2108.152857,3266.2,2537.77,
891.2652775,2124.948889,-2443.151429,5758.61125,2093.365,3330.49,2717.45,
790.2196023,1964.53,-2177.385556,5457.014444,1983.727778,3374.47,2967.99,
790.2196023,1964.53,-2177.385556,5457.014444,1983.727778,3335.83,2730.07,
790.2196023,1964.53,-2177.385556,5758.61125,2093.365,3355.55,2734.61,
790.2196023,2124.948889,-2177.385556,5758.61125,2093.365,3394.02,2784.56,
891.2652775,2124.948889,-2443.151429,5758.61125,2093.365,3391.25,2820.14,
891.2652775,2124.948889,-2443.151429,5799.287143,2108.152857,3344.7,2843.95,
934.8564431,2124.948889,-2497.605,5799.287143,2108.152857,3293.67,2833.68,
934.8564431,2124.948889,-2497.605,5799.287143,2108.152857,3207.32,2833.73,
934.8564431,2124.948889,-2497.605,5799.287143,2108.152857,3185.49,2787.5,
934.8564431,2124.948889,-2497.605,5799.287143,2108.152857,3156.71,2804.23,
934.8564431,1964.53,-2497.605,5758.61125,2093.365,3134.91,2731.17,
891.2652775,1964.53,-2443.151429,5457.014444,1983.727778,3042.23,2594.28,
891.2652775,1535.721429,-2443.151429,5457.014444,1983.727778,3045.74,2336.21,
790.4647343,1547.69,-2189.845556,5472.013333,1989.18,3035.83,2047.69,
790.4647343,1547.69,-2189.845556,5472.013333,1989.18,2978.22,1971.36,
790.4647343,1547.69,-2189.845556,5472.013333,1989.18,2893.69,1886.3,
790.4647343,1547.69,-2189.845556,5472.013333,1989.18,2848.7,1860.23,
790.4647343,1547.69,-2189.845556,5472.013333,1989.18,2824.86,1807.45,
890.882726,1547.69,-2453.21,5765.91375,2096.01875,2864.29,1854.42,
934.3015441,1972.63375,-2507.1825,5765.91375,2096.01875,2963.59,2061.29,
934.3015441,1972.63375,-2507.1825,5765.91375,2096.01875,2951.61,2128.57,
934.3015441,1972.63375,-2507.1825,5806.057143,2110.611429,3147.75,2315.24,
890.882726,2131.598889,-2453.21,5806.057143,2110.611429,3278.65,2529.29,
890.882726,2131.598889,-2453.21,5765.91375,2096.01875,3346.56,2710.86,
790.4647343,1972.63375,-2189.845556,5472.013333,1989.18,3393.01,2956.19,
790.4647343,1972.63375,-2189.845556,5472.013333,1989.18,3352.2,2723.61,
790.4647343,1972.63375,-2189.845556,5765.91375,2096.01875,3373.03,2728.2,
790.4647343,2131.598889,-2189.845556,5765.91375,2096.01875,3410.9,2778.67,
890.882726,2131.598889,-2453.21,5765.91375,2096.01875,3410.74,2814.63,
890.882726,2131.598889,-2453.21,5806.057143,2110.611429,3361.57,2838.69,
934.3015441,2131.598889,-2507.1825,5806.057143,2110.611429,3307.67,2828.31,
934.3015441,2131.598889,-2507.1825,5806.057143,2110.611429,3216.46,2828.36,
934.3015441,2131.598889,-2507.1825,5806.057143,2110.611429,3193.41,2781.65,
934.3015441,2131.598889,-2507.1825,5806.057143,2110.611429,3163,2798.55,
934.3015441,1972.63375,-2507.1825,5765.91375,2096.01875,3139.97,2724.72,
890.882726,1972.63375,-2453.21,5472.013333,1989.18,3042.08,2586.39,
890.882726,1547.69,-2453.21,5472.013333,1989.18,3045.79,2325.61,
788.9139848,1550.67,-2192.361111,5465.942222,1986.974444,3037.07,2042.47,
788.9139848,1550.67,-2192.361111,5465.942222,1986.974444,2976.84,1966.66,
788.9139848,1550.67,-2192.361111,5465.942222,1986.974444,2888.46,1882.17,
788.9139848,1550.67,-2192.361111,5465.942222,1986.974444,2841.42,1856.27,
788.9139848,1550.67,-2192.361111,5465.942222,1986.974444,2819.74,1798.32,
888.9145488,1550.67,-2454.555714,5762.14125,2094.64625,2857.71,1850.51,
932.1483546,1973.7,-2508.26,5762.14125,2094.64625,2961.54,2055.98,
932.1483546,1973.7,-2508.26,5762.14125,2094.64625,2949.02,2122.8,
932.1483546,1973.7,-2508.26,5803.634286,2109.731429,3154.09,2308.21,
888.9145488,2131.966667,-2454.555714,5803.634286,2109.731429,3290.96,2520.81,
888.9145488,2131.966667,-2454.555714,5762.14125,2094.64625,3361.97,2701.15,
788.9139848,1973.7,-2192.361111,5465.942222,1986.974444,3410.53,2937.29,
788.9139848,1973.7,-2192.361111,5465.942222,1986.974444,3367.87,2713.82,
788.9139848,1973.7,-2192.361111,5762.14125,2094.64625,3389.64,2718.38,
788.9139848,2131.966667,-2192.361111,5762.14125,2094.64625,3433.18,2768.51,
888.9145488,2131.966667,-2454.555714,5762.14125,2094.64625,3429.07,2804.22,
888.9145488,2131.966667,-2454.555714,5803.634286,2109.731429,3377.66,2828.12,
932.1483546,2131.966667,-2508.26,5803.634286,2109.731429,3321.31,2817.81,
932.1483546,2131.966667,-2508.26,5803.634286,2109.731429,3225.93,2817.86,
932.1483546,2131.966667,-2508.26,5803.634286,2109.731429,3201.83,2771.46,
932.1483546,2131.966667,-2508.26,5803.634286,2109.731429,3170.04,2788.25,
932.1483546,1973.7,-2508.26,5762.14125,2094.64625,3145.97,2714.92,
888.9145488,1973.7,-2454.555714,5465.942222,1986.974444,3043.61,2577.53,
888.9145488,1550.67,-2454.555714,5465.942222,1986.974444,3047.49,2318.51,
790.5775252,1547.35,-2192.984444,5468.307778,1987.832222,3044.8,2034.19,
790.5775252,1547.35,-2192.984444,5468.307778,1987.832222,2985.24,1957.6,
790.5775252,1547.35,-2192.984444,5468.307778,1987.832222,2897.86,1872.24,
790.5775252,1547.35,-2192.984444,5468.307778,1987.832222,2851.35,1846.07,
790.5775252,1547.35,-2192.984444,5468.307778,1987.832222,2832.29,1783.25,
890.8331433,1547.35,-2459.182857,5776.90875,2100.0175,2867.46,1840.25,
934.266933,1978.32625,-2514.95875,5776.90875,2100.0175,2970.12,2047.84,
934.266933,1978.32625,-2514.95875,5776.90875,2100.0175,2957.74,2115.35,
934.266933,1978.32625,-2514.95875,5822.315714,2116.522857,3160.5,2302.68,
890.8331433,2138.626667,-2459.182857,5822.315714,2116.522857,3295.83,2517.47,
890.8331433,2138.626667,-2459.182857,5776.90875,2100.0175,3366.04,2699.67,
790.5775252,1978.32625,-2192.984444,5468.307778,1987.832222,3414.06,2932.45,
790.5775252,1978.32625,-2192.984444,5468.307778,1987.832222,3371.87,2712.48,
790.5775252,1978.32625,-2192.984444,5776.90875,2100.0175,3393.4,2717.08,
790.5775252,2138.626667,-2192.984444,5776.90875,2100.0175,3439.32,2767.73,
890.8331433,2138.626667,-2459.182857,5776.90875,2100.0175,3432.39,2803.81,
890.8331433,2138.626667,-2459.182857,5822.315714,2116.522857,3381.56,2827.96,
934.266933,2138.626667,-2514.95875,5822.315714,2116.522857,3325.84,2817.54,
934.266933,2138.626667,-2514.95875,5822.315714,2116.522857,3231.54,2817.59,
934.266933,2138.626667,-2514.95875,5822.315714,2116.522857,3207.71,2770.71,
934.266933,2138.626667,-2514.95875,5822.315714,2116.522857,3176.27,2787.67,
934.266933,1978.32625,-2514.95875,5776.90875,2100.0175,3152.47,2713.59,
890.8331433,1978.32625,-2459.182857,5468.307778,1987.832222,3051.26,2574.78,
890.8331433,1547.35,-2459.182857,5468.307778,1987.832222,3055.1,2313.08,
792.7315424,1547.388571,-2201.17,5481.692222,1992.7,3051.11,2021.45,
792.7315424,1547.388571,-2201.17,5481.692222,1992.7,2991.79,1941.26,
792.7315424,1547.388571,-2201.17,5481.692222,1992.7,2904.74,1851.9,
792.7315424,1547.388571,-2201.17,5481.692222,1992.7,2858.41,1824.5,
792.7315424,1547.388571,-2201.17,5481.692222,1992.7,2836.21,1757.01,
894.6380936,1547.388571,-2474.878571,5799.2175,2108.12625,2874.46,1818.4,
938.8200612,1991.65375,-2533.1775,5799.2175,2108.12625,2976.72,2035.74,
938.8200612,1991.65375,-2533.1775,5799.2175,2108.12625,2964.38,2106.43,
938.8200612,1991.65375,-2533.1775,5845.3,2124.877143,3166.37,2302.54,
894.6380936,2156.177778,-2474.878571,5845.3,2124.877143,3301.18,2527.42,
894.6380936,2156.177778,-2474.878571,5799.2175,2108.12625,3371.11,2718.18,
792.7315424,1991.65375,-2201.17,5481.692222,1992.7,3418.94,2959.54,
792.7315424,1991.65375,-2201.17,5481.692222,1992.7,3376.92,2731.59,
792.7315424,1991.65375,-2201.17,5799.2175,2108.12625,3398.37,2736.41,
792.7315424,2156.177778,-2201.17,5799.2175,2108.12625,3440.23,2789.43,
894.6380936,2156.177778,-2474.878571,5799.2175,2108.12625,3437.2,2827.21,
894.6380936,2156.177778,-2474.878571,5845.3,2124.877143,3386.57,2852.49,
938.8200612,2156.177778,-2533.1775,5845.3,2124.877143,3331.06,2841.59,
938.8200612,2156.177778,-2533.1775,5845.3,2124.877143,3237.13,2841.64,
938.8200612,2156.177778,-2533.1775,5845.3,2124.877143,3213.39,2792.56,
938.8200612,2156.177778,-2533.1775,5845.3,2124.877143,3182.07,2810.32,
938.8200612,1991.65375,-2533.1775,5799.2175,2108.12625,3158.36,2732.75,
894.6380936,1991.65375,-2474.878571,5481.692222,1992.7,3057.55,2587.42,
894.6380936,1547.388571,-2474.878571,5481.692222,1992.7,3061.37,2313.44,
796.1737639,1558.161429,-2217.214444,5504.933333,2001.146667,3054.28,2021.23,
796.1737639,1558.161429,-2217.214444,5504.933333,2001.146667,2993.49,1938.6,
796.1737639,1558.161429,-2217.214444,5504.933333,2001.146667,2904.3,1846.51,
796.1737639,1558.161429,-2217.214444,5504.933333,2001.146667,2856.83,1818.28,
796.1737639,1558.161429,-2217.214444,5504.933333,2001.146667,2833.14,1749.66,
898.3471997,1558.161429,-2493.95,5826.6875,2118.1125,2873.28,1812,
942.6267188,2006.47,-2552.16125,5826.6875,2118.1125,2978.05,2035.95,
942.6267188,2006.47,-2552.16125,5826.6875,2118.1125,2965.42,2108.79,
942.6267188,2006.47,-2552.16125,5871.622857,2134.445714,3172.37,2310.87,
898.3471997,2173.042222,-2493.95,5871.622857,2134.445714,3310.49,2542.6,
898.3471997,2173.042222,-2493.95,5826.6875,2118.1125,3382.14,2739.16,
796.1737639,2006.47,-2217.214444,5504.933333,2001.146667,3431.15,2989.12,
796.1737639,2006.47,-2217.214444,5504.933333,2001.146667,3388.1,2752.97,
796.1737639,2006.47,-2217.214444,5826.6875,2118.1125,3410.07,2757.94,
796.1737639,2173.042222,-2217.214444,5826.6875,2118.1125,3451.8,2812.58,
898.3471997,2173.042222,-2493.95,5826.6875,2118.1125,3449.86,2851.51,
898.3471997,2173.042222,-2493.95,5871.622857,2134.445714,3397.98,2877.55,
942.6267188,2173.042222,-2552.16125,5871.622857,2134.445714,3341.11,2866.32,
942.6267188,2173.042222,-2552.16125,5871.622857,2134.445714,3244.87,2866.38,
942.6267188,2173.042222,-2552.16125,5871.622857,2134.445714,3220.54,2815.8,
942.6267188,2173.042222,-2552.16125,5871.622857,2134.445714,3188.46,2834.1,
942.6267188,2006.47,-2552.16125,5826.6875,2118.1125,3164.17,2754.17,
898.3471997,2006.47,-2493.95,5504.933333,2001.146667,3060.87,2604.42,
898.3471997,1558.161429,-2493.95,5504.933333,2001.146667,3064.79,2322.1,
800.0588641,1586.99,-2243.851111,5534.985556,2012.073333,3055.26,2030.016957,
800.0588641,1586.99,-2243.851111,5534.985556,2012.073333,2991.78,1945.416957,
800.0588641,1586.99,-2243.851111,5534.985556,2012.073333,2898.65,1851.126957,
800.0588641,1586.99,-2243.851111,5534.985556,2012.073333,2849.08,1822.226957,
800.0588641,1586.99,-2243.851111,5534.985556,2012.073333,2829.6,1765.726957,
902.1473513,1586.99,-2512.708571,5853.83875,2127.98375,2866.25,1815.796957,
946.3372838,2019.96875,-2567.11125,5853.83875,2127.98375,2975.66,2045.096957,
946.3372838,2019.96875,-2567.11125,5853.83875,2127.98375,2962.47,2119.666957,
946.3372838,2019.96875,-2567.11125,5895.445714,2143.108571,3178.57,2326.586957,
902.1473513,2182.468889,-2512.708571,5895.445714,2143.108571,3322.8,2563.846957,
902.1473513,2182.468889,-2512.708571,5853.83875,2127.98375,3397.62,2765.106957,
800.0588641,2019.96875,-2243.851111,5534.985556,2012.073333,3448.8,3000,
800.0588641,2019.96875,-2243.851111,5534.985556,2012.073333,3403.84,2779.246957,
800.0588641,2019.96875,-2243.851111,5853.83875,2127.98375,3426.79,2784.326957,
800.0588641,2182.468889,-2243.851111,5853.83875,2127.98375,3476.72,2840.276957,
902.1473513,2182.468889,-2512.708571,5853.83875,2127.98375,3468.33,2880.126957,
902.1473513,2182.468889,-2512.708571,5895.445714,2143.108571,3414.16,2906.796957,
946.3372838,2182.468889,-2567.11125,5895.445714,2143.108571,3354.78,2895.296957,
946.3372838,2182.468889,-2567.11125,5895.445714,2143.108571,3254.27,2895.356957,
946.3372838,2182.468889,-2567.11125,5895.445714,2143.108571,3228.88,2843.566957,
946.3372838,2182.468889,-2567.11125,5895.445714,2143.108571,3195.37,2862.306957,
946.3372838,2019.96875,-2567.11125,5853.83875,2127.98375,3170.01,2780.476957,
902.1473513,2019.96875,-2512.708571,5534.985556,2012.073333,3062.14,2627.146957,
902.1473513,1586.99,-2512.708571,5534.985556,2012.073333,3066.23,2338.076957,
803.4595526,1610.255714,-2266.656667,5567.75,2023.983333,3063.17,2052.840435,
803.4595526,1610.255714,-2266.656667,5567.75,2023.983333,3001.41,1968.960435,
803.4595526,1610.255714,-2266.656667,5567.75,2023.983333,2910.78,1875.480435,
803.4595526,1610.255714,-2266.656667,5567.75,2023.983333,2862.54,1846.820435,
803.4595526,1610.255714,-2266.656667,5567.75,2023.983333,2849.93,1796.120435,
906.2049787,1610.255714,-2530.358571,5869.6625,2133.73375,2879.25,1840.440435,
950.5204572,2033.00375,-2582.09875,5869.6625,2133.73375,2985.72,2067.790435,
950.5204572,2033.00375,-2582.09875,5869.6625,2133.73375,2972.88,2141.730435,
950.5204572,2033.00375,-2582.09875,5907.57,2147.512857,3183.17,2346.880435,
906.2049787,2192.89,-2530.358571,5907.57,2147.512857,3323.52,2582.110435,
906.2049787,2192.89,-2530.358571,5869.6625,2133.73375,3396.33,2781.660435,
803.4595526,2033.00375,-2266.656667,5567.75,2023.983333,3446.13,3000,
803.4595526,2033.00375,-2266.656667,5567.75,2023.983333,3402.38,2795.670435,
803.4595526,2033.00375,-2266.656667,5869.6625,2133.73375,3424.71,2800.720435,
803.4595526,2192.89,-2266.656667,5869.6625,2133.73375,3480.98,2856.190435,
906.2049787,2192.89,-2530.358571,5869.6625,2133.73375,3465.14,2895.700435,
906.2049787,2192.89,-2530.358571,5907.57,2147.512857,3412.43,2922.140435,
950.5204572,2192.89,-2582.09875,5907.57,2147.512857,3354.64,2910.740435,
950.5204572,2192.89,-2582.09875,5907.57,2147.512857,3256.84,2910.800435,
950.5204572,2192.89,-2582.09875,5907.57,2147.512857,3232.13,2859.450435,
950.5204572,2192.89,-2582.09875,5907.57,2147.512857,3199.52,2878.030435,
950.5204572,2033.00375,-2582.09875,5869.6625,2133.73375,3174.84,2796.890435,
906.2049787,2033.00375,-2530.358571,5567.75,2023.983333,3069.88,2644.870435,
906.2049787,1610.255714,-2530.358571,5567.75,2023.983333,3073.85,2358.270435,
807.4432314,1627.534286,-2283.57,5583.184444,2029.592222,3061.29,2069.538696,
807.4432314,1627.534286,-2283.57,5583.184444,2029.592222,3001.49,1985.688696,
807.4432314,1627.534286,-2283.57,5583.184444,2029.592222,2913.75,1892.248696,
807.4432314,1627.534286,-2283.57,5583.184444,2029.592222,2867.05,1863.608696,
807.4432314,1627.534286,-2283.57,5583.184444,2029.592222,2857.74,1813.148696,
909.6084478,1627.534286,-2542.937143,5878.11,2136.80375,2883.23,1857.228696,
953.6748901,2042.88375,-2593.45,5878.11,2136.80375,2986.31,2084.468696,
953.6748901,2042.88375,-2593.45,5878.11,2136.80375,2973.88,2158.378696,
953.6748901,2042.88375,-2593.45,5916.742857,2150.85,3177.47,2363.428696,
909.6084478,2200.26,-2542.937143,5916.742857,2150.85,3313.35,2598.558696,
909.6084478,2200.26,-2542.937143,5878.11,2136.80375,3383.84,2798.008696,
807.4432314,2042.88375,-2283.57,5583.184444,2029.592222,3432.05,3000,
807.4432314,2042.88375,-2283.57,5583.184444,2029.592222,3389.7,2812.028696,
807.4432314,2042.88375,-2283.57,5878.11,2136.80375,3411.32,2817.068696,
807.4432314,2200.26,-2283.57,5878.11,2136.80375,3469.29,2872.508696,
909.6084478,2200.26,-2542.937143,5878.11,2136.80375,3450.46,2912.008696,
909.6084478,2200.26,-2542.937143,5916.742857,2150.85,3399.42,2938.438696,
953.6748901,2200.26,-2593.45,5916.742857,2150.85,3343.47,2927.038696,
953.6748901,2200.26,-2593.45,5916.742857,2150.85,3248.79,2927.098696,
953.6748901,2200.26,-2593.45,5916.742857,2150.85,3224.86,2875.778696,
953.6748901,2200.26,-2593.45,5916.742857,2150.85,3193.3,2894.338696,
953.6748901,2042.88375,-2593.45,5878.11,2136.80375,3169.4,2813.248696,
909.6084478,2042.88375,-2542.937143,5583.184444,2029.592222,3067.78,2661.288696,
909.6084478,1627.534286,-2542.937143,5583.184444,2029.592222,3071.63,2374.818696,
808.9782433,1617.354286,-2270.058889,5566.926667,2023.685556,3053.1,2086.30913,
808.9782433,1617.354286,-2270.058889,5566.926667,2023.685556,2994.49,2003.11913,
808.9782433,1617.354286,-2270.058889,5566.926667,2023.685556,2908.49,1910.40913,
808.9782433,1617.354286,-2270.058889,5566.926667,2023.685556,2862.72,1881.98913,
808.9782433,1617.354286,-2270.058889,5566.926667,2023.685556,2849.71,1831.54913,
909.063336,1617.354286,-2528.132857,5866.7,2132.65625,2878.58,1875.65913,
952.2548561,2031.55375,-2579.1675,5866.7,2132.65625,2979.6,2101.12913,
952.2548561,2031.55375,-2579.1675,5866.7,2132.65625,2967.42,2174.45913,
952.2548561,2031.55375,-2579.1675,5907.882857,2147.63,3166.96,2377.91913,
909.063336,2187.906667,-2528.132857,5907.882857,2147.63,3300.14,2611.20913,
909.063336,2187.906667,-2528.132857,5866.7,2132.65625,3369.22,2809.10913,
808.9782433,2031.55375,-2270.058889,5566.926667,2023.685556,3416.48,3000,
808.9782433,2031.55375,-2270.058889,5566.926667,2023.685556,3374.96,2823.00913,
808.9782433,2031.55375,-2270.058889,5866.7,2132.65625,3396.15,2828.01913,
808.9782433,2187.906667,-2270.058889,5866.7,2132.65625,3448.27,2883.02913,
909.063336,2187.906667,-2528.132857,5866.7,2132.65625,3434.52,2922.21913,
909.063336,2187.906667,-2528.132857,5907.882857,2147.63,3384.5,2948.43913,
952.2548561,2187.906667,-2579.1675,5907.882857,2147.63,3329.66,2937.12913,
952.2548561,2187.906667,-2579.1675,5907.882857,2147.63,3236.86,2937.18913,
952.2548561,2187.906667,-2579.1675,5907.882857,2147.63,3213.41,2886.26913,
952.2548561,2187.906667,-2579.1675,5907.882857,2147.63,3182.48,2904.68913,
952.2548561,2031.55375,-2579.1675,5866.7,2132.65625,3159.05,2824.21913,
909.063336,2031.55375,-2528.132857,5566.926667,2023.685556,3059.46,2673.45913,
909.063336,1617.354286,-2528.132857,5566.926667,2023.685556,3063.23,2389.21913,
807.2992041,1601.61,-2251.616667,5557.801111,2020.365556,3043.53,2100.182174,
807.2992041,1601.61,-2251.616667,5557.801111,2020.365556,2986.91,2017.602174,
807.2992041,1601.61,-2251.616667,5557.801111,2020.365556,2903.82,1925.562174,
807.2992041,1601.61,-2251.616667,5557.801111,2020.365556,2859.6,1897.352174,
807.2992041,1601.61,-2251.616667,5557.801111,2020.365556,2836.16,1844.232174,
905.1367874,1601.61,-2509.282857,5851.70375,2127.20625,2874.92,1891.072174,
947.301911,2018.375,-2562.93875,5851.70375,2127.20625,2972.53,2114.902174,
947.301911,2018.375,-2562.93875,5851.70375,2127.20625,2960.75,2187.692174,
947.301911,2018.375,-2562.93875,5893.391429,2142.36,3153.54,2389.672174,
905.1367874,2173.637778,-2509.282857,5893.391429,2142.36,3282.21,2621.272174,
905.1367874,2173.637778,-2509.282857,5851.70375,2127.20625,3348.96,2817.732174,
807.2992041,2018.375,-2251.616667,5557.801111,2020.365556,3394.62,3000,
807.2992041,2018.375,-2251.616667,5557.801111,2020.365556,3354.51,2831.532174,
807.2992041,2018.375,-2251.616667,5851.70375,2127.20625,3374.98,2836.502174,
807.2992041,2173.637778,-2251.616667,5851.70375,2127.20625,3412.2,2891.112174,
905.1367874,2173.637778,-2509.282857,5851.70375,2127.20625,3412.04,2930.012174,
905.1367874,2173.637778,-2509.282857,5893.391429,2142.36,3363.72,2956.052174,
947.301911,2173.637778,-2562.93875,5893.391429,2142.36,3310.74,2944.822174,
947.301911,2173.637778,-2562.93875,5893.391429,2142.36,3221.08,2944.872174,
947.301911,2173.637778,-2562.93875,5893.391429,2142.36,3198.42,2894.322174,
947.301911,2173.637778,-2562.93875,5893.391429,2142.36,3168.53,2912.612174,
947.301911,2018.375,-2562.93875,5851.70375,2127.20625,3145.9,2832.732174,
905.1367874,2018.375,-2509.282857,5557.801111,2020.365556,3049.68,2683.062174,
905.1367874,1601.61,-2509.282857,5557.801111,2020.365556,3053.32,2400.892174,
803.7310677,1583.707143,-2233.264444,5562.22,2021.972222,3028.4,2111.528696,
803.7310677,1583.707143,-2233.264444,5562.22,2021.972222,2970.33,2029.288696,
803.7310677,1583.707143,-2233.264444,5562.22,2021.972222,2885.12,1937.638696,
803.7310677,1583.707143,-2233.264444,5562.22,2021.972222,2839.77,1909.548696,
803.7310677,1583.707143,-2233.264444,5562.22,2021.972222,2807.89,1854.308696,
901.3700417,1583.707143,-2494.112857,5848.00875,2125.865,2855.48,1903.288696,
943.6728005,2007.045,-2549.625,5848.00875,2125.865,2955.58,2126.178696,
943.6728005,2007.045,-2549.625,5848.00875,2125.865,2943.51,2198.678696,
943.6728005,2007.045,-2549.625,5888.297143,2140.508571,3141.22,2399.798696,
901.3700417,2163.857778,-2494.112857,5888.297143,2140.508571,3273.18,2630.428696,
901.3700417,2163.857778,-2494.112857,5848.00875,2125.865,3341.63,2826.058696,
803.7310677,2007.045,-2233.264444,5562.22,2021.972222,3388.45,3000,
803.7310677,2007.045,-2233.264444,5562.22,2021.972222,3347.32,2839.808696,
803.7310677,2007.045,-2233.264444,5848.00875,2125.865,3368.31,2844.748696,
803.7310677,2163.857778,-2233.264444,5848.00875,2125.865,3401.64,2899.128696,
901.3700417,2163.857778,-2494.112857,5848.00875,2125.865,3401.64,2937.868696,
901.3700417,2163.857778,-2494.112857,5888.297143,2140.508571,3356.76,2963.798696,
943.6728005,2163.857778,-2549.625,5888.297143,2140.508571,3302.43,2952.618696,
943.6728005,2163.857778,-2549.625,5888.297143,2140.508571,3210.48,2952.668696,
943.6728005,2163.857778,-2549.625,5888.297143,2140.508571,3187.24,2902.328696,
943.6728005,2163.857778,-2549.625,5888.297143,2140.508571,3156.59,2920.548696,
943.6728005,2007.045,-2549.625,5848.00875,2125.865,3133.38,2840.998696,
901.3700417,2007.045,-2494.112857,5562.22,2021.972222,3034.7,2691.958696,
901.3700417,1583.707143,-2494.112857,5562.22,2021.972222,3038.44,2410.968696,
800.3213385,1585.108571,-2233.52,5574.025556,2026.264444,3012.11,2120.471739,
800.3213385,1585.108571,-2233.52,5574.025556,2026.264444,2949.87,2038.151739,
800.3213385,1585.108571,-2233.52,5574.025556,2026.264444,2858.53,1946.401739,
800.3213385,1585.108571,-2233.52,5574.025556,2026.264444,2809.92,1918.281739,
800.3213385,1585.108571,-2233.52,5574.025556,2026.264444,2776.54,1865.781739,
898.022721,1585.108571,-2493.085714,5860.32,2130.3375,2826.76,1912.021739,
940.2997122,2005.9825,-2548.0075,5860.32,2130.3375,2934.06,2135.141739,
940.2997122,2005.9825,-2548.0075,5860.32,2130.3375,2921.12,2207.701739,
940.2997122,2005.9825,-2548.0075,5899.887143,2144.721429,3133.04,2409.041739,
898.022721,2162.12,-2493.085714,5899.887143,2144.721429,3274.49,2639.901739,
898.022721,2162.12,-2493.085714,5860.32,2130.3375,3347.86,2835.741739,
800.3213385,2005.9825,-2233.52,5574.025556,2026.264444,3398.05,3000,
800.3213385,2005.9825,-2233.52,5574.025556,2026.264444,3353.96,2849.501739,
800.3213385,2005.9825,-2233.52,5860.32,2130.3375,3376.46,2854.451739,
800.3213385,2162.12,-2233.52,5860.32,2130.3375,3412.67,2908.881739,
898.022721,2162.12,-2493.085714,5860.32,2130.3375,3412.67,2947.671739,
898.022721,2162.12,-2493.085714,5899.887143,2144.721429,3364.09,2973.621739,
940.2997122,2162.12,-2548.0075,5899.887143,2144.721429,3305.85,2962.431739,
940.2997122,2162.12,-2548.0075,5899.887143,2144.721429,3207.29,2962.481739,
940.2997122,2162.12,-2548.0075,5899.887143,2144.721429,3182.38,2912.091739,
940.2997122,2162.12,-2548.0075,5899.887143,2144.721429,3149.52,2930.321739,
940.2997122,2005.9825,-2548.0075,5860.32,2130.3375,3124.64,2850.691739,
898.022721,2005.9825,-2493.085714,5574.025556,2026.264444,3018.87,2701.501739,
898.022721,1585.108571,-2493.085714,5574.025556,2026.264444,3022.87,2420.221739,
802.4252634,1612.771429,-2256.421111,5582.252222,2029.253333,3004.9,2131.825217,
802.4252634,1612.771429,-2256.421111,5582.252222,2029.253333,2941.06,2050.155217,
802.4252634,1612.771429,-2256.421111,5582.252222,2029.253333,2847.39,1959.135217,
802.4252634,1612.771429,-2256.421111,5582.252222,2029.253333,2797.54,1931.225217,
802.4252634,1612.771429,-2256.421111,5582.252222,2029.253333,2772,1880.105217,
901.6280703,1612.771429,-2505.634286,5875.06625,2135.695,2814.81,1925.015217,
944.6003776,2014.75875,-2556.60125,5875.06625,2135.695,2924.85,2146.375217,
944.6003776,2014.75875,-2556.60125,5875.06625,2135.695,2911.58,2218.365217,
944.6003776,2014.75875,-2556.60125,5915.09,2150.247143,3128.92,2418.115217,
901.6280703,2165.217778,-2505.634286,5915.09,2150.247143,3273.98,2647.155217,
901.6280703,2165.217778,-2505.634286,5875.06625,2135.695,3349.24,2841.445217,
802.4252634,2014.75875,-2256.421111,5582.252222,2029.253333,3400.71,3000,
802.4252634,2014.75875,-2256.421111,5582.252222,2029.253333,3355.49,2855.095217,
802.4252634,2014.75875,-2256.421111,5875.06625,2135.695,3378.57,2860.005217,
802.4252634,2165.217778,-2256.421111,5875.06625,2135.695,3421.6,2914.015217,
901.6280703,2165.217778,-2505.634286,5875.06625,2135.695,3420.35,2952.485217,
901.6280703,2165.217778,-2505.634286,5915.09,2150.247143,3365.87,2978.235217,
944.6003776,2165.217778,-2556.60125,5915.09,2150.247143,3306.14,2967.125217,
944.6003776,2165.217778,-2556.60125,5915.09,2150.247143,3205.06,2967.185217,
944.6003776,2165.217778,-2556.60125,5915.09,2150.247143,3179.52,2917.195217,
944.6003776,2165.217778,-2556.60125,5915.09,2150.247143,3145.82,2935.275217,
944.6003776,2014.75875,-2556.60125,5875.06625,2135.695,3120.31,2856.275217,
901.6280703,2014.75875,-2505.634286,5582.252222,2029.253333,3011.83,2708.265217,
901.6280703,1612.771429,-2505.634286,5582.252222,2029.253333,3015.94,2429.205217,
805.685855,1622.275714,-2270.408889,5593.414444,2033.312222,3011.83,2136.87,
805.685855,1622.275714,-2270.408889,5593.414444,2033.312222,2949.74,2054.94,
805.685855,1622.275714,-2270.408889,5593.414444,2033.312222,2858.63,1963.64,
805.685855,1622.275714,-2270.408889,5593.414444,2033.312222,2810.13,1935.65,
805.685855,1622.275714,-2270.408889,5593.414444,2033.312222,2789.24,1884.85,
905.2591282,1622.275714,-2522.614286,5887.40375,2140.18375,2826.93,1929.42,
948.1955547,2027.325,-2572.71125,5887.40375,2140.18375,2933.97,2151.46,
948.1955547,2027.325,-2572.71125,5887.40375,2140.18375,2921.06,2223.68,
948.1955547,2027.325,-2572.71125,5926.922857,2154.547143,3132.47,2424.05,
905.2591282,2180.048889,-2522.614286,5926.922857,2154.547143,3273.56,2653.8,
905.2591282,2180.048889,-2522.614286,5887.40375,2140.18375,3346.76,2848.7,
805.685855,2027.325,-2270.408889,5593.414444,2033.312222,3396.82,3000,
805.685855,2027.325,-2270.408889,5593.414444,2033.312222,3352.84,2862.39,
805.685855,2027.325,-2270.408889,5887.40375,2140.18375,3375.29,2867.31,
805.685855,2180.048889,-2270.408889,5887.40375,2140.18375,3421.92,2921.49,
905.2591282,2180.048889,-2522.614286,5887.40375,2140.18375,3415.93,2960.09,
905.2591282,2180.048889,-2522.614286,5926.922857,2154.547143,3362.94,2985.91,
948.1955547,2180.048889,-2572.71125,5926.922857,2154.547143,3304.84,2974.77,
948.1955547,2180.048889,-2572.71125,5926.922857,2154.547143,3206.52,2974.83,
948.1955547,2180.048889,-2572.71125,5926.922857,2154.547143,3181.68,2924.68,
948.1955547,2180.048889,-2572.71125,5926.922857,2154.547143,3148.9,2942.82,
948.1955547,2027.325,-2572.71125,5887.40375,2140.18375,3124.09,2863.58,
905.2591282,2027.325,-2522.614286,5593.414444,2033.312222,3018.57,2715.1,
905.2591282,1622.275714,-2522.614286,5593.414444,2033.312222,3022.57,2435.18,
808.0074229,1617.885714,-2275.761111,5606.421111,2038.04,3014.55,2136.32913,
808.0074229,1617.885714,-2275.761111,5606.421111,2038.04,2952.13,2053.42913,
808.0074229,1617.885714,-2275.761111,5606.421111,2038.04,2860.54,1961.03913,
808.0074229,1617.885714,-2275.761111,5606.421111,2038.04,2811.8,1932.71913,
808.0074229,1617.885714,-2275.761111,5606.421111,2038.04,2789.52,1880.20913,
907.4272538,1617.885714,-2538.194286,5887.73375,2140.3025,2828.68,1926.41913,
950.3269442,2040.47125,-2591.26,5887.73375,2140.3025,2936.28,2151.08913,
950.3269442,2040.47125,-2591.26,5887.73375,2140.3025,2923.3,2224.16913,
950.3269442,2040.47125,-2591.26,5925.918571,2154.184286,3135.82,2426.90913,
907.4272538,2199.096667,-2538.194286,5925.918571,2154.184286,3277.66,2659.37913,
907.4272538,2199.096667,-2538.194286,5887.73375,2140.3025,3351.24,2856.57913,
808.0074229,2040.47125,-2275.761111,5606.421111,2038.04,3401.57,3000,
808.0074229,2040.47125,-2275.761111,5606.421111,2038.04,3357.35,2870.43913,
808.0074229,2040.47125,-2275.761111,5887.73375,2140.3025,3379.92,2875.41913,
808.0074229,2199.096667,-2275.761111,5887.73375,2140.3025,3425.26,2930.23913,
907.4272538,2199.096667,-2538.194286,5887.73375,2140.3025,3420.78,2969.28913,
907.4272538,2199.096667,-2538.194286,5925.918571,2154.184286,3367.5,2995.41913,
950.3269442,2199.096667,-2591.26,5925.918571,2154.184286,3309.1,2984.14913,
950.3269442,2199.096667,-2591.26,5925.918571,2154.184286,3210.27,2984.20913,
950.3269442,2199.096667,-2591.26,5925.918571,2154.184286,3185.29,2933.46913,
950.3269442,2199.096667,-2591.26,5925.918571,2154.184286,3152.34,2951.81913,
950.3269442,2040.47125,-2591.26,5887.73375,2140.3025,3127.4,2871.63913,
907.4272538,2040.47125,-2538.194286,5606.421111,2038.04,3021.33,2721.39913,
907.4272538,1617.885714,-2538.194286,5606.421111,2038.04,3025.34,2438.16913,
805.3190769,1618.715714,-2276.775556,5599.01,2035.348889,3019.55,2142.29,
805.3190769,1618.715714,-2276.775556,5599.01,2035.348889,2959.79,2060.44,
805.3190769,1618.715714,-2276.775556,5599.01,2035.348889,2872.1,1969.23,
805.3190769,1618.715714,-2276.775556,5599.01,2035.348889,2825.43,1941.27,
805.3190769,1618.715714,-2276.775556,5599.01,2035.348889,2803.87,1886.36,
903.7383828,1618.715714,-2538.798571,5875.09,2135.7075,2841.6,1935.04,
946.3401926,2041.45875,-2592.46625,5875.09,2135.7075,2944.61,2156.87,
946.3401926,2041.45875,-2592.46625,5875.09,2135.7075,2932.19,2229.02,
946.3401926,2041.45875,-2592.46625,5913.544286,2149.687143,3135.66,2429.19,
903.7383828,2199.627778,-2538.798571,5913.544286,2149.687143,3271.45,2658.72,
903.7383828,2199.627778,-2538.798571,5875.09,2135.7075,3341.9,2853.42,
805.3190769,2041.45875,-2276.775556,5599.01,2035.348889,3390.09,3000,
805.3190769,2041.45875,-2276.775556,5599.01,2035.348889,3347.75,2867.1,
805.3190769,2041.45875,-2276.775556,5875.09,2135.7075,3369.36,2872.02,
805.3190769,2199.627778,-2276.775556,5875.09,2135.7075,3412.48,2926.14,
903.7383828,2199.627778,-2538.798571,5875.09,2135.7075,3408.48,2964.7,
903.7383828,2199.627778,-2538.798571,5913.544286,2149.687143,3357.47,2990.5,
946.3401926,2199.627778,-2592.46625,5913.544286,2149.687143,3301.56,2979.38,
946.3401926,2199.627778,-2592.46625,5913.544286,2149.687143,3206.93,2979.43,
946.3401926,2199.627778,-2592.46625,5913.544286,2149.687143,3183.02,2929.33,
946.3401926,2199.627778,-2592.46625,5913.544286,2149.687143,3151.48,2947.46,
946.3401926,2041.45875,-2592.46625,5875.09,2135.7075,3127.59,2868.29,
903.7383828,2041.45875,-2538.798571,5599.01,2035.348889,3026.04,2719.96,
903.7383828,1618.715714,-2538.798571,5599.01,2035.348889,3029.89,2440.31,
825.4566095,1621.167143,-2299.268889,5595.975556,2085.358889,3032.67,2258.395714,
825.4566095,1621.167143,-2299.268889,5595.975556,2085.358889,2977.85,2174.715714,
825.4566095,1621.167143,-2299.268889,5595.975556,2085.358889,2897.42,2081.475714,
825.4566095,1621.167143,-2299.268889,5595.975556,2085.358889,2854.61,2052.885714,
825.4566095,1621.167143,-2299.268889,5595.975556,2085.358889,2790,1979.845714,
924.8584994,1621.167143,-2562.58,5875.15625,2189.3975,2869.44,2046.525714,
966.3065869,2040.63875,-2615.31,5875.15625,2189.3975,2963.93,2273.295714,
966.3065869,2040.63875,-2615.31,5875.15625,2189.3975,2952.54,2347.055714,
966.3065869,2040.63875,-2615.31,5917.302857,2205.104286,3139.17,2551.685714,
924.8584994,2198.483333,-2562.58,5917.302857,2205.104286,3263.73,2786.335714,
924.8584994,2198.483333,-2562.58,5875.15625,2189.3975,3328.34,2985.375714,
825.4566095,2040.63875,-2299.268889,5595.975556,2085.358889,3366.72,3000,
825.4566095,2040.63875,-2299.268889,5595.975556,2085.358889,3333.71,2999.365714,
825.4566095,2040.63875,-2299.268889,5875.15625,2189.3975,3353.53,3000,
825.4566095,2198.483333,-2299.268889,5875.15625,2189.3975,3366.72,3000,
924.8584994,2198.483333,-2562.58,5875.15625,2189.3975,3366.72,3000,
924.8584994,2198.483333,-2562.58,5917.302857,2205.104286,3342.63,3000,
966.3065869,2198.483333,-2615.31,5917.302857,2205.104286,3291.34,3000,
966.3065869,2198.483333,-2615.31,5917.302857,2205.104286,3204.54,3000,
966.3065869,2198.483333,-2615.31,5917.302857,2205.104286,3182.61,3000,
966.3065869,2198.483333,-2615.31,5917.302857,2205.104286,3153.68,3000,
966.3065869,2040.63875,-2615.31,5875.15625,2189.3975,3131.77,3000,
924.8584994,2040.63875,-2562.58,5595.975556,2085.358889,3038.62,2848.935714,
924.8584994,1621.167143,-2562.58,5595.975556,2085.358889,3042.15,2563.055714,
834.655136,1622.375714,-2314.85,5575.563333,2077.753333,3005.02,2231.5225,
834.655136,1622.375714,-2314.85,5575.563333,2077.753333,2947.95,2147.8325,
834.655136,1622.375714,-2314.85,5575.563333,2077.753333,2864.22,2054.5825,
834.655136,1622.375714,-2314.85,5575.563333,2077.753333,2819.66,2025.9825,
834.655136,1622.375714,-2314.85,5575.563333,2077.753333,2757.98,1958.7725,
937.7809468,1622.375714,-2590.364286,5868.52125,2186.9225,2835.09,2019.6225,
981.9398547,2064.9775,-2648.6625,5868.52125,2186.9225,2933.46,2246.4325,
981.9398547,2064.9775,-2648.6625,5868.52125,2186.9225,2921.6,2320.1925,
981.9398547,2064.9775,-2648.6625,5912.305714,2203.24,3115.88,2524.8625,
937.7809468,2229.175556,-2590.364286,5912.305714,2203.24,3245.55,2759.5425,
937.7809468,2229.175556,-2590.364286,5868.52125,2186.9225,3312.82,2958.6125,
834.655136,2064.9775,-2314.85,5575.563333,2077.753333,3355.1,3000,
834.655136,2064.9775,-2314.85,5575.563333,2077.753333,3318.41,2972.5925,
834.655136,2064.9775,-2314.85,5868.52125,2186.9225,3339.04,2977.6225,
834.655136,2229.175556,-2314.85,5868.52125,2186.9225,3355.1,3000,
937.7809468,2229.175556,-2590.364286,5868.52125,2186.9225,3355.1,3000,
937.7809468,2229.175556,-2590.364286,5912.305714,2203.24,3327.69,3000,
981.9398547,2229.175556,-2648.6625,5912.305714,2203.24,3274.3,3000,
981.9398547,2229.175556,-2648.6625,5912.305714,2203.24,3183.94,3000,
981.9398547,2229.175556,-2648.6625,5912.305714,2203.24,3161.11,3000,
981.9398547,2229.175556,-2648.6625,5912.305714,2203.24,3130.99,3000,
981.9398547,2064.9775,-2648.6625,5868.52125,2186.9225,3108.18,2973.8125,
937.7809468,2064.9775,-2590.364286,5575.563333,2077.753333,3011.21,2822.1525,
937.7809468,1622.375714,-2590.364286,5575.563333,2077.753333,3014.88,2536.2225,
841.8390667,1641.632857,-2341.39,5583.374444,2080.663333,2994.76,2225.781875,
841.8390667,1641.632857,-2341.39,5583.374444,2080.663333,2929.26,2142.311875,
841.8390667,1641.632857,-2341.39,5583.374444,2080.663333,2833.15,2049.291875,
841.8390667,1641.632857,-2341.39,5583.374444,2080.663333,2781.99,2020.771875,
841.8390667,1641.632857,-2341.39,5583.374444,2080.663333,2725.02,1962.061875,
949.8027584,1641.632857,-2619.35,5903.2575,2199.86875,2799.71,2014.431875,
996.397785,2087.9525,-2677.98375,5903.2575,2199.86875,2912.62,2240.651875,
996.397785,2087.9525,-2677.98375,5903.2575,2199.86875,2899.01,2314.231875,
996.397785,2087.9525,-2677.98375,5949.638571,2217.152857,3122.02,2518.371875,
949.8027584,2253.664444,-2619.35,5949.638571,2217.152857,3270.87,2752.441875,
949.8027584,2253.664444,-2619.35,5903.2575,2199.86875,3348.09,2951.001875,
841.8390667,2087.9525,-2341.39,5583.374444,2080.663333,3400.9,3000,
841.8390667,2087.9525,-2341.39,5583.374444,2080.663333,3354.5,2964.951875,
841.8390667,2087.9525,-2341.39,5903.2575,2199.86875,3378.18,2969.971875,
841.8390667,2253.664444,-2341.39,5903.2575,2199.86875,3403.02,3000,
949.8027584,2253.664444,-2619.35,5903.2575,2199.86875,3403.02,3000,
949.8027584,2253.664444,-2619.35,5949.638571,2217.152857,3365.15,3000,
996.397785,2253.664444,-2677.98375,5949.638571,2217.152857,3303.87,3000,
996.397785,2253.664444,-2677.98375,5949.638571,2217.152857,3200.15,3000,
996.397785,2253.664444,-2677.98375,5949.638571,2217.152857,3173.94,3000,
996.397785,2253.664444,-2677.98375,5949.638571,2217.152857,3139.36,3000,
996.397785,2087.9525,-2677.98375,5903.2575,2199.86875,3113.19,2966.171875,
949.8027584,2087.9525,-2619.35,5583.374444,2080.663333,3001.87,2814.891875,
949.8027584,1641.632857,-2619.35,5583.374444,2080.663333,3006.09,2529.711875,
850.53819,1673.365714,-2375.805556,5617.011111,2093.195556,3010.57,2240.771875,
850.53819,1673.365714,-2375.805556,5617.011111,2093.195556,2940.24,2156.911875,
850.53819,1673.365714,-2375.805556,5617.011111,2093.195556,2837.05,2063.451875,
850.53819,1673.365714,-2375.805556,5617.011111,2093.195556,2782.13,2034.801875,
850.53819,1673.365714,-2375.805556,5617.011111,2093.195556,2745.62,1979.881875,
960.5878613,1673.365714,-2649.575714,5948.205,2216.61875,2801.15,2028.421875,
1007.795046,2110.5575,-2705.295,5948.205,2216.61875,2922.38,2255.711875,
1007.795046,2110.5575,-2705.295,5948.205,2216.61875,2907.76,2329.641875,
1007.795046,2110.5575,-2705.295,5993.942857,2233.66,3147.2,2534.741875,
960.5878613,2274.396667,-2649.575714,5993.942857,2233.66,3307,2769.921875,
960.5878613,2274.396667,-2649.575714,5948.205,2216.61875,3389.91,2969.421875,
850.53819,2110.5575,-2375.805556,5617.011111,2093.195556,3446.61,3000,
850.53819,2110.5575,-2375.805556,5617.011111,2093.195556,3396.79,2983.431875,
850.53819,2110.5575,-2375.805556,5948.205,2216.61875,3422.22,2988.471875,
850.53819,2274.396667,-2375.805556,5948.205,2216.61875,3463.86,3000,
960.5878613,2274.396667,-2649.575714,5948.205,2216.61875,3463.86,3000,
960.5878613,2274.396667,-2649.575714,5993.942857,2233.66,3408.23,3000,
1007.795046,2274.396667,-2705.295,5993.942857,2233.66,3342.43,3000,
1007.795046,2274.396667,-2705.295,5993.942857,2233.66,3231.08,3000,
1007.795046,2274.396667,-2705.295,5993.942857,2233.66,3202.94,3000,
1007.795046,2274.396667,-2705.295,5993.942857,2233.66,3165.81,3000,
1007.795046,2110.5575,-2705.295,5948.205,2216.61875,3137.71,2984.651875,
960.5878613,2110.5575,-2649.575714,5617.011111,2093.195556,3018.2,2832.661875,
960.5878613,1673.365714,-2649.575714,5617.011111,2093.195556,3022.73,2546.131875,
860.0673893,1695.511429,-2404.476667,5667.99,2112.193333,3043.77,2269.451667,
860.0673893,1695.511429,-2404.476667,5667.99,2112.193333,2971.91,2182.731667,
860.0673893,1695.511429,-2404.476667,5667.99,2112.193333,2866.47,2086.101667,
860.0673893,1695.511429,-2404.476667,5667.99,2112.193333,2810.36,2056.481667,
860.0673893,1695.511429,-2404.476667,5667.99,2112.193333,2790.58,1998.321667,
969.1488429,1695.511429,-2679.4,5998.21,2235.2525,2829.8,2049.881667,
1015.65975,2133.96375,-2734.8625,5998.21,2235.2525,2953.66,2284.901667,
1015.65975,2133.96375,-2734.8625,5998.21,2235.2525,2938.72,2361.331667,
1015.65975,2133.96375,-2734.8625,6041.564286,2251.41,3183.38,2573.391667,
969.1488429,2298.643333,-2679.4,6041.564286,2251.41,3346.66,2816.561667,
969.1488429,2298.643333,-2679.4,5998.21,2235.2525,3431.37,3000,
860.0673893,2133.96375,-2404.476667,5667.99,2112.193333,3489.31,3000,
860.0673893,2133.96375,-2404.476667,5667.99,2112.193333,3438.41,3000,
860.0673893,2133.96375,-2404.476667,5998.21,2235.2525,3464.39,3000,
860.0673893,2298.643333,-2404.476667,5998.21,2235.2525,3523.67,3000,
969.1488429,2298.643333,-2679.4,5998.21,2235.2525,3511.42,3000,
969.1488429,2298.643333,-2679.4,6041.564286,2251.41,3450.09,3000,
1015.65975,2298.643333,-2734.8625,6041.564286,2251.41,3382.86,3000,
1015.65975,2298.643333,-2734.8625,6041.564286,2251.41,3269.08,3000,
1015.65975,2298.643333,-2734.8625,6041.564286,2251.41,3240.33,3000,
1015.65975,2298.643333,-2734.8625,6041.564286,2251.41,3202.4,3000,
1015.65975,2133.96375,-2734.8625,5998.21,2235.2525,3173.68,3000,
969.1488429,2133.96375,-2679.4,5667.99,2112.193333,3051.57,2881.441667,
969.1488429,1695.511429,-2679.4,5667.99,2112.193333,3056.2,2585.171667,
868.7107519,1717.341429,-2431.408889,5735.662222,2137.414444,3076.17,2318.083333,
868.7107519,1717.341429,-2431.408889,5735.662222,2137.414444,3000.81,2225.983333,
868.7107519,1717.341429,-2431.408889,5735.662222,2137.414444,2890.22,2123.353333,
868.7107519,1717.341429,-2431.408889,5735.662222,2137.414444,2831.36,2091.893333,
868.7107519,1717.341429,-2431.408889,5735.662222,2137.414444,2825.91,2029.353333,
975.1408088,1717.341429,-2706.577143,6044.84375,2252.63125,2851.75,2084.883333,
1020.552825,2154.72875,-2760.85875,6044.84375,2252.63125,2981.66,2334.493333,
1020.552825,2154.72875,-2760.85875,6044.84375,2252.63125,2966,2415.663333,
1020.552825,2154.72875,-2760.85875,6082.174286,2266.542857,3222.59,2640.903333,
975.1408088,2319.933333,-2706.577143,6082.174286,2266.542857,3393.85,2899.163333,
975.1408088,2319.933333,-2706.577143,6044.84375,2252.63125,3482.69,3000,
868.7107519,2154.72875,-2431.408889,5735.662222,2137.414444,3543.46,3000,
868.7107519,2154.72875,-2431.408889,5735.662222,2137.414444,3490.07,3000,
868.7107519,2154.72875,-2431.408889,6044.84375,2252.63125,3517.32,3000,
868.7107519,2319.933333,-2431.408889,6044.84375,2252.63125,3597.98,3000,
975.1408088,2319.933333,-2706.577143,6044.84375,2252.63125,3566.65,3000,
975.1408088,2319.933333,-2706.577143,6082.174286,2266.542857,3502.33,3000,
1020.552825,2319.933333,-2760.85875,6082.174286,2266.542857,3431.82,3000,
1020.552825,2319.933333,-2760.85875,6082.174286,2266.542857,3312.48,3000,
1020.552825,2319.933333,-2760.85875,6082.174286,2266.542857,3282.33,3000,
1020.552825,2319.933333,-2760.85875,6082.174286,2266.542857,3242.54,3000,
1020.552825,2154.72875,-2760.85875,6044.84375,2252.63125,3212.42,3000,
975.1408088,2154.72875,-2706.577143,5735.662222,2137.414444,3084.35,2968.063333,
975.1408088,1717.341429,-2706.577143,5735.662222,2137.414444,3089.2,2653.413333,
874.4111897,1739.35,-2455.376667,5795.143333,2159.576667,3108.71,2388.164,
874.4111897,1739.35,-2455.376667,5795.143333,2159.576667,3031.5,2290.794,
874.4111897,1739.35,-2455.376667,5795.143333,2159.576667,2918.2,2182.284,
874.4111897,1739.35,-2455.376667,5795.143333,2159.576667,2857.9,2149.014,
874.4111897,1739.35,-2455.376667,5795.143333,2159.576667,2857.13,2092.774,
979.4069608,1739.35,-2726.865714,6086.7225,2268.235,2878.79,2141.614,
1024.594916,2170.97875,-2780.49125,6086.7225,2268.235,3011.89,2405.504,
1024.594916,2170.97875,-2780.49125,6086.7225,2268.235,2995.84,2491.334,
1024.594916,2170.97875,-2780.49125,6120.557143,2280.845714,3258.73,2729.464,
979.4069608,2333.952222,-2726.865714,6120.557143,2280.845714,3434.18,3000,
979.4069608,2333.952222,-2726.865714,6086.7225,2268.235,3525.2,3000,
874.4111897,2170.97875,-2455.376667,5795.143333,2159.576667,3587.46,3000,
874.4111897,2170.97875,-2455.376667,5795.143333,2159.576667,3532.77,3000,
874.4111897,2170.97875,-2455.376667,6086.7225,2268.235,3560.68,3000,
874.4111897,2333.952222,-2455.376667,6086.7225,2268.235,3649.13,3000,
979.4069608,2333.952222,-2726.865714,6086.7225,2268.235,3611.22,3000,
979.4069608,2333.952222,-2726.865714,6120.557143,2280.845714,3545.33,3000,
1024.594916,2333.952222,-2780.49125,6120.557143,2280.845714,3473.08,3000,
1024.594916,2333.952222,-2780.49125,6120.557143,2280.845714,3350.82,3000,
1024.594916,2333.952222,-2780.49125,6120.557143,2280.845714,3319.92,3000,
1024.594916,2333.952222,-2780.49125,6120.557143,2280.845714,3279.17,3000,
1024.594916,2170.97875,-2780.49125,6086.7225,2268.235,3248.31,3000,
979.4069608,2170.97875,-2726.865714,5795.143333,2159.576667,3117.09,3000,
979.4069608,1739.35,-2726.865714,5795.143333,2159.576667,3122.07,2742.684,
876.2846624,1750.515714,-2470.97,5829.077778,2172.224444,3136.94,2477.934,
876.2846624,1750.515714,-2470.97,5829.077778,2172.224444,3058.89,2376.694,
876.2846624,1750.515714,-2470.97,5829.077778,2172.224444,2944.36,2263.884,
876.2846624,1750.515714,-2470.97,5829.077778,2172.224444,2884.68,2229.294,
876.2846624,1750.515714,-2470.97,5829.077778,2172.224444,2884.68,2178.214,
983.5077456,1750.515714,-2743.208571,6127.75875,2283.53,2904.52,2221.594,
1030.108617,2185.05375,-2798.44,6127.75875,2283.53,3039.06,2495.964,
1030.108617,2185.05375,-2798.44,6127.75875,2283.53,3022.84,2585.204,
1030.108617,2185.05375,-2798.44,6164.78,2297.325714,3288.58,2832.784,
983.5077456,2348.028889,-2743.208571,6164.78,2297.325714,3465.95,3000,
983.5077456,2348.028889,-2743.208571,6127.75875,2283.53,3557.96,3000,
876.2846624,2185.05375,-2470.97,5829.077778,2172.224444,3620.89,3000,
876.2846624,2185.05375,-2470.97,5829.077778,2172.224444,3565.6,3000,
876.2846624,2185.05375,-2470.97,6127.75875,2283.53,3593.82,3000,
876.2846624,2348.028889,-2470.97,6127.75875,2283.53,3687.17,3000,
983.5077456,2348.028889,-2743.208571,6127.75875,2283.53,3644.91,3000,
983.5077456,2348.028889,-2743.208571,6164.78,2297.325714,3578.3,3000,
1030.108617,2348.028889,-2798.44,6164.78,2297.325714,3505.27,3000,
1030.108617,2348.028889,-2798.44,6164.78,2297.325714,3381.68,3000,
1030.108617,2348.028889,-2798.44,6164.78,2297.325714,3350.45,3000,
1030.108617,2348.028889,-2798.44,6164.78,2297.325714,3309.25,3000,
1030.108617,2185.05375,-2798.44,6127.75875,2283.53,3278.05,3000,
983.5077456,2185.05375,-2743.208571,5829.077778,2172.224444,3145.41,3000,
983.5077456,1750.515714,-2743.208571,5829.077778,2172.224444,3150.44,2846.534,
878.53806,1759.547143,-2484.396667,5846.052222,2178.551111,3164.9,2565.521,
878.53806,1759.547143,-2484.396667,5846.052222,2178.551111,3089.62,2458.481,
878.53806,1759.547143,-2484.396667,5846.052222,2178.551111,2979.16,2339.191,
878.53806,1759.547143,-2484.396667,5846.052222,2178.551111,2920.37,2302.621,
878.53806,1759.547143,-2484.396667,5846.052222,2178.551111,2919.38,2251.641,
987.5204933,1759.547143,-2758.051429,6174.4875,2300.94125,2940.74,2294.491,
1034.998912,2197.72,-2814.73375,6174.4875,2300.94125,3070.5,2584.591,
1034.998912,2197.72,-2814.73375,6174.4875,2300.94125,3054.85,2678.941,
1034.998912,2197.72,-2814.73375,6216.808571,2316.712857,3311.15,2940.721,
987.5204933,2361.184444,-2758.051429,6216.808571,2316.712857,3482.21,3000,
987.5204933,2361.184444,-2758.051429,6174.4875,2300.94125,3570.95,3000,
878.53806,2197.72,-2484.396667,5846.052222,2178.551111,3631.65,3000,
878.53806,2197.72,-2484.396667,5846.052222,2178.551111,3578.33,3000,
878.53806,2197.72,-2484.396667,6174.4875,2300.94125,3605.54,3000,
878.53806,2361.184444,-2484.396667,6174.4875,2300.94125,3691.48,3000,
987.5204933,2361.184444,-2758.051429,6174.4875,2300.94125,3654.82,3000,
987.5204933,2361.184444,-2758.051429,6216.808571,2316.712857,3590.57,3000,
1034.998912,2361.184444,-2814.73375,6216.808571,2316.712857,3520.14,3000,
1034.998912,2361.184444,-2814.73375,6216.808571,2316.712857,3400.94,3000,
1034.998912,2361.184444,-2814.73375,6216.808571,2316.712857,3370.82,3000,
1034.998912,2361.184444,-2814.73375,6216.808571,2316.712857,3331.08,3000,
1034.998912,2197.72,-2814.73375,6174.4875,2300.94125,3301,3000,
987.5204933,2197.72,-2758.051429,5846.052222,2178.551111,3173.07,3000,
987.5204933,1759.547143,-2758.051429,5846.052222,2178.551111,3177.92,2955.261,
882.1386668,1773.855714,-2500.794444,5877.813333,2190.386667,3179.73,2656.0075,
882.1386668,1773.855714,-2500.794444,5877.813333,2190.386667,3103.8,2543.3775,
882.1386668,1773.855714,-2500.794444,5877.813333,2190.386667,2992.39,2417.8575,
882.1386668,1773.855714,-2500.794444,5877.813333,2190.386667,2933.09,2379.3775,
882.1386668,1773.855714,-2500.794444,5877.813333,2190.386667,2931.68,2325.4775,
991.379131,1773.855714,-2773.377143,6216.46,2316.58375,2953.63,2370.8075,
1038.838073,2209.33125,-2829.00875,6216.46,2316.58375,3084.52,2676.0775,
1038.838073,2209.33125,-2829.00875,6216.46,2316.58375,3068.73,2775.3575,
1038.838073,2209.33125,-2829.00875,6258.598571,2332.287143,3327.25,3000,
991.379131,2372.413333,-2773.377143,6258.598571,2332.287143,3499.79,3000,
991.379131,2372.413333,-2773.377143,6216.46,2316.58375,3589.3,3000,
882.1386668,2209.33125,-2500.794444,5877.813333,2190.386667,3650.52,3000,
882.1386668,2209.33125,-2500.794444,5877.813333,2190.386667,3596.74,3000,
882.1386668,2209.33125,-2500.794444,6216.46,2316.58375,3624.19,3000,
882.1386668,2372.413333,-2500.794444,6216.46,2316.58375,3710.39,3000,
991.379131,2372.413333,-2773.377143,6216.46,2316.58375,3673.89,3000,
991.379131,2372.413333,-2773.377143,6258.598571,2332.287143,3609.09,3000,
1038.838073,2372.413333,-2829.00875,6258.598571,2332.287143,3538.04,3000,
1038.838073,2372.413333,-2829.00875,6258.598571,2332.287143,3417.82,3000,
1038.838073,2372.413333,-2829.00875,6258.598571,2332.287143,3387.43,3000,
1038.838073,2372.413333,-2829.00875,6258.598571,2332.287143,3347.35,3000,
1038.838073,2209.33125,-2829.00875,6216.46,2316.58375,3317.01,3000,
991.379131,2209.33125,-2773.377143,5877.813333,2190.386667,3187.97,3000,
991.379131,1773.855714,-2773.377143,5877.813333,2190.386667,3192.86,3000,
886.7601508,1787.044286,-2515.947778,5929.893333,2209.794444,3190.18,2741.60125,
886.7601508,1787.044286,-2515.947778,5929.893333,2209.794444,3114.64,2625.91125,
886.7601508,1787.044286,-2515.947778,5929.893333,2209.794444,3003.8,2496.98125,
886.7601508,1787.044286,-2515.947778,5929.893333,2209.794444,2946.44,2457.45125,
886.7601508,1787.044286,-2515.947778,5929.893333,2209.794444,2946.44,2406.59125,
994.6509325,1787.044286,-2787.63,6243.5025,2326.66,2965.24,2448.66125,
1041.480599,2220.07875,-2842.23,6243.5025,2326.66,3095.46,2762.21125,
1041.480599,2220.07875,-2842.23,6243.5025,2326.66,3079.75,2864.19125,
1041.480599,2220.07875,-2842.23,6279.858571,2340.21,3336.94,3000,
994.6509325,2382.881111,-2787.63,6279.858571,2340.21,3508.59,3000,
994.6509325,2382.881111,-2787.63,6243.5025,2326.66,3597.64,3000,
886.7601508,2220.07875,-2515.947778,5929.893333,2209.794444,3658.54,3000,
886.7601508,2220.07875,-2515.947778,5929.893333,2209.794444,3605.04,3000,
886.7601508,2220.07875,-2515.947778,6243.5025,2326.66,3632.35,3000,
886.7601508,2382.881111,-2515.947778,6243.5025,2326.66,3723.61,3000,
994.6509325,2382.881111,-2787.63,6243.5025,2326.66,3681.79,3000,
994.6509325,2382.881111,-2787.63,6279.858571,2340.21,3617.32,3000,
1041.480599,2382.881111,-2842.23,6279.858571,2340.21,3546.65,3000,
1041.480599,2382.881111,-2842.23,6279.858571,2340.21,3427.04,3000,
1041.480599,2382.881111,-2842.23,6279.858571,2340.21,3396.81,3000,
1041.480599,2382.881111,-2842.23,6279.858571,2340.21,3356.94,3000,
1041.480599,2220.07875,-2842.23,6243.5025,2326.66,3326.75,3000,
994.6509325,2220.07875,-2787.63,5929.893333,2209.794444,3198.38,3000,
994.6509325,1787.044286,-2787.63,5929.893333,2209.794444,3203.24,3000,
888.4022776,1785.258571,-2516.295556,5961.813333,2221.691111,3186.92,2801.84125,
888.4022776,1785.258571,-2516.295556,5961.813333,2221.691111,3112.27,2685.37125,
888.4022776,1785.258571,-2516.295556,5961.813333,2221.691111,3002.74,2555.58125,
888.4022776,1785.258571,-2516.295556,5961.813333,2221.691111,2948.15,2515.78125,
888.4022776,1785.258571,-2516.295556,5961.813333,2221.691111,2948.15,2471.28125,
997.4707943,1785.258571,-2790.728571,6265.61875,2334.90375,2964.64,2506.93125,
1044.817296,2222.29625,-2845.55625,6265.61875,2334.90375,3093.31,2822.59125,
1044.817296,2222.29625,-2845.55625,6265.61875,2334.90375,3077.8,2925.26125,
1044.817296,2222.29625,-2845.55625,6299.698571,2347.602857,3331.94,3000,
997.4707943,2386.848889,-2790.728571,6299.698571,2347.602857,3501.56,3000,
997.4707943,2386.848889,-2790.728571,6265.61875,2334.90375,3589.55,3000,
888.4022776,2222.29625,-2516.295556,5961.813333,2221.691111,3649.74,3000,
888.4022776,2222.29625,-2516.295556,5961.813333,2221.691111,3596.87,3000,
888.4022776,2222.29625,-2516.295556,6265.61875,2334.90375,3623.85,3000,
888.4022776,2386.848889,-2516.295556,6265.61875,2334.90375,3718.91,3000,
997.4707943,2386.848889,-2790.728571,6265.61875,2334.90375,3672.71,3000,
997.4707943,2386.848889,-2790.728571,6299.698571,2347.602857,3609.01,3000,
1044.817296,2386.848889,-2845.55625,6299.698571,2347.602857,3539.16,3000,
1044.817296,2386.848889,-2845.55625,6299.698571,2347.602857,3420.97,3000,
1044.817296,2386.848889,-2845.55625,6299.698571,2347.602857,3391.1,3000,
1044.817296,2386.848889,-2845.55625,6299.698571,2347.602857,3351.7,3000,
1044.817296,2222.29625,-2845.55625,6265.61875,2334.90375,3321.87,3000,
997.4707943,2222.29625,-2790.728571,5961.813333,2221.691111,3195.02,3000,
997.4707943,1785.258571,-2790.728571,5961.813333,2221.691111,3199.83,3000,
885.816941,1777.407143,-2503.307778,5980.936667,2228.814444,3177.6,2826.42625,
885.816941,1777.407143,-2503.307778,5980.936667,2228.814444,3105.31,2712.05625,
885.816941,1777.407143,-2503.307778,5980.936667,2228.814444,2999.22,2584.59625,
885.816941,1777.407143,-2503.307778,5980.936667,2228.814444,2944.7,2545.52625,
885.816941,1777.407143,-2503.307778,5980.936667,2228.814444,2944.7,2507.71625,
993.7011834,1777.407143,-2775.052857,6275.15,2338.45375,2962.32,2536.82625,
1040.248245,2209.28125,-2828.595,6275.15,2338.45375,3086.94,2846.79625,
1040.248245,2209.28125,-2828.595,6275.15,2338.45375,3071.91,2947.61625,
1040.248245,2209.28125,-2828.595,6308.891429,2351.03,3318.06,3000,
993.7011834,2372.447778,-2775.052857,6308.891429,2351.03,3482.35,3000,
993.7011834,2372.447778,-2775.052857,6275.15,2338.45375,3567.57,3000,
885.816941,2209.28125,-2503.307778,5980.936667,2228.814444,3625.86,3000,
885.816941,2209.28125,-2503.307778,5980.936667,2228.814444,3574.65,3000,
885.816941,2209.28125,-2503.307778,6275.15,2338.45375,3600.79,3000,
885.816941,2372.447778,-2503.307778,6275.15,2338.45375,3689.02,3000,
993.7011834,2372.447778,-2775.052857,6275.15,2338.45375,3648.11,3000,
993.7011834,2372.447778,-2775.052857,6308.891429,2351.03,3586.41,3000,
1040.248245,2372.447778,-2828.595,6308.891429,2351.03,3518.77,3000,
1040.248245,2372.447778,-2828.595,6308.891429,2351.03,3404.29,3000,
1040.248245,2372.447778,-2828.595,6308.891429,2351.03,3375.36,3000,
1040.248245,2372.447778,-2828.595,6308.891429,2351.03,3337.2,3000,
1040.248245,2209.28125,-2828.595,6275.15,2338.45375,3308.31,3000,
993.7011834,2209.28125,-2775.052857,5980.936667,2228.814444,3185.45,3000,
993.7011834,1777.407143,-2775.052857,5980.936667,2228.814444,3190.1,3000,
884.5141447,1763.302857,-2484.144444,5968.683333,2224.248889,3155.9,2791.745,
884.5141447,1763.302857,-2484.144444,5968.683333,2224.248889,3083.4,2681.715,
884.5141447,1763.302857,-2484.144444,5968.683333,2224.248889,2977.02,2559.115,
884.5141447,1763.302857,-2484.144444,5968.683333,2224.248889,2920.4,2521.525,
884.5141447,1763.302857,-2484.144444,5968.683333,2224.248889,2917.12,2487.035,
988.30987,1763.302857,-2753.681429,6257.83375,2332.00125,2940.02,2513.155,
1033.13135,2193.2225,-2808.1075,6257.83375,2332.00125,3064.99,2811.345,
1033.13135,2193.2225,-2808.1075,6257.83375,2332.00125,3049.92,2908.325,
1033.13135,2193.2225,-2808.1075,6293.368571,2345.244286,3296.75,3000,
988.30987,2354.657778,-2753.681429,6293.368571,2345.244286,3461.5,3000,
988.30987,2354.657778,-2753.681429,6257.83375,2332.00125,3546.96,3000,
884.5141447,2193.2225,-2484.144444,5968.683333,2224.248889,3605.41,3000,
884.5141447,2193.2225,-2484.144444,5968.683333,2224.248889,3554.06,3000,
884.5141447,2193.2225,-2484.144444,6257.83375,2332.00125,3580.27,3000,
884.5141447,2354.657778,-2484.144444,6257.83375,2332.00125,3660.23,3000,
988.30987,2354.657778,-2753.681429,6257.83375,2332.00125,3627.73,3000,
988.30987,2354.657778,-2753.681429,6293.368571,2345.244286,3565.85,3000,
1033.13135,2354.657778,-2808.1075,6293.368571,2345.244286,3498.02,3000,
1033.13135,2354.657778,-2808.1075,6293.368571,2345.244286,3383.22,3000,
1033.13135,2354.657778,-2808.1075,6293.368571,2345.244286,3354.22,3000,
1033.13135,2354.657778,-2808.1075,6293.368571,2345.244286,3315.95,3000,
1033.13135,2193.2225,-2808.1075,6257.83375,2332.00125,3286.97,3000,
988.30987,2193.2225,-2753.681429,5968.683333,2224.248889,3163.77,3000,
988.30987,1763.302857,-2753.681429,5968.683333,2224.248889,3168.44,3000,
881.0002917,1746.872857,-2462.527778,5940.28,2213.665556,3135.88,2716.465,
881.0002917,1746.872857,-2462.527778,5940.28,2213.665556,3066.03,2613.365,
881.0002917,1746.872857,-2462.527778,5940.28,2213.665556,2963.54,2498.475,
881.0002917,1746.872857,-2462.527778,5940.28,2213.665556,2908.98,2463.245,
881.0002917,1746.872857,-2462.527778,5940.28,2213.665556,2892.15,2424.645,
982.6539077,1746.872857,-2729.577143,6244.7125,2327.11125,2927.88,2455.405,
1026.862079,2175.93875,-2786.13875,6244.7125,2327.11125,3048.29,2734.825,
1026.862079,2175.93875,-2786.13875,6244.7125,2327.11125,3033.77,2825.705,
1026.862079,2175.93875,-2786.13875,6284.761429,2342.037143,3271.59,3000,
982.6539077,2335.07,-2729.577143,6284.761429,2342.037143,3430.32,3000,
982.6539077,2335.07,-2729.577143,6244.7125,2327.11125,3512.66,3000,
881.0002917,2175.93875,-2462.527778,5940.28,2213.665556,3568.98,3000,
881.0002917,2175.93875,-2462.527778,5940.28,2213.665556,3519.5,3000,
881.0002917,2175.93875,-2462.527778,6244.7125,2327.11125,3544.75,3000,
881.0002917,2335.07,-2462.527778,6244.7125,2327.11125,3605.27,3000,
982.6539077,2335.07,-2729.577143,6244.7125,2327.11125,3590.47,3000,
982.6539077,2335.07,-2729.577143,6284.761429,2342.037143,3530.86,3000,
1026.862079,2335.07,-2786.13875,6284.761429,2342.037143,3465.5,3000,
1026.862079,2335.07,-2786.13875,6284.761429,2342.037143,3354.9,3000,
1026.862079,2335.07,-2786.13875,6284.761429,2342.037143,3326.95,3000,
1026.862079,2335.07,-2786.13875,6284.761429,2342.037143,3290.08,3000,
1026.862079,2175.93875,-2786.13875,6244.7125,2327.11125,3262.16,3000,
982.6539077,2175.93875,-2729.577143,5940.28,2213.665556,3143.46,3000,
982.6539077,1746.872857,-2729.577143,5940.28,2213.665556,3147.96,3000,
874.7661191,1730.478571,-2442.963333,5921.447778,2206.646667,3113.66,2625.895,
874.7661191,1730.478571,-2442.963333,5921.447778,2206.646667,3044.56,2527.665,
874.7661191,1730.478571,-2442.963333,5921.447778,2206.646667,2943.17,2418.205,
874.7661191,1730.478571,-2442.963333,5921.447778,2206.646667,2889.2,2384.645,
874.7661191,1730.478571,-2442.963333,5921.447778,2206.646667,2862.49,2338.145,
978.0584502,1730.478571,-2710.442857,6233.635,2322.98375,2907.89,2377.175,
1023.066046,2161.41125,-2768.08625,6233.635,2322.98375,3027.01,2643.395,
1023.066046,2161.41125,-2768.08625,6233.635,2322.98375,3012.64,2729.975,
1023.066046,2161.41125,-2768.08625,6274.682857,2338.281429,3247.92,2970.205,
978.0584502,2320.496667,-2710.442857,6274.682857,2338.281429,3404.94,3000,
978.0584502,2320.496667,-2710.442857,6233.635,2322.98375,3486.4,3000,
874.7661191,2161.41125,-2442.963333,5921.447778,2206.646667,3542.12,3000,
874.7661191,2161.41125,-2442.963333,5921.447778,2206.646667,3493.17,3000,
874.7661191,2161.41125,-2442.963333,6233.635,2322.98375,3518.15,3000,
874.7661191,2320.496667,-2442.963333,6233.635,2322.98375,3565.87,3000,
978.0584502,2320.496667,-2710.442857,6233.635,2322.98375,3563.38,3000,
978.0584502,2320.496667,-2710.442857,6274.682857,2338.281429,3504.41,3000,
1023.066046,2320.496667,-2768.08625,6274.682857,2338.281429,3439.75,3000,
1023.066046,2320.496667,-2768.08625,6274.682857,2338.281429,3330.34,3000,
1023.066046,2320.496667,-2768.08625,6274.682857,2338.281429,3302.69,3000,
1023.066046,2320.496667,-2768.08625,6274.682857,2338.281429,3266.21,3000,
1023.066046,2161.41125,-2768.08625,6233.635,2322.98375,3238.59,3000,
978.0584502,2161.41125,-2710.442857,5921.447778,2206.646667,3121.16,3000,
978.0584502,1730.478571,-2710.442857,5921.447778,2206.646667,3125.61,2983.545,
871.0673967,1722.492857,-2430.923333,5918.706667,2205.625556,3090.77,2547.114,
871.0673967,1722.492857,-2430.923333,5918.706667,2205.625556,3019.33,2452.824,
871.0673967,1722.492857,-2430.923333,5918.706667,2205.625556,2914.51,2347.754,
871.0673967,1722.492857,-2430.923333,5918.706667,2205.625556,2858.72,2315.544,
871.0673967,1722.492857,-2430.923333,5918.706667,2205.625556,2832.46,2262.134,
973.1338121,1722.492857,-2697.388571,6220.7175,2318.16875,2878.05,2308.374,
1017.490555,2149.745,-2753.08125,6220.7175,2318.16875,3001.19,2563.914,
1017.490555,2149.745,-2753.08125,6220.7175,2318.16875,2986.33,2647.014,
1017.490555,2149.745,-2753.08125,6258.441429,2332.228571,3229.55,2877.604,
973.1338121,2308.762222,-2697.388571,6258.441429,2332.228571,3391.88,3000,
973.1338121,2308.762222,-2697.388571,6220.7175,2318.16875,3476.1,3000,
871.0673967,2149.745,-2430.923333,5918.706667,2205.625556,3533.69,3000,
871.0673967,2149.745,-2430.923333,5918.706667,2205.625556,3483.09,3000,
871.0673967,2149.745,-2430.923333,6220.7175,2318.16875,3508.92,3000,
871.0673967,2308.762222,-2430.923333,6220.7175,2318.16875,3559.89,3000,
973.1338121,2308.762222,-2697.388571,6220.7175,2318.16875,3555.68,3000,
973.1338121,2308.762222,-2697.388571,6258.441429,2332.228571,3494.71,3000,
1017.490555,2308.762222,-2753.08125,6258.441429,2332.228571,3427.87,3000,
1017.490555,2308.762222,-2753.08125,6258.441429,2332.228571,3314.76,3000,
1017.490555,2308.762222,-2753.08125,6258.441429,2332.228571,3286.17,3000,
1017.490555,2308.762222,-2753.08125,6258.441429,2332.228571,3248.47,3000,
1017.490555,2149.745,-2753.08125,6220.7175,2318.16875,3219.92,3000,
973.1338121,2149.745,-2697.388571,5918.706667,2205.625556,3098.52,3000,
973.1338121,1722.492857,-2697.388571,5918.706667,2205.625556,3103.12,2890.404,
868.3565888,1722.045714,-2425.764444,5921.296667,2206.588889,3082.43,2474.929,
868.3565888,1722.045714,-2425.764444,5921.296667,2206.588889,3013.36,2382.489,
868.3565888,1722.045714,-2425.764444,5921.296667,2206.588889,2912,2279.479,
868.3565888,1722.045714,-2425.764444,5921.296667,2206.588889,2858.06,2247.899,
868.3565888,1722.045714,-2425.764444,5921.296667,2206.588889,2837.48,2190.899,
967.9724222,1722.045714,-2688.277143,6202.11125,2311.2375,2876.74,2240.869,
1011.12838,2141.71375,-2742.09125,6202.11125,2311.2375,2995.81,2491.389,
1011.12838,2141.71375,-2742.09125,6202.11125,2311.2375,2981.45,2572.869,
1011.12838,2141.71375,-2742.09125,6236.58,2324.082857,3216.63,2798.929,
967.9724222,2298.7,-2688.277143,6236.58,2324.082857,3373.58,3000,
967.9724222,2298.7,-2688.277143,6202.11125,2311.2375,3455.01,3000,
868.3565888,2141.71375,-2425.764444,5921.296667,2206.588889,3510.7,3000,
868.3565888,2141.71375,-2425.764444,5921.296667,2206.588889,3461.77,3000,
868.3565888,2141.71375,-2425.764444,6202.11125,2311.2375,3486.75,3000,
868.3565888,2298.7,-2425.764444,6202.11125,2311.2375,3541.84,3000,
967.9724222,2298.7,-2688.277143,6202.11125,2311.2375,3531.96,3000,
967.9724222,2298.7,-2688.277143,6236.58,2324.082857,3473.01,3000,
1011.12838,2298.7,-2742.09125,6236.58,2324.082857,3408.38,3000,
1011.12838,2298.7,-2742.09125,6236.58,2324.082857,3299.01,3000,
1011.12838,2298.7,-2742.09125,6236.58,2324.082857,3271.37,3000,
1011.12838,2298.7,-2742.09125,6236.58,2324.082857,3234.91,3000,
1011.12838,2141.71375,-2742.09125,6202.11125,2311.2375,3207.31,3000,
967.9724222,2141.71375,-2688.277143,5921.296667,2206.588889,3089.93,3000,
967.9724222,1722.045714,-2688.277143,5921.296667,2206.588889,3094.37,2811.479,
863.539489,1717.132857,-2416.441111,5908.835556,2201.944444,3078.16,2415.018,
863.539489,1717.132857,-2416.441111,5908.835556,2201.944444,3011.56,2321.358,
863.539489,1717.132857,-2416.441111,5908.835556,2201.944444,2913.84,2216.978,
863.539489,1717.132857,-2416.441111,5908.835556,2201.944444,2861.83,2184.978,
863.539489,1717.132857,-2416.441111,5908.835556,2201.944444,2844.41,2131.598,
963.0614713,1717.132857,-2675.838571,6186.7325,2305.50625,2879.85,2177.858,
1006.362181,2131.80125,-2728.995,6186.7325,2305.50625,2994.64,2431.708,
1006.362181,2131.80125,-2728.995,6186.7325,2305.50625,2980.8,2514.268,
1006.362181,2131.80125,-2728.995,6222.22,2318.73,3207.54,2743.328,
963.0614713,2286.925556,-2675.838571,6222.22,2318.73,3358.87,3000,
963.0614713,2286.925556,-2675.838571,6186.7325,2305.50625,3437.38,3000,
863.539489,2131.80125,-2416.441111,5908.835556,2201.944444,3491.08,3000,
863.539489,2131.80125,-2416.441111,5908.835556,2201.944444,3443.9,3000,
863.539489,2131.80125,-2416.441111,6186.7325,2305.50625,3467.98,3000,
863.539489,2286.925556,-2416.441111,6186.7325,2305.50625,3524.02,3000,
963.0614713,2286.925556,-2675.838571,6186.7325,2305.50625,3511.57,3000,
963.0614713,2286.925556,-2675.838571,6222.22,2318.73,3454.73,3000,
1006.362181,2286.925556,-2728.995,6222.22,2318.73,3392.42,3000,
1006.362181,2286.925556,-2728.995,6222.22,2318.73,3286.97,3000,
1006.362181,2286.925556,-2728.995,6222.22,2318.73,3260.33,3000,
1006.362181,2286.925556,-2728.995,6222.22,2318.73,3225.17,3000,
1006.362181,2131.80125,-2728.995,6186.7325,2305.50625,3198.56,3000,
963.0614713,2131.80125,-2675.838571,5908.835556,2201.944444,3085.38,3000,
963.0614713,1717.132857,-2675.838571,5908.835556,2201.944444,3089.67,2756.048,
856.9734893,1712.132857,-2407.072222,5897.97,2197.898889,3074.09,2367.289091,
856.9734893,1712.132857,-2407.072222,5897.97,2197.898889,3008.52,2275.449091,
856.9734893,1712.132857,-2407.072222,5897.97,2197.898889,2912.31,2173.099091,
856.9734893,1712.132857,-2407.072222,5897.97,2197.898889,2861.1,2141.719091,
856.9734893,1712.132857,-2407.072222,5897.97,2197.898889,2842.03,2086.009091,
958.9595992,1712.132857,-2663.404286,6173.0875,2300.42125,2878.84,2134.739091,
1003.506627,2121.89375,-2715.92875,6173.0875,2300.42125,2991.87,2383.649091,
1003.506627,2121.89375,-2715.92875,6173.0875,2300.42125,2978.24,2464.609091,
1003.506627,2121.89375,-2715.92875,6208.851429,2313.748571,3201.48,2689.229091,
958.9595992,2275.186667,-2663.404286,6208.851429,2313.748571,3350.48,2946.779091,
958.9595992,2275.186667,-2663.404286,6173.0875,2300.42125,3427.77,3000,
856.9734893,2121.89375,-2407.072222,5897.97,2197.898889,3480.64,3000,
856.9734893,2121.89375,-2407.072222,5897.97,2197.898889,3434.19,3000,
856.9734893,2121.89375,-2407.072222,6173.0875,2300.42125,3457.9,3000,
856.9734893,2275.186667,-2407.072222,6173.0875,2300.42125,3510.75,3000,
958.9595992,2275.186667,-2663.404286,6173.0875,2300.42125,3500.82,3000,
958.9595992,2275.186667,-2663.404286,6208.851429,2313.748571,3444.86,3000,
1003.506627,2275.186667,-2715.92875,6208.851429,2313.748571,3383.51,3000,
1003.506627,2275.186667,-2715.92875,6208.851429,2313.748571,3279.69,3000,
1003.506627,2275.186667,-2715.92875,6208.851429,2313.748571,3253.45,3000,
1003.506627,2275.186667,-2715.92875,6208.851429,2313.748571,3218.84,3000,
1003.506627,2121.89375,-2715.92875,6173.0875,2300.42125,3192.63,3000,
958.9595992,2121.89375,-2663.404286,5897.97,2197.898889,3081.21,3000,
958.9595992,1712.132857,-2663.404286,5897.97,2197.898889,3085.43,2701.699091,
854.1433768,1712.281429,-2403.512222,5898.477778,2198.086667,3077.29,2334.970833,
854.1433768,1712.281429,-2403.512222,5898.477778,2198.086667,3011.16,2246.300833,
854.1433768,1712.281429,-2403.512222,5898.477778,2198.086667,2914.14,2147.480833,
854.1433768,1712.281429,-2403.512222,5898.477778,2198.086667,2862.5,2117.180833,
854.1433768,1712.281429,-2403.512222,5898.477778,2198.086667,2836.73,2054.790833,
954.4614002,1712.281429,-2655.844286,6180.54125,2303.19875,2880.39,2110.440833,
998.3689986,2116.245,-2708.0525,6180.54125,2303.19875,2994.37,2350.770833,
998.3689986,2116.245,-2708.0525,6180.54125,2303.19875,2980.62,2428.930833,
998.3689986,2116.245,-2708.0525,6218.365714,2317.294286,3205.75,2645.790833,
954.4614002,2266.991111,-2655.844286,6218.365714,2317.294286,3356.01,2894.460833,
954.4614002,2266.991111,-2655.844286,6180.54125,2303.19875,3433.95,3000,
854.1433768,2116.245,-2403.512222,5898.477778,2198.086667,3487.27,3000,
854.1433768,2116.245,-2403.512222,5898.477778,2198.086667,3440.43,3000,
854.1433768,2116.245,-2403.512222,6180.54125,2303.19875,3464.33,3000,
854.1433768,2266.991111,-2403.512222,6180.54125,2303.19875,3509.73,3000,
954.4614002,2266.991111,-2655.844286,6180.54125,2303.19875,3507.61,3000,
954.4614002,2266.991111,-2655.844286,6218.365714,2317.294286,3451.18,3000,
998.3689986,2266.991111,-2708.0525,6218.365714,2317.294286,3389.31,3000,
998.3689986,2266.991111,-2708.0525,6218.365714,2317.294286,3284.62,3000,
998.3689986,2266.991111,-2708.0525,6218.365714,2317.294286,3258.16,3000,
998.3689986,2266.991111,-2708.0525,6218.365714,2317.294286,3223.26,3000,
998.3689986,2116.245,-2708.0525,6180.54125,2303.19875,3196.83,3000,
954.4614002,2116.245,-2655.844286,5898.477778,2198.086667,3084.46,2960.800833,
954.4614002,1712.281429,-2655.844286,5898.477778,2198.086667,3088.72,2657.840833,
853.6911471,1714.932857,-2412.478889,5906.97,2201.251111,3085.77,2321.981667,
853.6911471,1714.932857,-2412.478889,5906.97,2201.251111,3018.47,2236.121667,
853.6911471,1714.932857,-2412.478889,5906.97,2201.251111,2919.73,2140.441667,
853.6911471,1714.932857,-2412.478889,5906.97,2201.251111,2867.17,2111.101667,
853.6911471,1714.932857,-2412.478889,5906.97,2201.251111,2833.31,2043.641667,
954.5742928,1714.932857,-2669.635714,6199.28125,2310.18125,2885.38,2104.581667,
998.7366033,2128.205,-2724.185,6199.28125,2310.18125,3001.38,2337.271667,
998.7366033,2128.205,-2724.185,6199.28125,2310.18125,2987.39,2412.951667,
998.7366033,2128.205,-2724.185,6239.074286,2325.011429,3216.51,2622.931667,
954.5742928,2281.418889,-2669.635714,6239.074286,2325.011429,3369.43,2863.701667,
954.5742928,2281.418889,-2669.635714,6199.28125,2310.18125,3448.76,3000,
853.6911471,2128.205,-2412.478889,5906.97,2201.251111,3503.02,3000,
853.6911471,2128.205,-2412.478889,5906.97,2201.251111,3455.35,3000,
853.6911471,2128.205,-2412.478889,6199.28125,2310.18125,3479.68,3000,
853.6911471,2281.418889,-2412.478889,6199.28125,2310.18125,3520.18,3000,
954.5742928,2281.418889,-2669.635714,6199.28125,2310.18125,3520.18,3000,
954.5742928,2281.418889,-2669.635714,6239.074286,2325.011429,3466.29,3000,
998.7366033,2281.418889,-2724.185,6239.074286,2325.011429,3403.33,3000,
998.7366033,2281.418889,-2724.185,6239.074286,2325.011429,3296.77,3000,
998.7366033,2281.418889,-2724.185,6239.074286,2325.011429,3269.85,3000,
998.7366033,2281.418889,-2724.185,6239.074286,2325.011429,3234.33,3000,
998.7366033,2128.205,-2724.185,6199.28125,2310.18125,3207.43,3000,
954.5742928,2128.205,-2669.635714,5906.97,2201.251111,3093.07,2927.931667,
954.5742928,1714.932857,-2669.635714,5906.97,2201.251111,3097.4,2634.591667,
855.4991051,1719.305714,-2424.676667,5922.56,2207.062222,3092.19,2338.201667,
855.4991051,1719.305714,-2424.676667,5922.56,2207.062222,3018.29,2248.001667,
855.4991051,1719.305714,-2424.676667,5922.56,2207.062222,2909.85,2147.481667,
855.4991051,1719.305714,-2424.676667,5922.56,2207.062222,2852.14,2116.671667,
855.4991051,1719.305714,-2424.676667,5922.56,2207.062222,2821.83,2046.821667,
959.3779767,1719.305714,-2688.404286,6226.24375,2320.23125,2872.13,2109.811667,
1004.745792,2143.245,-2744.435,6226.24375,2320.23125,2999.52,2354.261667,
1004.745792,2143.245,-2744.435,6226.24375,2320.23125,2984.16,2433.771667,
1004.745792,2143.245,-2744.435,6267.612857,2335.644286,3235.77,2654.351667,
959.3779767,2300.345556,-2688.404286,6267.612857,2335.644286,3403.7,2907.291667,
959.3779767,2300.345556,-2688.404286,6226.24375,2320.23125,3490.82,3000,
855.4991051,2143.245,-2424.676667,5922.56,2207.062222,3550.4,3000,
855.4991051,2143.245,-2424.676667,5922.56,2207.062222,3498.05,3000,
855.4991051,2143.245,-2424.676667,6226.24375,2320.23125,3524.77,3000,
855.4991051,2300.345556,-2424.676667,6226.24375,2320.23125,3573.7,3000,
959.3779767,2300.345556,-2688.404286,6226.24375,2320.23125,3573.14,3000,
959.3779767,2300.345556,-2688.404286,6267.612857,2335.644286,3510.07,3000,
1004.745792,2300.345556,-2744.435,6267.612857,2335.644286,3440.93,3000,
1004.745792,2300.345556,-2744.435,6267.612857,2335.644286,3323.91,3000,
1004.745792,2300.345556,-2744.435,6267.612857,2335.644286,3294.34,3000,
1004.745792,2300.345556,-2744.435,6267.612857,2335.644286,3255.33,3000,
1004.745792,2143.245,-2744.435,6226.24375,2320.23125,3225.8,3000,
959.3779767,2143.245,-2688.404286,5922.56,2207.062222,3100.21,2974.771667,
959.3779767,1719.305714,-2688.404286,5922.56,2207.062222,3104.97,2666.611667,
857.9558618,1733.517143,-2444.233333,5948.108889,2216.578889,3119.12,2382.116364,
857.9558618,1733.517143,-2444.233333,5948.108889,2216.578889,3045.61,2287.506364,
857.9558618,1733.517143,-2444.233333,5948.108889,2216.578889,2937.75,2182.076364,
857.9558618,1733.517143,-2444.233333,5948.108889,2216.578889,2880.34,2149.746364,
857.9558618,1733.517143,-2444.233333,5948.108889,2216.578889,2858.78,2084.556364,
964.6009419,1733.517143,-2710.212857,6260.54875,2333.01375,2900.23,2142.556364,
1011.074267,2159.92875,-2765.75375,6260.54875,2333.01375,3026.94,2398.966364,
1011.074267,2159.92875,-2765.75375,6260.54875,2333.01375,3011.66,2482.356364,
1011.074267,2159.92875,-2765.75375,6301.255714,2348.185714,3261.94,2713.736364,
964.6009419,2318.67,-2710.212857,6301.255714,2348.185714,3428.99,2979.036364,
964.6009419,2318.67,-2710.212857,6260.54875,2333.01375,3515.64,3000,
857.9558618,2159.92875,-2444.233333,5948.108889,2216.578889,3574.91,3000,
857.9558618,2159.92875,-2444.233333,5948.108889,2216.578889,3522.84,3000,
857.9558618,2159.92875,-2444.233333,6260.54875,2333.01375,3549.42,3000,
857.9558618,2318.67,-2444.233333,6260.54875,2333.01375,3608.47,3000,
964.6009419,2318.67,-2710.212857,6260.54875,2333.01375,3597.54,3000,
964.6009419,2318.67,-2710.212857,6301.255714,2348.185714,3534.8,3000,
1011.074267,2318.67,-2765.75375,6301.255714,2348.185714,3466.02,3000,
1011.074267,2318.67,-2765.75375,6301.255714,2348.185714,3349.62,3000,
1011.074267,2318.67,-2765.75375,6301.255714,2348.185714,3320.21,3000,
1011.074267,2318.67,-2765.75375,6301.255714,2348.185714,3281.4,3000,
1011.074267,2159.92875,-2765.75375,6260.54875,2333.01375,3252.02,3000,
964.6009419,2159.92875,-2710.212857,5948.108889,2216.578889,3127.1,3000,
964.6009419,1733.517143,-2710.212857,5948.108889,2216.578889,3131.83,2726.586364,
862.4954203,1754.317143,-2468.245556,5992.998889,2233.308889,3147.73,2452.834,
862.4954203,1754.317143,-2468.245556,5992.998889,2233.308889,3073.67,2357.164,
862.4954203,1754.317143,-2468.245556,5992.998889,2233.308889,2964.99,2250.544,
862.4954203,1754.317143,-2468.245556,5992.998889,2233.308889,2907.15,2217.854,
862.4954203,1754.317143,-2468.245556,5992.998889,2233.308889,2892.32,2152.584,
969.4275905,1754.317143,-2733.082857,6289.5,2343.8025,2927.18,2210.584,
1015.979454,2176.96625,-2786.75,6289.5,2343.8025,3054.85,2469.884,
1015.979454,2176.96625,-2786.75,6289.5,2343.8025,3039.46,2554.214,
1015.979454,2176.96625,-2786.75,6325.082857,2357.062857,3291.63,2788.204,
969.4275905,2335.531111,-2733.082857,6325.082857,2357.062857,3459.93,3000,
969.4275905,2335.531111,-2733.082857,6289.5,2343.8025,3547.24,3000,
862.4954203,2176.96625,-2468.245556,5992.998889,2233.308889,3606.95,3000,
862.4954203,2176.96625,-2468.245556,5992.998889,2233.308889,3554.49,3000,
862.4954203,2176.96625,-2468.245556,6289.5,2343.8025,3581.27,3000,
862.4954203,2335.531111,-2468.245556,6289.5,2343.8025,3649.1,3000,
969.4275905,2335.531111,-2733.082857,6289.5,2343.8025,3629.75,3000,
969.4275905,2335.531111,-2733.082857,6325.082857,2357.062857,3566.54,3000,
1015.979454,2335.531111,-2786.75,6325.082857,2357.062857,3497.24,3000,
1015.979454,2335.531111,-2786.75,6325.082857,2357.062857,3379.97,3000,
1015.979454,2335.531111,-2786.75,6325.082857,2357.062857,3350.33,3000,
1015.979454,2335.531111,-2786.75,6325.082857,2357.062857,3311.23,3000,
1015.979454,2176.96625,-2786.75,6289.5,2343.8025,3281.63,3000,
969.4275905,2176.96625,-2733.082857,5992.998889,2233.308889,3155.77,3000,
969.4275905,1754.317143,-2733.082857,5992.998889,2233.308889,3160.54,2801.194,
866.6339442,1770.098571,-2488.791111,6031.55,2247.676667,3169.62,2544.842,
866.6339442,1770.098571,-2488.791111,6031.55,2247.676667,3091.4,2445.382,
866.6339442,1770.098571,-2488.791111,6031.55,2247.676667,2976.62,2334.532,
866.6339442,1770.098571,-2488.791111,6031.55,2247.676667,2915.53,2300.552,
866.6339442,1770.098571,-2488.791111,6031.55,2247.676667,2906.01,2233.692,
974.5554024,1770.098571,-2754.988571,6313.2475,2352.6525,2936.69,2292.992,
1021.317272,2193.6225,-2807.8325,6313.2475,2352.6525,3071.53,2562.562,
1021.317272,2193.6225,-2807.8325,6313.2475,2352.6525,3055.27,2650.242,
1021.317272,2193.6225,-2807.8325,6344.927143,2364.457143,3321.6,2893.502,
974.5554024,2353.336667,-2754.988571,6344.927143,2364.457143,3499.35,3000,
974.5554024,2353.336667,-2754.988571,6313.2475,2352.6525,3591.57,3000,
866.6339442,2193.6225,-2488.791111,6031.55,2247.676667,3654.64,3000,
866.6339442,2193.6225,-2488.791111,6031.55,2247.676667,3599.23,3000,
866.6339442,2193.6225,-2488.791111,6313.2475,2352.6525,3627.51,3000,
866.6339442,2353.336667,-2488.791111,6313.2475,2352.6525,3706.57,3000,
974.5554024,2353.336667,-2754.988571,6313.2475,2352.6525,3678.71,3000,
974.5554024,2353.336667,-2754.988571,6344.927143,2364.457143,3611.95,3000,
1021.317272,2353.336667,-2807.8325,6344.927143,2364.457143,3538.76,3000,
1021.317272,2353.336667,-2807.8325,6344.927143,2364.457143,3414.9,3000,
1021.317272,2353.336667,-2807.8325,6344.927143,2364.457143,3383.6,3000,
1021.317272,2353.336667,-2807.8325,6344.927143,2364.457143,3342.31,3000,
1021.317272,2193.6225,-2807.8325,6313.2475,2352.6525,3311.05,3000,
974.5554024,2193.6225,-2754.988571,6031.55,2247.676667,3178.11,3000,
974.5554024,1770.098571,-2754.988571,6031.55,2247.676667,3183.15,2907.012,
870.7671132,1784.697143,-2506.396667,6056.17,2256.853333,3193.66,2660.285,
870.7671132,1784.697143,-2506.396667,6056.17,2256.853333,3113.84,2555.355,
870.7671132,1784.697143,-2506.396667,6056.17,2256.853333,2996.72,2438.425,
870.7671132,1784.697143,-2506.396667,6056.17,2256.853333,2934.38,2402.575,
870.7671132,1784.697143,-2506.396667,6056.17,2256.853333,2932.24,2338.635,
979.1454141,1784.697143,-2772.381429,6328.33875,2358.275,2955.98,2394.595,
1025.889975,2206.8475,-2824.31,6328.33875,2358.275,3093.56,2678.975,
1025.889975,2206.8475,-2824.31,6328.33875,2358.275,3076.97,2771.465,
1025.889975,2206.8475,-2824.31,6357.318571,2369.077143,3348.73,3000,
979.1454141,2366.707778,-2772.381429,6357.318571,2369.077143,3530.1,3000,
979.1454141,2366.707778,-2772.381429,6328.33875,2358.275,3624.2,3000,
870.7671132,2206.8475,-2506.396667,6056.17,2256.853333,3688.55,3000,
870.7671132,2206.8475,-2506.396667,6056.17,2256.853333,3632.01,3000,
870.7671132,2206.8475,-2506.396667,6328.33875,2358.275,3660.87,3000,
870.7671132,2366.707778,-2506.396667,6328.33875,2358.275,3750.68,3000,
979.1454141,2366.707778,-2772.381429,6328.33875,2358.275,3713.12,3000,
979.1454141,2366.707778,-2772.381429,6357.318571,2369.077143,3645,3000,
1025.889975,2366.707778,-2824.31,6357.318571,2369.077143,3570.31,3000,
1025.889975,2366.707778,-2824.31,6357.318571,2369.077143,3443.93,3000,
1025.889975,2366.707778,-2824.31,6357.318571,2369.077143,3411.99,3000,
1025.889975,2366.707778,-2824.31,6357.318571,2369.077143,3369.86,3000,
1025.889975,2206.8475,-2824.31,6328.33875,2358.275,3337.96,3000,
979.1454141,2206.8475,-2772.381429,6056.17,2256.853333,3202.32,3000,
979.1454141,1784.697143,-2772.381429,6056.17,2256.853333,3207.46,3000,
874.2207998,1775.324286,-2497.584444,6031.325556,2247.593333,3212.59,2809.89,
874.2207998,1775.324286,-2497.584444,6031.325556,2247.593333,3131.78,2699.36,
874.2207998,1775.324286,-2497.584444,6031.325556,2247.593333,3013.19,2576.19,
874.2207998,1775.324286,-2497.584444,6031.325556,2247.593333,2952.78,2538.42,
874.2207998,1775.324286,-2497.584444,6031.325556,2247.593333,2952.78,2482.6,
982.5464422,1775.324286,-2766.474286,6318.09375,2354.4575,2971.94,2530.02,
1029.592468,2202.15625,-2819.02875,6318.09375,2354.4575,3111.25,2829.58,
1029.592468,2202.15625,-2819.02875,6318.09375,2354.4575,3094.45,2927,
1029.592468,2202.15625,-2819.02875,6350.672857,2366.6,3369.6,3000,
982.5464422,2363.743333,-2766.474286,6350.672857,2366.6,3553.24,3000,
982.5464422,2363.743333,-2766.474286,6318.09375,2354.4575,3648.51,3000,
874.2207998,2202.15625,-2497.584444,6031.325556,2247.593333,3713.67,3000,
874.2207998,2202.15625,-2497.584444,6031.325556,2247.593333,3656.42,3000,
874.2207998,2202.15625,-2497.584444,6318.09375,2354.4575,3685.64,3000,
874.2207998,2363.743333,-2497.584444,6318.09375,2354.4575,3785.5,3000,
982.5464422,2363.743333,-2766.474286,6318.09375,2354.4575,3738.54,3000,
982.5464422,2363.743333,-2766.474286,6350.672857,2366.6,3669.57,3000,
1029.592468,2363.743333,-2819.02875,6350.672857,2366.6,3593.95,3000,
1029.592468,2363.743333,-2819.02875,6350.672857,2366.6,3465.99,3000,
1029.592468,2363.743333,-2819.02875,6350.672857,2366.6,3433.65,3000,
1029.592468,2363.743333,-2819.02875,6350.672857,2366.6,3391,3000,
1029.592468,2202.15625,-2819.02875,6318.09375,2354.4575,3358.7,3000,
982.5464422,2202.15625,-2766.474286,6031.325556,2247.593333,3221.36,3000,
982.5464422,1775.324286,-2766.474286,6031.325556,2247.593333,3226.57,3000,
873.7863625,1762.118571,-2480.654444,5992.002222,2232.94,3228.66,2958.892857,
873.7863625,1762.118571,-2480.654444,5992.002222,2232.94,3149.81,2843.912857,
873.7863625,1762.118571,-2480.654444,5992.002222,2232.94,3034.11,2715.782857,
873.7863625,1762.118571,-2480.654444,5992.002222,2232.94,2973.49,2676.502857,
873.7863625,1762.118571,-2480.654444,5992.002222,2232.94,2973.49,2633.992857,
979.5681176,1762.118571,-2748.57,6299.96125,2347.7,2993.86,2667.762857,
1025.566823,2188.6875,-2802.02,6299.96125,2347.7,3129.78,2979.382857,
1025.566823,2188.6875,-2802.02,6299.96125,2347.7,3113.39,3000,
1025.566823,2188.6875,-2802.02,6338.227143,2361.961429,3381.85,3000,
979.5681176,2349.352222,-2748.57,6338.227143,2361.961429,3561.03,3000,
979.5681176,2349.352222,-2748.57,6299.96125,2347.7,3653.98,3000,
873.7863625,2188.6875,-2480.654444,5992.002222,2232.94,3717.55,3000,
873.7863625,2188.6875,-2480.654444,5992.002222,2232.94,3661.7,3000,
873.7863625,2188.6875,-2480.654444,6299.96125,2347.7,3690.21,3000,
873.7863625,2349.352222,-2480.654444,6299.96125,2347.7,3783.73,3000,
979.5681176,2349.352222,-2748.57,6299.96125,2347.7,3741.82,3000,
979.5681176,2349.352222,-2748.57,6338.227143,2361.961429,3674.52,3000,
1025.566823,2349.352222,-2802.02,6338.227143,2361.961429,3600.75,3000,
1025.566823,2349.352222,-2802.02,6338.227143,2361.961429,3475.9,3000,
1025.566823,2349.352222,-2802.02,6338.227143,2361.961429,3444.35,3000,
1025.566823,2349.352222,-2802.02,6338.227143,2361.961429,3402.72,3000,
1025.566823,2188.6875,-2802.02,6299.96125,2347.7,3371.21,3000,
979.5681176,2188.6875,-2748.57,5992.002222,2232.94,3237.21,3000,
979.5681176,1762.118571,-2748.57,5992.002222,2232.94,3242.29,3000,
873.210278,1752.775714,-2463.647778,5960.658889,2221.258889,3245.21,3000,
873.210278,1752.775714,-2463.647778,5960.658889,2221.258889,3172.08,2996.748,
873.210278,1752.775714,-2463.647778,5960.658889,2221.258889,3064.76,2865.638,
873.210278,1752.775714,-2463.647778,5960.658889,2221.258889,3007.64,2825.448,
873.210278,1752.775714,-2463.647778,5960.658889,2221.258889,2995.08,2790.528,
978.466626,1752.775714,-2725.367143,6274.975,2338.39,3027.42,2816.508,
1024.230916,2171.44125,-2779.24375,6274.975,2338.39,3153.5,3000,
1024.230916,2171.44125,-2779.24375,6274.975,2338.39,3138.29,3000,
1024.230916,2171.44125,-2779.24375,6315.46,2353.477143,3387.31,3000,
978.466626,2327.877778,-2725.367143,6315.46,2353.477143,3553.51,3000,
978.466626,2327.877778,-2725.367143,6274.975,2338.39,3639.72,3000,
873.210278,2171.44125,-2463.647778,5960.658889,2221.258889,3698.69,3000,
873.210278,2171.44125,-2463.647778,5960.658889,2221.258889,3646.89,3000,
873.210278,2171.44125,-2463.647778,6274.975,2338.39,3673.33,3000,
873.210278,2327.877778,-2463.647778,6274.975,2338.39,3742.82,3000,
978.466626,2327.877778,-2725.367143,6274.975,2338.39,3721.2,3000,
978.466626,2327.877778,-2725.367143,6315.46,2353.477143,3658.78,3000,
1024.230916,2327.877778,-2779.24375,6315.46,2353.477143,3590.35,3000,
1024.230916,2327.877778,-2779.24375,6315.46,2353.477143,3474.54,3000,
1024.230916,2327.877778,-2779.24375,6315.46,2353.477143,3445.28,3000,
1024.230916,2327.877778,-2779.24375,6315.46,2353.477143,3406.67,3000,
1024.230916,2171.44125,-2779.24375,6274.975,2338.39,3377.44,3000,
978.466626,2171.44125,-2725.367143,5960.658889,2221.258889,3253.15,3000,
978.466626,1752.775714,-2725.367143,5960.658889,2221.258889,3257.86,3000,
874.5580031,1680.578571,-2414.868889,5816.816667,2167.655556,3239.65,3000,
874.5580031,1680.578571,-2414.868889,5816.816667,2167.655556,3165.38,3000,
874.5580031,1680.578571,-2414.868889,5816.816667,2167.655556,3056.41,2974.61,
874.5580031,1680.578571,-2414.868889,5816.816667,2167.655556,2998.41,2934.88,
874.5580031,1680.578571,-2414.868889,5816.816667,2167.655556,2983.76,2900.05,
979.6392034,1680.578571,-2715.242857,6306.66,2350.1975,3018.51,2926.04,
1025.325181,2166.85,-2781.96,6306.66,2350.1975,3146.52,3000,
1025.325181,2166.85,-2781.96,6306.66,2350.1975,3131.08,3000,
1025.325181,2166.85,-2781.96,6377.021429,2376.418571,3383.93,3000,
979.6392034,2344.887778,-2715.242857,6377.021429,2376.418571,3552.68,3000,
979.6392034,2344.887778,-2715.242857,6306.66,2350.1975,3640.22,3000,
874.5580031,2166.85,-2414.868889,5816.816667,2167.655556,3700.1,3000,
874.5580031,2166.85,-2414.868889,5816.816667,2167.655556,3647.5,3000,
874.5580031,2166.85,-2414.868889,6306.66,2350.1975,3674.35,3000,
874.5580031,2344.887778,-2414.868889,6306.66,2350.1975,3742.61,3000,
979.6392034,2344.887778,-2715.242857,6306.66,2350.1975,3722.96,3000,
979.6392034,2344.887778,-2715.242857,6377.021429,2376.418571,3659.58,3000,
1025.325181,2344.887778,-2781.96,6377.021429,2376.418571,3590.09,3000,
1025.325181,2344.887778,-2781.96,6377.021429,2376.418571,3472.5,3000,
1025.325181,2344.887778,-2781.96,6377.021429,2376.418571,3442.79,3000,
1025.325181,2344.887778,-2781.96,6377.021429,2376.418571,3403.59,3000,
1025.325181,2166.85,-2781.96,6306.66,2350.1975,3373.91,3000,
979.6392034,2166.85,-2715.242857,5816.816667,2167.655556,3247.71,3000,
979.6392034,1680.578571,-2715.242857,5816.816667,2167.655556,3252.49,3000,