Voll,Demand_segment,Cost_of_demand_curtailment_perMW,Max_demand_curtailment,$/MWh,Time_Index,Load_MW_z1,Load_MW_z2,Load_MW_z3,Load_MW_z4,Load_MW_z5,Load_MW_z6
3200,1,1,1,3200,1,9018.678603,7056.966409,6943.509308,22900.01458,0,2251.4632
,,,,,2,8916.98205,6962.761521,6860.139493,22560.40162,0,2256.1816
,,,,,3,8900.774263,6974.440366,6860.139493,22122.94065,0,2192.6798
,,,,,4,8900.774263,6821.93594,6860.139493,22122.94065,0,2213.2245
,,,,,5,9254.457527,6987.540314,6860.139493,22122.94065,0,2123.1817
,,,,,6,10696.52869,7433.908424,7586.4832,22712.31578,0,2219.5157
,,,,,7,11611.82144,8066.037351,8047.860506,23519.87721,0,2295.5016
,,,,,8,11441.89006,7956.319662,8155.863018,23287.25367,0,2323.1239
,,,,,9,11843.20718,7899.260303,8601.921067,24212.69543,0,2364.4099
,,,,,10,12086.36757,7990.760608,8933.745144,25197.19252,0,2439.0196
,,,,,11,12719.94691,8389.477186,9693.741387,25587.22276,0,2520.8052
,,,,,12,12549.28625,8487.170654,8870.623455,25008.39971,0,2567.8909
,,,,,13,11591.70689,8079.075585,8740.381553,24634.32524,0,2444.5244
,,,,,14,11725.89854,7886.011225,8903.793987,25125.92165,0,2470.6722
,,,,,15,11704.52853,8096.411749,8829.055481,25183.98296,0,2491.5118
,,,,,16,11953.52592,8082.204393,9009.397486,25315.41193,0,2533.7808
,,,,,17,13251.68652,8261.15062,9167.11899,25223.47485,0,2576.6396
,,,,,18,12936.68696,8651.167262,9024.400868,24618.60285,0,2576.6396
,,,,,19,12103.68349,8651.167262,8699.587232,24336.75473,0,2576.6396
,,,,,20,12447.78499,8556.214571,8973.442446,24701.76547,0,2576.6396
,,,,,21,11961.61977,8419.403753,8778.60745,24858.44774,0,2576.6396
,,,,,22,11063.24027,8330.19232,8364.933143,26061.60782,0,2517.9545
,,,,,23,10145.86968,7773.473583,7769.876753,24820.46351,0,2417.9834
,,,,,24,9266.767328,7377.155531,7263.562891,23614.18815,0,2339.2451
,,,,,25,9059.146293,7033.047994,7028.634038,23071.19585,0,2244.8771
,,,,,26,8957.355411,6936.829369,6947.897181,22727.40349,0,2249.6938
,,,,,27,8943.860141,6948.757863,6947.897181,22283.57347,0,2186.2903
,,,,,28,8943.860141,6795.494466,6947.897181,22283.57347,0,2206.835
,,,,,29,9295.143912,6962.137838,6947.897181,22283.57347,0,2133.0117
,,,,,30,10738.55266,7418.047573,7661.536212,22881.18716,0,2213.0279
,,,,,31,11654.69438,8063.688975,8115.68638,23698.6867,0,2288.9155
,,,,,32,11484.60538,7951.625946,8221.997112,23463.20042,0,2316.4395
,,,,,33,11886.29474,7893.346878,8661.067987,24400.03096,0,2357.6272
,,,,,34,12129.68067,7986.803106,8987.694282,25396.64358,0,2432.1386
,,,,,35,12763.84768,8394.042704,9743.397424,25791.47365,0,2513.8259
,,,,,36,12593.02873,8493.824481,8925.561348,25205.52742,0,2560.715
,,,,,37,11634.56118,8077.005916,8797.35959,24826.84947,0,2437.6434
,,,,,38,11768.87729,7879.814585,8958.212288,25324.49563,0,2463.6929
,,,,,39,11747.48746,8094.71266,8884.644506,25383.27146,0,2484.5325
,,,,,40,11996.71581,8080.201606,9062.161585,25516.31783,0,2526.7032
,,,,,41,13292.06524,8262.973012,9217.412497,25423.24934,0,2576.6396
,,,,,42,12980.78877,8662.771966,9076.92995,24810.93361,0,2576.6396
,,,,,43,12147.01266,8662.771966,8757.204283,24525.61696,0,2575.7549
,,,,,44,12491.43332,8564.344291,9026.769755,24895.11965,0,2576.0498
,,,,,45,12004.81716,8424.608986,8834.986706,25053.7301,0,2576.6396
,,,,,46,11105.60437,8333.490556,8427.792305,26267.85422,0,2510.8769
,,,,,47,10187.38289,7764.871324,7842.05704,25015.27842,0,2411.1024
,,,,,48,9307.46513,7360.081523,7343.674214,23794.15825,0,2332.5607
,,,,,49,9048.264323,6878.044976,7081.246657,22999.82486,0,2233.1794
,,,,,50,8946.582941,6780.71226,7005.255481,22669.92839,0,2237.6029
,,,,,51,8933.19872,6792.778871,7005.255481,22247.27459,0,2177.7382
,,,,,52,8933.19872,6638.435931,7005.255481,22247.27459,0,2197.1033
,,,,,53,9284.00807,6806.313769,7005.255481,22247.27459,0,2127.3103
,,,,,54,10725.86409,7267.502369,7695.995432,22817.49621,0,2203.0013
,,,,,55,11641.02028,7920.619492,8137.119305,23601.9529,0,2274.662
,,,,,56,11471.11426,7807.258913,8240.380749,23375.98483,0,2300.7115
,,,,,57,11872.3715,7748.305046,8666.857847,24274.94924,0,2339.6383
,,,,,58,12115.49561,7842.84338,8984.115589,25231.27937,0,2409.9228
,,,,,59,12748.98043,8254.798304,9732.080786,25610.15064,0,2487.0883
,,,,,60,12578.34523,8355.735429,8923.764801,25047.88801,0,2531.3233
,,,,,61,11620.90874,7934.090627,8799.240227,24684.516,0,2415.1327
,,,,,62,11755.08036,7734.616066,8955.479221,25162.04759,0,2439.806
,,,,,63,11733.71354,7952.002392,8884.021567,25218.44774,0,2459.3677
,,,,,64,11982.67378,7937.323318,9056.446961,25346.11645,0,2499.2775
,,,,,65,13276.87142,8122.210988,9207.244845,25256.80974,0,2546.3632
,,,,,66,12965.68814,8527.681215,9070.791729,24669.24344,0,2546.3632
,,,,,67,12132.80895,8527.681215,8760.236686,24395.45913,0,2545.5768
,,,,,68,12476.85911,8427.07177,9022.070268,24750.02674,0,2545.8717
,,,,,69,11990.76642,8285.718505,8835.788092,24902.22624,0,2546.3632
,,,,,70,11092.52095,8193.545038,8440.273162,26079.89642,0,2484.3359
,,,,,71,10175.28723,7618.341905,7871.338418,24865.32876,0,2390.0662
,,,,,72,9296.316034,7208.865144,7387.250602,23693.56555,0,2315.8497
,,,,,73,8974.32035,6769.921959,7068.394137,22771.75749,0,2183.6362
,,,,,74,8873.123057,6674.121657,6998.644757,22456.85883,0,2187.9614
,,,,,75,8837.642112,6685.99829,6998.644757,22057.06052,0,2131.4389
,,,,,76,8837.642112,6528.054246,6998.644757,22057.06052,0,2149.7227
,,,,,77,9208.941759,6699.320093,6998.644757,22057.06052,0,2083.3702
,,,,,78,10643.93333,7153.247705,7659.266504,22597.7179,0,2155.3258
,,,,,79,11554.73261,7796.082101,8083.257438,23346.51147,0,2222.8579
,,,,,80,11385.63548,7684.506279,8182.50828,23130.81641,0,2247.3346
,,,,,81,11784.98241,7626.480587,8592.421309,23988.91192,0,2284.0988
,,,,,82,12026.94905,7719.530502,8897.356984,24901.76519,0,2350.4513
,,,,,83,12657.41794,8124.999575,9635.144786,25263.41215,0,2423.095
,,,,,84,12487.59511,8224.347539,8839.350178,24726.71121,0,2464.8725
,,,,,85,11534.71682,7809.341145,8719.662051,24379.85889,0,2355.268
,,,,,86,11668.24967,7613.007128,8869.832832,24835.68084,0,2378.5651
,,,,,87,11646.98458,7826.970906,8801.150544,24889.51692,0,2397.0455
,,,,,88,11894.75956,7812.522941,8966.879057,25011.38153,0,2434.6944
,,,,,89,13214.45774,7994.499725,9111.820057,24926.1349,0,2478.8311
,,,,,90,12873.09394,8394.168072,8980.666684,24365.28065,0,2478.8311
,,,,,91,12044.17996,8394.168072,8682.173379,24103.94317,0,2478.2413
,,,,,92,12386.59215,8294.560755,8933.83753,24442.39136,0,2478.6345
,,,,,93,11902.81367,8155.432967,8754.790422,24587.67154,0,2478.8311
,,,,,94,11008.8446,8064.710686,8374.637013,25725.997,0,2420.5392
,,,,,95,10095.97769,7498.563596,7827.799292,24552.4515,0,2331.676
,,,,,96,9221.191127,7095.533669,7362.513105,23433.95921,0,2261.6864
,,,,,97,8927.089075,6713.911613,6938.224591,22517.71578,0,2130.3576
,,,,,98,8826.42338,6618.905138,6866.204794,22208.61062,0,2134.7811
,,,,,99,8770.604474,6630.683359,6866.204794,21817.64112,0,2075.4079
,,,,,100,8770.604474,6419.875587,6866.204794,21817.64112,0,2094.5764
,,,,,101,9160.477999,6643.894774,6866.204794,21817.64112,0,2025.1766
,,,,,102,10587.93145,7094.061017,7537.781866,22346.87817,0,2100.4744
,,,,,103,11493.94622,7731.568711,7968.004809,23081.89547,0,2171.5453
,,,,,104,11325.73738,7620.917437,8068.714485,22870.16875,0,2197.3982
,,,,,105,11722.9865,7563.372561,8484.6526,23712.47707,0,2236.0301
,,,,,106,11963.68207,7655.65144,8794.070356,24608.53571,0,2305.7248
,,,,,107,12590.83906,8057.760685,9535.560128,24963.5291,0,2382.3005
,,,,,108,12421.90832,8156.285424,8735.21094,24436.70236,0,2426.2406
,,,,,109,11474.03557,7744.717887,8613.763583,24096.23141,0,2310.9347
,,,,,110,11606.86697,7550.010747,8766.141642,24543.66718,0,2335.4114
,,,,,111,11585.71358,7762.201563,8696.449831,24596.51278,0,2354.8748
,,,,,112,11832.18698,7747.873317,8864.614296,24716.13533,0,2394.3914
,,,,,113,13174.56919,7928.342192,9011.685704,24632.45706,0,2441.0839
,,,,,114,12805.3821,8345.047968,8878.60458,24081.92138,0,2441.0839
,,,,,115,11980.82246,8345.047968,8575.723887,23825.39198,0,2440.2975
,,,,,116,12321.43594,8225.916834,8831.08711,24157.61341,0,2440.6907
,,,,,117,11840.19879,8087.941897,8649.408287,24300.22074,0,2441.0839
,,,,,118,10950.92581,7997.971366,8263.667213,25423.34777,0,2379.5481
,,,,,119,10042.85425,7436.515526,7708.791825,24265.64867,0,2286.0648
,,,,,120,9172.66302,7036.825215,7236.666653,23167.73435,0,2212.4381
,,,,,121,8980.510478,6748.283923,6851.116675,22442.33751,0,2114.2364
,,,,,122,8879.243514,6652.790294,6774.872549,22125.40769,0,2118.7582
,,,,,123,8845.582153,6664.628908,6774.872549,21722.51404,0,2058.9918
,,,,,124,8845.582153,6425.067577,6774.872549,21722.51404,0,2078.3569
,,,,,125,9215.293417,6677.908066,6774.872549,21722.51404,0,1994.7036
,,,,,126,10651.27294,7130.382577,7466.833047,22267.17533,0,2084.2549
,,,,,127,11562.69927,7771.159151,7908.651237,23020.79877,0,2155.719
,,,,,128,11393.48573,7659.940502,8012.075211,22803.71243,0,2181.6702
,,,,,129,11793.10759,7602.10056,8439.223571,23667.34284,0,2220.4987
,,,,,130,12035.24081,7694.852606,8756.980667,24586.0842,0,2290.5866
,,,,,131,12666.14377,8099.023704,9505.358306,24950.06386,0,2367.4572
,,,,,132,12496.20402,8198.053637,8696.534889,24409.90109,0,2411.6922
,,,,,133,11542.6697,7784.37575,8571.814317,24060.81149,0,2295.7965
,,,,,134,11676.29449,7588.670231,8728.299227,24519.5736,0,2320.3715
,,,,,135,11655.01475,7801.949075,8656.729101,24573.75693,0,2339.9332
,,,,,136,11902.96032,7787.54736,8829.425888,24696.40759,0,2379.6464
,,,,,137,13220.83123,7968.941606,8980.461122,24610.6111,0,2430.5658
,,,,,138,12881.96825,8402.512397,8843.793233,24046.13923,0,2430.5658
,,,,,139,12052.48359,8395.943834,8532.749386,23783.11607,0,2425.8474
,,,,,140,12395.13152,8268.042089,8794.995086,24123.74731,0,2426.1423
,,,,,141,11911.01998,8129.359673,8608.419708,24269.96459,0,2430.5658
,,,,,142,11016.43544,8038.92781,8212.282249,25413.61852,0,2364.8031
,,,,,143,10102.94004,7474.593053,7642.452018,24234.51737,0,2270.73
,,,,,144,9227.551218,7072.853294,7157.602262,23108.81057,0,2196.8084
,,,,,145,9086.811085,6796.665408,6803.210326,22537.77898,0,2111.3857
,,,,,146,8986.009979,6701.873376,6725.000999,22214.06977,0,2115.8092
,,,,,147,8973.518481,6713.625011,6725.000999,21800.84486,0,2056.2394
,,,,,148,8973.518481,6560.899292,6725.000999,21800.84486,0,2075.5062
,,,,,149,9320.513954,6726.806606,6725.000999,21800.84486,0,1987.3311
,,,,,150,10749.88755,7175.956765,7426.444077,22358.86994,0,2081.4042
,,,,,151,11657.12105,7812.02552,7873.656497,23128.61402,0,2152.77
,,,,,152,11488.68594,7701.624,7978.34319,22906.88402,0,2178.6229
,,,,,153,11886.46942,7644.209011,8410.706674,23788.98821,0,2217.4514
,,,,,154,12127.48877,7736.279603,8732.343317,24727.38222,0,2287.441
,,,,,155,12755.48938,8137.481235,9483.925263,25099.1477,0,2364.2133
,,,,,156,12586.3314,8235.783591,8671.159547,24547.4304,0,2408.35
,,,,,157,11637.18362,7825.145016,8544.916241,24190.87349,0,2292.6509
,,,,,158,11770.1937,7630.877356,8703.3117,24659.4489,0,2317.2259
,,,,,159,11749.01185,7842.589229,8630.867764,24714.79125,0,2336.6893
,,,,,160,11995.8168,7828.293324,8805.673033,24840.06552,0,2376.4025
,,,,,161,13280.75509,8008.354857,8958.552281,24752.43377,0,2427.4202
,,,,,162,12970.32101,8401.223724,8820.215792,24175.88737,0,2429.8777
,,,,,163,12144.65222,8401.223724,8505.37436,23907.23792,0,2422.5052
,,,,,164,12485.72387,8305.257834,8770.82186,24255.15556,0,2422.8001
,,,,,165,12003.83938,8167.594324,8581.968553,24404.50054,0,2428.1083
,,,,,166,11113.37019,8077.826868,8180.994588,25565.93928,0,2361.5592
,,,,,167,10204.07714,7517.638309,7604.207209,24368.29507,0,2267.6827
,,,,,168,9332.715365,7118.850152,7113.437844,23218.50846,0,2193.7611
,,,,,169,9203.994231,6822.936406,6847.755699,22622.53034,0,2124.7545
,,,,,170,9106.624983,6737.562428,6779.524978,22309.76462,0,2129.2763
,,,,,171,9097.613876,6748.146481,6779.524978,21913.21673,0,2069.3133
,,,,,172,9097.613876,6598.970396,6779.524978,21913.21673,0,2088.6784
,,,,,173,9429.740491,6760.01842,6779.524978,21913.21673,0,1997.5543
,,,,,174,10810.44987,7164.543304,7432.818819,22449.66959,0,2094.6747
,,,,,175,11686.79585,7737.415505,7852.641226,23193.39128,0,2166.4337
,,,,,176,11524.09525,7637.982919,7950.916269,22979.15721,0,2192.4832
,,,,,177,11908.33587,7586.272391,8356.799179,23831.44049,0,2231.5083
,,,,,178,12141.1495,7669.195318,8658.736836,24738.11064,0,2301.9894
,,,,,179,12747.76931,8030.535598,9394.048428,25097.30801,0,2379.2532
,,,,,180,12584.37046,8119.071131,8601.300332,24564.24237,0,2423.6848
,,,,,181,11667.53721,7749.231515,8482.788935,24219.73941,0,2307.1993
,,,,,182,11796.01884,7574.265301,8631.483291,24672.47391,0,2331.8726
,,,,,183,11775.55815,7764.94256,8563.476263,24725.94533,0,2351.5326
,,,,,184,12013.96042,7752.067024,8727.575393,24846.9845,0,2391.5407
,,,,,185,13262.80004,7914.238559,8871.091384,24762.31528,0,2442.8533
,,,,,186,12955.28682,8261.356487,8741.227465,24205.25992,0,2447.4734
,,,,,187,12157.72861,8261.356487,8445.668839,23945.69259,0,2437.9383
,,,,,188,12487.18819,8181.642767,8694.858718,24281.84833,0,2438.2332
,,,,,189,12021.70986,8057.656803,8517.571938,24426.14447,0,2443.5414
,,,,,190,11161.55744,7976.808185,8141.156061,25558.87446,0,2376.5991
,,,,,191,10283.22203,7472.277109,7599.694654,24391.16299,0,2282.1328
,,,,,192,9441.526495,7113.110514,7138.982995,23280.2467,0,2207.7197
,,,,,193,9203.548016,6767.510593,6845.720886,22534.19102,0,2147.5601
,,,,,194,9107.088765,6680.779116,6780.015825,22222.20272,0,2152.1802
,,,,,195,9099.000524,6691.531462,6780.015825,21826.83956,0,2091.4308
,,,,,196,9099.000524,6541.84374,6780.015825,21826.83956,0,2111.0908
,,,,,197,9427.184488,6703.592172,6780.015825,21826.83956,0,2013.9704
,,,,,198,10794.98998,7114.549248,7421.122736,22361.75995,0,2117.0871
,,,,,199,11663.14578,7696.530465,7834.012527,23103.63302,0,2189.7308
,,,,,200,11501.96576,7595.51684,7930.664734,22889.93145,0,2215.9769
,,,,,201,11882.61532,7542.984083,8329.845214,23740.09628,0,2255.4935
,,,,,202,12113.25312,7627.225535,8626.79691,24644.51278,0,2326.6627
,,,,,203,12714.20356,7994.311345,9357.990355,25002.81732,0,2404.8112
,,,,,204,12552.33181,8084.254647,8570.308867,24471.07668,0,2449.636
,,,,,205,11644.06713,7708.534356,8453.754475,24127.43003,0,2331.9709
,,,,,206,11771.34799,7530.786073,8599.993409,24579.0392,0,2356.9391
,,,,,207,11751.07852,7724.495217,8533.109395,24632.37771,0,2376.7957
,,,,,208,11987.25272,7711.414951,8694.498721,24753.11603,0,2417.197
,,,,,209,13226.52037,7876.165112,8835.644803,24668.65726,0,2469.0011
,,,,,210,12919.78164,8229.877483,8707.925354,24112.98654,0,2478.0447
,,,,,211,12129.67728,8229.877483,8417.247351,23854.06439,0,2464.0861
,,,,,212,12456.05779,8147.82121,8662.322304,24189.38457,0,2464.381
,,,,,213,11994.92974,8021.863794,8487.963098,24333.32205,0,2469.6892
,,,,,214,11142.81616,7939.729634,8117.763056,25464.01259,0,2402.0588
,,,,,215,10272.68953,7427.176207,7585.242915,24298.42752,0,2306.6095
,,,,,216,9438.860343,7062.298644,7132.139085,23190.27255,0,2231.41
,,,,,217,9080.42099,6708.269085,6791.872055,22457.86456,0,2169.2844
,,,,,218,8981.444686,6613.342581,6726.832672,22160.19637,0,2173.9045
,,,,,219,8970.803797,6625.110887,6726.832672,21786.65592,0,2112.6636
,,,,,220,8970.803797,6464.911553,6726.832672,21786.65592,0,2132.4219
,,,,,221,9309.893135,6638.311182,6726.832672,21786.65592,0,2047.8839
,,,,,222,10713.39078,7088.098501,7364.727519,22293.34798,0,2138.5165
,,,,,223,11604.20064,7725.069579,7775.790106,23001.16944,0,2211.8483
,,,,,224,11438.81471,7614.511445,7872.014588,22797.27667,0,2238.3893
,,,,,225,11829.39711,7557.015007,8269.428534,23608.41934,0,2278.2991
,,,,,226,12066.05328,7649.21621,8565.066099,24471.32356,0,2350.2547
,,,,,227,12682.6852,8050.986984,9295.174139,24813.1821,0,2429.0913
,,,,,228,12516.58949,8149.428791,8508.828039,24305.84809,0,2474.4076
,,,,,229,11584.62413,7738.207687,8392.789446,23977.97466,0,2355.5629
,,,,,230,11715.22633,7543.66444,8538.381215,24408.85518,0,2380.7277
,,,,,231,11694.42794,7755.676646,8471.793189,24459.74548,0,2400.7809
,,,,,232,11936.76497,7741.360461,8632.468303,24574.94197,0,2441.5754
,,,,,233,13202.50872,7921.677428,8772.989756,24494.35982,0,2493.5761
,,,,,234,12893.62774,8318.116833,8645.835517,23964.19411,0,2493.5761
,,,,,235,12082.90602,8318.116833,8356.443881,23717.15637,0,2488.956
,,,,,236,12417.80326,8219.001589,8600.434279,24037.08552,0,2489.3492
,,,,,237,11944.64232,8081.142791,8426.846682,24174.41633,0,2493.5761
,,,,,238,11070.2933,7991.247992,8058.284925,25267.54001,0,2426.3389
,,,,,239,10177.46118,7430.264753,7528.1214,24141.12344,0,2329.9066
,,,,,240,9321.873665,7030.910877,7077.022737,23083.83226,0,2253.9207
,,,,,241,9085.609797,6767.906244,6775.974882,22353.43755,0,2181.1787
,,,,,242,8988.018137,6672.995938,6713.589932,22048.02645,0,2185.8971
,,,,,243,8978.781472,6684.762236,6713.589932,21662.68641,0,2124.263
,,,,,244,8978.781472,6531.991941,6713.589932,21662.68641,0,2144.2179
,,,,,245,9311.871708,6697.960278,6713.589932,21662.68641,0,2068.3303
,,,,,246,10695.73491,7147.670845,7338.676487,22184.64159,0,2150.2142
,,,,,247,11574.08266,7784.533227,7742.452992,22910.87483,0,2223.9392
,,,,,248,11411.01042,7673.993959,7836.971896,22701.67843,0,2250.6768
,,,,,249,11796.12872,7616.507333,8227.341681,23533.92047,0,2290.7832
,,,,,250,12029.47415,7708.692803,8517.739073,24419.27048,0,2363.132
,,,,,251,12637.47961,8110.395017,9243.518998,24770.02141,0,2442.4601
,,,,,252,12473.70752,8208.820025,8462.497832,24249.49068,0,2488.0713
,,,,,253,11554.78002,7797.669093,8348.516023,23913.08863,0,2368.4402
,,,,,254,11683.55514,7603.159044,8491.527178,24355.17718,0,2393.8016
,,,,,255,11663.04771,7815.135071,8426.119425,24407.39123,0,2414.0514
,,,,,256,11901.99454,7800.821329,8583.946573,24525.5842,0,2455.0425
,,,,,257,13153.17364,7981.107526,8721.977285,24442.90595,0,2504.7823
,,,,,258,12845.47113,8374.550938,8597.076853,23898.94962,0,2504.7823
,,,,,259,12046.09113,8374.550938,8312.814682,23645.48596,0,2502.6197
,,,,,260,12376.30326,8278.380951,8552.480352,23973.73707,0,2503.0129
,,,,,261,11909.76168,8140.545678,8381.969594,24114.64012,0,2504.7823
,,,,,262,11047.64449,8050.666219,8019.940592,25228.07629,0,2439.7077
,,,,,263,10167.30278,7489.778707,7499.174212,24080.48122,0,2342.6856
,,,,,264,9323.684634,7090.492979,7056.07127,22995.68787,0,2266.3065
,,,,,265,9121.808946,6985.391778,6728.975234,22366.30561,0,2205.5571
,,,,,266,9025.939099,6895.13006,6658.06557,22039.23504,0,2210.2755
,,,,,267,9018.448596,6906.32006,6658.06557,21620.8877,0,2147.9533
,,,,,268,9018.448596,6755.301802,6658.06557,21620.8877,0,2168.1048
,,,,,269,9344.078911,6918.871678,6658.06557,21620.8877,0,2078.7501
,,,,,270,10703.52657,7346.555983,7324.285972,22185.5388,0,2174.2977
,,,,,271,11566.3776,7952.225643,7751.461739,22963.27581,0,2248.8091
,,,,,272,11406.18245,7847.10045,7851.458109,22739.24339,0,2275.8416
,,,,,273,11784.50609,7792.429446,8264.450223,23630.50724,0,2316.3412
,,,,,274,12013.7346,7880.099787,8571.67644,24578.64542,0,2389.5747
,,,,,275,12611.013,8262.127129,9311.356112,24954.27127,0,2469.7875
,,,,,276,12450.13035,8355.731403,8513.233913,24396.825,0,2515.8902
,,,,,277,11547.41552,7964.71813,8392.646741,24036.56564,0,2394.9812
,,,,,278,11673.91865,7779.73494,8543.945539,24510.00668,0,2420.6375
,,,,,279,11653.77304,7981.328647,8474.74734,24565.92371,0,2440.9856
,,,,,280,11888.50412,7967.715974,8641.720732,24692.49881,0,2482.4682
,,,,,281,13121.572,8139.171979,8787.750465,24603.9571,0,2535.7468
,,,,,282,12815.33492,8510.03352,8655.611926,24021.42391,0,2537.0247
,,,,,283,12030.05841,8510.03352,8354.876471,23749.98484,0,2530.6352
,,,,,284,12354.4446,8421.885323,8608.431012,24101.51521,0,2530.9301
,,,,,285,11896.13423,8290.801049,8428.038981,24252.41097,0,2536.4349
,,,,,286,11049.2274,8205.323773,8045.030028,25422.66778,0,2466.9368
,,,,,287,10184.41759,7671.907831,7494.084705,24215.82956,0,2368.8334
,,,,,288,9355.683421,7292.178618,7025.303494,23054.1037,0,2291.6679
,,,,,289,9190.932211,7083.070717,6780.802832,22627.07198,0,2233.4743
,,,,,290,9093.847297,6985.894181,6693.668501,22287.45622,0,2238.1927
,,,,,291,9085.124544,6997.94143,6693.668501,21849.99098,0,2175.0841
,,,,,292,9085.124544,6844.316999,6693.668501,21849.99098,0,2195.5305
,,,,,293,9416.019255,7011.454609,6693.668501,21849.99098,0,2095.5594
,,,,,294,10792.69674,7471.903185,7438.176925,22439.37163,0,2201.7234
,,,,,295,11666.48365,8123.972313,7909.887351,23246.93972,0,2277.2178
,,,,,296,11504.25817,8010.793632,8020.308714,23014.31426,0,2304.6435
,,,,,297,11887.37673,7951.934363,8476.356789,23939.76364,0,2345.6346
,,,,,298,12119.51052,8046.321001,8815.61248,24924.26885,0,2419.7528
,,,,,299,12724.3589,8457.6149,9581.746854,25314.30229,0,2500.9486
,,,,,300,12561.4372,8558.390061,8751.077102,24735.47448,0,2547.6411
,,,,,301,11647.28125,8137.421832,8617.91827,24361.39693,0,2425.1593
,,,,,302,11775.3877,7938.267349,8784.990529,24852.99739,0,2451.2088
,,,,,303,11754.98675,8155.304856,8708.578161,24911.05918,0,2471.8518
,,,,,304,11992.69285,8140.649336,8892.95915,25042.48922,0,2513.8259
,,,,,305,13238.54165,8325.240334,9054.213024,24950.55139,0,2567.7926
,,,,,306,12931.27043,8729.69262,8908.298552,24345.67441,0,2576.6396
,,,,,307,12136.04121,8729.69262,8576.21031,24063.82396,0,2562.5827
,,,,,308,12464.53872,8629.611935,8856.198852,24428.83772,0,2562.9759
,,,,,309,12000.41966,8488.485487,8657.000283,24585.52127,0,2568.4807
,,,,,310,11142.77902,8396.459921,8234.061225,25788.68869,0,2498.0979
,,,,,311,10267.00849,7822.179762,7625.677806,24547.53673,0,2398.8149
,,,,,312,9427.770843,7413.360049,7108.024414,23341.25143,0,2320.5681
,,,,,313,9304.99806,7178.556672,6988.089813,23025.30067,0,2255.1003
,,,,,314,9207.840989,7077.083224,6894.613202,22675.98394,0,2259.917
,,,,,315,9199.04506,7089.663174,6894.613202,22223.7352,0,2196.3169
,,,,,316,9199.04506,6934.419251,6894.613202,22223.7352,0,2216.8616
,,,,,317,9530.252395,7103.773873,6894.613202,22223.7352,0,2121.4123
,,,,,318,10907.95306,7584.582373,7669.724689,22832.23875,0,2223.1528
,,,,,319,11782.3894,8265.484424,8158.843869,23662.87463,0,2299.3353
,,,,,320,11620.04334,8147.301256,8273.340399,23423.60434,0,2326.8593
,,,,,321,12003.44665,8085.839371,8746.2192,24375.48875,0,2368.2436
,,,,,322,12235.75297,8184.399559,9097.995324,25388.11588,0,2442.9516
,,,,,323,12841.05089,8613.879881,9874.470935,25789.29045,0,2524.8355
,,,,,324,12678.0081,8719.111076,9031.07823,25193.92869,0,2571.9212
,,,,,325,11763.17272,8279.528648,8893.005092,24809.16579,0,2448.4564
,,,,,326,11891.37438,8071.568035,9066.243252,25314.80859,0,2474.7025
,,,,,327,11870.95828,8298.202416,8987.01084,25374.52889,0,2495.4438
,,,,,328,12108.84104,8282.898865,9178.196519,25509.71317,0,2537.8111
,,,,,329,13355.44883,8475.652032,9345.401564,25415.14917,0,2576.6396
,,,,,330,13048.11619,8900.977818,9194.102031,24792.99417,0,2576.6396
,,,,,331,12252.29595,8900.977818,8849.757874,24503.09279,0,2576.6396
,,,,,332,12581.0376,8793.48221,9140.079561,24878.53299,0,2576.6396
,,,,,333,12116.5736,8646.115491,8933.52945,25039.69214,0,2576.6396
,,,,,334,11258.29554,8550.020777,8494.981573,26268.30872,0,2521.9848
,,,,,335,10381.87411,7950.347335,7864.145401,25000.62259,0,2421.8171
,,,,,336,9542.012716,7523.450601,7327.387702,23759.88032,0,2342.9805
,,,,,337,9346.404375,7297.049854,7140.228742,23201.96894,0,2273.2858
,,,,,338,9247.065406,7197.878648,7045.767194,22830.89825,0,2278.1025
,,,,,339,9236.056722,7210.173182,7045.767194,22345.49821,0,2214.1092
,,,,,340,9236.056722,7055.796967,7045.767194,22345.49821,0,2234.8505
,,,,,341,9576.717344,7223.963736,7045.767194,22345.49821,0,2150.5091
,,,,,342,10985.35763,7693.863598,7825.631243,22996.88394,0,2241.1417
,,,,,343,11879.43157,8359.317265,8317.45395,23879.24829,0,2317.7174
,,,,,344,11713.43963,8243.815449,8432.58334,23625.07726,0,2345.438
,,,,,345,12105.4532,8183.748019,8908.075901,24636.24098,0,2387.1172
,,,,,346,12342.97652,8280.072062,9261.796411,25711.93021,0,2462.2184
,,,,,347,12961.86788,8699.808285,10039.87798,26138.08822,0,2544.6921
,,,,,348,12795.16357,8802.651983,9194.509443,25505.64987,0,2576.6396
,,,,,349,11859.78333,8373.042852,9055.673128,25096.92557,0,2467.8215
,,,,,350,11990.86408,8169.800473,9229.868834,25634.05765,0,2494.1659
,,,,,351,11969.98948,8391.292947,9150.198478,25697.49707,0,2515.1038
,,,,,352,12213.21448,8376.336604,9342.440904,25841.10006,0,2557.6677
,,,,,353,13482.77299,8564.716565,9510.570148,25740.64702,0,2576.6396
,,,,,354,13173.58334,8978.858544,9358.434331,25079.74685,0,2576.6396
,,,,,355,12359.89101,8978.858544,9012.186869,24771.79165,0,2576.6396
,,,,,356,12696.01536,8875.335776,9304.113261,25170.61267,0,2576.6396
,,,,,357,12221.12069,8731.312529,9096.421478,25341.80812,0,2576.6396
,,,,,358,11343.5679,8637.398024,8655.4496,26627.49323,0,2541.7431
,,,,,359,10447.4643,8051.330042,8021.126584,25300.30549,0,2440.9856
,,,,,360,9588.741772,7634.118791,7481.402044,23982.29507,0,2361.6575
,,,,,361,9347.260076,7358.362623,7175.513787,23449.53781,0,2257.8527
,,,,,362,9247.54241,7265.044732,7077.433143,23080.46793,0,2262.4728
,,,,,363,9236.149674,7276.613614,7077.433143,22598.11696,0,2200.5438
,,,,,364,9236.149674,7124.443494,7077.433143,22598.11696,0,2220.597
,,,,,365,9578.451037,7289.590218,7077.433143,22598.11696,0,2148.7397
,,,,,366,10992.4613,7731.755498,7874.760223,23245.55863,0,2226.6916
,,,,,367,11889.94359,8357.932542,8376.516891,24123.16528,0,2300.7115
,,,,,368,11723.31887,8249.247912,8493.971695,23870.36474,0,2327.5474
,,,,,369,12116.82686,8192.725802,8979.068377,24876.07628,0,2367.8504
,,,,,370,12355.25565,8283.364575,9339.933423,25945.96541,0,2440.4941
,,,,,371,12976.50633,8678.326991,10123.91602,26369.82559,0,2520.1171
,,,,,372,12809.16651,8775.100615,9271.287376,25740.79733,0,2565.9249
,,,,,373,11870.22045,8370.848013,9129.64681,25334.27687,0,2445.8023
,,,,,374,12001.8009,8179.601472,9307.360966,25868.51274,0,2471.3603
,,,,,375,11980.84672,8388.020945,9226.081407,25931.6101,0,2491.6101
,,,,,376,12224.99894,8373.947361,9422.206795,26074.43878,0,2532.7978
,,,,,377,13498.54085,8551.208699,9593.731956,25974.52738,0,2576.6396
,,,,,378,13189.02889,8936.916494,9438.523262,25317.19078,0,2576.6396
,,,,,379,12372.23463,8936.916494,9085.282204,25010.89607,0,2576.6396
,,,,,380,12709.64034,8843.494441,9383.105001,25407.56665,0,2576.6396
,,,,,381,12232.93529,8707.971782,9171.218205,25577.83902,0,2576.6396
,,,,,382,11352.03713,8619.600328,8721.339464,26858.27528,0,2517.3647
,,,,,383,10452.51743,8068.123442,8074.20423,25536.56016,0,2419.9494
,,,,,384,9590.521304,7675.536968,7523.578195,24225.65644,0,2343.2754
,,,,,385,9361.971645,7294.568125,7205.507627,23583.6701,0,2231.1151
,,,,,386,9263.55049,7201.964347,7111.030558,23236.25001,0,2235.5386
,,,,,387,9253.4726,7213.444698,7111.030558,22786.89161,0,2175.7722
,,,,,388,9253.4726,7061.543725,7111.030558,22786.89161,0,2195.1373
,,,,,389,9590.156702,7226.321999,7111.030558,22786.89161,0,2125.3443
,,,,,390,10985.78226,7665.103622,7890.969501,23391.65642,0,2201.0353
,,,,,391,11871.59565,8286.488865,8382.834812,24217.7823,0,2272.5977
,,,,,392,11707.13735,8178.635941,8497.974176,23979.81114,0,2298.5489
,,,,,393,12095.52902,8122.546364,8973.507927,24926.52722,0,2337.4757
,,,,,394,12330.85781,8212.491527,9327.259078,25933.65621,0,2407.6619
,,,,,395,12944.03109,8604.431505,10105.36596,26332.65257,0,2484.7291
,,,,,396,12778.867,8700.464571,9259.966281,25740.52337,0,2528.9641
,,,,,397,11852.12895,8299.305501,9121.11794,25357.84957,0,2412.8718
,,,,,398,11981.99861,8109.522468,9295.328736,25860.74694,0,2437.4468
,,,,,399,11961.31687,8316.347018,9215.651478,25920.14299,0,2457.1068
,,,,,400,12202.29466,8302.381131,9407.910557,26054.59328,0,2496.9183
,,,,,401,13462.19897,8478.285981,9576.054365,25960.54272,0,2544.004
,,,,,402,13153.79047,8860.524768,9423.90537,25341.76576,0,2544.004
,,,,,403,12347.61602,8860.524768,9077.627913,25053.43843,0,2543.1193
,,,,,404,12680.63485,8768.335016,9369.579594,25426.84014,0,2543.5125
,,,,,405,12210.12783,8633.84944,9161.869819,25587.12426,0,2544.004
,,,,,406,11340.68294,8546.154246,8720.859741,26810.76526,0,2481.9767
,,,,,407,10452.85864,7998.89752,8086.481777,25548.26684,0,2387.8053
,,,,,408,9602.070034,7609.315303,7546.710484,24314.26128,0,2313.6871
,,,,,409,9358.972563,7151.615936,7249.589675,23460.83946,0,2202.903
,,,,,410,9262.998138,7055.067305,7164.65134,23121.64639,0,2207.6214
,,,,,411,9255.401579,7067.03671,7164.65134,22684.82531,0,2145.2992
,,,,,412,9255.401579,6913.648935,7164.65134,22684.82531,0,2165.4507
,,,,,413,9581.484987,7080.462575,7164.65134,22684.82531,0,2090.4478
,,,,,414,10942.41558,7537.93597,7898.563538,23273.37273,0,2171.6436
,,,,,415,11806.20783,8185.791765,8364.246231,24079.93569,0,2246.0567
,,,,,416,11645.83793,8073.344386,8473.256579,23847.59976,0,2273.0892
,,,,,417,12024.57426,8014.865435,8923.477061,24771.8973,0,2313.5888
,,,,,418,12254.05282,8108.642195,9258.397586,25755.17716,0,2386.6257
,,,,,419,12851.98275,8517.278526,10020.95134,26144.72516,0,2466.7402
,,,,,420,12690.9246,8617.40253,9194.686872,25566.61777,0,2512.7446
,,,,,421,11787.22506,8199.15438,9063.229604,25193.00581,0,2392.0322
,,,,,422,11913.86619,8001.28673,9228.166937,25683.99441,0,2417.5902
,,,,,423,11893.6986,8216.921853,9152.731002,25741.98393,0,2438.0366
,,,,,424,12128.68573,8202.361029,9334.755885,25873.2504,0,2479.4209
,,,,,425,13362.85364,8385.759297,9493.949183,25781.42699,0,2529.3573
,,,,,426,13056.52755,8787.161353,9349.899273,25177.30286,0,2529.3573
,,,,,427,12270.39443,8787.161353,9022.054608,24895.80321,0,2527.4896
,,,,,428,12595.13448,8688.164206,9298.465328,25260.36266,0,2527.8828
,,,,,429,12136.32417,8547.949643,9101.81221,25416.8512,0,2529.3573
,,,,,430,11288.4935,8456.518699,8684.277661,26618.90974,0,2463.8895
,,,,,431,10422.74033,7885.949241,8083.668446,25378.91394,0,2365.9827
,,,,,432,9593.102156,7479.77111,7572.629868,24174.13002,0,2288.8172
,,,,,433,9338.111535,7060.089612,7325.534015,23332.23285,0,2200.0523
,,,,,434,9244.051792,6964.640414,7252.877986,23000.56719,0,2204.6724
,,,,,435,9238.396991,6976.47352,7252.877986,22575.21729,0,2142.5468
,,,,,436,9238.396991,6823.500117,7252.877986,22575.21729,0,2162.6983
,,,,,437,9556.184856,6989.746499,7252.877986,22575.21729,0,2067.3473
,,,,,438,10889.965,7442.010488,7927.525031,23148.9264,0,2168.7929
,,,,,439,11736.52467,8082.488925,8359.494349,23937.59002,0,2243.1077
,,,,,440,11579.35414,7971.322024,8460.612829,23710.41012,0,2270.1402
,,,,,441,11950.53471,7913.508993,8878.239333,24614.19555,0,2310.5415
,,,,,442,12175.4352,8006.217885,9188.913088,25575.65435,0,2383.4801
,,,,,443,12761.43647,8410.200933,9931.44025,25956.55745,0,2463.4963
,,,,,444,12603.59142,8509.18479,9129.814748,25391.27949,0,2509.5007
,,,,,445,11717.92061,8095.699376,9007.874408,25025.95876,0,2388.8866
,,,,,446,11842.03526,7900.084913,9160.871005,25506.05129,0,2414.4446
,,,,,447,11822.27001,8113.264524,9090.896298,25562.7539,0,2434.7927
,,,,,448,12052.56917,8098.86951,9259.743382,25691.10729,0,2476.177
,,,,,449,13266.59713,8280.179358,9407.411787,25601.32163,0,2529.3573
,,,,,450,12961.90062,8676.240601,9273.790456,25010.6043,0,2535.6485
,,,,,451,12191.45079,8676.240601,8969.680299,24735.35172,0,2524.2457
,,,,,452,12509.7123,8579.140678,9226.080101,25091.82082,0,2524.5406
,,,,,453,12060.05522,8440.522787,9043.663802,25244.83656,0,2530.0454
,,,,,454,11229.1387,8350.132999,8656.356915,26427.14796,0,2460.7439
,,,,,455,10380.65723,7786.060812,8099.22916,25207.7412,0,2362.9354
,,,,,456,9567.570263,7384.507971,7625.187522,24029.69398,0,2285.8682
,,,,,457,9268.390289,7087.855894,7298.731006,23316.07248,0,2195.5305
,,,,,458,9174.962029,6997.774415,7222.358069,22991.64026,0,2200.1506
,,,,,459,9169.947641,7008.94207,7222.358069,22577.31355,0,2138.1233
,,,,,460,9169.947641,6857.991744,7222.358069,22577.31355,0,2158.2748
,,,,,461,9484.999544,7021.468625,7222.358069,22577.31355,0,2076.7841
,,,,,462,10809.82517,7448.298911,7914.940113,23136.76384,0,2164.3694
,,,,,463,11650.70135,8052.759143,8357.111874,23908.22715,0,2238.5859
,,,,,464,11494.586,7947.843869,8460.618614,23686.00191,0,2265.5201
,,,,,465,11863.2746,7893.282035,8888.108805,24570.07628,0,2305.8231
,,,,,466,12086.66519,7980.777312,9206.120191,25510.5662,0,2378.6634
,,,,,467,12668.73226,8362.041805,9954.707859,25883.16203,0,2458.483
,,,,,468,12511.94693,8455.459166,9145.62604,25330.21246,0,2504.3891
,,,,,469,11632.22219,8065.226685,9020.805659,24972.85917,0,2383.9716
,,,,,470,11755.50358,7880.612878,9177.415797,25442.48115,0,2409.5296
,,,,,471,11735.87102,8081.804033,9105.788397,25497.94711,0,2429.8777
,,,,,472,11964.62404,8068.218543,9278.623386,25623.50118,0,2471.1637
,,,,,473,13172.00962,8239.332177,9429.779489,25535.6737,0,2522.6729
,,,,,474,12867.85057,8609.318157,9293.00223,24957.83958,0,2522.6729
,,,,,475,12102.57326,8609.318157,8981.709465,24688.59011,0,2519.0358
,,,,,476,12418.69808,8521.480987,9244.165031,25037.28482,0,2519.429
,,,,,477,11972.05983,8390.658467,9057.440343,25186.96336,0,2522.6729
,,,,,478,11146.72179,8305.351876,8660.98587,26350.29882,0,2455.6323
,,,,,479,10303.93671,7773.001082,8090.699625,25150.67704,0,2358.0204
,,,,,480,9496.308514,7394.030129,7605.461862,23998.32237,0,2281.2481
,,,,,481,9201.698596,7096.345341,7154.196107,23343.38728,0,2182.3583
,,,,,482,9108.753904,7009.035277,7063.551689,23041.19678,0,2186.5852
,,,,,483,9104.229923,7019.859352,7063.551689,22660.76469,0,2131.4389
,,,,,484,9104.229923,6869.953563,7063.551689,22660.76469,0,2149.2312
,,,,,485,9417.18672,7032.000519,7063.551689,22660.76469,0,2084.2549
,,,,,486,10735.15528,7445.699099,7824.997149,23176.37129,0,2154.736
,,,,,487,11571.67923,8031.562726,8306.342319,23894.9463,0,2220.6953
,,,,,488,11416.37191,7929.875237,8419.019053,23687.9559,0,2244.5822
,,,,,489,11783.15225,7876.992032,8884.381967,24511.42182,0,2280.4617
,,,,,490,12005.3866,7961.795461,9230.566998,25387.43567,0,2345.1431
,,,,,491,12584.441,8331.330109,10002.42465,25734.48788,0,2416.1157
,,,,,492,12428.46716,8421.873425,9164.713477,25219.44623,0,2456.9102
,,,,,493,11553.29572,8043.646696,9028.834859,24886.5916,0,2349.9598
,,,,,494,11675.93903,7864.71265,9199.31959,25324.01825,0,2372.6671
,,,,,495,11656.40809,8059.714031,9121.34649,25375.6817,0,2390.656
,,,,,496,11883.97712,8046.546507,9309.493483,25492.6283,0,2427.4202
,,,,,497,13086.27619,8212.39572,9474.040988,25410.82191,0,2470.3773
,,,,,498,12782.52871,8568.918749,9325.146194,24872.60168,0,2470.3773
,,,,,499,12021.21234,8568.918749,8986.275008,24621.81083,0,2469.9841
,,,,,500,12335.70095,8485.864042,9271.982352,24946.60049,0,2470.279
,,,,,501,11891.37442,8359.066361,9068.715127,25086.01769,0,2470.3773
,,,,,502,11070.30818,8276.384282,8637.137485,26191.00504,0,2413.6582
,,,,,503,10231.88521,7760.4116,8016.327758,25052.21901,0,2326.8593
,,,,,504,9428.437157,7393.099931,7488.10123,23978.86497,0,2258.5408
,,,,,505,9123.538494,7153.555397,7076.850336,23297.35977,0,2151.4921
,,,,,506,9031.555912,7069.25967,6986.336367,22998.548,0,2155.6207
,,,,,507,9028.007648,7079.710049,6986.336367,22623.26482,0,2101.3591
,,,,,508,9028.007648,6930.940353,6986.336367,22623.26482,0,2118.8565
,,,,,509,9336.796006,7091.432048,6986.336367,22623.26482,0,2054.6666
,,,,,510,10641.1217,7490.847889,7747.152375,23132.21115,0,2124.263
,,,,,511,11468.98643,8056.484864,8228.139478,23842.75191,0,2189.2393
,,,,,512,11315.28676,7958.308086,8340.732392,23638.07583,0,2212.733
,,,,,513,11678.27039,7907.250648,8805.749127,24452.33475,0,2248.0227
,,,,,514,11898.2043,7989.12628,9151.676634,25318.55407,0,2311.8194
,,,,,515,12471.26466,8345.902927,9923.321587,25661.72595,0,2381.7107
,,,,,516,12316.90537,8433.32028,9085.872101,25152.44288,0,2421.9154
,,,,,517,11450.79321,8068.151641,8950.094562,24823.30982,0,2316.5378
,,,,,518,11572.16698,7895.395205,9120.452471,25255.8457,0,2338.8519
,,,,,519,11552.83822,8083.66426,9042.537374,25306.93151,0,2356.6442
,,,,,520,11778.05158,8070.951338,9230.544407,25422.57056,0,2392.8186
,,,,,521,12970.2305,8231.074689,9394.969507,25341.67882,0,2435.0876
,,,,,522,12667.30187,8572.954699,9246.185474,24809.47633,0,2435.0876
,,,,,523,11913.86622,8572.954699,8907.566371,24561.48952,0,2434.6944
,,,,,524,12225.09942,8495.101653,9193.06118,24882.64777,0,2435.0876
,,,,,525,11785.37231,8372.681599,8989.945164,25020.50618,0,2435.0876
,,,,,526,10972.80529,8292.854077,8558.688568,26116.62989,0,2379.2532
,,,,,527,10143.0612,7794.695097,7938.340656,24987.08539,0,2293.8305
,,,,,528,9347.929985,7440.064681,7410.50707,23925.7323,0,2226.495
,,,,,529,9031.216275,7182.17889,7064.794032,23097.18489,0,2120.331
,,,,,530,8939.397501,7097.702516,6983.583373,22799.35713,0,2124.3613
,,,,,531,8936.015361,7108.17529,6983.583373,22425.57351,0,2070.7878
,,,,,532,8936.015361,6959.337509,6983.583373,22425.57351,0,2088.0886
,,,,,533,9244.094008,7119.92241,6983.583373,22425.57351,0,2024.6851
,,,,,534,10546.09689,7520.194202,7699.508618,22932.58012,0,2093.3968
,,,,,535,11372.48732,8087.04334,8154.959313,23640.78102,0,2157.4884
,,,,,536,11219.06137,7988.656168,8261.574481,23436.77895,0,2180.6872
,,,,,537,11581.39858,7937.489313,8701.902702,24248.35645,0,2215.5837
,,,,,538,11800.94082,8019.540406,9029.464341,25111.72325,0,2278.3974
,,,,,539,12372.98064,8377.081627,9785.940029,25453.76504,0,2347.404
,,,,,540,12218.89624,8464.686316,8967.153481,24946.15907,0,2387.0189
,,,,,541,11354.3265,8098.735119,8838.584597,24618.10988,0,2283.1158
,,,,,542,11475.48412,7925.608464,8999.897921,25049.22138,0,2305.135
,,,,,543,11456.18978,8114.280981,8926.119466,25100.13896,0,2322.6324
,,,,,544,11681.00207,8101.540815,9104.144892,25215.3972,0,2358.3153
,,,,,545,12871.45795,8262.007312,9259.840389,25134.77185,0,2399.9945
,,,,,546,12568.66874,8604.764863,9118.955549,24604.32194,0,2399.9945
,,,,,547,11816.57484,8604.764863,8798.314299,24357.15177,0,2399.6996
,,,,,548,12127.25379,8526.600086,9068.651713,24677.25242,0,2399.9945
,,,,,549,11688.30976,8403.917686,8876.319464,24814.65685,0,2399.9945
,,,,,550,10877.1898,8323.919094,8467.959001,25908.19915,0,2344.9465
,,,,,551,10048.92336,7824.692555,7880.546394,24781.34612,0,2260.7034
,,,,,552,9255.208159,7469.302165,7380.736374,23723.48815,0,2194.2526
,,,,,553,9028.048704,6322.432889,7192.624925,22655.6101,0,2081.2076
,,,,,554,8936.021634,6243.834598,7114.366123,22353.30177,0,2085.2379
,,,,,555,8932.428253,6253.57865,7114.366123,21972.69011,0,2031.7627
,,,,,556,8932.428253,6106.9563,7114.366123,21972.69011,0,2049.0635
,,,,,557,9241.409361,6264.508375,7114.366123,21972.69011,0,1985.7583
,,,,,558,10546.36591,6636.928227,7816.047927,22488.52899,0,2054.3717
,,,,,559,11374.63104,7164.334547,8263.396147,23207.38419,0,2118.2667
,,,,,560,11220.85703,7072.793407,8368.11463,23000.31307,0,2141.4655
,,,,,561,11584.01623,7025.186874,8800.609404,23824.10009,0,2176.1654
,,,,,562,11804.05651,7101.52864,9122.343716,24700.45553,0,2238.8808
,,,,,563,12377.39403,7434.191225,9874.00633,25047.64306,0,2307.5925
,,,,,564,12222.96008,7515.700155,9061.141366,24532.40058,0,2347.1091
,,,,,565,11356.42902,7175.212782,8934.859726,24199.41615,0,2243.5009
,,,,,566,11477.8615,7014.132724,9093.303283,24637.01337,0,2265.5201
,,,,,567,11458.52338,7189.676923,9020.837348,24688.69696,0,2282.9192
,,,,,568,11683.84567,7177.823251,9195.695699,24805.68917,0,2318.5038
,,,,,569,12876.49256,7327.124076,9348.62137,24723.85088,0,2360.0847
,,,,,570,12573.52606,7641.327127,9210.242874,24185.42079,0,2360.0847
,,,,,571,11819.726,7641.327127,8895.305837,23934.53214,0,2359.7898
,,,,,572,12131.10973,7573.305806,9160.833943,24259.44844,0,2360.0847
,,,,,573,11691.16994,7459.159962,8971.923289,24398.92001,0,2360.0847
,,,,,574,10878.20991,7384.727877,8570.827565,25504.21648,0,2305.2333
,,,,,575,10048.06451,6920.238804,7993.865038,24365.10815,0,2221.1868
,,,,,576,9252.548724,6589.577389,7502.946647,23291.33558,0,2154.9326
,,,,,577,9080.619292,6306.28515,7146.321715,22629.9536,0,2090.1529
,,,,,578,8991.877017,6224.232704,7067.117703,22334.02399,0,2094.2815
,,,,,579,8991.614884,6234.404977,7067.117703,21963.133,0,2040.1182
,,,,,580,8991.614884,6086.480767,7067.117703,21963.133,0,2057.6156
,,,,,581,9286.364297,6245.81503,7067.117703,21963.133,0,1993.524
,,,,,582,10544.74199,6634.601601,7773.360379,22466.39791,0,2062.9238
,,,,,583,11343.4432,7185.185821,8223.303081,23170.08522,0,2127.8018
,,,,,584,11195.15797,7089.621726,8328.628899,22967.38332,0,2151.2955
,,,,,585,11545.35464,7039.923031,8763.632011,23773.78838,0,2186.4869
,,,,,586,11757.54085,7119.619786,9087.232283,24631.65266,0,2250.087
,,,,,587,12310.41378,7466.901878,9840.436085,24971.51452,0,2319.88
,,,,,588,12161.49216,7551.992876,9025.674979,24467.14368,0,2359.8881
,,,,,589,11325.89088,7196.542121,8898.660943,24141.18525,0,2254.8054
,,,,,590,11442.98897,7028.383086,9058.023424,24569.54914,0,2277.1195
,,,,,591,11424.34111,7211.641917,8985.137209,24620.14221,0,2294.8135
,,,,,592,11641.62079,7199.267312,9161.009685,24734.66587,0,2330.8896
,,,,,593,12799.71592,7355.129454,9314.822278,24654.55437,0,2373.0603
,,,,,594,12499.54511,7686.11207,9175.641229,24127.48519,0,2373.0603
,,,,,595,11772.65103,7686.11207,8858.877654,23881.89031,0,2372.7654
,,,,,596,12072.9203,7612.130121,9125.945742,24199.95086,0,2373.0603
,,,,,597,11648.68363,7492.967915,8935.939463,24336.47957,0,2373.0603
,,,,,598,10864.74123,7415.264766,8532.517507,25425.04232,0,2317.4225
,,,,,599,10064.22686,6930.362813,7952.208775,24303.38113,0,2232.0981
,,,,,600,9297.106054,6585.169837,7458.443208,23252.26523,0,2165.0575
,,,,,601,9042.559205,6316.478495,7104.698003,22487.37323,0,2094.773
,,,,,602,8955.299686,6236.24723,7022.418768,22182.72617,0,2098.705
,,,,,603,8955.299686,6246.193726,7022.418768,21798.55046,0,2046.4094
,,,,,604,8955.299686,6098.955914,7022.418768,21798.55046,0,2063.317
,,,,,605,9246.017066,6257.350529,7022.418768,21798.55046,0,2001.2897
,,,,,606,10490.40613,6637.507851,7743.500156,22318.99954,0,2068.5269
,,,,,607,11280.22865,7175.871671,8201.883957,23043.41598,0,2131.0457
,,,,,608,11133.59182,7082.428653,8309.185729,22834.74291,0,2153.6547
,,,,,609,11479.89556,7033.833037,8752.349667,23664.90294,0,2187.6665
,,,,,610,11689.72302,7111.760896,9082.020805,24548.03808,0,2249.0057
,,,,,611,12236.44999,7451.334945,9840.238831,24897.91155,0,2316.2429
,,,,,612,12089.18385,7534.537321,9019.308662,24378.68302,0,2354.8748
,,,,,613,11262.87145,7186.975914,8889.911794,24043.12255,0,2253.5275
,,,,,614,11378.66783,7022.549225,9052.263977,24484.10513,0,2275.0552
,,,,,615,11360.22727,7201.740565,8978.010389,24536.18856,0,2292.1594
,,,,,616,11575.09158,7189.640618,9157.1823,24654.08584,0,2326.9576
,,,,,617,12722.79791,7342.043348,9313.880477,24571.61443,0,2367.4572
,,,,,618,12423.47887,7664.179045,9172.088337,24029.01891,0,2367.4572
,,,,,619,11704.66524,7664.179045,8849.382155,23776.18933,0,2367.2606
,,,,,620,12001.59659,7593.339799,9121.460544,24103.61926,0,2367.4572
,,,,,621,11582.07591,7476.822438,8927.889674,24244.16982,0,2367.4572
,,,,,622,10806.84812,7400.843937,8516.899366,25355.60163,0,2313.8837
,,,,,623,10015.2326,6926.704545,7925.703817,24210.09638,0,2231.7049
,,,,,624,9256.639413,6589.173243,7422.675016,23128.01684,0,2166.9252
,,,,,625,8951.447703,6289.932252,7046.898621,22411.60805,0,2084.4515
,,,,,626,8860.868808,6210.88628,6956.361707,22085.50159,0,2088.2852
,,,,,627,8858.744081,6220.685832,6956.361707,21668.62346,0,2037.0709
,,,,,628,8858.744081,6073.894753,6956.361707,21668.62346,0,2053.6836
,,,,,629,9161.450833,6231.677811,6956.361707,21668.62346,0,1992.541
,,,,,630,10445.87207,6606.218894,7717.288431,22231.37408,0,2058.6969
,,,,,631,11261.10329,7136.629217,8198.338516,23006.81857,0,2120.0361
,,,,,632,11109.74914,7044.566676,8310.946173,22783.44653,0,2142.2519
,,,,,633,11467.19351,6996.688985,8776.023799,23672.08321,0,2175.5756
,,,,,634,11683.77115,7073.46558,9121.996603,24617.42657,0,2235.7352
,,,,,635,12248.08641,7408.022945,9893.678968,24991.94519,0,2301.6945
,,,,,636,12096.08269,7489.996134,9056.183453,24436.1421,0,2339.54
,,,,,637,11243.18771,7147.569412,8920.388135,24076.94468,0,2240.1587
,,,,,638,11362.70927,6985.571874,9090.768351,24548.99016,0,2261.1949
,,,,,639,11343.67547,7162.115938,9012.843051,24604.74236,0,2278.0042
,,,,,640,11565.452,7150.194749,9200.874702,24730.94436,0,2312.1143
,,,,,641,12742.86598,7300.345963,9365.321332,24642.66364,0,2351.8275
,,,,,642,12441.13203,7616.723752,9216.517818,24061.84758,0,2351.8275
,,,,,643,11699.19407,7616.723752,8877.854375,23791.20863,0,2351.7292
,,,,,644,12005.67774,7547.929896,9163.386568,24141.7028,0,2351.8275
,,,,,645,11572.66102,7433.133899,8960.243954,24292.15376,0,2351.8275
,,,,,646,10772.49405,7358.277864,8528.930889,25459.88138,0,2299.3353
,,,,,647,9955.412137,6891.143152,7908.501747,24255.68018,0,2218.7293
,,,,,648,9172.414903,6558.598355,7380.599045,23097.37873,0,2155.2275
,,,,,649,8940.056497,6289.522623,7084.671311,22421.68528,0,2053.0938
,,,,,650,8848.554891,6211.072993,6995.4417,22089.54158,0,2056.9275
,,,,,651,8845.494404,6220.798615,6995.4417,21663.46319,0,2005.9098
,,,,,652,8845.494404,6074.232295,6995.4417,21663.46319,0,2022.4242
,,,,,653,9152.198891,6231.707667,6995.4417,21663.46319,0,1961.6748
,,,,,654,10449.7043,6603.423125,7750.060364,22238.11463,0,2027.4375
,,,,,655,11273.24013,7129.831908,8227.522067,23027.91497,0,2088.3835
,,,,,656,11120.34416,7038.463909,8339.28973,22800.40763,0,2110.501
,,,,,657,11481.42976,6990.947418,8800.89812,23705.49571,0,2143.6281
,,,,,658,11700.21364,7067.144792,9144.290148,24668.34028,0,2203.4928
,,,,,659,12270.27747,7399.178179,9913.840926,25049.79239,0,2269.0589
,,,,,660,12116.72532,7480.532942,9078.96793,24483.69968,0,2306.8061
,,,,,661,11255.14205,7140.689568,8944.185574,24117.85241,0,2207.9163
,,,,,662,11375.88116,6979.914177,9113.294843,24598.63691,0,2228.8542
,,,,,663,11356.65346,7155.126351,9035.950826,24655.42125,0,2245.5652
,,,,,664,11580.68919,7143.295099,9222.579859,24783.95963,0,2279.4787
,,,,,665,12767.80888,7292.313537,9385.799803,24694.04457,0,2318.897
,,,,,666,12465.28961,7605.794424,9238.106285,24102.47582,0,2318.897
,,,,,667,11715.79366,7605.794424,8901.969094,23826.82651,0,2318.897
,,,,,668,12025.39943,7538.029638,9185.371366,24183.8094,0,2318.897
,,,,,669,11587.97164,7424.09969,8983.74409,24337.04567,0,2318.897
,,,,,670,10779.65351,7349.808386,8555.648394,25520.61115,0,2266.798
,,,,,671,9954.248137,6886.197847,7939.847328,24299.89685,0,2186.5852
,,,,,672,9163.27465,6556.161846,7415.882505,23120.15168,0,2123.4766
,,,,,673,8919.359437,6263.498604,7114.24099,22261.4383,0,2020.3599
,,,,,674,8830.904939,6185.159465,7030.935517,21929.84206,0,2023.997
,,,,,675,8830.904939,6194.871389,7030.935517,21504.59794,0,1976.4198
,,,,,676,8830.904939,6048.346713,7030.935517,21504.59794,0,1991.7546
,,,,,677,9124.464778,6205.765077,7030.935517,21504.59794,0,1934.4457
,,,,,678,10378.93016,6576.956996,7756.968753,22078.17021,0,1996.473
,,,,,679,11175.1482,7102.624364,8218.169447,22866.66877,0,2053.3887
,,,,,680,11027.32399,7011.385051,8326.130616,22639.53641,0,2074.0317
,,,,,681,11376.43189,6963.935485,8772.017916,23543.13268,0,2104.8979
,,,,,682,11587.95841,7040.025539,9103.714972,24504.39024,0,2160.7323
,,,,,683,12139.11245,7371.591277,9863.606302,24885.21362,0,2221.9732
,,,,,684,11990.65383,7452.831458,9040.617446,24320.05397,0,2257.1646
,,,,,685,11157.65045,7113.466731,8910.4254,23954.80971,0,2164.8609
,,,,,686,11274.38448,6952.917783,9073.77528,24434.80175,0,2184.5209
,,,,,687,11255.79459,7127.883182,8999.065384,24491.4925,0,2200.0523
,,,,,688,11472.39875,7116.068593,9179.338354,24619.81902,0,2231.7049
,,,,,689,12627.59147,7264.877148,9336.999484,24530.05215,0,2268.3708
,,,,,690,12327.65577,7577.82129,9194.335994,23939.45846,0,2268.3708
,,,,,691,11603.02162,7577.82129,8869.646695,23664.26349,0,2268.3708
,,,,,692,11902.35734,7510.247173,9143.397078,24020.65798,0,2268.3708
,,,,,693,11479.43963,7396.477688,8948.636663,24173.64169,0,2268.3708
,,,,,694,10697.93452,7322.291019,8535.120709,25355.77098,0,2219.8106
,,,,,695,9899.908959,6859.333447,7940.292105,24136.5541,0,2145.0043
,,,,,696,9135.173139,6529.762282,7434.172057,22958.75345,0,2086.0243
,,,,,697,8822.228931,6254.24656,7104.76191,22085.50137,0,1984.677
,,,,,698,8734.12026,6180.187151,7029.795517,21775.5618,0,1988.3141
,,,,,699,8734.12026,6189.368504,7029.795517,21383.32074,0,1940.1471
,,,,,700,8734.12026,6044.456844,7029.795517,21383.32074,0,1955.7768
,,,,,701,9026.857492,6199.667061,7029.795517,21383.32074,0,1897.7798
,,,,,702,10278.40679,6550.580471,7715.590639,21914.2026,0,1960.4952
,,,,,703,11072.77397,7047.530213,8153.901614,22651.20402,0,2018.099
,,,,,704,10925.29339,6961.275376,8256.504594,22438.90577,0,2039.0369
,,,,,705,11273.58976,6916.418017,8680.262191,23283.48783,0,2070.2963
,,,,,706,11484.62457,6988.351212,8995.496886,24181.96531,0,2126.9171
,,,,,707,12034.49742,7301.80325,9741.791151,24537.91698,0,2188.8461
,,,,,708,11886.38391,7378.605215,8935.530935,24009.66811,0,2224.529
,,,,,709,11055.31689,7057.780253,8811.800413,23668.27808,0,2131.0457
,,,,,710,11171.77957,6906.002221,8967.043123,24116.92167,0,2150.9023
,,,,,711,11153.23289,7071.409121,8896.041131,24169.90992,0,2166.6303
,,,,,712,11369.33354,7060.239973,9067.367026,24289.85539,0,2198.6761
,,,,,713,12522.3597,7200.918998,9217.203322,24205.95123,0,2235.8335
,,,,,714,12222.60246,7493.073108,9081.620322,23653.92943,0,2235.8335
,,,,,715,11499.65277,7493.073108,8773.045584,23396.70754,0,2235.8335
,,,,,716,11798.29267,7432.884264,9033.209541,23729.82578,0,2235.8335
,,,,,717,11376.35806,7325.330096,8848.115224,23872.81807,0,2235.8335
,,,,,718,10596.6696,7255.196304,8455.122361,24998.13404,0,2186.6835
,,,,,719,9800.499104,6817.530472,7889.815522,23838.15268,0,2110.8942
,,,,,720,9037.540961,6505.964041,7408.814572,22737.27462,0,2051.2261
,,,,,721,8712.791506,6171.902271,7097.566111,21834.62094,0,1952.3363
,,,,,722,8625.606123,6107.27056,7029.465116,21527.94453,0,1956.3666
,,,,,723,8625.606123,6115.283136,7029.465116,21140.67626,0,1903.7761
,,,,,724,8625.606123,5973.924745,7029.465116,21140.67626,0,1920.782
,,,,,725,8916.14716,6124.270695,7029.465116,21140.67626,0,1858.2632
,,,,,726,10159.9111,6430.513134,7682.132996,21665.12566,0,1925.9919
,,,,,727,10949.33686,6864.201608,8101.599321,22394.36765,0,1988.9039
,,,,,728,10802.77369,6788.926937,8199.79101,22184.30455,0,2011.7095
,,,,,729,11148.90346,6749.779881,8605.329661,23019.99453,0,2045.9179
,,,,,730,11358.62552,6812.556042,8907.011222,23909.0125,0,2107.6503
,,,,,731,11905.07784,7086.105909,9642.111292,24261.21657,0,2175.379
,,,,,732,11757.88567,7153.131051,8849.623434,23738.52931,0,2214.3058
,,,,,733,10931.98838,6873.146827,8731.212556,23400.73357,0,2112.2704
,,,,,734,11047.72658,6740.690006,8879.780793,23844.65367,0,2133.8964
,,,,,735,11029.29528,6885.040752,8811.831446,23897.08404,0,2151.0989
,,,,,736,11244.05166,6875.293427,8975.791392,24015.76668,0,2186.192
,,,,,737,12391.29354,6998.064135,9119.185657,23932.74589,0,2226.9865
,,,,,738,12092.01276,7244.420456,8989.431884,23386.53598,0,2226.9865
,,,,,739,11373.56023,7244.420456,8694.123944,23132.02223,0,2226.7899
,,,,,740,11670.34242,7200.500425,8943.102467,23461.63327,0,2226.9865
,,,,,741,11251.03248,7106.637809,8765.966056,23603.12008,0,2226.9865
,,,,,742,10476.19413,7045.431987,8389.869445,24719.8756,0,2173.0198
,,,,,743,9684.976276,6663.480634,7848.867291,23568.81966,0,2090.2512
,,,,,744,8926.764172,6391.576337,7388.546395,22479.53206,0,2025.0783
,,,,,745,8797.833743,6048.495102,6978.841119,21515.86346,0,2199.2659
,,,,,746,8797.833743,6048.495102,6915.428535,21245.63504,0,2203.4928
,,,,,747,8797.833743,6048.495102,6915.428535,21099.28243,0,2167.3184
,,,,,748,8797.833743,6048.495102,6915.428535,21099.28243,0,2167.3184
,,,,,749,8936.927805,6048.495102,6915.428535,21099.28243,0,2167.3184
,,,,,750,10070.12489,6278.449465,7550.473083,21366.51242,0,2170.9555
,,,,,751,10789.37308,6678.845097,7960.657726,22009.08521,0,2238.291
,,,,,752,10655.83894,6609.349015,8056.676692,21823.98776,0,2262.6694
,,,,,753,10971.19882,6573.207151,8453.241843,22560.35737,0,2299.3353
,,,,,754,11162.27721,6631.164192,8748.247988,23343.71702,0,2365.3929
,,,,,755,11660.15158,6883.714533,9485.331004,23654.06222,0,2437.84
,,,,,756,11526.04435,6945.594374,8692.130041,23193.49547,0,2479.5192
,,,,,757,10773.56683,6687.103621,8576.339282,22895.8462,0,2370.3079
,,,,,758,10879.01626,6564.815076,8721.620097,23287.00712,0,2393.4084
,,,,,759,10862.22344,6698.084489,8655.17429,23333.20623,0,2411.8888
,,,,,760,11057.88863,6689.085433,8815.506235,23437.78364,0,2449.3411
,,,,,761,12620.67154,6802.431437,8955.727563,23364.62974,0,2497.5081
,,,,,762,11830.46855,7409.465096,8828.844899,22883.33597,0,2615.5664
,,,,,763,11175.88427,7069.248037,8540.071344,22659.07076,0,2492.7897
,,,,,764,11446.28342,6989.327356,8783.540629,22949.50807,0,2493.1829
,,,,,765,11064.24887,6902.670266,8610.323779,23074.17941,0,2498.0979
,,,,,766,10358.29131,6846.163014,8242.549194,24818.06317,0,2435.2842
,,,,,767,9637.410335,6493.532814,7713.517988,23043.95554,0,2346.7159
,,,,,768,8946.600996,6242.501719,7263.382778,22084.12797,0,2277.0212
,,,,,769,8794.680442,5798.623702,6923.80044,21325.55348,0,2190.8121
,,,,,770,8794.680442,5798.623702,6856.910933,21061.81328,0,2194.5475
,,,,,771,8794.680442,5798.623702,6856.910933,20925.34822,0,2164.8609
,,,,,772,8794.680442,5798.623702,6856.910933,20925.34822,0,2164.8609
,,,,,773,8932.506395,5798.623702,6856.910933,20925.34822,0,2164.8609
,,,,,774,10060.69836,6048.952251,7508.732494,21179.78838,0,2165.2541
,,,,,775,10776.76975,6477.944424,7928.460852,21806.93289,0,2226.0035
,,,,,776,10643.82541,6403.484883,8026.713879,21626.27966,0,2247.9244
,,,,,777,10957.7924,6364.76174,8432.505863,22344.96891,0,2280.9532
,,,,,778,11148.02684,6426.858115,8734.375879,23109.51997,0,2340.4247
,,,,,779,11643.70218,6697.445781,9477.128101,23412.41373,0,2405.7942
,,,,,780,11510.18728,6763.745125,8676.952242,22962.90527,0,2443.2465
,,,,,781,10761.03332,6486.792778,8558.467395,22672.4026,0,2344.8482
,,,,,782,10866.017,6355.770298,8707.12844,23054.17169,0,2365.7861
,,,,,783,10849.29835,6498.557907,8639.136646,23099.26155,0,2382.3005
,,,,,784,11044.09932,6488.916132,8803.199015,23201.32803,0,2416.1157
,,,,,785,12603.14521,6610.357388,8946.682856,23129.93057,0,2459.466
,,,,,786,11813.26689,7239.873772,8816.848028,22660.19275,0,2577.0328
,,,,,787,11161.5738,6896.23022,8521.355614,22441.31218,0,2455.2391
,,,,,788,11430.77864,6810.601547,8770.489669,22724.77604,0,2455.534
,,,,,789,11050.43147,6717.755345,8593.242605,22846.454,0,2460.0558
,,,,,790,10347.592,6657.212306,8216.911053,24573.31678,0,2403.435
,,,,,791,9629.895021,6279.397005,7675.570945,22816.95581,0,2323.6154
,,,,,792,8942.136862,6010.437091,7214.962495,21880.17386,0,2260.8017
,,,,,793,8735.399862,5614.787241,6862.255835,20995.87246,0,2136.5505
,,,,,794,8735.399862,5614.033143,6794.113209,20742.56009,0,2140.2859
,,,,,795,8735.399862,5614.033143,6794.113209,20621.98621,0,2110.9925
,,,,,796,8735.399862,5614.033143,6794.113209,20621.98621,0,2110.9925
,,,,,797,8872.791074,5614.033143,6794.113209,20621.98621,0,2110.9925
,,,,,798,9999.267142,5901.866247,7451.981376,20855.87066,0,2111.1891
,,,,,799,10714.24945,6383.295582,7875.149384,21458.21896,0,2171.447
,,,,,800,10581.5073,6299.734599,7974.20759,21284.70845,0,2193.2696
,,,,,801,10894.99678,6256.278196,8383.325017,21974.98198,0,2226.0035
,,,,,802,11084.94188,6325.964821,8687.668842,22709.30403,0,2285.1801
,,,,,803,11579.86334,6629.627331,9432.464303,23000.2219,0,2349.9598
,,,,,804,11446.55151,6704.030667,8629.774621,22568.48622,0,2387.2155
,,,,,805,10698.53695,6393.2255,8510.318797,22289.46952,0,2289.5053
,,,,,806,10803.36096,6246.1877,8660.198112,22656.14412,0,2310.2466
,,,,,807,10786.66774,6406.42872,8591.649129,22699.45121,0,2326.6627
,,,,,808,10981.17243,6395.608399,8757.055979,22797.48216,0,2360.2813
,,,,,809,12538.93717,6531.89383,8901.715663,22728.90763,0,2403.2384
,,,,,810,11749.17016,7202.605615,8770.816846,22277.74242,0,2520.8052
,,,,,811,11098.46824,6852.709863,8472.902888,22067.516,0,2399.1098
,,,,,812,11367.26365,6756.614509,8724.078583,22339.77221,0,2399.4047
,,,,,813,10987.49495,6652.419402,8545.378988,22456.63923,0,2403.8282
,,,,,814,10285.72444,6584.475982,8165.96342,24156.14603,0,2347.6989
,,,,,815,9569.119026,6160.479042,7620.187059,22428.30734,0,2268.4691
,,,,,816,8882.406894,5858.643248,7155.803947,21528.56412,0,2206.0486
,,,,,817,8676.041232,5583.781509,6751.886195,20561.11404,0,2047.1958
,,,,,818,8676.041232,5577.134433,6685.784657,20308.4575,0,2051.0295
,,,,,819,8676.041232,5577.134433,6685.784657,20188.88305,0,2021.048
,,,,,820,8676.041232,5577.134433,6685.784657,20188.88305,0,2021.048
,,,,,821,8806.281747,5577.134433,6685.784657,20188.88305,0,2021.048
,,,,,822,9904.534569,5895.308829,7333.80407,20421.4747,0,2021.6378
,,,,,823,10601.60339,6417.737804,7751.36955,21022.26352,0,2082.5838
,,,,,824,10472.18702,6327.060574,7849.116276,20849.20223,0,2104.7013
,,,,,825,10777.82218,6279.903323,8252.817197,21537.68863,0,2137.9267
,,,,,826,10963.00832,6355.524622,8553.131664,22270.10949,0,2197.7914
,,,,,827,11445.52979,6685.047736,9294.599083,22560.27417,0,2263.4558
,,,,,828,11315.55801,6765.787434,8496.003934,22129.65626,0,2301.203
,,,,,829,10586.28455,6428.513376,8378.129644,21851.36194,0,2202.2149
,,,,,830,10688.48225,6268.953496,8526.024633,22217.08722,0,2223.2511
,,,,,831,10672.20727,6442.841014,8458.383204,22260.28218,0,2239.8638
,,,,,832,10861.83875,6431.099209,8621.600151,22358.05933,0,2273.8756
,,,,,833,12398.53097,6578.991023,8764.344615,22289.66234,0,2317.4225
,,,,,834,11610.59471,7281.69526,8635.178831,21839.66521,0,2435.0876
,,,,,835,10976.19578,6927.128495,8341.209102,21629.98308,0,2313.2939
,,,,,836,11238.25666,6822.849437,8589.059359,21901.5344,0,2313.5888
,,,,,837,10868.00287,6709.780833,8412.725656,22018.09885,0,2318.0123
,,,,,838,10183.81484,6636.051194,8038.333356,23715.88516,0,2261.0966
,,,,,839,9485.16358,6175.94569,7499.782796,21989.84032,0,2180.8838
,,,,,840,8815.656647,5848.40486,7041.54788,21092.42655,0,2117.6769
,,,,,841,8539.627754,5625.700484,6582.048653,19734.82966,0,1961.8714
,,,,,842,8539.627754,5621.811475,6526.809778,19471.39792,0,1965.2136
,,,,,843,8539.627754,5621.811475,6526.809778,19335.40291,0,1942.408
,,,,,844,8539.627754,5621.811475,6526.809778,19335.40291,0,1942.408
,,,,,845,8659.270873,5621.811475,6526.809778,19335.40291,0,1942.408
,,,,,846,9715.696594,5925.785357,7122.414168,19589.23504,0,1942.408
,,,,,847,10386.21746,6429.025434,7510.163016,20215.64608,0,1992.3444
,,,,,848,10261.72993,6341.678793,7600.93005,20035.20413,0,2011.5129
,,,,,849,10555.72494,6296.253635,7975.80435,20753.05285,0,2040.0199
,,,,,850,10733.85824,6369.097352,8254.674598,21516.70974,0,2091.7257
,,,,,851,11198.00281,6686.51703,8978.43019,21819.24925,0,2148.3465
,,,,,852,11072.98103,6764.291146,8201.626123,21370.26651,0,2180.8838
,,,,,853,10371.48204,6439.405218,8092.168751,21080.10359,0,2095.5594
,,,,,854,10469.78753,6285.705997,8229.503168,21461.42619,0,2113.6466
,,,,,855,10454.13238,6453.206599,8166.691735,21506.46332,0,2127.9984
,,,,,856,10636.54172,6441.896073,8318.254032,21608.41043,0,2157.2918
,,,,,857,12142.00427,6584.355797,8450.805701,21537.09647,0,2194.9407
,,,,,858,11356.78122,7272.086734,8330.863114,21067.90802,0,2311.6228
,,,,,859,10746.54345,6919.706125,8057.884553,20849.28344,0,2191.3036
,,,,,860,10998.62371,6819.257253,8288.036844,21132.41578,0,2191.5002
,,,,,861,10642.47108,6710.341677,8124.294404,21253.95143,0,2195.4322
,,,,,862,9984.340439,6639.320139,7776.635918,22980.00503,0,2146.3805
,,,,,863,9312.297403,6196.114382,7276.541036,21224.48774,0,2077.079
,,,,,864,8668.288728,5880.604178,6851.02679,20288.80139,0,2022.6208
,,,,,865,8412.459244,5564.19072,6372.256009,18836.33461,0,1892.275
,,,,,866,8412.459244,5562.254361,6331.645183,18557.1626,0,1895.9121
,,,,,867,8412.459244,5562.254361,6331.645183,18397.18068,0,1868.9779
,,,,,868,8412.459244,5562.254361,6331.645183,18397.18068,0,1868.9779
,,,,,869,8501.018725,5562.254361,6331.645183,18397.18068,0,1868.9779
,,,,,870,9434.759744,5856.174596,6856.665623,18682.04059,0,1868.9779
,,,,,871,10027.41176,6345.829363,7204.262323,19345.88022,0,1925.697
,,,,,872,9917.381201,6260.840704,7285.630254,19154.65671,0,1946.5366
,,,,,873,10177.23402,6216.641829,7621.685591,19915.3975,0,1977.796
,,,,,874,10334.68036,6287.51908,7871.678282,20724.68353,0,2034.2202
,,,,,875,10744.92296,6596.369797,8571.582494,21045.30003,0,2096.1492
,,,,,876,10634.42019,6672.044347,7824.12308,20569.49019,0,2131.7338
,,,,,877,10014.38759,6355.928937,7726.000232,20261.9898,0,2038.4471
,,,,,878,10101.27668,6206.378932,7849.113402,20666.09674,0,2058.2054
,,,,,879,10087.4396,6369.35774,7792.806216,20713.82487,0,2073.9334
,,,,,880,10248.6654,6358.35255,7928.673942,20821.86341,0,2105.9792
,,,,,881,11662.52697,6496.966476,8047.499628,20746.28838,0,2147.0686
,,,,,882,10885.26213,7174.096653,7939.977329,20249.06553,0,2264.3405
,,,,,883,10345.89242,6823.263793,7695.26623,20017.37794,0,2143.1366
,,,,,884,10568.69812,6725.526607,7901.585802,20317.42769,0,2143.3332
,,,,,885,10253.90617,6619.551281,7754.799211,20446.22519,0,2147.5601
,,,,,886,9672.205474,6550.447018,7443.141438,22213.57123,0,2093.9866
,,,,,887,9078.208059,6119.205904,6994.832354,20415.00102,0,2018.2956
,,,,,888,8508.989321,5812.213114,6613.380935,19423.40662,0,1958.7258
,,,,,889,8408.141357,5387.526297,6190.849335,18174.89136,0,1818.4517
,,,,,890,8408.141357,5383.063733,6158.5052,17883.65526,0,1822.2854
,,,,,891,8408.141357,5383.063733,6158.5052,17705.28861,0,1792.5988
,,,,,892,8408.141357,5383.063733,6158.5052,17705.28861,0,1792.5988
,,,,,893,8461.906057,5383.063733,6158.5052,17705.28861,0,1792.5988
,,,,,894,9258.314774,5689.990692,6643.636822,18013.9297,0,1792.992
,,,,,895,9763.801007,6197.221209,6968.542504,18706.45638,0,1853.5448
,,,,,896,9669.95347,6109.181954,7044.598759,18506.96938,0,1875.564
,,,,,897,9891.587782,6063.396597,7358.716495,19300.58469,0,1908.4945
,,,,,898,10025.87731,6136.817928,7592.389731,20144.84307,0,1967.966
,,,,,899,10375.78245,6456.754585,8278.814911,20479.31464,0,2033.2372
,,,,,900,10281.53215,6535.14541,7547.93892,19982.94323,0,2070.6895
,,,,,901,9752.692404,6207.6833,7456.221505,19662.15457,0,1972.3895
,,,,,902,9826.802059,6052.765321,7571.297881,20083.72452,0,1993.2291
,,,,,903,9815.000102,6221.594119,7518.666412,20133.51517,0,2009.8418
,,,,,904,9952.513214,6210.193906,7645.66473,20246.22247,0,2043.5587
,,,,,905,11263.83737,6353.783264,7756.733507,20167.38155,0,2086.8107
,,,,,906,10495.48088,7044.627984,7656.230235,19648.67179,0,2204.3775
,,,,,907,10035.44033,6691.792751,7427.49381,19406.9721,0,2082.6821
,,,,,908,10225.47632,6590.547371,7620.344897,19719.98814,0,2082.977
,,,,,909,9956.983181,6480.768149,7483.140494,19854.35148,0,2087.4005
,,,,,910,9460.837578,6409.183446,7191.827655,21653.34601,0,2030.878
,,,,,911,8954.203822,5962.46329,6772.784066,19821.77799,0,1951.1567
,,,,,912,8468.704357,5644.451249,6416.233693,18787.333,0,1888.4413
,,,,,913,8392.196534,5340.341812,6155.343022,18082.96275,0,1781.5892
,,,,,914,8392.196534,5340.341812,6142.216493,17821.93672,0,1785.128
,,,,,915,8392.196534,5340.341812,6142.216493,17689.60781,0,1759.1768
,,,,,916,8392.196534,5340.341812,6142.216493,17689.60781,0,1759.1768
,,,,,917,8414.732065,5340.341812,6142.216493,17689.60781,0,1759.1768
,,,,,918,9087.881673,5617.6949,6534.618429,17938.69773,0,1759.1768
,,,,,919,9515.134481,6084.617832,6806.774216,18559.38827,0,1814.3231
,,,,,920,9435.811601,6003.574704,6870.482396,18380.59415,0,1834.8678
,,,,,921,9623.143868,5961.427727,7133.601708,19091.88735,0,1865.5374
,,,,,922,9736.649586,6029.014558,7329.337046,19848.5704,0,1920.8803
,,,,,923,10032.40037,6323.527125,7984.427467,20148.34707,0,1981.6297
,,,,,924,9952.737069,6395.688544,7292.103023,19703.46451,0,2016.5262
,,,,,925,9505.745141,6094.248542,7215.276342,19415.95142,0,1925.0089
,,,,,926,9568.384945,5951.641277,7311.669552,19793.79171,0,1944.374
,,,,,927,9558.40956,6107.053923,7267.583038,19838.41755,0,1959.9054
,,,,,928,9674.639953,6096.55964,7373.96261,19939.43366,0,1991.2631
,,,,,929,10893.93427,6228.738525,7466.998872,19868.77095,0,2031.5661
,,,,,930,10133.57324,6888.076235,7382.812758,19403.86721,0,2148.7397
,,,,,931,9744.732547,6539.887747,7191.212717,19187.23915,0,2027.7324
,,,,,932,9905.356928,6446.687933,7352.753565,19467.78588,0,2028.0273
,,,,,933,9678.418109,6345.632427,7237.824913,19588.21165,0,2032.1559
,,,,,934,9259.060295,6279.736275,6993.80802,21307.95421,0,1979.4671
,,,,,935,8830.837565,5868.515188,6642.798038,19559.01702,0,1905.2506
,,,,,936,8420.478201,5575.774294,6344.135218,18631.87552,0,1846.7621
,,,,,937,8296.956758,5385.777173,6221.793441,18249.42814,0,1774.9048
,,,,,938,8296.956758,5385.777173,6214.623766,18003.74976,0,1778.4436
,,,,,939,8296.956758,5385.777173,6214.623766,17894.80947,0,1753.672
,,,,,940,8296.956758,5385.777173,6214.623766,17894.80947,0,1753.672
,,,,,941,8323.362548,5385.777173,6214.623766,17894.80947,0,1753.672
,,,,,942,9011.787766,5637.35128,6578.282407,18113.64552,0,1753.672
,,,,,943,9448.736111,6068.091678,6834.087381,18697.84106,0,1806.8523
,,,,,944,9367.613178,5993.3287,6893.968045,18529.55958,0,1826.7089
,,,,,945,9559.196527,5954.447753,7141.279445,19199.03057,0,1856.5921
,,,,,946,9675.278001,6016.797182,7325.255224,19911.22259,0,1910.4605
,,,,,947,9977.740187,6288.487545,7970.632852,20193.37317,0,1969.5388
,,,,,948,9896.269102,6355.057071,7290.25818,19774.64856,0,2003.4523
,,,,,949,9439.133701,6076.97609,7218.047159,19504.04049,0,1914.3925
,,,,,950,9503.194974,5945.419669,7308.649173,19859.66475,0,1933.3644
,,,,,951,9492.993221,6088.789164,7267.211327,19901.6667,0,1948.306
,,,,,952,9611.8612,6079.108098,7367.199734,19996.74333,0,1978.8773
,,,,,953,10842.56085,6201.04425,7454.646483,19930.2354,0,2018.099
,,,,,954,10081.20895,6831.935096,7375.518175,19492.66681,0,2135.076
,,,,,955,9683.544387,6488.082068,7195.429249,19288.77592,0,2014.3636
,,,,,956,9847.813776,6402.104443,7347.264905,19552.82723,0,2014.6585
,,,,,957,9615.725093,6308.879875,7239.241037,19666.17226,0,2018.6888
,,,,,958,9186.8509,6248.090111,7009.884405,21345.65234,0,1967.4745
,,,,,959,8748.910623,5868.735141,6679.962708,19638.69421,0,1895.224
,,,,,960,8329.23908,5598.679163,6399.243213,18766.06625,0,1838.3083
,,,,,961,8131.842794,5449.588785,6179.85058,18552.25643,0,1773.5286
,,,,,962,8131.842794,5449.588785,6156.753663,18313.80049,0,1777.264
,,,,,963,8131.842794,5449.588785,6156.753663,18215.86661,0,1749.3468
,,,,,964,8131.842794,5449.588785,6156.753663,18215.86661,0,1749.3468
,,,,,965,8179.653581,5449.588785,6156.753663,18215.86661,0,1749.3468
,,,,,966,8952.562664,5666.670847,6597.265179,18420.46554,0,1749.3468
,,,,,967,9443.133513,6048.999337,6896.788419,18987.48695,0,1807.5404
,,,,,968,9352.055136,5982.639143,6966.902969,18824.15259,0,1828.7732
,,,,,969,9567.149684,5948.128115,7256.481044,19473.94253,0,1860.7207
,,,,,970,9697.47673,6003.469948,7471.899143,20165.1976,0,1918.2262
,,,,,971,10037.05722,6244.624404,8143.246516,20439.05353,0,1981.3348
,,,,,972,9945.587961,6303.712028,7430.920941,20032.63856,0,2017.5092
,,,,,973,9432.352692,6056.88521,7346.368718,19769.9858,0,1922.4531
,,,,,974,9504.275594,5940.114718,7452.455041,20115.15545,0,1942.6046
,,,,,975,9492.821876,6067.370586,7403.935274,20155.92263,0,1958.6275
,,,,,976,9626.277389,6058.777597,7521.012167,20248.2042,0,1991.2631
,,,,,977,10920.05584,6167.009063,7623.403974,20183.65147,0,2033.2372
,,,,,978,10153.22371,6759.838258,7530.752268,19758.94648,0,2150.6074
,,,,,979,9706.757571,6421.786039,7319.885303,19561.04956,0,2029.2069
,,,,,980,9891.186175,6345.471637,7497.670382,19817.33831,0,2029.4035
,,,,,981,9630.615461,6262.724793,7371.18473,19927.35124,0,2033.7287
,,,,,982,9149.109627,6208.767331,7102.629976,21587.88425,0,1979.0739
,,,,,983,8657.425115,5872.048941,6716.323118,19900.68098,0,1901.9084
,,,,,984,8186.251284,5632.345178,6387.627349,19053.70646,0,1841.2573
,,,,,985,8106.069009,5578.84958,6011.932491,18856.4566,0,1800.7577
,,,,,986,8106.069009,5578.84958,5962.434999,18613.01392,0,1804.5914
,,,,,987,8106.069009,5578.84958,5962.434999,18507.48066,0,1772.349
,,,,,988,8106.069009,5578.84958,5962.434999,18507.48066,0,1772.349
,,,,,989,8173.647836,5578.84958,5962.434999,18507.48066,0,1772.349
,,,,,990,9024.579838,5797.087513,6530.335793,18721.90962,0,1775.0031
,,,,,991,9564.672385,6181.038347,6902.325267,19300.78893,0,1836.1457
,,,,,992,9464.39991,6114.396565,6989.403233,19134.03882,0,1858.3615
,,,,,993,9701.207626,6079.739096,7349.041422,19797.41756,0,1891.5869
,,,,,994,9844.690808,6135.315762,7616.577476,20503.12857,0,1951.6482
,,,,,995,10218.55095,6377.493514,8330.971606,20782.71155,0,2017.5092
,,,,,996,10117.84815,6436.831865,7565.685064,20367.79737,0,2055.2564
,,,,,997,9552.803271,6188.957682,7460.676395,20099.65187,0,1956.0717
,,,,,998,9631.98658,6071.691695,7592.429095,20452.03991,0,1977.1079
,,,,,999,9619.376643,6199.48755,7532.170522,20493.65964,0,1993.8189
,,,,,1000,9766.304101,6190.858098,7677.572835,20587.87106,0,2027.929
,,,,,1001,11118.33738,6299.548826,7804.737173,20521.96836,0,2071.5742
,,,,,1002,10346.44412,6893.653513,7689.669443,20088.38169,0,2194.3509
,,,,,1003,9854.908522,6555.406902,7427.785619,19886.34622,0,2067.4456
,,,,,1004,10057.95466,6478.768674,7648.583772,20147.99464,0,2067.6422
,,,,,1005,9771.080089,6395.670708,7491.496358,20260.30822,0,2072.164
,,,,,1006,9240.967644,6341.484287,7157.967843,21933.92325,0,2015.15
,,,,,1007,8699.649013,6003.337093,6678.198444,20233.08022,0,1934.6423
,,,,,1008,8180.911557,5762.61619,6269.97848,19368.39326,0,1871.3371
,,,,,1009,8187.114564,5566.418871,6016.623057,19047.81378,0,1835.1627
,,,,,1010,8187.114564,5566.418871,5950.628665,18779.3392,0,1839.0947
,,,,,1011,8187.114564,5566.418871,5950.628665,18635.6593,0,1802.7237
,,,,,1012,8187.114564,5566.418871,5950.628665,18635.6593,0,1803.9033
,,,,,1013,8269.858403,5566.418871,5950.628665,18635.6593,0,1802.7237
,,,,,1014,9180.645528,5815.381304,6598.131073,18899.43206,0,1809.0149
,,,,,1015,9758.728544,6242.456041,7015.402451,19537.83441,0,1871.3371
,,,,,1016,9651.402837,6168.329307,7113.080331,19353.93828,0,1893.9461
,,,,,1017,9904.867765,6129.779242,7516.496916,20085.52869,0,1927.8596
,,,,,1018,10058.44365,6191.598069,7816.599864,20863.80417,0,1989.0022
,,,,,1019,10458.60137,6460.976309,8557.892579,21172.13516,0,2056.0428
,,,,,1020,10350.81506,6526.979319,7759.51237,20714.5576,0,2094.5764
,,,,,1021,9746.024548,6251.264846,7641.721102,20418.84013,0,1993.524
,,,,,1022,9830.777664,6120.827988,7789.511925,20807.46233,0,2014.9534
,,,,,1023,9817.280736,6262.977389,7721.918137,20853.3616,0,2031.9593
,,,,,1024,9974.543169,6253.37871,7885.020127,20957.26027,0,2066.6592
,,,,,1025,11371.26651,6374.277169,8027.664052,20884.58116,0,2111.2874
,,,,,1026,10595.49062,7002.286056,7898.589243,20406.4111,0,2240.7485
,,,,,1027,10069.38008,6658.872255,7604.826564,20183.60141,0,2106.9622
,,,,,1028,10286.70862,6573.626311,7852.502254,20472.15372,0,2107.2571
,,,,,1029,9979.655103,6481.195097,7676.292747,20596.01591,0,2111.7789
,,,,,1030,9412.254196,6420.922662,7302.164141,22335.29871,0,2053.6836
,,,,,1031,8832.858853,6044.796056,6763.992895,20565.9882,0,1971.7014
,,,,,1032,8277.633059,5777.038292,6306.080726,19612.39013,0,1907.1183
,,,,,1033,8224.897567,5385.479648,6149.848959,19326.23206,0,1884.8042
,,,,,1034,8224.897567,5364.319638,6084.865618,19043.46258,0,1888.8345
,,,,,1035,8224.897567,5364.319638,6084.865618,18877.99839,0,1851.3822
,,,,,1036,8224.897567,5364.319638,6084.865618,18877.99839,0,1852.6601
,,,,,1037,8327.661475,5364.319638,6084.865618,18877.99839,0,1851.3822
,,,,,1038,9317.466261,5692.23383,6727.489456,19169.94977,0,1857.9683
,,,,,1039,9945.702345,6206.658288,7141.985627,19842.34378,0,1921.9616
,,,,,1040,9829.065322,6117.37039,7239.013867,19648.65613,0,1945.1604
,,,,,1041,10104.52025,6070.93567,7639.74739,20419.19999,0,1979.9586
,,,,,1042,10271.42,6145.39832,7937.8544,21238.91466,0,2042.7723
,,,,,1043,10706.29442,6469.872569,8677.498573,21563.6627,0,2111.6806
,,,,,1044,10589.15683,6549.375195,7881.146587,21081.72146,0,2151.1972
,,,,,1045,9931.896181,6217.26876,7764.13873,20770.25855,0,2047.3924
,,,,,1046,10024.00227,6060.153613,7910.946619,21179.57291,0,2069.4116
,,,,,1047,10009.33438,6231.376873,7843.802387,21227.91607,0,2086.909
,,,,,1048,10180.24052,6219.814973,8005.819611,21337.34682,0,2122.5919
,,,,,1049,11635.96139,6365.440829,8147.514833,21260.79791,0,2168.3014
,,,,,1050,10855.05985,7111.130472,8019.298481,20757.16774,0,2296.4846
,,,,,1051,10283.30525,6708.244231,7727.489572,20522.49458,0,2163.8779
,,,,,1052,10519.48868,6605.56291,7973.518009,20826.41083,0,2164.1728
,,,,,1053,10185.79595,6494.226712,7798.480444,20956.86804,0,2168.8912
,,,,,1054,9569.168731,6421.626739,7426.84011,22733.65156,0,2109.2231
,,,,,1055,8939.506465,5968.570848,6892.248157,20925.24151,0,2024.98
,,,,,1056,8336.110641,5646.048511,6437.38149,19920.86921,0,1958.7258
,,,,,1057,8319.556499,5411.471038,6153.735712,19886.22205,0,1946.1434
,,,,,1058,8319.556499,5380.238393,6085.338953,19611.43919,0,1950.1737
,,,,,1059,8319.556499,5380.238393,6085.338953,19458.14598,0,1916.7517
,,,,,1060,8319.556499,5380.238393,6085.338953,19458.14598,0,1916.7517
,,,,,1061,8434.57059,5380.238393,6085.338953,19458.14598,0,1916.7517
,,,,,1062,9472.944671,5719.699189,6744.433372,19734.35384,0,1919.0126
,,,,,1063,10132.00803,6236.595483,7168.298943,20387.75656,0,1983.5957
,,,,,1064,10009.64768,6146.878553,7267.520439,20199.53947,0,2006.9911
,,,,,1065,10298.61906,6100.220711,7677.312266,20948.31986,0,2042.0842
,,,,,1066,10473.70851,6175.041158,7982.15778,21744.88227,0,2105.3894
,,,,,1067,10929.92203,6501.074523,8727.36761,22060.45803,0,2174.8875
,,,,,1068,10807.03655,6580.959162,7924.168125,21592.12889,0,2214.7973
,,,,,1069,10117.5244,6247.25694,7804.515386,21289.46303,0,2110.1078
,,,,,1070,10214.1501,6089.386846,7954.641766,21687.21659,0,2132.3236
,,,,,1071,10198.76246,6261.432843,7885.979786,21734.19434,0,2149.9193
,,,,,1072,10378.05489,6249.815387,8051.659297,21840.53429,0,2185.8971
,,,,,1073,11870.04649,6396.140982,8196.557442,21766.14745,0,2231.9998
,,,,,1074,11085.98732,7174.301814,8065.442847,21276.74196,0,2349.8615
,,,,,1075,10486.17697,6740.591573,7767.0378,21048.69697,0,2227.5763
,,,,,1076,10733.94981,6637.416862,8018.62754,21344.02932,0,2227.8712
,,,,,1077,10383.88292,6525.545689,7839.633372,21470.80187,0,2232.5896
,,,,,1078,9736.998072,6452.596869,7459.592364,23226.63356,0,2172.43
,,,,,1079,9076.438551,5997.364021,6912.91633,21440.0686,0,2087.4988
,,,,,1080,8443.434353,5673.291947,6447.767716,20464.06409,0,2020.6548
,,,,,1081,8425.666497,5580.586559,6193.067374,20445.41922,0,1986.643
,,,,,1082,8425.666497,5576.554884,6123.811501,20184.78841,0,1990.4767
,,,,,1083,8425.666497,5576.554884,6123.811501,20053.0618,0,1959.9054
,,,,,1084,8425.666497,5576.554884,6123.811501,20053.0618,0,1959.9054
,,,,,1085,8545.509448,5576.554884,6123.811501,20053.0618,0,1959.9054
,,,,,1086,9602.723893,5881.263313,6787.051361,20301.37263,0,1960.7901
,,,,,1087,10273.74536,6385.495968,7213.275094,20921.12337,0,2022.3259
,,,,,1088,10149.16489,6297.977047,7313.048606,20742.59997,0,2044.64
,,,,,1089,10443.3794,6252.462294,7725.120296,21452.81618,0,2078.1603
,,,,,1090,10621.64569,6325.449686,8031.661807,22208.3535,0,2138.5165
,,,,,1091,11086.1368,6643.495436,8778.272445,22507.67627,0,2204.869
,,,,,1092,10961.02167,6721.422951,7973.349529,22063.46733,0,2242.9111
,,,,,1093,10258.99894,6395.896226,7853.031107,21776.38956,0,2143.0383
,,,,,1094,10357.37783,6241.893852,8003.992709,22153.65775,0,2164.1728
,,,,,1095,10341.711,6409.724828,7934.94873,22198.21603,0,2181.0804
,,,,,1096,10524.25652,6398.391993,8101.549994,22299.07919,0,2215.2888
,,,,,1097,12030.30796,6541.132702,8247.254275,22228.52347,0,2259.3272
,,,,,1098,11245.03375,7229.638159,8115.410229,21764.32366,0,2376.9923
,,,,,1099,10634.34038,6877.144467,7815.345015,21548.0236,0,2255.1003
,,,,,1100,10886.60884,6776.497473,8068.334466,21828.14554,0,2255.3952
,,,,,1101,10530.1903,6667.367074,7888.34447,21948.38897,0,2259.917
,,,,,1102,9871.568306,6596.205454,7506.189117,23667.0947,0,2202.5098
,,,,,1103,9199.023526,6152.125528,6956.471669,21919.23855,0,2121.5106
,,,,,1104,8554.534036,5835.993019,6488.735216,20993.50086,0,2057.7139
,,,,,1105,8472.065137,5637.891713,6322.014176,20545.12317,0,2017.6075
,,,,,1106,8472.065137,5636.848239,6258.355575,20275.86529,0,2021.2446
,,,,,1107,8472.065137,5636.848239,6258.355575,20130.9917,0,1995.2934
,,,,,1108,8472.065137,5636.848239,6258.355575,20130.9917,0,1995.2934
,,,,,1109,8598.28873,5636.848239,6258.355575,20130.9917,0,1995.2934
,,,,,1110,9680.687075,5926.171255,6894.587215,20396.30853,0,1995.2934
,,,,,1111,10367.69294,6409.613881,7305.447143,21036.57348,0,2050.3414
,,,,,1112,10240.14484,6325.703455,7401.624184,20852.14082,0,2070.6895
,,,,,1113,10541.36783,6282.065321,7798.842199,21585.86572,0,2101.3591
,,,,,1114,10723.8806,6352.043368,8094.334011,22366.4119,0,2156.6037
,,,,,1115,11199.43635,6656.975766,8831.818163,22675.64248,0,2217.1565
,,,,,1116,11071.34086,6731.69025,8038.123677,22216.72989,0,2251.9547
,,,,,1117,10352.59525,6419.585325,7922.142293,21920.14963,0,2160.634
,,,,,1118,10453.31762,6271.932627,8067.662283,22309.90568,0,2179.9991
,,,,,1119,10437.27759,6432.84376,8001.107086,22355.93887,0,2195.4322
,,,,,1120,10624.17153,6421.978189,8161.702984,22460.14067,0,2226.7899
,,,,,1121,12149.0262,6558.833552,8302.155159,22387.24951,0,2266.9946
,,,,,1122,11362.11838,7231.11633,8175.063608,21907.68434,0,2384.1682
,,,,,1123,10736.87769,6880.991208,7885.814647,21684.22458,0,2263.1609
,,,,,1124,10995.15544,6784.493992,8129.684754,21973.61878,0,2263.4558
,,,,,1125,10630.24666,6679.863151,7956.182738,22097.84235,0,2267.5844
,,,,,1126,9955.93563,6611.635599,7587.802687,23839.18003,0,2215.0922
,,,,,1127,9267.370164,6185.865544,7057.900541,22067.72703,0,2140.974
,,,,,1128,8607.528294,5882.767502,6607.024275,21111.34673,0,2082.6821
,,,,,1129,8495.151901,5634.468286,6338.280866,20542.80938,0,2016.2313
,,,,,1130,8495.151901,5634.08106,6269.522956,20254.26034,0,2019.9667
,,,,,1131,8495.151901,5634.08106,6269.522956,20079.98857,0,1992.6393
,,,,,1132,8495.151901,5634.08106,6269.522956,20079.98857,0,1992.6393
,,,,,1133,8625.153614,5634.08106,6269.522956,20079.98857,0,1992.6393
,,,,,1134,9722.463902,5920.025244,6930.360018,20383.33282,0,1992.6393
,,,,,1135,10418.93449,6398.902117,7355.216903,21069.46997,0,2049.8499
,,,,,1136,10289.62919,6315.784161,7454.670452,20871.82351,0,2070.8861
,,,,,1137,10595.00205,6272.558157,7865.420679,21658.1166,0,2102.3421
,,,,,1138,10780.02926,6341.875314,8170.979148,22494.58551,0,2159.2578
,,,,,1139,11262.13662,6643.927853,8916.777844,22825.97112,0,2221.58
,,,,,1140,11132.27639,6717.936715,8112.853871,22334.17943,0,2257.3612
,,,,,1141,10403.6288,6408.779388,7992.921295,22016.3505,0,2163.3864
,,,,,1142,10505.73879,6262.521159,8143.398782,22434.03087,0,2183.3413
,,,,,1143,10489.47778,6421.912607,8074.576218,22483.36213,0,2199.2659
,,,,,1144,10678.94652,6411.149653,8240.643212,22595.02954,0,2231.5083
,,,,,1145,12214.935,6546.71252,8385.880237,22516.91605,0,2272.8926
,,,,,1146,11427.05989,7215.432592,8254.458999,22002.99212,0,2390.1645
,,,,,1147,10793.2054,6865.827637,7955.356057,21763.52244,0,2268.8623
,,,,,1148,11055.04138,6770.241766,8207.534202,22073.65047,0,2269.1572
,,,,,1149,10685.10534,6666.599085,8028.121412,22206.77412,0,2273.3841
,,,,,1150,10001.50449,6599.01589,7647.191585,23998.71951,0,2219.4174
,,,,,1151,9303.452823,6177.266915,7099.237015,22174.50117,0,2143.1366
,,,,,1152,8634.520468,5877.031407,6633.000537,21149.60039,0,2083.1736
,,,,,1153,8453.188768,5666.617712,6327.142705,20663.38905,0,2008.9571
,,,,,1154,8453.188768,5665.146042,6252.187121,20379.57229,0,2013.2823
,,,,,1155,8453.188768,5665.146042,6252.187121,20212.51212,0,1976.3215
,,,,,1156,8453.188768,5665.146042,6252.187121,20212.51212,0,1976.3215
,,,,,1157,8593.620317,5665.146042,6252.187121,20212.51212,0,1976.3215
,,,,,1158,9732.096361,5956.673722,6942.929487,20506.52794,0,1980.3518
,,,,,1159,10454.69514,6443.095472,7384.798202,21181.41228,0,2048.572
,,,,,1160,10320.53893,6358.667963,7488.234003,20987.00727,0,2073.2453
,,,,,1161,10637.36791,6314.760918,7915.43121,21760.40497,0,2110.3044
,,,,,1162,10829.33644,6385.170191,8233.224644,22583.1556,0,2177.2467
,,,,,1163,11329.53013,6691.981677,8989.128792,22909.1064,0,2250.6768
,,,,,1164,11194.79817,6767.156575,8172.771953,22425.38022,0,2292.8475
,,,,,1165,10438.81526,6453.128363,8048.037119,22112.76375,0,2182.26
,,,,,1166,10544.75592,6304.565783,8204.539923,22523.59407,0,2205.6554
,,,,,1167,10527.88488,6466.4685,8132.961613,22572.11628,0,2224.3324
,,,,,1168,10724.46156,6455.535973,8305.678148,22681.95232,0,2262.2762
,,,,,1169,12291.18593,6593.234681,8456.730655,22605.11991,0,2311.033
,,,,,1170,11500.64051,7267.8421,8320.047137,22099.62445,0,2429.2879
,,,,,1171,10843.00688,6917.377572,8008.96772,21864.08213,0,2306.3146
,,,,,1172,11114.66568,6820.28571,8271.24341,22169.12399,0,2306.7078
,,,,,1173,10730.85143,6715.010102,8084.646695,22300.06438,0,2311.7211
,,,,,1174,10021.6052,6646.36211,7688.463936,24079.5953,0,2248.121
,,,,,1175,9297.366019,6217.968328,7118.568541,22268.32071,0,2158.3731
,,,,,1176,8603.33857,5913.002502,6633.66334,21260.22854,0,2087.6954
,,,,,1177,8428.000523,5806.335307,6364.395095,20811.33267,0,2028.4205
,,,,,1178,8428.000523,5806.335307,6288.157793,20530.90457,0,2032.7457
,,,,,1179,8428.000523,5806.335307,6288.157793,20369.00846,0,1994.7036
,,,,,1180,8428.000523,5806.335307,6288.157793,20369.00846,0,1994.7036
,,,,,1181,8570.354362,5806.335307,6288.157793,20369.00846,0,1994.7036
,,,,,1182,9716.417531,6064.69089,6985.08477,20656.34442,0,1999.5203
,,,,,1183,10443.83191,6504.949547,7430.471642,21323.17089,0,2068.3303
,,,,,1184,10308.78165,6428.534499,7534.730998,21131.087,0,2093.2985
,,,,,1185,10627.72206,6388.794383,7965.329549,21895.25062,0,2130.7508
,,,,,1186,10820.96992,6452.521575,8285.653252,22708.1779,0,2198.3812
,,,,,1187,11324.49705,6730.215598,9043.647274,23030.23697,0,2272.4994
,,,,,1188,11188.8672,6798.25614,8224.719238,22552.28629,0,2315.0633
,,,,,1189,10427.8462,6514.030283,8098.991265,22243.40235,0,2203.2962
,,,,,1190,10534.49288,6379.566801,8256.740144,22649.32751,0,2227.0848
,,,,,1191,10517.50941,6526.104395,8184.591928,22697.27039,0,2245.8601
,,,,,1192,10715.39613,6516.209402,8358.683632,22805.79502,0,2284.1971
,,,,,1193,12287.78534,6640.840031,8510.938818,22729.87996,0,2333.4454
,,,,,1194,11496.74776,7279.214173,8373.167026,22230.41993,0,2452.8799
,,,,,1195,10834.73148,6934.220649,8059.610796,21997.68991,0,2328.727
,,,,,1196,11108.20068,6846.343138,8323.974724,22299.08968,0,2329.0219
,,,,,1197,10721.82859,6751.058546,8135.892327,22428.46668,0,2334.0352
,,,,,1198,10007.85574,6688.925484,7736.555162,24199.1079,0,2269.8453
,,,,,1199,9278.790024,6301.187742,7162.122262,22397.10202,0,2179.2127
,,,,,1200,8580.13738,6025.164219,6673.356247,21401.04611,0,2107.9452
,,,,,1201,8475.870882,5805.927143,6411.315764,21090.24241,0,2058.9918
,,,,,1202,8475.870882,5805.927143,6339.148073,20827.83828,0,2062.8255
,,,,,1203,8475.870882,5805.927143,6339.148073,20693.40928,0,2033.1389
,,,,,1204,8475.870882,5805.927143,6339.148073,20693.40928,0,2033.1389
,,,,,1205,8609.819075,5805.927143,6339.148073,20693.40928,0,2033.1389
,,,,,1206,9722.705815,6058.523731,7016.438168,20945.21573,0,2033.5321
,,,,,1207,10429.06288,6490.699248,7450.65447,21569.18322,0,2094.1832
,,,,,1208,10297.92208,6415.687179,7552.298939,21389.44516,0,2116.2024
,,,,,1209,10607.62975,6376.67669,7972.097819,22104.49364,0,2149.1329
,,,,,1210,10795.28344,6439.233852,8284.387611,22865.1716,0,2208.6044
,,,,,1211,11284.23437,6711.829419,9035.746035,23166.53095,0,2273.8756
,,,,,1212,11152.53076,6778.620739,8224.981859,22719.29963,0,2311.4262
,,,,,1213,10413.53993,6499.613261,8102.407219,22430.2686,0,2213.0279
,,,,,1214,10517.09938,6367.618527,8256.199661,22810.10371,0,2233.8675
,,,,,1215,10500.60755,6511.465694,8185.860966,22854.96515,0,2250.4802
,,,,,1216,10692.76581,6501.752372,8355.586345,22956.51458,0,2284.1971
,,,,,1217,12240.38426,6624.094785,8504.02288,22885.47881,0,2327.5474
,,,,,1218,11451.49874,7256.113929,8369.706487,22418.1206,0,2445.1142
,,,,,1219,10808.64662,6912.088942,8064.014435,22200.34885,0,2323.4188
,,,,,1220,11074.19939,6825.824861,8321.747957,22482.37673,0,2323.7137
,,,,,1221,10699.01206,6732.289692,8138.38278,22603.43828,0,2328.1372
,,,,,1222,10005.70742,6671.297391,7749.061231,24326.79607,0,2271.6147
,,,,,1223,9297.746823,6290.678505,7189.035453,22574.08953,0,2191.7951
,,,,,1224,8619.318893,6019.722768,6712.527984,21642.05317,0,2129.0797
,,,,,1225,8731.355611,5829.522011,6504.420988,21026.57349,0,2139.1063
,,,,,1226,8731.355611,5826.203096,6436.52063,20788.55158,0,2142.5468
,,,,,1227,8731.355611,5826.203096,6436.52063,20691.27913,0,2118.7582
,,,,,1228,8731.355611,5826.203096,6436.52063,20691.27913,0,2118.7582
,,,,,1229,8865.230694,5826.203096,6436.52063,20691.27913,0,2118.7582
,,,,,1230,9977.828872,6127.241723,7093.219797,20895.02248,0,2118.7582
,,,,,1231,10684.00279,6626.515443,7515.722813,21461.01181,0,2170.3657
,,,,,1232,10552.89599,6539.857236,7614.625352,21297.97475,0,2189.8291
,,,,,1233,10862.52335,6494.790103,8023.099866,21946.58196,0,2219.1225
,,,,,1234,11050.12839,6567.059692,8326.965426,22636.57882,0,2271.9096
,,,,,1235,11538.95254,6881.977583,9071.365864,22909.93629,0,2329.8083
,,,,,1236,11407.28308,6959.138712,8269.162184,22504.26106,0,2363.0337
,,,,,1237,10668.48386,6636.813417,8149.89408,22242.08638,0,2275.7433
,,,,,1238,10772.01646,6484.325598,8299.537865,22586.62775,0,2294.322
,,,,,1239,10755.5289,6650.50602,8231.096604,22627.32074,0,2308.9687
,,,,,1240,10947.63734,6639.28464,8396.243524,22719.43434,0,2338.9502
,,,,,1241,12495.04034,6780.621548,8540.67588,22654.99911,0,2377.3855
,,,,,1242,11706.17354,7465.257495,8409.982766,22231.06715,0,2494.1659
,,,,,1243,11063.4881,7113.328766,8112.536968,22033.53044,0,2373.7484
,,,,,1244,11328.97202,7013.671596,8363.31795,22289.35269,0,2373.945
,,,,,1245,10953.88197,6905.614453,8184.899175,22399.16538,0,2377.877
,,,,,1246,10260.75709,6835.152681,7806.079845,24058.55977,0,2327.744
,,,,,1247,9552.980067,6395.440112,7261.161151,22372.54367,0,2256.968
,,,,,1248,8874.728049,6082.416645,6797.5078,21527.11079,0,2201.2319
,,,,,1249,8710.211279,5679.279054,6441.977297,20951.1752,0,2112.8602
,,,,,1250,8710.211279,5670.599828,6376.193887,20709.51986,0,2116.6939
,,,,,1251,8710.211279,5670.599828,6376.193887,20606.71036,0,2086.8107
,,,,,1252,8710.211279,5670.599828,6376.193887,20606.71036,0,2086.8107
,,,,,1253,8846.467354,5670.599828,6376.193887,20606.71036,0,2086.8107
,,,,,1254,9968.463125,5999.237199,7022.678255,20817.61606,0,2087.3022
,,,,,1255,10680.60176,6535.804603,7439.370515,21392.24526,0,2148.1499
,,,,,1256,10548.38756,6442.673387,7536.912831,21226.71943,0,2170.1691
,,,,,1257,10860.6302,6394.239925,7939.769525,21885.22768,0,2203.2962
,,,,,1258,11049.81985,6471.907753,8239.45597,22585.7574,0,2262.9643
,,,,,1259,11542.77287,6810.34871,8980.404674,22863.2877,0,2328.4321
,,,,,1260,11409.99126,6893.273456,8182.447706,22451.4198,0,2366.081
,,,,,1261,10664.95175,6546.871794,8064.819917,22185.243,0,2267.3878
,,,,,1262,10769.35884,6382.993764,8212.405625,22535.04383,0,2288.3257
,,,,,1263,10752.73202,6561.587178,8144.905649,22576.35799,0,2304.9384
,,,,,1264,10946.46311,6549.527606,8307.781275,22669.87771,0,2338.8519
,,,,,1265,12500.8827,6701.421798,8450.227228,22604.45887,0,2382.3005
,,,,,1266,11711.40631,7415.1584,8321.331559,22174.05556,0,2499.8673
,,,,,1267,11063.29241,7058.98087,8027.976584,21973.50343,0,2378.0736
,,,,,1268,11331.01874,6951.879721,8275.308532,22233.23084,0,2378.3685
,,,,,1269,10952.76049,6835.751156,8099.343581,22344.71983,0,2382.792
,,,,,1270,10253.78111,6760.026181,7725.734217,24013.64601,0,2326.1712
,,,,,1271,9540.025823,6287.4689,7188.309883,22317.69173,0,2246.0567
,,,,,1272,8856.044928,5951.063873,6731.033236,21459.35325,0,2183.1447
,,,,,1273,8712.169161,5665.724429,6366.566102,20870.18388,0,2109.4197
,,,,,1274,8712.169161,5657.067641,6297.714049,20596.4266,0,2113.6466
,,,,,1275,8712.169161,5657.067641,6297.714049,20444.6963,0,2076.8824
,,,,,1276,8712.169161,5657.067641,6297.714049,20444.6963,0,2076.8824
,,,,,1277,8855.770474,5657.067641,6297.714049,20444.6963,0,2076.8824
,,,,,1278,10006.75733,5985.589486,6959.005376,20718.88249,0,2080.8144
,,,,,1279,10737.2968,6522.000783,7384.120673,21369.8465,0,2148.838
,,,,,1280,10601.66634,6428.896662,7483.634714,21182.3319,0,2173.5113
,,,,,1281,10921.97697,6380.477291,7894.634772,21928.3176,0,2210.4721
,,,,,1282,11116.05506,6458.122523,8200.379092,22721.90697,0,2277.2178
,,,,,1283,11621.74543,6796.465015,8946.331291,23036.3049,0,2350.4513
,,,,,1284,11485.53289,6879.365635,8142.218461,22569.72372,0,2392.4254
,,,,,1285,10721.24241,6533.064754,8022.212938,22268.1875,0,2282.1328
,,,,,1286,10828.34727,6369.234402,8172.78195,22664.45651,0,2305.5282
,,,,,1287,10811.29083,6547.775857,8103.917527,22711.25893,0,2324.2052
,,,,,1288,11010.02771,6535.719794,8270.085528,22817.20198,0,2362.0507
,,,,,1289,12586.09312,6687.569793,8415.41089,22743.09278,0,2410.6109
,,,,,1290,11794.73616,7401.184583,8283.909718,22255.51391,0,2528.7675
,,,,,1291,11129.87574,7045.024838,7984.624852,22028.32006,0,2405.8925
,,,,,1292,11404.51981,6937.954849,8236.95638,22322.55014,0,2406.2857
,,,,,1293,11016.4878,6821.86007,8057.434465,22448.84952,0,2411.2007
,,,,,1294,10299.4476,6746.157126,7676.272944,24201.99075,0,2347.7972
,,,,,1295,9567.249696,6273.73733,7127.98509,22418.23097,0,2258.3442
,,,,,1296,8865.595522,5937.430176,6661.465031,21445.86922,0,2187.9614
,,,,,1297,8651.870148,5766.538146,6329.166584,21068.32757,0,2147.3635
,,,,,1298,8651.870148,5756.354399,6250.902409,20780.40644,0,2151.8853
,,,,,1299,8651.870148,5756.354399,6250.902409,20607.09154,0,2104.8979
,,,,,1300,8651.870148,5756.354399,6250.902409,20607.09154,0,2110.6976
,,,,,1301,8809.72177,5756.354399,6250.902409,20607.09154,0,2104.8979
,,,,,1302,10016.95349,6092.738126,6957.609543,20909.19804,0,2116.6939
,,,,,1303,10783.19198,6639.773043,7408.559922,21593.84209,0,2189.6325
,,,,,1304,10640.93371,6544.824996,7514.121624,21396.62573,0,2216.0752
,,,,,1305,10976.89685,6495.44668,7950.098954,22181.20778,0,2255.6901
,,,,,1306,11180.45888,6574.629675,8274.42395,23015.85646,0,2327.1542
,,,,,1307,11710.86064,6919.673036,9035.722834,23346.52094,0,2405.5976
,,,,,1308,11567.99185,7004.215501,8212.728784,22855.79944,0,2450.7173
,,,,,1309,10766.35306,6651.056135,8085.430293,22538.66212,0,2332.4624
,,,,,1310,10878.69177,6483.981126,8245.149676,22955.43359,0,2357.5289
,,,,,1311,10860.80184,6666.058591,8172.100228,23004.6575,0,2377.4838
,,,,,1312,11069.25033,6653.763758,8348.366581,23116.08191,0,2418.0817
,,,,,1313,12687.31025,6808.621146,8502.523648,23038.1384,0,2470.1807
,,,,,1314,11892.30484,7530.525658,8363.030894,22525.33281,0,2597.9707
,,,,,1315,11194.95493,7173.155584,8045.557906,22286.38425,0,2465.1674
,,,,,1316,11483.01994,7063.965075,8313.22411,22595.83741,0,2465.4623
,,,,,1317,11076.0261,6945.57104,8122.7923,22728.67137,0,2470.8688
,,,,,1318,10323.94655,6868.3688,7718.466854,24518.96953,0,2402.8452
,,,,,1319,9555.968594,6386.592735,7136.858482,22696.46865,0,2307.0027
,,,,,1320,8820.026935,6043.625022,6641.987094,21673.79814,0,2231.5083
,,,,,1321,8721.671886,5865.170057,6371.673975,21370.20829,0,2200.0523
,,,,,1322,8721.671886,5856.595478,6288.495823,21082.88059,0,2204.7707
,,,,,1323,8721.671886,5856.595478,6288.495823,20910.47003,0,2156.3088
,,,,,1324,8721.671886,5856.595478,6288.495823,20910.47003,0,2162.6
,,,,,1325,8884.363239,5856.595478,6288.495823,20910.47003,0,2156.3088
,,,,,1326,10110.697,6184.69405,7018.914108,21211.40674,0,2168.6946
,,,,,1327,10889.05969,6720.533385,7483.352732,21894.63969,0,2243.4026
,,,,,1328,10744.55047,6627.528539,7592.07186,21697.82981,0,2270.4351
,,,,,1329,11085.82956,6579.160796,8041.089581,22480.79477,0,2311.033
,,,,,1330,11292.61256,6656.723237,8375.115368,23313.72317,0,2384.3648
,,,,,1331,11831.40686,6994.704963,9144.426607,23643.70613,0,2464.6759
,,,,,1332,11686.27746,7077.517188,8311.574855,23153.99604,0,2510.8769
,,,,,1333,10871.95434,6731.585558,8180.468776,22837.51237,0,2389.7713
,,,,,1334,10986.07058,6567.929895,8344.96548,23253.42484,0,2415.4276
,,,,,1335,10967.89758,6746.280975,8269.73107,23302.5473,0,2435.874
,,,,,1336,11179.64435,6734.237767,8451.269675,23413.74206,0,2477.4549
,,,,,1337,12811.96657,6885.925854,8610.037689,23335.95919,0,2530.8318
,,,,,1338,12015.72207,7599.094336,8466.372608,22824.21054,0,2657.6388
,,,,,1339,11307.33797,7242.999753,8139.403778,22585.75446,0,2525.6219
,,,,,1340,11599.96104,7136.04393,8415.076068,22894.56982,0,2526.0151
,,,,,1341,11186.52733,7020.07294,8218.948308,23027.12999,0,2531.5199
,,,,,1342,10422.54762,6944.450716,7802.529201,24815.87138,0,2461.8252
,,,,,1343,9642.417937,6472.534649,7203.52451,22994.99364,0,2363.6235
,,,,,1344,8894.831463,6136.586091,6693.851168,21974.43094,0,2286.2614
,,,,,1345,8819.572663,5898.566043,6469.042633,21519.09186,0,2243.8941
,,,,,1346,8819.572663,5889.614588,6388.7911,21231.72527,0,2248.7108
,,,,,1347,8819.572663,5889.614588,6388.7911,21059.25547,0,2203.2962
,,,,,1348,8819.572663,5889.614588,6388.7911,21059.25547,0,2205.6554
,,,,,1349,8984.695437,5889.614588,6388.7911,21059.25547,0,2203.2962
,,,,,1350,10220.62583,6219.653588,7105.08773,21360.26882,0,2211.9466
,,,,,1351,11005.07957,6758.114988,7561.493157,22043.59421,0,2288.1291
,,,,,1352,10859.4395,6664.655033,7668.331816,21846.7577,0,2315.7514
,,,,,1353,11203.38925,6616.050609,8109.583069,22629.82861,0,2357.1357
,,,,,1354,11411.79042,6693.992593,8437.831354,23462.86971,0,2431.8437
,,,,,1355,11954.80104,7033.628191,9202.370673,23792.89732,0,2513.8259
,,,,,1356,11808.53593,7116.845647,8375.389875,23303.12097,0,2560.9116
,,,,,1357,10987.84035,6769.221244,8246.551481,22986.59448,0,2437.3485
,,,,,1358,11102.84961,6604.764751,8408.202956,23402.56322,0,2463.5946
,,,,,1359,11084.5344,6783.988571,8334.269844,23451.69232,0,2484.4342
,,,,,1360,11297.93818,6771.886431,8512.668453,23562.90213,0,2526.8015
,,,,,1361,12937.4256,6924.316784,8668.690325,23485.10874,0,2581.1614
,,,,,1362,12140.5586,7639.531291,8527.510157,22973.29084,0,2700.0061
,,,,,1363,11426.63107,7283.137982,8206.196767,22734.8025,0,2575.9515
,,,,,1364,11721.54404,7175.658783,8477.100871,23043.65964,0,2576.3447
,,,,,1365,11304.87503,7059.120303,8284.365449,23176.23775,0,2581.8495
,,,,,1366,10534.91682,6983.128031,7875.148966,24965.08113,0,2510.8769
,,,,,1367,9748.682264,6508.9027,7286.505004,23144.09706,0,2410.7092
,,,,,1368,8995.245579,6171.310218,6785.647264,22123.39626,0,2331.8726
,,,,,1369,8909.034823,5990.625279,6550.147062,21709.32656,0,2276.2348
,,,,,1370,8909.034823,5977.959743,6476.458106,21425.66529,0,2280.56
,,,,,1371,8909.034823,5977.959743,6476.458106,21258.84207,0,2243.5009
,,,,,1372,8909.034823,5977.959743,6476.458106,21258.84207,0,2243.5009
,,,,,1373,9069.199168,5977.959743,6476.458106,21258.84207,0,2243.5009
,,,,,1374,10285.55902,6327.121506,7161.088682,21552.55139,0,2247.5312
,,,,,1375,11057.59121,6891.423152,7599.480664,22227.06599,0,2315.8497
,,,,,1376,10914.2573,6793.478144,7702.102607,22032.76749,0,2340.523
,,,,,1377,11252.76072,6742.541241,8125.938521,22805.74148,0,2377.6804
,,,,,1378,11457.86193,6824.223585,8441.231478,23628.04135,0,2444.6227
,,,,,1379,11992.27417,7180.15797,9195.07036,23953.81358,0,2518.0528
,,,,,1380,11848.32512,7267.368952,8381.254444,23470.35241,0,2560.2235
,,,,,1381,11040.62497,6903.062387,8257.501054,23157.90721,0,2449.5377
,,,,,1382,11153.8131,6730.713785,8412.772455,23568.51245,0,2473.0314
,,,,,1383,11135.78789,6918.538384,8341.757341,23617.00809,0,2491.7084
,,,,,1384,11345.8125,6905.855474,8513.1149,23726.78395,0,2529.6522
,,,,,1385,12970.68783,7065.600814,8662.978888,23649.99363,0,2578.409
,,,,,1386,12175.09031,7800.978737,8527.37083,23144.77511,0,2696.6639
,,,,,1387,11472.46758,7441.641496,8218.739062,22909.36184,0,2573.7889
,,,,,1388,11762.71071,7329.004474,8478.951103,23214.23658,0,2574.0838
,,,,,1389,11352.63951,7206.873424,8293.822577,23345.10523,0,2579.0971
,,,,,1390,10594.87333,7127.234356,7900.757081,25124.22824,0,2515.497
,,,,,1391,9821.088525,6630.251406,7335.345765,23313.37895,0,2425.6508
,,,,,1392,9079.582252,6276.458185,6854.255917,22305.83907,0,2354.9731
,,,,,1393,8934.845457,6241.650381,6572.978211,21773.70553,0,2262.1779
,,,,,1394,8934.845457,6236.733265,6509.418183,21492.68916,0,2266.0116
,,,,,1395,8934.845457,6236.733265,6509.418183,21329.89656,0,2237.1114
,,,,,1396,8934.845457,6236.733265,6509.418183,21329.89656,0,2237.1114
,,,,,1397,9086.085674,6236.733265,6509.418183,21329.89656,0,2237.1114
,,,,,1398,10267.22269,6546.000582,7145.174184,21618.39215,0,2237.1114
,,,,,1399,11016.89869,7056.393582,7555.763542,22286.61748,0,2296.8778
,,,,,1400,10877.71538,6967.805419,7651.877247,22094.13065,0,2318.5038
,,,,,1401,11206.41657,6921.7346,8048.833676,22859.89732,0,2351.0411
,,,,,1402,11405.57854,6995.613698,8344.130893,23674.52995,0,2409.6279
,,,,,1403,11924.51549,7317.545097,9081.45432,23997.26464,0,2473.9161
,,,,,1404,11784.73486,7396.424674,8287.957576,23518.31132,0,2510.8769
,,,,,1405,11000.42375,7066.920902,8172.052571,23208.77941,0,2413.9531
,,,,,1406,11110.33422,6911.03704,8317.476729,23615.55611,0,2434.4978
,,,,,1407,11092.83099,7080.918452,8250.965362,23663.59956,0,2450.9139
,,,,,1408,11296.77379,7069.447161,8411.455501,23772.35186,0,2484.1393
,,,,,1409,12895.35044,7213.931771,8551.815181,23696.27754,0,2526.8015
,,,,,1410,12102.03772,7907.24421,8424.807326,23195.76975,0,2644.27
,,,,,1411,11419.76125,7554.048681,8135.748848,22962.55151,0,2522.6729
,,,,,1412,11701.59964,7452.172055,8379.458356,23264.58355,0,2522.9678
,,,,,1413,11303.40311,7341.708381,8206.070599,23394.23196,0,2527.3913
,,,,,1414,10567.58,7269.677361,7837.933143,25166.41645,0,2471.6552
,,,,,1415,9816.202134,6820.171994,7308.379961,23362.80151,0,2393.1135
,,,,,1416,9096.16809,6500.17721,6857.800617,22364.65607,0,2331.1845
,,,,,1417,8453.761062,6645.828702,6587.381804,21278.93399,0,1904.9557
,,,,,1418,8389.650546,6562.78773,6484.501852,20993.62386,0,1908.3962
,,,,,1419,8389.650546,6563.260813,6484.501852,20646.2236,0,1862.9816
,,,,,1420,8389.650546,6562.78773,6484.501852,20646.2236,0,1877.6283
,,,,,1421,8646.000962,6576.367404,6484.501852,20646.2236,0,1861.2122
,,,,,1422,9821.778724,7022.961853,7213.129354,21121.24752,0,1882.1501
,,,,,1423,10568.05317,7655.411314,7662.145594,21799.68292,0,1936.6083
,,,,,1424,10429.50139,7545.63799,7767.254539,21604.25501,0,1956.2683
,,,,,1425,10756.71113,7488.549697,8201.361951,22381.72212,0,1985.8566
,,,,,1426,10954.96944,7580.096399,8524.295908,23208.80184,0,2039.2335
,,,,,1427,11471.55178,7979.015154,9139.21117,23536.46771,0,2097.8203
,,,,,1428,11332.40538,8076.758159,8462.865354,23050.19629,0,2131.5372
,,,,,1429,10551.65299,7668.456159,8336.112849,22735.93491,0,2043.2638
,,,,,1430,10661.06475,7475.293901,8495.147192,23148.92691,0,2061.9408
,,,,,1431,10643.64094,7685.801113,8422.411055,23197.70444,0,2076.7841
,,,,,1432,10846.65838,7671.586553,8597.921397,23308.11841,0,2107.1588
,,,,,1433,11998.93262,7850.623518,8751.41728,23230.88172,0,2145.9873
,,,,,1434,11648.26853,8402.75766,8612.522814,22722.72648,0,2191.7951
,,,,,1435,10969.08779,8272.076704,8296.411477,22485.9448,0,2142.2519
,,,,,1436,11249.64738,8145.837087,8562.929653,22792.59171,0,2142.5468
,,,,,1437,10853.25761,8008.956897,8373.31461,22924.22107,0,2146.4788
,,,,,1438,10120.7732,7919.700226,7970.723327,24013.41626,0,2095.756
,,,,,1439,9372.804615,7362.699195,7391.609489,22892.31038,0,2024.1936
,,,,,1440,8656.03763,6966.180182,6898.860618,21878.9139,0,1967.8677
,,,,,1441,8434.580099,6546.209628,6524.572962,21203.89319,0,1884.7059
,,,,,1442,8369.41197,6453.36886,6423.822338,20914.96686,0,1888.4413
,,,,,1443,8369.41197,6464.878591,6423.822338,20562.05581,0,1838.21
,,,,,1444,8369.41197,6396.199526,6423.822338,20562.05581,0,1854.5278
,,,,,1445,8628.278099,6477.788848,6423.822338,20562.05581,0,1833.1967
,,,,,1446,9812.973894,6917.693389,7142.175308,21044.20811,0,1859.4428
,,,,,1447,10564.90868,7540.668866,7585.346813,21731.24242,0,1919.5041
,,,,,1448,10425.30601,7432.539927,7689.08758,21533.33753,0,1941.3267
,,,,,1449,10754.99757,7376.306808,8117.544321,22320.65874,0,1974.0606
,,,,,1450,10954.75963,7466.482156,8436.274725,23158.22139,0,2033.0406
,,,,,1451,11475.26014,7859.425176,9047.718068,23490.0403,0,2097.722
,,,,,1452,11335.05834,7955.704008,8375.643798,22997.60556,0,2134.8794
,,,,,1453,10548.3841,7553.518301,8250.5412,22679.36105,0,2037.3658
,,,,,1454,10658.62574,7363.249581,8407.505432,23097.58756,0,2058.1071
,,,,,1455,10641.06976,7570.603431,8335.716083,23146.98333,0,2074.5232
,,,,,1456,10845.62705,7556.601803,8508.941849,23258.79675,0,2107.9452
,,,,,1457,12004.52711,7732.956825,8660.439714,23180.58112,0,2150.9023
,,,,,1458,11653.31725,8340.295525,8523.353203,22665.9852,0,2196.8084
,,,,,1459,10968.98507,8148.096715,8211.35661,22426.20241,0,2146.7737
,,,,,1460,11251.67264,8023.748146,8474.405585,22736.73595,0,2147.0686
,,,,,1461,10852.27634,7888.918397,8287.258715,22870.03366,0,2151.4921
,,,,,1462,10114.23619,7800.998776,7889.907864,23968.71546,0,2095.4611
,,,,,1463,9360.594408,7252.341524,7318.33221,22837.71851,0,2016.3296
,,,,,1464,8638.390893,6861.762298,6831.997332,21811.47761,0,1954.1057
,,,,,1465,8439.706283,6532.594292,6448.720786,21123.28588,0,1887.6549
,,,,,1466,8371.27547,6439.946493,6344.883575,20802.40982,0,1891.6852
,,,,,1467,8371.27547,6451.432302,6344.883575,20400.80991,0,1838.3083
,,,,,1468,8371.27547,6381.18148,6344.883575,20400.80991,0,1855.6091
,,,,,1469,8637.902446,6464.315724,6344.883575,20400.80991,0,1825.0378
,,,,,1470,9850.109902,6903.305929,7078.130091,20945.94267,0,1860.819
,,,,,1471,10619.50653,7524.986559,7529.773887,21708.94985,0,1924.8123
,,,,,1472,10476.66193,7417.082365,7635.49791,21489.16046,0,1947.9128
,,,,,1473,10814.00978,7360.966125,8072.145634,22363.54436,0,1982.711
,,,,,1474,11018.41081,7450.954045,8396.969338,23293.72542,0,2045.4264
,,,,,1475,11550.99868,7843.080338,9013.445435,23662.23716,0,2114.2364
,,,,,1476,11407.54104,7939.159056,8335.179305,23115.34856,0,2153.753
,,,,,1477,10602.59821,7537.809287,8207.685069,22761.91228,0,2050.0465
,,,,,1478,10715.39994,7347.936038,8367.65005,23226.38666,0,2072.0657
,,,,,1479,10697.43627,7554.858905,8294.488275,23281.24465,0,2089.5631
,,,,,1480,10906.7439,7540.886379,8471.02567,23405.4225,0,2125.1477
,,,,,1481,12086.08426,7716.874849,8625.419781,23318.55771,0,2170.8572
,,,,,1482,11733.19073,8324.489329,8485.712531,22747.05732,0,2221.6783
,,,,,1483,11032.96661,8131.151877,8167.751371,22480.75913,0,2166.4337
,,,,,1484,11322.21891,8007.061764,8435.829161,22825.63175,0,2166.7286
,,,,,1485,10913.5476,7872.512257,8245.104527,22973.66964,0,2171.447
,,,,,1486,10158.36827,7784.775377,7840.157357,24156.16719,0,2111.7789
,,,,,1487,9387.225009,7237.258502,7257.654657,22937.78105,0,2027.7324
,,,,,1488,8648.250085,6847.49109,6762.022315,21798.05753,0,1961.4782
,,,,,1489,8388.309772,6647.353139,6411.102568,21320.4901,0,1929.3341
,,,,,1490,8313.549108,6553.078877,6297.798196,20985.51733,0,1933.4627
,,,,,1491,8313.549108,6564.766323,6297.798196,20562.43518,0,1878.8079
,,,,,1492,8313.549108,6492.696468,6297.798196,20562.43518,0,1896.5019
,,,,,1493,8595.232705,6577.875918,6297.798196,20562.43518,0,1850.006
,,,,,1494,9860.814843,7024.57274,7076.726095,21135.35586,0,1901.9084
,,,,,1495,10664.08876,7657.167178,7554.356049,21931.8834,0,1967.2779
,,,,,1496,10514.95457,7547.368691,7666.163098,21702.43825,0,1990.9682
,,,,,1497,10867.15617,7490.267312,8127.934152,22615.2355,0,2026.4545
,,,,,1498,11080.55719,7581.834999,8471.447187,23586.28119,0,2090.5461
,,,,,1499,11636.59542,7980.845198,9103.359712,23970.98235,0,2160.9289
,,,,,1500,11486.8212,8078.61061,8406.10195,23400.06789,0,2201.3302
,,,,,1501,10646.43595,7670.215014,8271.272099,23031.10448,0,2095.3628
,,,,,1502,10764.20445,7477.008477,8440.44096,23515.9841,0,2117.7752
,,,,,1503,10745.44982,7687.563943,8363.069687,23573.25211,0,2135.6658
,,,,,1504,10963.97347,7673.346125,8549.764486,23702.88533,0,2172.0368
,,,,,1505,12182.96954,7852.424131,8713.041947,23612.20441,0,2218.7293
,,,,,1506,11826.80956,8469.506412,8565.296383,23015.59692,0,2281.9362
,,,,,1507,11095.75389,8273.973928,8229.040742,22737.59974,0,2214.2075
,,,,,1508,11397.74225,8147.705372,8512.542881,23097.62327,0,2214.6007
,,,,,1509,10971.07675,8010.793805,8310.844555,23252.16475,0,2219.3191
,,,,,1510,10182.64613,7921.516674,7882.598004,24471.64305,0,2158.4714
,,,,,1511,9377.548675,7364.387961,7266.579938,23214.69951,0,2072.4589
,,,,,1512,8606.03596,6967.778053,6742.430476,22024.90575,0,2004.8285
,,,,,1513,8457.253541,6728.842096,6453.858528,21620.93949,0,1975.5351
,,,,,1514,8380.343115,6633.412902,6335.611444,21286.55734,0,1979.762
,,,,,1515,8380.343115,6645.243528,6335.611444,20864.37524,0,1923.8293
,,,,,1516,8380.343115,6602.215697,6335.611444,20864.37524,0,1941.9165
,,,,,1517,8667.140286,6658.513726,6335.611444,20864.37524,0,1895.1257
,,,,,1518,9950.849687,7110.68293,7138.38915,21436.13168,0,1947.4213
,,,,,1519,10765.6291,7751.02714,7629.586224,22231.25481,0,2014.3636
,,,,,1520,10614.35883,7639.883536,7744.569162,22002.2142,0,2038.6437
,,,,,1521,10971.60511,7582.082621,8219.456863,22913.40203,0,2075.0147
,,,,,1522,11188.06272,7674.772083,8572.727415,23882.73561,0,2140.6791
,,,,,1523,11752.06523,8078.670466,9212.699149,24266.75848,0,2212.6347
,,,,,1524,11600.14575,8177.633579,8505.526041,23696.85064,0,2254.019
,,,,,1525,10747.72345,7764.234821,8366.866336,23328.53777,0,2145.4958
,,,,,1526,10867.17878,7568.661355,8540.840453,23812.56247,0,2168.498
,,,,,1527,10848.15552,7781.796289,8461.271443,23869.7295,0,2186.7818
,,,,,1528,11069.80914,7767.404291,8653.269324,23999.13416,0,2224.0375
,,,,,1529,12302.27319,7948.676141,8821.184695,23908.61312,0,2271.9096
,,,,,1530,11945.00386,8548.740311,8669.242406,23313.05755,0,2334.2318
,,,,,1531,11203.47708,8375.390249,8323.435394,23035.55053,0,2267.2895
,,,,,1532,11509.7909,8247.574807,8614.990436,23394.93927,0,2267.5844
,,,,,1533,11077.01416,8108.985966,8407.562851,23549.20827,0,2272.4994
,,,,,1534,10277.29065,8018.615122,7967.15192,24767.13718,0,2210.0789
,,,,,1535,9460.661571,7454.66115,7333.635807,23511.80909,0,2122.1004
,,,,,1536,8678.098279,7053.192464,6794.597835,22324.11314,0,2052.7989
,,,,,1537,8552.021879,6765.578256,6551.796567,21769.11715,0,2012.2993
,,,,,1538,8474.031439,6669.628404,6436.493215,21434.69631,0,2016.6245
,,,,,1539,8474.031439,6681.523578,6436.493215,21012.45523,0,1959.6105
,,,,,1540,8474.031439,6639.173988,6436.493215,21012.45523,0,1978.0909
,,,,,1541,8763.397605,6694.866177,6436.493215,21012.45523,0,1936.6083
,,,,,1542,10056.21392,7149.502394,7225.066687,21584.28795,0,1983.694
,,,,,1543,10876.77356,7793.34029,7708.183589,22379.50309,0,2051.8159
,,,,,1544,10724.43014,7681.590292,7821.275062,22150.43598,0,2076.4892
,,,,,1545,11084.2108,7623.474018,8288.350879,23061.72925,0,2113.5483
,,,,,1546,11302.20401,7716.66919,8635.810145,24031.17499,0,2180.4906
,,,,,1547,11870.20767,8122.771222,9270.982054,24415.2423,0,2253.8224
,,,,,1548,11717.21045,8222.274273,8569.714231,23845.26851,0,2295.8948
,,,,,1549,10858.74088,7806.620032,8433.335472,23476.91302,0,2185.4056
,,,,,1550,10979.04364,7609.979526,8604.447722,23960.99373,0,2208.801
,,,,,1551,10959.88543,7824.277314,8526.187619,24018.16738,0,2227.478
,,,,,1552,11183.11151,7809.806794,8715.027142,24147.58701,0,2265.4218
,,,,,1553,12422.34171,7992.067655,8880.180312,24057.0555,0,2314.0803
,,,,,1554,12064.51505,8594.17604,8730.737468,23461.43101,0,2371.1926
,,,,,1555,11317.72772,8421.109894,8390.618968,23183.89188,0,2309.4602
,,,,,1556,11626.2146,8292.597096,8677.377941,23543.32221,0,2309.7551
,,,,,1557,11190.36765,8153.252122,8473.362531,23697.60906,0,2314.7684
,,,,,1558,10384.97072,8062.388219,8040.196342,24915.63947,0,2251.1683
,,,,,1559,9562.548302,7495.357342,7417.101545,23660.20555,0,2161.5187
,,,,,1560,8774.433337,7091.698263,6886.930725,22472.37216,0,2090.9393
,,,,,1561,8635.442171,6893.386069,6633.375269,21958.44988,0,2030.1899
,,,,,1562,8559.654218,6795.624814,6524.67287,21627.71678,0,2034.3185
,,,,,1563,8559.654218,6807.744552,6524.67287,21211.09552,0,1978.9756
,,,,,1564,8559.654218,6740.693006,6524.67287,21211.09552,0,1996.9645
,,,,,1565,8843.781396,6821.339042,6524.67287,21211.09552,0,1970.5218
,,,,,1566,10118.02586,7284.558179,7281.395114,21775.65884,0,2002.371
,,,,,1567,10926.79782,7940.550866,7746.393235,22562.10496,0,2068.6252
,,,,,1568,10776.64287,7826.691179,7855.243333,22335.56382,0,2092.6104
,,,,,1569,11131.25514,7767.477748,8304.801973,23236.80805,0,2128.5882
,,,,,1570,11346.11678,7862.432319,8639.230151,24195.56349,0,2193.5645
,,,,,1571,11905.96084,8276.201011,9263.63905,24575.3956,0,2264.832
,,,,,1572,11755.16148,8377.582546,8575.613094,24011.70704,0,2305.7248
,,,,,1573,10909.02418,7954.081312,8444.349074,23647.4135,0,2198.3812
,,,,,1574,11027.59875,7753.728499,8609.043943,24126.15614,0,2221.0885
,,,,,1575,11008.71576,7972.07194,8533.718901,24182.69932,0,2239.274
,,,,,1576,11228.7351,7957.328236,8715.4762,24310.69181,0,2276.0382
,,,,,1577,12454.167,8143.029936,8874.435477,24221.15861,0,2323.4188
,,,,,1578,12097.47691,8773.430439,8730.597327,23632.10221,0,2369.3249
,,,,,1579,11361.41749,8580.171915,8403.234606,23357.62357,0,2318.7987
,,,,,1580,11665.47283,8449.232969,8679.238991,23713.09038,0,2319.1919
,,,,,1581,11235.887,8307.257349,8482.874961,23865.67587,0,2324.0086
,,,,,1582,10442.05994,8214.678058,8065.954206,25074.03201,0,2262.2762
,,,,,1583,9631.451959,7636.942402,7466.227911,23828.68481,0,2175.1824
,,,,,1584,8854.658595,7225.662783,6955.94058,22653.94994,0,2106.6673
,,,,,1585,8656.19151,7106.268573,6656.339927,22022.52361,0,2015.2483
,,,,,1586,8584.367568,7022.844645,6557.825687,21694.42286,0,2018.9837
,,,,,1587,8584.367568,7022.844645,6557.825687,21281.81311,0,1969.4405
,,,,,1588,8584.367568,7022.844645,6557.825687,21281.81311,0,1985.4634
,,,,,1589,8859.065673,7035.170192,6557.825687,21281.81311,0,1965.017
,,,,,1590,10099.88473,7492.2901,7265.387554,21841.18743,0,1990.3784
,,,,,1591,10887.44134,8139.645302,7702.420469,22621.37409,0,2049.555
,,,,,1592,10741.22519,8027.28481,7804.724271,22396.63604,0,2071.0827
,,,,,1593,11086.53542,7968.851045,8227.246243,23290.70712,0,2103.2268
,,,,,1594,11295.76091,8062.555345,8541.561753,24241.83167,0,2161.4204
,,,,,1595,11840.91939,8470.875925,9149.35862,24618.64064,0,2225.1188
,,,,,1596,11694.07573,8570.922564,8481.770656,24059.43857,0,2261.7847
,,,,,1597,10870.13393,8152.997591,8358.400916,23698.04449,0,2165.6473
,,,,,1598,10985.5981,7955.282833,8513.190957,24172.97674,0,2186.0937
,,,,,1599,10967.21044,8170.751336,8442.395999,24229.06989,0,2202.2149
,,,,,1600,11181.45834,8156.201763,8613.222329,24356.04367,0,2235.2437
,,,,,1601,12382.05621,8339.45832,8762.621721,24267.22307,0,2277.5127
,,,,,1602,12027.4117,8899.054228,8627.434064,23682.85507,0,2323.4188
,,,,,1603,11310.66026,8770.84443,8319.759091,23410.56105,0,2273.4824
,,,,,1604,11606.73975,8641.629563,8579.164443,23763.19864,0,2273.7773
,,,,,1605,11188.42263,8501.523343,8394.609838,23914.56968,0,2278.1025
,,,,,1606,10415.41888,8410.163047,8002.762893,25116.02019,0,2222.8579
,,,,,1607,9626.074413,7840.034464,7439.104419,23877.87304,0,2145.0043
,,,,,1608,8869.657547,7434.170184,6959.506008,22712.48807,0,2083.6651
,,,,,1609,8592.804095,7397.907921,6616.029568,21928.18857,0,1956.4649
,,,,,1610,8521.522524,7321.934726,6520.985033,21620.76052,0,1960.3969
,,,,,1611,8521.522524,7321.934726,6520.985033,21239.65433,0,1909.1826
,,,,,1612,8521.522524,7321.934726,6520.985033,21239.65433,0,1925.7953
,,,,,1613,8794.930511,7332.093881,6520.985033,21239.65433,0,1903.5795
,,,,,1614,10031.17619,7755.238648,7211.839029,21758.27787,0,1930.8086
,,,,,1615,10815.83004,8354.479594,7639.372663,22489.30717,0,1992.0495
,,,,,1616,10670.15282,8250.470223,7739.452806,22278.72923,0,2014.167
,,,,,1617,11014.19031,8196.37951,8152.790904,23116.46741,0,2047.4907
,,,,,1618,11222.64464,8283.119298,8460.274501,24007.66428,0,2107.552
,,,,,1619,11765.79379,8661.091716,9062.429132,24360.73158,0,2173.413
,,,,,1620,11619.49137,8753.702453,8401.783013,23836.76326,0,2211.2585
,,,,,1621,10798.58643,8366.839483,8281.094819,23498.13961,0,2111.9755
,,,,,1622,10913.62503,8183.819746,8432.520368,23943.14771,0,2133.0117
,,,,,1623,10895.30514,8383.273692,8363.264198,23995.70659,0,2149.7227
,,,,,1624,11108.76336,8369.805507,8530.377473,24114.6801,0,2183.8328
,,,,,1625,12305.96336,8539.441639,8676.529542,24031.45585,0,2227.5763
,,,,,1626,11951.59873,9061.519257,8544.280304,23483.90722,0,2273.3841
,,,,,1627,11237.48908,8938.765256,8243.292908,23228.76968,0,2223.3494
,,,,,1628,11532.47729,8819.1542,8497.059864,23559.18857,0,2223.6443
,,,,,1629,11115.70198,8689.461284,8316.51671,23701.02215,0,2228.0678
,,,,,1630,10345.54736,8604.891283,7933.18689,24848.24065,0,2171.0538
,,,,,1631,9559.112231,8077.137138,7381.780011,23666.63766,0,2090.5461
,,,,,1632,8805.483345,7701.438457,6912.606078,22574.68031,0,2027.1426
,,,,,1633,8516.315455,7516.392107,6528.223535,21711.46126,0,1897.4849
,,,,,1634,8444.723586,7443.729435,6431.753361,21408.97676,0,1901.2203
,,,,,1635,8444.723586,7443.729435,6431.753361,21035.40414,0,1851.6771
,,,,,1636,8444.723586,7443.729435,6431.753361,21035.40414,0,1867.7
,,,,,1637,8718.869669,7452.926014,6431.753361,21035.40414,0,1847.057
,,,,,1638,9957.731839,7860.97489,7129.452103,21544.28278,0,1872.615
,,,,,1639,10744.0464,8438.837628,7560.874313,22263.55688,0,1931.9882
,,,,,1640,10598.06085,8338.538842,7661.864721,22056.3651,0,1953.5159
,,,,,1641,10942.8265,8286.377841,8078.962282,22880.63217,0,1985.7583
,,,,,1642,11151.72202,8370.023145,8389.242555,23757.49829,0,2044.0502
,,,,,1643,11696.02073,8734.511217,8993.706523,24104.88814,0,2107.8469
,,,,,1644,11549.40867,8823.818022,8330.219066,23589.34541,0,2144.6111
,,,,,1645,10726.76629,8450.756573,8208.433168,23256.16694,0,2048.2771
,,,,,1646,10842.04837,8274.266152,8361.235988,23694.01917,0,2068.7235
,,,,,1647,10823.68971,8466.604483,8291.349908,23745.73288,0,2084.943
,,,,,1648,11037.59971,8453.616782,8459.98314,23862.79326,0,2117.9718
,,,,,1649,12236.74368,8617.201064,8607.464516,23780.90728,0,2160.4374
,,,,,1650,11882.21893,9122.608492,8474.012422,23242.16342,0,2206.2452
,,,,,1651,11166.59788,9002.27862,8170.287434,22991.12858,0,2156.3088
,,,,,1652,11462.21042,8886.934746,8426.362495,23316.23422,0,2156.6037
,,,,,1653,11044.55302,8761.868687,8244.177234,23455.78706,0,2160.9289
,,,,,1654,10272.76837,8680.315761,7857.360888,24590.03685,0,2105.6843
,,,,,1655,9484.668767,8171.389497,7300.93876,23421.95549,0,2027.5358
,,,,,1656,8729.444837,7809.094046,6827.497517,22347.5572,0,1966.0983
,,,,,1657,8440.875433,7437.203859,6442.546639,21663.56094,0,1833.6882
,,,,,1658,8368.528604,7357.279883,6339.692818,21379.40763,0,1837.4236
,,,,,1659,8368.528604,7357.279883,6339.692818,21033.77028,0,1787.4872
,,,,,1660,8368.528604,7357.279883,6339.692818,21033.77028,0,1803.7067
,,,,,1661,8644.470485,7368.587775,6339.692818,21033.77028,0,1782.7688
,,,,,1662,9889.698637,7809.748004,7068.194235,21506.51383,0,1808.6217
,,,,,1663,10680.05373,8434.501735,7517.13875,22182.19843,0,1868.3881
,,,,,1664,10533.31803,8326.064148,7622.230906,21987.5629,0,1890.0141
,,,,,1665,10879.85528,8269.670513,8056.268974,22761.87768,0,1922.5514
,,,,,1666,11089.82422,8360.103263,8379.151347,23585.60391,0,1981.1382
,,,,,1667,11636.91985,8754.167921,8994.024004,23911.94122,0,2045.4264
,,,,,1668,11489.55441,8850.721576,8317.730606,23427.64144,0,2082.3872
,,,,,1669,10662.68483,8447.387849,8190.998348,23114.65428,0,1985.4634
,,,,,1670,10778.55929,8256.576015,8350.007288,23525.97175,0,2006.0081
,,,,,1671,10760.10629,8464.521747,8277.282769,23574.5515,0,2022.4242
,,,,,1672,10975.11549,8450.480152,8452.765076,23684.51779,0,2055.6496
,,,,,1673,12178.98918,8627.338571,8606.23644,23607.59426,0,2098.3118
,,,,,1674,11824.07484,9169.31042,8467.36416,23101.4994,0,2144.1196
,,,,,1675,11104.77652,9043.663459,8151.303317,22865.67778,0,2094.1832
,,,,,1676,11401.90809,8918.959943,8417.778921,23171.08135,0,2094.4781
,,,,,1677,10982.10452,8783.745329,8228.194167,23302.17701,0,2098.9016
,,,,,1678,10206.35401,8695.574745,7825.667192,24388.33743,0,2043.1655
,,,,,1679,9414.204697,8145.351377,7246.64586,23270.3957,0,1964.6238
,,,,,1680,8655.099995,7753.65726,6753.975699,22261.10815,0,1902.6948
,,,,,1681,8401.752633,7223.545856,6358.781798,21592.60058,0,1780.1147
,,,,,1682,8329.336841,7138.454916,6248.290905,21319.13626,0,1783.7518
,,,,,1683,8329.336841,7138.454916,6248.290905,20989.7881,0,1734.7001
,,,,,1684,8329.336841,7138.454916,6248.290905,20989.7881,0,1750.5264
,,,,,1685,8605.442763,7151.265167,6248.290905,20989.7881,0,1730.4732
,,,,,1686,9851.252429,7615.986604,7013.643077,21441.46111,0,1755.4414
,,,,,1687,10641.97662,8274.106791,7483.550388,22091.72847,0,1814.2248
,,,,,1688,10495.17239,8159.877837,7593.549666,21904.41455,0,1835.4576
,,,,,1689,10841.87147,8100.472367,8047.854496,22649.60192,0,1867.4051
,,,,,1690,11051.93847,8195.734892,8385.813381,23442.34203,0,1925.1072
,,,,,1691,11599.28959,8610.845508,9013.138462,23756.4035,0,1988.3141
,,,,,1692,11451.85532,8712.555841,8321.52469,23290.32163,0,2024.6851
,,,,,1693,10624.5996,8287.681118,8188.874858,22989.10811,0,1929.3341
,,,,,1694,10740.52818,8086.678526,8355.308483,23384.95305,0,1949.5839
,,,,,1695,10722.06656,8305.730093,8279.188201,23431.70538,0,1965.6068
,,,,,1696,10937.17616,8290.938573,8462.864393,23537.53506,0,1998.3407
,,,,,1697,12141.4819,8477.242536,8623.501874,23463.50517,0,2040.3148
,,,,,1698,11786.53197,9045.23271,8478.14516,22976.44808,0,2086.1226
,,,,,1699,11066.89774,8915.802243,8147.326326,22749.49737,0,2036.2845
,,,,,1700,11364.16808,8784.438639,8426.244612,23043.41257,0,2036.5794
,,,,,1701,10944.16846,8642.002567,8227.80748,23169.5768,0,2040.9046
,,,,,1702,10168.05568,8549.123025,7806.485107,24227.69609,0,1986.0532
,,,,,1703,9375.536436,7969.513672,7200.427235,23138.99101,0,1908.7894
,,,,,1704,8616.077237,7556.900201,6684.752574,22167.66985,0,1847.9417
,,,,,1705,8398.947973,6984.369661,6360.966824,21348.28859,0,1736.8627
,,,,,1706,8327.212259,6885.318907,6251.959472,21053.66922,0,1740.5981
,,,,,1707,8327.212259,6897.598508,6251.959472,20692.08243,0,1691.4481
,,,,,1708,8327.212259,6878.477882,6251.959472,20692.08243,0,1707.3727
,,,,,1709,8601.7005,6911.372313,6251.959472,20692.08243,0,1667.6595
,,,,,1710,9841.7756,7380.701442,7010.153191,21185.45705,0,1712.1894
,,,,,1711,10628.86002,8045.346862,7475.988369,21886.02876,0,1771.0711
,,,,,1712,10482.73154,7929.985333,7585.034412,21684.22433,0,1792.4022
,,,,,1713,10827.83473,7869.99086,8035.402317,22487.059,0,1824.3497
,,,,,1714,11036.93478,7966.197908,8370.43251,23341.12507,0,1882.0518
,,,,,1715,11581.7664,8385.424328,8995.338642,23679.48217,0,1945.357
,,,,,1716,11435.01079,8488.143114,8306.700933,23177.34446,0,1981.8263
,,,,,1717,10611.56299,8059.055778,8175.200621,22852.82922,0,1886.377
,,,,,1718,10726.95794,7856.060253,8340.191962,23279.29651,0,1906.6268
,,,,,1719,10708.5813,8077.283707,8264.731325,23329.66558,0,1922.6497
,,,,,1720,10922.70074,8062.34553,8446.815811,23443.68218,0,1955.4819
,,,,,1721,12122.74588,8250.496688,8606.061236,23363.92538,0,1997.456
,,,,,1722,11768.14689,8849.760955,8461.964158,22839.18981,0,2059.4833
,,,,,1723,11051.8252,8693.404695,8134.012142,22594.68231,0,1993.4257
,,,,,1724,11347.72717,8560.738627,8410.513371,22911.33464,0,1993.7206
,,,,,1725,10929.66085,8416.890308,8213.79586,23047.25886,0,1998.0458
,,,,,1726,10157.12057,8323.089869,7796.124592,24160.87556,0,1943.1944
,,,,,1727,9368.249368,7737.733715,7195.31871,23014.30697,0,1865.734
,,,,,1728,8612.286023,7321.0292,6684.112795,21967.84491,0,1804.8863
,,,,,1729,8403.366614,6809.462945,6379.556967,21302.01607,0,1753.4754
,,,,,1730,8333.449831,6712.891121,6273.19801,20994.33261,0,1757.2108
,,,,,1731,8333.449831,6724.863402,6273.19801,20612.83717,0,1707.5693
,,,,,1732,8333.449831,6671.067379,6273.19801,20612.83717,0,1723.5922
,,,,,1733,8603.611437,6738.292492,6273.19801,20612.83717,0,1655.5686
,,,,,1734,9828.348914,7195.875781,7018.612574,21131.96421,0,1728.5072
,,,,,1735,10605.69844,7843.887203,7477.178245,21863.60087,0,1787.8804
,,,,,1736,10461.37732,7731.412812,7584.52259,21652.84797,0,1809.5064
,,,,,1737,10802.21217,7672.919813,8027.86236,22491.28217,0,1841.7488
,,,,,1738,11008.72601,7766.7191,8357.6643,23383.21948,0,1900.0407
,,,,,1739,11546.81898,8175.453593,8978.252163,23736.58012,0,1963.9357
,,,,,1740,11401.87849,8275.601649,8294.927275,23212.17646,0,2000.6999
,,,,,1741,10588.61534,7857.253027,8165.479067,22873.27148,0,1904.3659
,,,,,1742,10702.58305,7659.337847,8327.895665,23318.64931,0,1924.8123
,,,,,1743,10684.4337,7875.024769,8253.612616,23371.25185,0,1941.0318
,,,,,1744,10895.90484,7860.460447,8432.855616,23490.32421,0,1974.0606
,,,,,1745,12084.55461,8043.90277,8589.615965,23407.03081,0,2016.5262
,,,,,1746,11730.89426,8658.045997,8447.767568,22859.02727,0,2101.654
,,,,,1747,11023.43225,8475.726174,8124.933347,22603.67775,0,2012.3976
,,,,,1748,11315.67442,8346.380323,8397.119687,22934.37116,0,2012.6925
,,,,,1749,10902.77887,8206.132078,8203.472015,23076.32258,0,2017.116
,,,,,1750,10139.79361,8114.679171,7792.31864,24224.21114,0,1961.6748
,,,,,1751,9360.679397,7543.972651,7200.888527,23041.90952,0,1883.5263
,,,,,1752,8614.066035,7137.696948,6697.660142,21949.04494,0,1822.0888
,,,,,1753,8358.847109,6759.076885,6446.844073,21410.22828,0,1812.8486
,,,,,1754,8291.84104,6663.219177,6346.546379,21096.84147,0,1816.6823
,,,,,1755,8291.84104,6675.102927,6346.546379,20706.65459,0,1765.3697
,,,,,1756,8291.84104,6640.76685,6346.546379,20706.65459,0,1781.9824
,,,,,1757,8555.079019,6688.432713,6346.546379,20706.65459,0,1717.0061
,,,,,1758,9755.27272,7142.632331,7062.713853,21237.02427,0,1787.094
,,,,,1759,10517.04413,7785.851933,7504.642124,21982.22285,0,1848.4332
,,,,,1760,10375.61521,7674.209252,7608.091867,21767.56335,0,1870.7473
,,,,,1761,10709.61973,7616.148788,8035.346653,22621.53911,0,1904.071
,,,,,1762,10911.99502,7709.254462,8353.18292,23530.00974,0,1964.3289
,,,,,1763,11439.30459,8114.966504,8963.887751,23889.92041,0,2030.4848
,,,,,1764,11297.26871,8214.374,8292.722082,23355.7962,0,2068.4286
,,,,,1765,10500.30339,7799.118922,8167.970435,23010.60913,0,1968.8507
,,,,,1766,10611.98717,7602.667256,8324.494333,23464.24267,0,1989.9852
,,,,,1767,10594.20154,7816.759247,8252.906376,23517.82027,0,2006.6962
,,,,,1768,10801.43479,7802.302624,8425.64619,23639.09981,0,2040.9046
,,,,,1769,11971.84931,7984.388455,8576.719056,23554.26245,0,2084.7464
,,,,,1770,11619.691,8579.769234,8440.017116,22996.10088,0,2166.0405
,,,,,1771,10926.40655,8413.018674,8128.89577,22736.0181,0,2080.6178
,,,,,1772,11212.79218,8284.62929,8391.20681,23072.84138,0,2080.8144
,,,,,1773,10808.17107,8145.418133,8204.584946,23217.42407,0,2085.3362
,,,,,1774,10060.47605,8054.641488,7808.348788,24380.27459,0,2028.1256
,,,,,1775,9296.975314,7488.155146,7238.376581,23182.37312,0,1947.323
,,,,,1776,8565.324107,7084.883711,6753.406023,22069.25075,0,1883.7229
,,,,,1777,8290.510711,6803.753552,6439.391079,21413.64789,0,1885.7872
,,,,,1778,8229.734157,6727.989362,6347.725793,21097.22145,0,1889.8175
,,,,,1779,8229.734157,6727.989362,6347.725793,20702.40241,0,1836.4406
,,,,,1780,8229.734157,6727.989362,6347.725793,20702.40241,0,1853.7414
,,,,,1781,8478.154181,6738.087746,6347.725793,20702.40241,0,1798.3985
,,,,,1782,9625.819254,7160.279459,7022.239768,21238.76392,0,1859.0496
,,,,,1783,10354.25038,7758.170726,7440.47317,21991.19039,0,1922.8463
,,,,,1784,10219.01135,7654.395617,7538.376247,21774.44884,0,1946.0451
,,,,,1785,10538.39756,7600.426733,7942.722913,22636.70756,0,1980.745
,,,,,1786,10731.91553,7686.971156,8243.517752,23553.98969,0,2043.4604
,,,,,1787,11236.14646,8064.092262,8840.147238,23917.39124,0,2112.1721
,,,,,1788,11100.32703,8156.494411,8186.298642,23378.0864,0,2151.6887
,,,,,1789,10338.24232,7770.502777,8068.235805,23029.55127,0,2048.0805
,,,,,1790,10445.03807,7587.895258,8216.367361,23487.58472,0,2070.0014
,,,,,1791,10428.03085,7786.899971,8148.617735,23541.68199,0,2087.4988
,,,,,1792,10626.19417,7773.462121,8312.095759,23664.13786,0,2123.0834
,,,,,1793,11757.58157,7942.716179,8455.068551,23578.47763,0,2168.6946
,,,,,1794,11408.63793,8463.741352,8325.696159,23014.9023,0,2240.257
,,,,,1795,10745.69632,8341.140394,8031.256207,22752.2969,0,2164.2711
,,,,,1796,11019.54776,8221.79874,8279.502916,23092.38713,0,2164.6643
,,,,,1797,10632.63562,8092.397933,8102.887155,23238.37216,0,2169.2844
,,,,,1798,9917.664816,8008.01841,7727.895992,24409.19672,0,2109.7146
,,,,,1799,9187.580056,7481.452932,7188.483987,23202.98125,0,2025.7664
,,,,,1800,8487.950874,7106.600442,6729.516095,22079.06239,0,1959.6105
,,,,,1801,8185.517354,6712.302792,6331.375858,21382.83784,0,1925.7953
,,,,,1802,8127.347642,6635.398765,6233.282011,21062.5196,0,1929.8256
,,,,,1803,8127.347642,6635.398765,6233.282011,20661.76976,0,1875.3674
,,,,,1804,8127.347642,6635.398765,6233.282011,20661.76976,0,1892.9631
,,,,,1805,8369.671246,6645.82857,6233.282011,20661.76976,0,1849.3179
,,,,,1806,9495.993367,7073.217907,6938.815377,21205.80294,0,1898.3696
,,,,,1807,10210.87797,7678.469845,7374.694365,21967.48368,0,1963.6408
,,,,,1808,10078.15396,7573.417155,7476.728048,21748.07638,0,1987.2328
,,,,,1809,10391.60059,7518.783857,7898.134408,22620.94023,0,2022.7191
,,,,,1810,10581.51974,7606.393733,8211.620011,23549.50424,0,2086.7124
,,,,,1811,11076.37356,7988.157596,8818.731416,23917.37535,0,2156.8986
,,,,,1812,10943.07994,8081.697312,8151.986783,23371.43747,0,2197.2016
,,,,,1813,10195.16761,7690.953716,8028.942785,23018.61562,0,2091.4308
,,,,,1814,10299.97729,7506.098106,8183.324124,23482.28254,0,2113.8432
,,,,,1815,10283.28636,7707.552777,8112.71609,23537.04516,0,2131.7338
,,,,,1816,10477.76446,7693.949492,8283.091376,23661.00714,0,2168.0065
,,,,,1817,11593.29853,7865.287246,8432.096299,23574.29336,0,2214.6007
,,,,,1818,11245.65724,8392.052084,8297.265587,23003.78648,0,2275.5467
,,,,,1819,10595.04425,8268.616482,7990.402989,22737.95123,0,2210.0789
,,,,,1820,10863.80292,8147.805606,8249.123415,23082.22431,0,2210.4721
,,,,,1821,10484.08612,8016.81174,8065.056102,23230.00485,0,2215.1905
,,,,,1822,9782.411521,7931.393416,7674.243776,24411.03904,0,2154.4411
,,,,,1823,9065.904036,7398.345364,7112.073566,23194.17865,0,2068.6252
,,,,,1824,8379.285751,7018.878046,6633.74147,22056.43645,0,2001.0931
,,,,,1825,8059.703147,6651.17452,6252.810795,21535.94351,0,1940.9335
,,,,,1826,7995.474095,6556.846098,6144.890295,21223.85439,0,1945.0621
,,,,,1827,7995.474095,6568.540258,6144.890295,20835.64509,0,1890.1124
,,,,,1828,7995.474095,6513.414169,6144.890295,20835.64509,0,1907.9047
,,,,,1829,8252.10647,6581.657384,6144.890295,20835.64509,0,1870.8456
,,,,,1830,9428.883759,7028.610832,6897.839687,21363.45671,0,1913.3112
,,,,,1831,10175.79261,7661.568691,7360.691595,22105.56952,0,1979.0739
,,,,,1832,10037.12304,7551.707125,7469.039293,21891.7989,0,2002.8625
,,,,,1833,10364.61095,7494.572941,7916.522982,22742.23845,0,2038.6437
,,,,,1834,10563.03779,7586.193234,8249.407598,23646.94721,0,2103.1285
,,,,,1835,11080.05928,7985.432662,8872.541593,24005.36754,0,2173.9045
,,,,,1836,10940.7946,8083.254239,8186.084166,23473.45507,0,2214.5024
,,,,,1837,10159.37848,7674.624022,8055.426,23129.69737,0,2107.9452
,,,,,1838,10268.88326,7481.306489,8219.360714,23581.45247,0,2130.5542
,,,,,1839,10251.44463,7691.982919,8144.383337,23634.80822,0,2148.5431
,,,,,1840,10454.63466,7677.756932,8325.301731,23755.58555,0,2185.1107
,,,,,1841,11607.65152,7856.937817,8483.527327,23671.09949,0,2232.0981
,,,,,1842,11256.92626,8461.026688,8340.353065,23115.24921,0,2287.1461
,,,,,1843,10577.16815,8278.729792,8014.501297,22856.24339,0,2227.5763
,,,,,1844,10857.96624,8152.388696,8289.231776,23191.67193,0,2227.8712
,,,,,1845,10461.2395,8015.398473,8093.774069,23335.65592,0,2232.6879
,,,,,1846,9728.132413,7926.070054,7678.777623,24495.10211,0,2171.3487
,,,,,1847,8979.527977,7368.621274,7081.819382,23300.75011,0,2084.943
,,,,,1848,8262.15167,6971.783516,6573.887296,22192.23705,0,2016.8211
,,,,,1849,8055.576471,6792.601423,6241.795303,21656.5518,0,1967.966
,,,,,1850,7987.266219,6696.268575,6126.299433,21358.80632,0,1972.1929
,,,,,1851,7987.266219,6708.21123,6126.299433,20992.45558,0,1916.4568
,,,,,1852,7987.266219,6662.77237,6126.299433,20992.45558,0,1934.544
,,,,,1853,8253.606418,6721.607088,6126.299433,20992.45558,0,1896.207
,,,,,1854,9464.797274,7178.058043,6915.801851,21491.99251,0,1940.0488
,,,,,1855,10233.54866,7824.465898,7399.44719,22199.99776,0,2006.6962
,,,,,1856,10090.82385,7712.269836,7512.662363,21996.05205,0,2030.7797
,,,,,1857,10427.88879,7653.921584,7980.249072,22807.40535,0,2067.0524
,,,,,1858,10632.11841,7747.488756,8328.088391,23670.53364,0,2132.4219
,,,,,1859,11164.25962,8155.211796,8963.574205,24012.48095,0,2204.1809
,,,,,1860,11020.92229,8255.112026,8261.920181,23505.01521,0,2245.3686
,,,,,1861,10216.65452,7837.798648,8125.39225,23177.05664,0,2137.2386
,,,,,1862,10329.36165,7640.373227,8296.691664,23608.04904,0,2160.2408
,,,,,1863,10311.41304,7855.526412,8218.345959,23658.95256,0,2178.4263
,,,,,1864,10520.54514,7840.998131,8407.392037,23774.17896,0,2215.5837
,,,,,1865,11699.1302,8023.986508,8572.725853,23693.57588,0,2263.1609
,,,,,1866,11346.29888,8630.406963,8423.119546,23163.27251,0,2318.6021
,,,,,1867,10646.66199,8454.741324,8082.629022,22916.17062,0,2258.5408
,,,,,1868,10935.67171,8325.715551,8369.701654,23236.18284,0,2258.934
,,,,,1869,10527.34314,8185.814364,8165.463091,23373.54931,0,2263.7507
,,,,,1870,9772.797128,8094.587766,7731.823102,24495.36694,0,2201.6251
,,,,,1871,9002.300573,7525.293514,7108.046758,23340.24778,0,2113.9415
,,,,,1872,8263.945379,7120.023179,6577.296034,22282.68205,0,2044.9349
,,,,,1873,8094.703189,6980.67114,6289.732242,21516.73564,0,1990.9682
,,,,,1874,8029.18315,6895.311786,6183.252109,21197.32738,0,1995.2934
,,,,,1875,8029.18315,6895.311786,6183.252109,20797.9643,0,1938.8692
,,,,,1876,8029.18315,6895.311786,6183.252109,20797.9643,0,1957.153
,,,,,1877,8288.886355,6908.200082,6183.252109,20797.9643,0,1927.663
,,,,,1878,9476.549525,7374.145479,6929.251372,21340.20367,0,1962.6578
,,,,,1879,10230.36772,8033.99899,7388.149653,22099.72057,0,2030.0916
,,,,,1880,10090.41538,7919.469186,7495.571857,21880.93658,0,2054.5683
,,,,,1881,10420.93275,7859.907256,7939.233193,22751.32072,0,2091.2342
,,,,,1882,10621.19515,7955.420679,8269.274347,23677.24679,0,2157.3901
,,,,,1883,11142.99939,8371.624593,8890.059789,24044.07282,0,2229.9355
,,,,,1884,11002.44643,8473.602805,8206.491817,23499.68589,0,2271.6147
,,,,,1885,10213.80176,8047.609069,8076.949717,23147.86636,0,2162.3051
,,,,,1886,10324.31952,7846.077086,8239.484121,23610.21606,0,2185.5039
,,,,,1887,10306.71957,8065.70558,8165.147192,23664.82311,0,2203.886
,,,,,1888,10511.78923,8050.875103,8344.520201,23788.43292,0,2241.4366
,,,,,1889,11672.89395,8237.669744,8501.394253,23701.96549,0,2289.6036
,,,,,1890,11321.50249,8807.01152,8359.442969,23133.07935,0,2337.1808
,,,,,1891,10635.45623,8677.384507,8036.374589,22867.99931,0,2284.9835
,,,,,1892,10918.85186,8545.674924,8308.758352,23211.29435,0,2285.2784
,,,,,1893,10518.45517,8402.863712,8114.970222,23358.65506,0,2290.2917
,,,,,1894,9778.566405,8309.739548,7703.518628,24537.30202,0,2227.3797
,,,,,1895,9023.036939,7728.603649,7111.659534,23322.93064,0,2138.7131
,,,,,1896,8299.024479,7314.903458,6608.066145,22188.42063,0,2068.8218
,,,,,1897,8070.855754,7044.534537,6199.738614,21406.72698,0,2008.9571
,,,,,1898,8007.566456,6964.560463,6095.714794,21079.23996,0,2012.9874
,,,,,1899,8007.566456,6964.560463,6095.714794,20667.56546,0,1959.6105
,,,,,1900,8007.566456,6964.560463,6095.714794,20667.56546,0,1976.9113
,,,,,1901,8261.963465,6975.882922,6095.714794,20667.56546,0,1952.5329
,,,,,1902,9430.816539,7417.271591,6829.861743,21225.73,0,1982.2195
,,,,,1903,10172.69584,8042.348831,7282.017757,22004.45731,0,2046.0162
,,,,,1904,10034.96005,7933.855092,7387.861683,21780.13963,0,2069.1167
,,,,,1905,10360.24271,7877.432256,7825.004617,22672.53833,0,2103.8166
,,,,,1906,10557.33338,7967.911833,8150.19671,23621.88378,0,2166.532
,,,,,1907,11070.87333,8362.180545,8766.977076,23997.98792,0,2235.1454
,,,,,1908,10932.54643,8458.784197,8088.336599,23439.83185,0,2274.662
,,,,,1909,10156.39224,8055.241617,7960.69777,23079.11377,0,2171.1521
,,,,,1910,10265.15963,7864.330978,8120.84417,23553.15765,0,2193.073
,,,,,1911,10247.83843,8072.384387,8047.599421,23609.14587,0,2210.5704
,,,,,1912,10449.66021,8058.335521,8224.33703,23735.88214,0,2246.0567
,,,,,1913,11596.78963,8235.285521,8378.906242,23647.22769,0,2291.6679
,,,,,1914,11246.54932,8777.509633,8239.040548,23063.95276,0,2337.574
,,,,,1915,10571.36859,8651.825989,7920.718782,22792.16807,0,2287.2444
,,,,,1916,10850.27583,8527.057899,8189.100604,23144.14604,0,2287.5393
,,,,,1917,10456.22058,8391.773268,7998.159666,23295.23394,0,2292.2577
,,,,,1918,9728.050105,8303.557029,7592.753238,24495.07444,0,2232.7862
,,,,,1919,8984.486642,7753.048745,7009.589911,23258.60594,0,2148.838
,,,,,1920,8271.941023,7361.151803,6513.395463,22095.40085,0,2082.6821
,,,,,1921,8013.763076,7041.821599,6100.64436,21393.35325,0,1996.9645
,,,,,1922,7950.438314,6970.366675,6000.075092,21070.60091,0,2000.8965
,,,,,1923,7950.438314,6970.366675,6000.075092,20666.1417,0,1948.6992
,,,,,1924,7950.438314,6970.366675,6000.075092,20666.1417,0,1965.6068
,,,,,1925,8204.919682,6979.212087,6000.075092,20666.1417,0,1942.408
,,,,,1926,9374.071799,7381.753663,6717.552976,21214.97305,0,1970.7184
,,,,,1927,10116.1409,7951.817181,7160.226682,21982.44181,0,2033.1389
,,,,,1928,9978.369872,7852.872094,7263.850922,21761.36723,0,2055.7479
,,,,,1929,10303.73576,7801.415092,7691.826392,22640.86396,0,2089.6614
,,,,,1930,10500.87685,7883.931464,8010.198779,23576.48412,0,2150.804
,,,,,1931,11014.54819,8243.500161,8621.346417,23947.15068,0,2217.9429
,,,,,1932,10876.1859,8331.601622,7949.635956,23397.06423,0,2256.5748
,,,,,1933,10099.83313,7963.575259,7824.673881,23041.56128,0,2155.3258
,,,,,1934,10208.62835,7789.466871,7981.4618,23508.7516,0,2176.8535
,,,,,1935,10191.30272,7979.209276,7909.75309,23563.93037,0,2193.8594
,,,,,1936,10393.17613,7966.396866,8082.784278,23688.83433,0,2228.6576
,,,,,1937,11540.52773,8127.773305,8234.111971,23601.46161,0,2273.1875
,,,,,1938,11190.26912,8627.099096,8097.179444,23026.61946,0,2319.0936
,,,,,1939,10514.91565,8507.653598,7785.533306,22758.76413,0,2268.8623
,,,,,1940,10793.89425,8393.866482,8048.286807,23105.65334,0,2269.1572
,,,,,1941,10399.73818,8270.488397,7861.350152,23254.55686,0,2273.7773
,,,,,1942,9671.381409,8190.036164,7464.445632,24441.97656,0,2215.5837
,,,,,1943,8927.627711,7687.978708,6893.512008,23218.45842,0,2133.6015
,,,,,1944,8214.899792,7330.573037,6407.723412,22072.07052,0,2068.9201
,,,,,1945,7992.50387,6934.982374,6013.626543,21306.66695,0,1988.1175
,,,,,1946,7930.001522,6861.89353,5921.196646,21001.63566,0,1991.7546
,,,,,1947,7930.001522,6861.89353,5921.196646,20624.18192,0,1942.9978
,,,,,1948,7930.001522,6861.89353,5921.196646,20624.18192,0,1958.8241
,,,,,1949,8182.526638,6871.214024,5921.196646,20624.18192,0,1939.0658
,,,,,1950,9344.743981,7281.206234,6599.400059,21138.0809,0,1963.6408
,,,,,1951,10082.41153,7861.821046,7019.732223,21863.41101,0,2021.9327
,,,,,1952,9945.457687,7761.044586,7118.126594,21654.47475,0,2043.0672
,,,,,1953,10268.89368,7708.635167,7524.502335,22485.68182,0,2074.7198
,,,,,1954,10464.86544,7792.678833,7826.80661,23369.93081,0,2131.9304
,,,,,1955,10975.48996,8158.90278,8424.682813,23720.24555,0,2194.6458
,,,,,1956,10837.94836,8248.634909,7769.300366,23200.36215,0,2230.7219
,,,,,1957,10066.20049,7873.796754,7650.64507,22864.37845,0,2136.1573
,,,,,1958,10174.3504,7696.465797,7799.519974,23305.91722,0,2156.2105
,,,,,1959,10157.12753,7889.72014,7731.43037,23358.06634,0,2172.1351
,,,,,1960,10357.80354,7876.670585,7895.728752,23476.11232,0,2204.5741
,,,,,1961,11500.00282,8041.033938,8039.419004,23393.53689,0,2246.2533
,,,,,1962,11150.16861,8548.587364,7909.397401,22850.25703,0,2292.0611
,,,,,1963,10478.82096,8427.945427,7613.479903,22597.10857,0,2242.223
,,,,,1964,10756.14482,8312.052227,7862.972353,22924.95147,0,2242.5179
,,,,,1965,10364.32667,8186.390541,7685.470307,23065.67929,0,2246.7448
,,,,,1966,9640.290113,8104.449219,7308.597379,24206.61026,0,2192.3849
,,,,,1967,8900.947957,7593.099192,6766.478518,23031.56287,0,2115.7109
,,,,,1968,8192.447552,7229.078307,6305.207453,21948.11857,0,2055.3547
,,,,,1969,7938.36417,6800.533712,5858.66229,21107.72958,0,1955.2853
,,,,,1970,7876.840402,6721.926152,5768.369643,20815.64713,0,1958.9224
,,,,,1971,7876.840402,6721.926152,5768.369643,20457.92642,0,1910.0673
,,,,,1972,7876.840402,6721.926152,5768.369643,20457.92642,0,1925.8936
,,,,,1973,8127.037802,6732.851281,5768.369643,20457.92642,0,1906.037
,,,,,1974,9281.003551,7168.008683,6435.850526,20946.30016,0,1930.7103
,,,,,1975,10013.43376,7784.261449,6850.022169,21640.83934,0,1989.1988
,,,,,1976,9877.452267,7677.299361,6946.974441,21440.77262,0,2010.4316
,,,,,1977,10198.5919,7621.67307,7347.394212,22236.6942,0,2042.1825
,,,,,1978,10393.17229,7710.875309,7645.267822,23083.40603,0,2099.4914
,,,,,1979,10900.17144,8099.577966,8239.477361,23418.84959,0,2162.4034
,,,,,1980,10763.60637,8194.817825,7588.604407,22921.03571,0,2198.5778
,,,,,1981,9997.337816,7796.972222,7471.688161,22599.31482,0,2103.7183
,,,,,1982,10104.71987,7608.756747,7618.381107,23022.10987,0,2123.8698
,,,,,1983,10087.61929,7813.872981,7551.289446,23072.04521,0,2139.8927
,,,,,1984,10286.87052,7800.022449,7713.179819,23185.08004,0,2172.43
,,,,,1985,11422.93913,7974.474372,7854.764102,23106.01001,0,2214.2075
,,,,,1986,11073.60989,8509.81738,7726.648136,22585.79286,0,2260.0153
,,,,,1987,10407.02873,8385.134366,7435.067697,22343.39078,0,2210.1772
,,,,,1988,10682.38362,8262.127678,7680.903508,22657.31646,0,2210.3738
,,,,,1989,10293.34733,8128.752917,7506.002987,22792.07026,0,2214.699
,,,,,1990,9574.451343,8041.782063,7134.653627,23899.03168,0,2160.2408
,,,,,1991,8840.358421,7499.045532,6600.48023,22759.40211,0,2083.2719
,,,,,1992,8136.888278,7112.681161,6145.969699,21721.95099,0,2022.8174
,,,,,1993,7825.277403,6702.024914,5617.343069,20898.16956,0,1904.4642
,,,,,1994,7762.124149,6625.479449,5522.966238,20609.74618,0,1908.3962
,,,,,1995,7762.124149,6625.479449,5522.966238,20257.60157,0,1856.1006
,,,,,1996,7762.124149,6625.479449,5522.966238,20257.60157,0,1873.0082
,,,,,1997,8016.197556,6635.804998,5522.966238,20257.60157,0,1849.6128
,,,,,1998,9183.903479,7061.559302,6210.777785,20738.76245,0,1878.2181
,,,,,1999,9925.054671,7664.49577,6636.607378,21424.60081,0,1940.8352
,,,,,2000,9787.454061,7559.844973,6736.288627,21227.04042,0,1963.5425
,,,,,2001,10112.41748,7505.420682,7147.979265,22012.99111,0,1997.5543
,,,,,2002,10309.31472,7592.695396,7454.23731,22849.09577,0,2058.9918
,,,,,2003,10822.35067,7972.998772,8055.3827,23180.33707,0,2126.4256
,,,,,2004,10684.15952,8066.18064,7395.978954,22688.75954,0,2165.0575
,,,,,2005,9908.767076,7676.931883,7275.771793,22371.06901,0,2063.5136
,,,,,2006,10017.42772,7492.783462,7426.593798,22788.5675,0,2085.0413
,,,,,2007,10000.12352,7693.467442,7357.613665,22837.87728,0,2102.2438
,,,,,2008,10201.74722,7679.916199,7524.060869,22949.49606,0,2137.042
,,,,,2009,11348.02435,7850.598478,7669.630413,22871.41658,0,2181.7685
,,,,,2010,10997.85424,8375.557772,7537.908287,22357.71644,0,2227.6746
,,,,,2011,10323.33615,8252.384726,7238.12055,22118.35105,0,2177.5416
,,,,,2012,10601.96967,8132.036028,7490.876056,22428.34403,0,2177.8365
,,,,,2013,10208.30116,8001.543295,7311.052501,22561.40971,0,2182.3583
,,,,,2014,9480.84533,7916.451751,6929.250536,23658.77209,0,2123.9681
,,,,,2015,8738.011624,7385.442942,6380.041425,22529.15081,0,2041.5927
,,,,,2016,8026.165321,7007.427325,5912.7375,21504.69633,0,1976.813
,,,,,2017,7672.847726,6614.870578,5544.790152,20779.9737,0,1875.564
,,,,,2018,7605.043621,6543.465337,5448.733024,20501.27885,0,1879.496
,,,,,2019,7605.043621,6543.465337,5448.733024,20163.95978,0,1827.2004
,,,,,2020,7605.043621,6543.465337,5448.733024,20163.95978,0,1844.108
,,,,,2021,7870.179864,6552.296303,5448.733024,20163.95978,0,1820.8109
,,,,,2022,9077.102775,6954.61133,6144.438722,20625.94339,0,1849.3179
,,,,,2023,9843.145265,7524.354018,6574.727177,21288.64837,0,1911.8367
,,,,,2024,9700.923388,7425.464616,6675.452187,21097.75171,0,1934.544
,,,,,2025,10036.80059,7374.036575,7091.453637,21857.19222,0,1968.5558
,,,,,2026,10240.31055,7456.506507,7400.91851,22665.09501,0,2029.895
,,,,,2027,10770.57663,7815.87284,8004.708998,22985.16351,0,2097.2305
,,,,,2028,10627.74438,7903.924718,7342.050131,22510.16693,0,2135.9607
,,,,,2029,9826.310658,7536.105479,7220.584281,22203.19212,0,2034.5151
,,,,,2030,9938.620631,7362.095078,7372.985543,22606.60836,0,2056.0428
,,,,,2031,9920.735275,7551.730697,7303.283119,22654.25491,0,2073.147
,,,,,2032,10129.13044,7538.925497,7471.473191,22762.10879,0,2107.9452
,,,,,2033,11304.54455,7700.211114,7618.566994,22686.66293,0,2152.6717
,,,,,2034,10951.97442,8199.28673,7485.465605,22190.28994,0,2198.4795
,,,,,2035,10254.80289,8079.877612,7182.538792,21958.99836,0,2148.3465
,,,,,2036,10542.79421,7966.154534,7437.9409,22258.53526,0,2148.6414
,,,,,2037,10135.90448,7842.845887,7256.234413,22387.11262,0,2153.2615
,,,,,2038,9384.017312,7762.438932,6870.434601,23458.9535,0,2094.8713
,,,,,2039,8616.235801,7260.664032,6315.474722,22355.94181,0,2012.5942
,,,,,2040,7880.482393,6903.459509,5843.277658,21366.04227,0,1947.8145
,,,,,2041,7596.944095,6583.931778,5514.096527,20686.7109,0,1876.3504
,,,,,2042,7511.202279,6506.177401,5417.252832,20406.10331,0,1880.3807
,,,,,2043,7498.623983,6506.177401,5417.252832,20065.86938,0,1827.2004
,,,,,2044,7498.623983,6506.177401,5417.252832,20065.86938,0,1844.4029
,,,,,2045,7795.732669,6516.854456,5417.252832,20065.86938,0,1819.9262
,,,,,2046,9011.56344,6948.121368,6116.753906,20531.62345,0,1849.7111
,,,,,2047,9783.259812,7558.864573,6549.201385,21198.87671,0,1913.2129
,,,,,2048,9639.988246,7452.858772,6650.431796,21006.66989,0,1936.3134
,,,,,2049,9978.344433,7397.729803,7068.520584,21771.32259,0,1970.8167
,,,,,2050,10183.35643,7486.134537,7379.538234,22584.77017,0,2033.1389
,,,,,2051,10717.53621,7871.362028,7984.611237,22907.03537,0,2101.5557
,,,,,2052,10573.64977,7965.750402,7320.374476,22428.77879,0,2140.8757
,,,,,2053,9766.300954,7571.461707,7198.299156,22119.69716,0,2037.759
,,,,,2054,9879.439846,7384.928958,7351.46511,22525.88212,0,2059.6799
,,,,,2055,9861.422485,7588.211366,7281.412946,22573.85568,0,2077.079
,,,,,2056,10071.35574,7574.484663,7450.446933,22682.44978,0,2112.3687
,,,,,2057,11304.8534,7747.376912,7598.278796,22606.48613,0,2157.7833
,,,,,2058,10900.27283,8278.423704,7464.509555,22106.70643,0,2203.9843
,,,,,2059,10197.95573,8154.365433,7160.062769,21873.82745,0,2153.4581
,,,,,2060,10488.07261,8032.458477,7416.746389,22175.42012,0,2153.753
,,,,,2061,10078.17978,7900.276142,7234.128167,22304.87993,0,2158.3731
,,,,,2062,9320.743202,7814.082844,6846.392557,23381.73862,0,2099.1965
,,,,,2063,8547.294974,7276.198607,6288.6481,22273.4952,0,2015.5432
,,,,,2064,7806.111238,6893.288497,5814.08173,21276.80178,0,1949.7805
,,,,,2065,7615.469952,6685.820744,5482.792123,20549.33633,0,1891.4886
,,,,,2066,7529.519625,6591.001286,5380.214839,20247.45591,0,1895.5189
,,,,,2067,7501.922225,6602.756321,5380.214839,19874.80385,0,1842.0437
,,,,,2068,7501.922225,6539.438179,5380.214839,19874.80385,0,1859.3445
,,,,,2069,7814.741953,6615.94173,5380.214839,19874.80385,0,1828.9698
,,,,,2070,9033.529457,7065.221841,6107.381898,20382.49172,0,1864.6527
,,,,,2071,9807.102487,7701.474629,6555.567355,21100.32939,0,1928.646
,,,,,2072,9663.482505,7591.041167,6660.481825,20893.55138,0,1951.9431
,,,,,2073,10002.66153,7533.609566,7093.786038,21716.17235,0,1986.7413
,,,,,2074,10208.17208,7625.706797,7416.122494,22591.28732,0,2049.555
,,,,,2075,10743.65092,8027.024508,8030.54425,22937.98342,0,2118.5616
,,,,,2076,10599.41457,8125.355305,7354.805601,22423.47025,0,2158.1765
,,,,,2077,9790.102388,7714.597921,7228.287617,22090.95716,0,2054.2734
,,,,,2078,9903.516418,7520.274054,7387.02771,22527.93497,0,2076.2926
,,,,,2079,9885.455242,7732.047181,7314.426151,22579.54541,0,2093.79
,,,,,2080,10095.89902,7717.74714,7489.611759,22696.37201,0,2129.4729
,,,,,2081,11351.6453,7897.86077,7642.82364,22614.64956,0,2175.2807
,,,,,2082,10926.83193,8510.789819,7504.18616,22076.98161,0,2225.9052
,,,,,2083,10222.80689,8321.848427,7188.659701,21826.44809,0,2170.8572
,,,,,2084,10513.62929,8194.84965,7454.684758,22150.90448,0,2171.1521
,,,,,2085,10102.73966,8057.14631,7265.420546,22290.17863,0,2175.8705
,,,,,2086,9343.461101,7967.352882,6863.574149,23422.8437,0,2116.1041
,,,,,2087,8568.131954,7407.002243,6285.531803,22256.41462,0,2031.861
,,,,,2088,7825.145761,7008.098705,5793.69463,21184.16195,0,1965.5085
,,,,,2089,7778.019681,6851.582989,5500.540445,20404.25641,0,1918.816
,,,,,2090,7712.820737,6754.414203,5398.785958,20079.98758,0,1922.9446
,,,,,2091,7712.820737,6766.460491,5398.785958,19673.21735,0,1868.5847
,,,,,2092,7712.820737,6678.557976,5398.785958,19673.21735,0,1886.1804
,,,,,2093,7971.760165,6779.972593,5398.785958,19673.21735,0,1852.1686
,,,,,2094,9156.715798,7240.384449,6121.982816,20225.03808,0,1891.5869
,,,,,2095,9908.815502,7892.401575,6567.909799,20996.11289,0,1956.5632
,,,,,2096,9769.182214,7779.231921,6672.295588,20773.99956,0,1980.1552
,,,,,2097,10098.94609,7720.377345,7103.416315,21657.62872,0,2015.4449
,,,,,2098,10298.75196,7814.756456,7424.128469,22597.64503,0,2079.2416
,,,,,2099,10819.36663,8226.017555,8037.208635,22970.05322,0,2149.1329
,,,,,2100,10679.13408,8326.784679,7363.120561,22417.3821,0,2189.3376
,,,,,2101,9892.287302,7905.850022,7237.24012,22060.20878,0,2083.96
,,,,,2102,10002.55311,7706.711421,7395.180298,22529.59426,0,2106.2741
,,,,,2103,9984.993292,7923.731619,7322.944589,22585.03229,0,2124.0664
,,,,,2104,10189.59544,7909.077268,7497.24741,22710.52313,0,2160.2408
,,,,,2105,11348.68856,8093.653546,7649.687233,22622.73988,0,2206.6384
,,,,,2106,10997.46279,8737.44313,7511.748369,22045.19675,0,2259.8187
,,,,,2107,10312.98052,8528.146281,7197.811895,21776.08287,0,2202.2149
,,,,,2108,10595.73009,8398.000874,7462.496412,22124.60198,0,2202.5098
,,,,,2109,10196.24619,8256.88568,7274.185931,22274.20515,0,2207.2282
,,,,,2110,9458.044165,8164.867454,6874.364499,23465.60317,0,2146.6754
,,,,,2111,8704.237092,7590.633092,6299.234997,22237.93709,0,2061.1544
,,,,,2112,7981.875177,7181.845982,5809.876267,21086.16274,0,1993.9172
,,,,,2113,7788.979835,6935.222056,5484.688101,20266.65331,0,1937.2964
,,,,,2114,7725.486569,6836.867864,5385.744672,19952.40049,0,1941.3267
,,,,,2115,7725.486569,6849.06111,5385.744672,19560.89389,0,1887.8515
,,,,,2116,7725.486569,6796.022876,5385.744672,19560.89389,0,1905.1523
,,,,,2117,7980.36875,6862.738052,5385.744672,19560.89389,0,1880.6756
,,,,,2118,9150.941724,7328.76668,6095.377484,20092.97067,0,1910.4605
,,,,,2119,9893.912652,7988.738059,6533.58847,20840.2285,0,1974.4538
,,,,,2120,9755.974193,7874.187796,6636.168043,20624.97582,0,1997.6526
,,,,,2121,10081.73549,7814.615227,7059.82897,21481.31143,0,2032.3525
,,,,,2122,10279.11617,7910.145711,7374.991753,22392.29249,0,2095.1662
,,,,,2123,10793.41177,8326.42397,7983.488423,22753.19773,0,2163.9762
,,,,,2124,10654.88132,8428.420398,7315.039481,22217.59753,0,2203.5911
,,,,,2125,9877.585067,8002.350568,7191.337185,21871.45658,0,2099.7863
,,,,,2126,9986.512503,7800.782586,7346.54448,22326.34368,0,2121.8055
,,,,,2127,9969.165816,8020.450312,7275.558686,22380.06934,0,2139.3029
,,,,,2128,10171.28456,8005.617186,7446.845497,22501.68401,0,2174.8875
,,,,,2129,11319.69181,8192.445193,7596.647612,22416.61221,0,2220.597
,,,,,2130,10969.34625,8814.810508,7461.095542,21856.90825,0,2266.5031
,,,,,2131,10293.17203,8632.238501,7152.591197,21596.10676,0,2216.1735
,,,,,2132,10572.48966,8500.505392,7412.695805,21933.86081,0,2216.4684
,,,,,2133,10177.85459,8357.668669,7227.643712,22078.84303,0,2221.1868
,,,,,2134,9448.612651,8264.527871,6834.7405,23243.96538,0,2161.5187
,,,,,2135,8703.955078,7683.288165,6269.562622,22043.69522,0,2077.3739
,,,,,2136,7990.360989,7269.514076,5788.6714,20927.49689,0,2011.1197
,,,,,2137,7732.058636,6857.831834,5387.92978,20078.17456,0,1947.7162
,,,,,2138,7667.797296,6760.574484,5277.558464,19759.78618,0,1951.7465
,,,,,2139,7667.797296,6772.631752,5277.558464,19361.97729,0,1896.9934
,,,,,2140,7667.797296,6760.30333,5277.558464,19361.97729,0,1914.6874
,,,,,2141,7924.506471,6786.156169,5277.558464,19361.97729,0,1888.8345
,,,,,2142,9101.556013,7246.987665,6014.964496,19902.20626,0,1920.0939
,,,,,2143,9848.637664,7899.59907,6464.904365,20659.29801,0,1985.66
,,,,,2144,9709.936017,7786.326267,6570.22952,20441.2126,0,2009.4486
,,,,,2145,10037.49969,7727.418049,7005.229892,21308.8176,0,2045.1315
,,,,,2146,10235.97244,7821.883181,7328.828126,22231.78718,0,2109.518
,,,,,2147,10753.11354,8233.519122,7964.011855,22597.44194,0,2179.9991
,,,,,2148,10613.81664,8334.378091,7267.27121,22054.79324,0,2220.597
,,,,,2149,9832.219742,7913.059774,7140.257974,21704.09707,0,2114.2364
,,,,,2150,9941.749854,7713.739669,7299.619452,22164.97048,0,2136.7471
,,,,,2151,9924.307191,7930.95767,7226.733696,22219.40317,0,2154.736
,,,,,2152,10127.54423,7916.289962,7402.605063,22342.6183,0,2191.2053
,,,,,2153,11280.76336,8101.034471,7556.416688,22256.42696,0,2238.0944
,,,,,2154,10930.02144,8686.112958,7417.236515,21689.35728,0,2284.0005
,,,,,2155,10250.10607,8535.923223,7100.474935,21425.12364,0,2233.5726
,,,,,2156,10530.96912,8405.659195,7367.541341,21767.32253,0,2233.8675
,,,,,2157,10134.1506,8264.415382,7177.536259,21914.21272,0,2238.6842
,,,,,2158,9400.873899,8172.313286,6774.116844,23090.18418,0,2177.5416
,,,,,2159,8652.096271,7597.555541,6193.811766,21878.60237,0,2091.3325
,,,,,2160,7934.553996,7188.395843,5700.049308,20747.71486,0,2023.4072
,,,,,2161,7736.104849,6741.230882,5814.588958,20440.88568,0,1892.8648
,,,,,2162,7669.285657,6660.233507,5680.393332,20107.70211,0,1896.8951
,,,,,2163,7669.285657,6660.233507,5658.684501,19646.50935,0,1843.3216
,,,,,2164,7669.285657,6660.233507,5658.684501,19646.50935,0,1860.6224
,,,,,2165,7932.281326,6671.217547,5678.655271,19646.50935,0,1831.8205
,,,,,2166,9132.135979,7121.361261,6491.167424,20256.74031,0,1865.9306
,,,,,2167,9893.692195,7758.837049,6976.658289,21049.01334,0,1930.0222
,,,,,2168,9752.30323,7648.191313,7090.305476,20820.79373,0,1953.3193
,,,,,2169,10086.21339,7590.649317,7559.676434,21728.71544,0,1988.1175
,,,,,2170,10288.53151,7682.923577,7908.843061,22694.57447,0,2051.0295
,,,,,2171,10815.69212,8085.012698,8646.98734,23077.22083,0,2120.0361
,,,,,2172,10673.69637,8183.532506,7842.422362,22509.3558,0,2159.651
,,,,,2173,9876.956179,7771.985567,7705.373459,22142.36314,0,2055.6496
,,,,,2174,9988.608416,7577.288172,7877.326528,22624.65287,0,2077.7671
,,,,,2175,9970.827805,7789.468368,7798.681867,22681.61499,0,2095.2645
,,,,,2176,10178.00252,7775.140839,7988.449319,22810.5558,0,2130.9474
,,,,,2177,11348.70779,7955.600682,8154.414026,22720.35923,0,2176.7552
,,,,,2178,10996.02757,8510.414115,8004.236842,22126.93841,0,2225.7086
,,,,,2179,10302.93897,8380.403325,7662.447052,21850.4261,0,2172.3317
,,,,,2180,10589.24369,8253.160432,7950.615115,22208.52663,0,2172.6266
,,,,,2181,10184.73689,8115.1924,7745.597205,22362.24265,0,2177.345
,,,,,2182,9437.253092,8025.226371,7310.302503,23643.07043,0,2117.5786
,,,,,2183,8673.968039,7463.798631,6684.145912,22324.97752,0,2033.2372
,,,,,2184,7942.523519,7064.128323,6151.369914,21141.53883,0,1966.8847
,,,,,2185,7727.641777,6729.162909,5894.148076,20585.76034,0,1923.8293
,,,,,2186,7659.664835,6648.712554,5758.124353,20250.21804,0,1927.9579
,,,,,2187,7659.664835,6648.712554,5745.419074,19773.01632,0,1873.4997
,,,,,2188,7659.664835,6648.712554,5745.419074,19764.87163,0,1891.1937
,,,,,2189,7925.414406,6659.537541,5756.362615,19764.87163,0,1844.108
,,,,,2190,9135.031452,7107.186862,6579.943323,20400.31133,0,1896.5019
,,,,,2191,9902.783928,7741.130189,7072.047852,21198.19317,0,1961.6748
,,,,,2192,9760.244578,7631.097577,7187.243213,20968.3579,0,1985.2668
,,,,,2193,10096.87153,7573.87444,7663.008238,21882.70712,0,2020.7531
,,,,,2194,10300.83578,7665.637378,8016.931435,22855.40383,0,2084.6481
,,,,,2195,10832.28554,8065.498392,8745.101128,23240.75909,0,2154.736
,,,,,2196,10689.13446,8163.47227,7949.605911,22668.87393,0,2195.039
,,,,,2197,9885.911742,7754.205846,7810.690041,22299.28319,0,2089.3665
,,,,,2198,9998.472417,7560.587333,7984.985564,22784.98723,0,2111.7789
,,,,,2199,9980.547137,7771.59177,7905.269555,22842.35261,0,2129.6695
,,,,,2200,10189.40749,7757.343634,8097.622139,22972.20624,0,2165.8439
,,,,,2201,11367.36591,7936.803491,8265.847723,22881.37113,0,2212.4381
,,,,,2202,11014.08825,8488.862398,8113.624731,22283.74926,0,2275.8416
,,,,,2203,10315.36047,8359.252164,7767.178863,22005.27942,0,2207.9163
,,,,,2204,10603.99465,8232.714364,8059.272534,22365.91507,0,2208.3095
,,,,,2205,10196.19665,8095.510858,7851.46174,22520.71931,0,2213.0279
,,,,,2206,9442.631094,8006.043361,7410.237178,23852.88811,0,2152.2785
,,,,,2207,8673.135715,7447.726675,6775.550686,22483.19037,0,2066.5609
,,,,,2208,7935.739933,7050.27107,6235.516876,21291.37367,0,1999.1271
,,,,,2209,7769.41727,6905.772125,5994.528816,20802.99171,0,1968.8507
,,,,,2210,7701.623922,6826.945458,5877.538681,20463.91263,0,1972.9793
,,,,,2211,7701.623922,6826.945458,5877.538681,20026.27235,0,1917.2432
,,,,,2212,7701.623922,6826.945458,5877.538681,20026.27235,0,1935.3304
,,,,,2213,7966.936786,6837.298338,5877.538681,20026.27235,0,1889.9158
,,,,,2214,9175.005735,7277.543681,6683.697798,20615.58798,0,1940.8352
,,,,,2215,9941.775624,7901.001787,7178.223211,21421.87989,0,2007.4826
,,,,,2216,9799.418699,7792.789079,7293.98527,21189.62204,0,2031.6644
,,,,,2217,10135.61483,7736.512395,7772.090798,22113.60896,0,2067.9371
,,,,,2218,10339.31804,7826.757603,8127.755102,23096.55838,0,2133.3066
,,,,,2219,10870.08763,8220.005043,8783.868778,23485.97547,0,2205.0656
,,,,,2220,10727.11976,8316.358464,8060.098373,22908.06236,0,2246.3516
,,,,,2221,9924.925031,7913.861177,7920.499113,22534.57595,0,2138.1233
,,,,,2222,10037.34165,7723.445052,8095.652075,23025.39955,0,2161.1255
,,,,,2223,10019.43931,7930.959543,8015.543907,23083.36959,0,2179.311
,,,,,2224,10228.03236,7916.947067,8208.84276,23214.59194,0,2216.4684
,,,,,2225,11404.84059,8093.438714,8377.895921,23122.79939,0,2264.1439
,,,,,2226,11051.65768,8637.321509,8224.924075,22518.87828,0,2324.9916
,,,,,2227,10353.82414,8508.900221,7876.773885,22237.47323,0,2259.5238
,,,,,2228,10642.08892,8384.455316,8170.304496,22601.91017,0,2259.8187
,,,,,2229,10234.81283,8249.521113,7961.471387,22758.34612,0,2264.7337
,,,,,2230,9482.211704,8161.533379,7518.076243,23972.2871,0,2202.6081
,,,,,2231,8713.701143,7612.451073,6880.267442,22720.4216,0,2114.8262
,,,,,2232,7977.249098,7221.569259,6337.576962,21516.04256,0,2045.8196
,,,,,2233,7816.4015,6933.323332,6020.770323,20738.85395,0,1995.8832
,,,,,2234,7750.294247,6854.533631,5909.270367,20400.81911,0,2000.1101
,,,,,2235,7750.294247,6854.533631,5909.270367,19965.88154,0,1943.5876
,,,,,2236,7750.294247,6854.533631,5909.270367,19965.88154,0,1961.8714
,,,,,2237,8011.596446,6864.875762,5909.270367,19965.88154,0,1918.0296
,,,,,2238,9205.447864,7304.952547,6688.938018,20552.02735,0,1967.4745
,,,,,2239,9963.193786,7928.171947,7168.393585,21355.83618,0,2035.1049
,,,,,2240,9822.512232,7820.000671,7280.627987,21124.2936,0,2059.5816
,,,,,2241,10154.75174,7763.745533,7744.164038,22045.43498,0,2096.3458
,,,,,2242,10356.0576,7853.956189,8088.990059,23025.35728,0,2162.6
,,,,,2243,10880.58067,8247.053065,8736.15187,23413.57511,0,2235.342
,,,,,2244,10739.29536,8343.369594,8023.395058,22837.44175,0,2277.2178
,,,,,2245,9946.541504,7941.026414,7888.049855,22465.10555,0,2167.515
,,,,,2246,10057.63511,7750.683194,8057.865319,22954.41759,0,2190.8121
,,,,,2247,10039.94346,7958.118233,7980.198315,23012.2091,0,2209.2925
,,,,,2248,10246.08162,7944.111122,8167.606705,23143.02734,0,2246.9414
,,,,,2249,11412.32668,8120.535195,8331.508251,23051.51747,0,2295.2067
,,,,,2250,11060.01385,8664.231853,8183.197969,22449.45622,0,2354.1867
,,,,,2251,10370.39298,8535.837632,7845.657081,22168.91779,0,2290.5866
,,,,,2252,10655.26523,8411.440374,8130.242831,22532.2324,0,2290.8815
,,,,,2253,10252.78229,8276.557833,7927.773566,22688.18659,0,2295.7965
,,,,,2254,9509.038385,8188.603788,7497.890157,23896.57515,0,2232.7862
,,,,,2255,8749.572277,7639.731712,6879.517527,22650.37886,0,2143.923
,,,,,2256,8021.787394,7248.999556,6353.364643,21449.70886,0,2073.9334
,,,,,2257,7821.592001,6855.629543,5954.647422,20718.25894,0,2004.7302
,,,,,2258,7755.098053,6776.057885,5827.107263,20380.55941,0,2009.0554
,,,,,2259,7755.098053,6776.057885,5827.107263,19900.28971,0,1952.238
,,,,,2260,7755.098053,6776.057885,5827.107263,19735.9659,0,1970.6201
,,,,,2261,8017.320073,6786.62738,5827.107263,19859.59071,0,1930.5137
,,,,,2262,9214.432197,7230.269863,6647.451409,20531.61767,0,1976.2232
,,,,,2263,9974.247711,7858.538864,7144.585183,21334.62916,0,2044.1485
,,,,,2264,9833.181921,7749.491137,7260.957826,21103.31626,0,2068.7235
,,,,,2265,10166.32885,7692.780195,7741.58511,22023.54392,0,2105.6843
,,,,,2266,10368.18453,7783.721778,8099.125356,23002.49419,0,2172.2334
,,,,,2267,10894.14021,8180.0037,8783.246712,23390.32693,0,2245.3686
,,,,,2268,10752.46901,8277.100629,8031.111774,22814.76507,0,2287.3427
,,,,,2269,9957.549948,7871.497484,7890.776201,22442.7982,0,2177.1484
,,,,,2270,10068.94698,7679.612019,8066.853002,22931.62487,0,2200.5438
,,,,,2271,10051.20701,7888.727788,7986.322306,22989.35906,0,2219.1225
,,,,,2272,10257.90818,7874.607186,8180.640709,23120.04753,0,2256.8697
,,,,,2273,11426.57584,8052.460725,8350.585537,23028.62844,0,2305.4299
,,,,,2274,11074.06346,8600.094936,8196.806845,22427.1644,0,2361.166
,,,,,2275,10382.55907,8471.128128,7846.820345,22146.90425,0,2300.7115
,,,,,2276,10668.20938,8345.722948,8141.899176,22509.85846,0,2301.1047
,,,,,2277,10264.62716,8209.747529,7931.964582,22665.65795,0,2306.0197
,,,,,2278,9518.851899,8121.080841,7486.230762,24161.97079,0,2242.8128
,,,,,2279,8757.3115,7567.761558,6845.057854,22627.88774,0,2153.4581
,,,,,2280,8027.538856,7173.863516,6299.504967,21428.40873,0,2083.1736
,,,,,2281,7884.718006,6824.632524,6020.329646,21119.92354,0,2025.7664
,,,,,2282,7817.458576,6743.485591,5881.406541,20775.68443,0,2030.0916
,,,,,2283,7817.458576,6743.485591,5834.195192,20286.11428,0,1972.7827
,,,,,2284,7817.458576,6743.485591,5834.195192,19869.0829,0,1991.3614
,,,,,2285,8081.501424,6754.513117,5879.607251,20244.62714,0,1962.2646
,,,,,2286,9285.068257,7205.338814,6720.7428,20929.66794,0,1996.9645
,,,,,2287,10048.98062,7843.7804,7223.336667,21748.2298,0,2065.5779
,,,,,2288,9907.154218,7732.967032,7340.987448,21512.43751,0,2090.4478
,,,,,2289,10242.09745,7675.337858,7826.893531,22450.48545,0,2127.8018
,,,,,2290,10445.04151,7767.751917,8188.360694,23448.39315,0,2195.1373
,,,,,2291,10973.83308,8170.450217,8967.452394,23843.7363,0,2268.9606
,,,,,2292,10831.39801,8269.119286,8119.600108,23257.02864,0,2311.3279
,,,,,2293,10032.19282,7856.948839,7977.72321,22877.85861,0,2200.0523
,,,,,2294,10144.1905,7661.95647,8155.733888,23376.15144,0,2223.6443
,,,,,2295,10126.35488,7874.458127,8074.318711,23435.00365,0,2242.4196
,,,,,2296,10334.17056,7860.108891,8270.771342,23568.22292,0,2280.6583
,,,,,2297,11507.63387,8040.842137,8442.582699,23475.03349,0,2329.6117
,,,,,2298,11154.72647,8596.408675,8287.115033,22861.92206,0,2375.7144
,,,,,2299,10459.49355,8466.288371,7933.28458,22576.23465,0,2324.8933
,,,,,2300,10746.68406,8338.8527,8231.604305,22946.2175,0,2325.2865
,,,,,2301,10340.92576,8200.675642,8019.363969,23105.03406,0,2330.2998
,,,,,2302,9591.129359,8110.573312,7568.734589,24830.39372,0,2266.3065
,,,,,2303,8825.482811,7548.294988,6920.519586,23066.53242,0,2176.0671
,,,,,2304,8091.775305,7148.019166,6368.974812,21843.82542,0,2104.9962
,,,,,2305,7917.392137,6829.685529,6123.471785,21404.50364,0,2040.9046
,,,,,2306,7849.448156,6748.582187,5985.266775,21055.63124,0,2044.9349
,,,,,2307,7849.448156,6748.582187,5985.266775,20559.4717,0,1991.2631
,,,,,2308,7849.448156,6748.582187,5985.266775,20231.91226,0,2008.6622
,,,,,2309,8115.119324,6759.597038,5985.266775,20517.42616,0,1983.7923
,,,,,2310,9324.458434,7210.223958,6835.833769,21211.68729,0,2013.9704
,,,,,2311,10092.0345,7848.384045,7347.001731,22041.26662,0,2078.1603
,,,,,2312,9949.527904,7737.619536,7466.659598,21802.30067,0,2101.4574
,,,,,2313,10286.07751,7680.015772,7960.855088,22752.9743,0,2136.3539
,,,,,2314,10489.99489,7772.389084,8328.488768,23764.31339,0,2199.2659
,,,,,2315,11021.32254,8174.909827,9036.248795,24164.97767,0,2268.3708
,,,,,2316,10878.20435,8273.535391,8258.555148,23570.3732,0,2308.084
,,,,,2317,10075.16619,7861.546677,8114.257874,23186.09971,0,2203.9843
,,,,,2318,10187.70101,7666.640284,8295.305359,23691.09934,0,2226.0035
,,,,,2319,10169.77984,7879.048245,8212.501265,23750.74367,0,2243.5992
,,,,,2320,10378.59221,7864.705336,8412.305316,23885.75601,0,2279.3804
,,,,,2321,11556.34413,8045.358894,8587.047721,23791.31229,0,2325.1882
,,,,,2322,11203.08348,8600.705925,8428.927825,23169.94866,0,2370.7994
,,,,,2323,10504.51624,8470.617541,8069.061135,22880.41604,0,2320.7647
,,,,,2324,10793.08411,8343.238059,8372.470101,23255.37868,0,2321.0596
,,,,,2325,10385.37981,8205.121925,8156.609011,23416.33284,0,2325.778
,,,,,2326,9631.987399,8115.059322,7698.292034,25077.74353,0,2265.9133
,,,,,2327,8862.668827,7553.028918,7039.018685,23377.31298,0,2181.4736
,,,,,2328,8125.442478,7152.929584,6478.064729,22138.14891,0,2115.0228
,,,,,2329,7918.221832,6853.859333,6171.274476,21368.56178,0,2028.7154
,,,,,2330,7847.64303,6775.82756,6054.7899,21020.27455,0,2032.5491
,,,,,2331,7847.64303,6775.82756,6054.7899,20524.94723,0,1981.728
,,,,,2332,7847.64303,6775.82756,6054.7899,20302.53131,0,1998.2424
,,,,,2333,8119.581566,6785.949315,6054.7899,20482.97222,0,1976.2232
,,,,,2334,9351.138064,7222.569966,6858.509573,21176.06884,0,2003.1574
,,,,,2335,10132.81567,7840.894925,7351.647291,22004.25669,0,2064.0051
,,,,,2336,9987.691005,7733.57317,7467.084509,21765.69157,0,2086.0243
,,,,,2337,10330.42354,7677.759831,7943.848418,22714.7706,0,2119.0531
,,,,,2338,10538.08719,7767.26202,8298.514688,23724.41333,0,2178.6229
,,,,,2339,11079.17613,8157.271717,8953.804039,24124.40556,0,2243.9924
,,,,,2340,10933.42864,8252.831827,8231.047812,23530.79844,0,2281.6413
,,,,,2341,10115.63746,7853.64844,8091.840284,23147.16951,0,2183.0464
,,,,,2342,10230.23971,7664.800077,8266.501746,23651.32208,0,2203.9843
,,,,,2343,10211.98931,7870.606029,8186.61837,23710.86637,0,2220.597
,,,,,2344,10424.63787,7856.708923,8379.374805,23845.65225,0,2254.4122
,,,,,2345,11618.89661,8031.747453,8547.953584,23751.36694,0,2297.7625
,,,,,2346,11264.27629,8571.627549,8395.410995,23131.04555,0,2343.3737
,,,,,2347,10552.87532,8443.788321,8048.237753,22841.99857,0,2293.6339
,,,,,2348,10846.74461,8320.368014,8340.944684,23216.33228,0,2293.9288
,,,,,2349,10431.55017,8186.544771,8132.697584,23377.01646,0,2298.3523
,,,,,2350,9664.3168,8099.281471,7690.546657,24948.39802,0,2241.7315
,,,,,2351,8880.864684,7554.71995,7054.52762,23338.06205,0,2161.8136
,,,,,2352,8130.094372,7167.0564,6513.359991,22100.97648,0,2098.9016
,,,,,2353,7917.706416,6811.348483,6148.036919,21165.4134,0,1985.0702
,,,,,2354,7847.657118,6724.101149,6037.123881,20820.43367,0,1989.1005
,,,,,2355,7847.657118,6726.722627,6037.123881,20329.81021,0,1935.7236
,,,,,2356,7847.657118,6724.101149,6037.123881,20141.60138,0,1953.0244
,,,,,2357,8118.336141,6740.155893,6037.123881,20288.23381,0,1928.4494
,,,,,2358,9345.427756,7197.881506,6813.959511,20974.74847,0,1958.2343
,,,,,2359,10124.27146,7846.094482,7291.804063,21795.07147,0,2022.031
,,,,,2360,9979.672939,7733.585108,7403.661347,21558.77187,0,2045.1315
,,,,,2361,10321.16293,7675.073916,7865.639875,22498.83801,0,2079.8314
,,,,,2362,10528.07372,7768.902378,8209.30725,23498.89271,0,2142.4485
,,,,,2363,11067.20099,8177.764001,8855.512078,23895.08643,0,2211.0619
,,,,,2364,10921.9819,8277.943206,8143.932654,23307.11648,0,2250.4802
,,,,,2365,10107.15554,7859.464464,8009.042223,22927.13066,0,2147.0686
,,,,,2366,10221.3423,7661.487725,8178.287092,23426.49557,0,2168.9895
,,,,,2367,10203.15807,7877.241733,8100.881056,23485.47441,0,2186.3886
,,,,,2368,10415.03569,7862.672881,8287.659737,23618.98029,0,2221.8749
,,,,,2369,11605.97717,8046.172261,8451.010558,23525.59036,0,2267.4861
,,,,,2370,11251.6301,8618.097716,8303.198613,22911.15983,0,2313.0973
,,,,,2371,10542.80823,8478.129977,7966.791892,22624.85776,0,2263.0626
,,,,,2372,10835.61213,8348.743895,8250.421409,22995.63663,0,2263.3575
,,,,,2373,10421.92294,8208.452028,8048.632459,23154.79488,0,2268.0759
,,,,,2374,9657.471095,8116.970676,7620.193497,24689.19514,0,2208.6044
,,,,,2375,8876.859305,7546.086647,7003.898655,23116.2104,0,2124.7545
,,,,,2376,8128.810834,7139.684578,6479.513693,21890.87276,0,2058.6969
,,,,,2377,7877.813472,6938.308427,6066.296676,20985.54293,0,1957.0547
,,,,,2378,7810.306373,6839.907179,5956.51842,20643.4917,0,1961.1833
,,,,,2379,7810.306373,6852.106259,5956.51842,20157.0331,0,1905.8404
,,,,,2380,7810.306373,6710.227955,5956.51842,19971.11878,0,1923.731
,,,,,2381,8074.938344,6865.789744,5956.51842,20115.80964,0,1894.7325
,,,,,2382,9280.593576,7332.041338,6727.878447,20796.49653,0,1929.2358
,,,,,2383,10045.83146,7992.328472,7202.608167,21609.85588,0,1995.49
,,,,,2384,9903.758965,7877.723404,7313.736308,21375.56221,0,2019.4752
,,,,,2385,10239.28338,7818.122334,7772.703426,22307.64821,0,2055.5513
,,,,,2386,10442.57959,7913.698523,8114.130603,23299.21353,0,2120.6259
,,,,,2387,10972.28871,8330.175946,8758.485142,23692.04399,0,2191.8934
,,,,,2388,10829.60648,8432.221173,8049.182151,23109.06527,0,2232.8845
,,,,,2389,10029.01454,8005.947495,7915.171004,22732.30512,0,2125.3443
,,,,,2390,10141.20655,7804.283075,8083.312649,23227.43096,0,2148.1499
,,,,,2391,10123.33998,8024.055898,8006.411185,23285.90913,0,2166.3354
,,,,,2392,10331.51626,8009.215675,8191.972348,23418.28169,0,2203.1979
,,,,,2393,11506.53118,8196.133068,8354.258366,23325.68454,0,2250.5785
,,,,,2394,11153.49597,8893.295729,8207.409933,22716.46986,0,2298.1557
,,,,,2395,10457.0567,8636.13679,7873.196082,22432.59819,0,2246.0567
,,,,,2396,10744.74554,8504.340654,8154.976758,22800.22954,0,2246.3516
,,,,,2397,10338.28318,8361.435593,7954.503171,22958.03671,0,2251.1683
,,,,,2398,9587.185749,8268.250233,7528.856991,24483.27773,0,2189.4359
,,,,,2399,8820.210669,7686.73244,6916.579471,22919.77977,0,2102.2438
,,,,,2400,8085.230052,7272.760385,6395.612716,21704.84392,0,2033.5321
,,,,,2401,7832.509927,7144.936012,6004.828357,20925.86563,0,1954.9904
,,,,,2402,7766.362788,7043.606258,5889.31575,20584.78602,0,1959.119
,,,,,2403,7766.362788,7056.168393,5889.31575,20099.70924,0,1903.7761
,,,,,2404,7766.362788,6958.68523,5889.31575,19916.77487,0,1921.6667
,,,,,2405,8027.759864,7070.259111,5889.31575,20058.60287,0,1889.7192
,,,,,2406,9221.947618,7550.386757,6688.345433,20737.35624,0,1927.1715
,,,,,2407,9979.907013,8230.32461,7178.81522,21548.40519,0,1993.3274
,,,,,2408,9839.185826,8112.308796,7293.627909,21314.77704,0,2017.3126
,,,,,2409,10171.51893,8050.933945,7767.812471,22244.2154,0,2053.2904
,,,,,2410,10372.88151,8149.354565,8120.559956,23232.96412,0,2118.2667
,,,,,2411,10897.55235,8578.226718,8774.264489,23624.67873,0,2189.5342
,,,,,2412,10756.22723,8683.308899,8053.458083,23043.35599,0,2230.5253
,,,,,2413,9963.25004,8244.348946,7915.003683,22667.66605,0,2123.0834
,,,,,2414,10074.37495,8036.682818,8088.720207,23161.38545,0,2145.889
,,,,,2415,10056.67831,8262.996271,8009.26901,23219.69751,0,2163.9762
,,,,,2416,10262.87454,8247.714391,8200.98261,23351.69406,0,2200.8387
,,,,,2417,11429.36949,8440.194608,8368.649359,23259.35994,0,2248.121
,,,,,2418,11077.03607,9117.094515,8216.932042,22651.87576,0,2298.254
,,,,,2419,10387.22092,8893.293223,7871.637047,22368.81045,0,2243.5992
,,,,,2420,10672.17343,8757.574719,8162.7604,22735.39753,0,2243.8941
,,,,,2421,10269.57711,8610.41668,7955.639941,22892.75644,0,2248.8091
,,,,,2422,9525.623667,8514.458042,7515.881101,24413.08933,0,2187.0767
,,,,,2423,8765.9436,7915.633774,6883.303,22854.60817,0,2099.9829
,,,,,2424,8037.953684,7489.341552,6345.06315,21643.12341,0,2031.3695
,,,,,2425,7829.796902,7126.053182,5971.251476,20944.30505,0,1960.3969
,,,,,2426,7759.394551,7024.991051,5851.744451,20602.92522,0,1964.6238
,,,,,2427,7759.394551,7037.520009,5851.744451,20117.42147,0,1909.0843
,,,,,2428,7759.394551,6948.763126,5851.744451,19921.08091,0,1927.0732
,,,,,2429,8030.913368,7051.573511,5851.744451,20076.27893,0,1881.2654
,,,,,2430,9260.981991,7530.433083,6665.979013,20755.62973,0,1932.4797
,,,,,2431,10041.71523,8208.575139,7164.493065,21567.39255,0,1998.9305
,,,,,2432,9896.765897,8090.871019,7281.188813,21333.55877,0,2023.014
,,,,,2433,10239.08437,8029.658267,7763.150544,22263.81521,0,2059.0901
,,,,,2434,10446.49713,8127.818946,8121.68349,23253.43422,0,2124.263
,,,,,2435,10986.93237,8555.558396,8783.098408,23645.49361,0,2195.6288
,,,,,2436,10841.36096,8660.363043,8053.48107,23063.6592,0,2236.7182
,,,,,2437,10024.55778,8222.562436,7912.75586,22687.63858,0,2129.0797
,,,,,2438,10139.02157,8015.444778,8089.321533,23181.79255,0,2151.8853
,,,,,2439,10120.79322,8241.160511,8008.567246,23240.15593,0,2170.0708
,,,,,2440,10333.18487,8225.918991,8203.425168,23372.26867,0,2207.0316
,,,,,2441,11526.33817,8417.890845,8373.841843,23279.85328,0,2254.4122
,,,,,2442,11171.80891,9086.637402,8219.636189,22671.8344,0,2315.8497
,,,,,2443,10461.2674,8869.792773,7868.677962,22388.51993,0,2249.8904
,,,,,2444,10754.78166,8734.432718,8164.57607,22755.42967,0,2250.1853
,,,,,2445,10340.08882,8587.66334,7954.058599,22912.92709,0,2255.002
,,,,,2446,9573.782369,8491.958141,7507.087212,24445.29572,0,2193.1713
,,,,,2447,8791.276761,7894.715439,6864.134107,22874.74525,0,2105.7826
,,,,,2448,8041.413474,7469.549105,6317.066509,21662.19415,0,2037.0709
,,,,,2449,7878.842637,6847.82142,5941.059697,20854.85439,0,1965.9017
,,,,,2450,7806.074804,6750.702633,5824.499888,20514.93092,0,1970.1286
,,,,,2451,7806.074804,6762.742723,5824.499888,20031.49839,0,1914.3925
,,,,,2452,7806.074804,6542.720986,5824.499888,19813.07617,0,1932.4797
,,,,,2453,8083.220321,6776.247872,5824.499888,19990.53136,0,1889.0311
,,,,,2454,9333.235209,7236.422821,6628.582579,20666.98398,0,1937.9845
,,,,,2455,10126.62848,7888.104449,7121.926803,21475.28374,0,2004.5336
,,,,,2456,9979.328713,7774.993026,7237.41236,21242.44751,0,2028.6171
,,,,,2457,10327.19807,7716.168735,7714.375919,22168.73538,0,2064.8898
,,,,,2458,10537.97415,7810.499282,8069.190708,23154.13257,0,2130.161
,,,,,2459,11087.17285,8221.548765,8724.602729,23544.5194,0,2201.8217
,,,,,2460,10939.24093,8322.26404,8001.69558,22965.16715,0,2243.0094
,,,,,2461,10109.19281,7901.545976,7862.429757,22590.75067,0,2134.9777
,,,,,2462,10225.5127,7702.509843,8037.16436,23082.79654,0,2157.8816
,,,,,2463,10206.98876,7919.418372,7957.247533,23140.91093,0,2176.1654
,,,,,2464,10422.82447,7904.771562,8150.084686,23272.46006,0,2213.2245
,,,,,2465,11630.79722,8089.252865,8318.734059,23180.43892,0,2260.8017
,,,,,2466,11275.04728,8841.232813,8166.127591,22575.01392,0,2320.0766
,,,,,2467,10552.98393,8523.52203,7818.808967,22292.9081,0,2256.1816
,,,,,2468,10851.25769,8393.44359,8111.638472,22658.25257,0,2256.4765
,,,,,2469,10429.84037,8252.401007,7903.304167,22815.07808,0,2261.3915
,,,,,2470,9651.107822,8160.430129,7460.968085,24362.4573,0,2199.2659
,,,,,2471,8855.91344,7586.491242,6824.68271,22777.05913,0,2111.6806
,,,,,2472,8093.890692,7177.914475,6283.288463,21569.6809,0,2042.7723
,,,,,2473,7864.651685,6672.965891,5891.357929,20756.69333,0,1971.3082
,,,,,2474,7794.252042,6578.325309,5765.537837,20418.36804,0,1975.3385
,,,,,2475,7794.252042,6590.058169,5765.537837,19937.2084,0,1921.8633
,,,,,2476,7794.252042,6472.355073,5765.537837,19730.51344,0,1939.1641
,,,,,2477,8065.764417,6603.218704,5765.537837,19896.43399,0,1914.3925
,,,,,2478,9295.810204,7051.651249,6576.829943,20569.70621,0,1944.4723
,,,,,2479,10076.52895,7686.703749,7068.70253,21374.20568,0,2008.4656
,,,,,2480,9931.582306,7576.478619,7183.843596,21142.46415,0,2031.6644
,,,,,2481,10273.89442,7519.155362,7659.384381,22064.397,0,2066.4626
,,,,,2482,10481.30334,7611.078853,8013.140765,23045.16127,0,2129.3746
,,,,,2483,11021.72854,8011.63948,8694.678881,23433.71266,0,2198.2829
,,,,,2484,10876.15983,8109.784776,7945.846973,22857.08428,0,2237.8978
,,,,,2485,10059.37181,7699.802284,7806.996577,22484.42816,0,2133.9947
,,,,,2486,10173.83348,7505.845008,7981.20995,22974.16063,0,2156.0139
,,,,,2487,10155.60547,7717.218626,7901.531514,23032.00179,0,2173.5113
,,,,,2488,10367.99318,7702.945562,8093.793437,23162.93243,0,2209.1942
,,,,,2489,11561.12951,7882.719408,8261.939732,23071.34394,0,2254.9037
,,,,,2490,11206.60165,8542.361615,8109.788486,22468.76539,0,2300.5149
,,,,,2491,10496.07332,8305.907214,7763.505908,22187.98591,0,2250.4802
,,,,,2492,10789.58214,8179.148019,8055.461907,22551.61268,0,2250.8734
,,,,,2493,10374.897,8041.704457,7847.74906,22707.70087,0,2255.4935
,,,,,2494,9608.604774,7952.080423,7406.732459,24241.25618,0,2195.8254
,,,,,2495,8826.113693,7392.786884,6772.345111,22669.86066,0,2111.5823
,,,,,2496,8076.264328,6994.635876,6232.565833,21468.15902,0,2045.2298
,,,,,2497,7808.064108,6605.664315,5867.721375,20708.38955,0,1956.5632
,,,,,2498,7741.867355,6511.97759,5735.021,20370.8507,0,1960.2003
,,,,,2499,7741.867355,6523.592197,5735.021,19890.80953,0,1911.6401
,,,,,2500,7741.867355,6473.494496,5735.021,19667.78129,0,1927.3681
,,,,,2501,8003.382446,6536.620091,5735.021,19850.12989,0,1907.7081
,,,,,2502,9197.988556,6980.533006,6550.455136,20521.83708,0,1932.1848
,,,,,2503,9956.213485,7609.184984,7040.362842,21324.46648,0,1990.2801
,,,,,2504,9815.442999,7500.070784,7155.043955,21093.26364,0,2011.3163
,,,,,2505,10147.89253,7443.325272,7628.685099,22013.05344,0,2042.9689
,,,,,2506,10349.32565,7534.322291,7981.028333,22991.53791,0,2099.9829
,,,,,2507,10874.18029,7930.845776,8682.335207,23379.1861,0,2162.5017
,,,,,2508,10732.80567,8028.001893,7914.00336,22803.89811,0,2198.3812
,,,,,2509,9939.550677,7622.151503,7775.707629,22432.10823,0,2104.2098
,,,,,2510,10050.71451,7430.149069,7949.225073,22920.70231,0,2124.1647
,,,,,2511,10033.01168,7639.39231,7869.864927,22978.40902,0,2140.0893
,,,,,2512,10239.28014,7625.2631,8061.358823,23109.03531,0,2172.43
,,,,,2513,11406.08592,7803.225055,8228.833425,23017.65971,0,2213.9126
,,,,,2514,11053.7269,8405.237403,8077.289977,22416.48186,0,2259.4255
,,,,,2515,10363.67009,8222.147666,7732.390692,22136.35507,0,2209.8823
,,,,,2516,10648.72242,8096.666043,8023.180416,22499.13658,0,2210.1772
,,,,,2517,10245.98506,7960.607736,7816.297318,22654.86194,0,2214.4041
,,,,,2518,9501.770991,7871.886999,7377.042444,24200.23777,0,2160.2408
,,,,,2519,8741.824788,7318.230428,6745.189281,22617.10969,0,2083.8617
,,,,,2520,8013.579837,6924.092275,6207.566257,21418.20143,0,2023.7021
,,,,,2521,7809.953515,6494.406534,5907.023375,20729.25527,0,1925.5004
,,,,,2522,7746.420573,6411.82822,5794.654639,20391.37671,0,1929.2358
,,,,,2523,7746.420573,6413.715773,5794.654639,19910.85239,0,1880.6756
,,,,,2524,7746.420573,6411.82822,5794.654639,19753.02607,0,1896.4036
,,,,,2525,8001.599338,6426.524393,5794.654639,19870.13182,0,1876.6453
,,,,,2526,9173.743607,6862.965805,6578.51437,20542.51505,0,1901.122
,,,,,2527,9917.711848,7481.036933,7060.354629,21345.95226,0,1959.2173
,,,,,2528,9779.588231,7373.759235,7173.147257,21114.51673,0,1980.2535
,,,,,2529,10105.78681,7317.968808,7638.988821,22035.23226,0,2011.8078
,,,,,2530,10303.43243,7407.434255,7985.529921,23014.70153,0,2068.8218
,,,,,2531,10818.41839,7797.283848,8634.108298,23402.73988,0,2131.3406
,,,,,2532,10679.70199,7892.804729,7919.608666,22826.87288,0,2167.2201
,,,,,2533,9901.362346,7493.785212,7783.59029,22454.7088,0,2073.0487
,,,,,2534,10010.436,7305.014374,7954.250374,22943.79463,0,2093.0036
,,,,,2535,9993.066028,7510.73584,7876.197074,23001.55943,0,2108.9282
,,,,,2536,10195.45609,7496.844439,8064.537586,23132.31718,0,2141.1706
,,,,,2537,11345.57342,7671.811113,8229.254337,23040.84962,0,2182.6532
,,,,,2538,10994.58903,8220.806819,8080.206397,22439.06672,0,2228.2644
,,,,,2539,10317.50716,8083.682832,7740.986664,22158.65798,0,2178.7212
,,,,,2540,10597.19974,7960.313192,8026.987873,22521.80462,0,2179.0161
,,,,,2541,10202.03493,7826.544885,7823.511577,22677.68671,0,2183.243
,,,,,2542,9471.814108,7739.317407,7391.490035,24168.96706,0,2129.0797
,,,,,2543,8726.156957,7194.979437,6770.041773,22639.89647,0,2052.7006
,,,,,2544,8011.60499,6807.475029,6241.271937,21439.78155,0,1992.541
,,,,,2545,7809.874441,6547.990709,5899.016823,20742.49597,0,1891.9801
,,,,,2546,7746.345828,6455.121384,5790.723175,20404.40183,0,1895.7155
,,,,,2547,7746.345828,6466.634656,5790.723175,19923.57092,0,1845.2876
,,,,,2548,7746.345828,6448.121584,5790.723175,19860.71094,0,1861.6054
,,,,,2549,8001.514295,6479.548883,5790.723175,19882.82437,0,1839.9794
,,,,,2550,9173.62206,6919.588734,6554.919602,20555.6366,0,1866.6187
,,,,,2551,9917.567131,7542.75583,7025.574261,21359.58642,0,1926.9749
,,,,,2552,9779.447815,7434.593633,7135.748483,21128.00322,0,1948.8958
,,,,,2553,10105.63623,7378.343216,7590.775845,22049.30619,0,1981.6297
,,,,,2554,10303.2757,7468.546302,7929.272225,23029.40038,0,2040.9046
,,,,,2555,10818.24562,7861.610187,8571.206076,23417.68631,0,2105.8809
,,,,,2556,10679.53354,7957.918633,7864.881288,22841.45189,0,2143.2349
,,,,,2557,9901.218138,7555.609218,7732.020488,22469.05037,0,2045.3281
,,,,,2558,10010.28839,7365.281973,7898.718811,22958.44825,0,2066.0694
,,,,,2559,9992.918963,7572.699603,7822.477467,23016.2499,0,2082.5838
,,,,,2560,10195.30272,7558.693668,8006.44578,23147.09108,0,2116.2024
,,,,,2561,11345.39293,7735.102935,8167.338741,23055.56516,0,2159.3561
,,,,,2562,10994.41077,8308.352457,8021.75085,22453.3983,0,2204.869
,,,,,2563,10317.34999,8150.370517,7690.405877,22172.81067,0,2155.2275
,,,,,2564,10597.03386,8025.9837,7969.767758,22536.189,0,2155.4241
,,,,,2565,10201.88135,7891.112479,7771.015029,22692.17054,0,2159.8476
,,,,,2566,9471.683277,7803.165815,7349.022579,24103.97207,0,2103.62
,,,,,2567,8726.049349,7254.339803,6742.000825,22654.35619,0,2024.1936
,,,,,2568,8011.519635,6863.640439,6225.506028,21453.47557,0,1961.6748
,,,,,2569,7810.95027,6619.227106,5800.104347,20636.42355,0,1884.2144
,,,,,2570,7746.337278,6536.935144,5690.414434,20300.0564,0,1888.0481
,,,,,2571,7746.337278,6536.935144,5690.414434,19821.68158,0,1837.7185
,,,,,2572,7746.337278,6536.935144,5690.414434,19775.82624,0,1854.0363
,,,,,2573,8004.085125,6550.041219,5690.414434,19781.14316,0,1832.4103
,,,,,2574,9185.336613,6994.864942,6461.348182,20450.51866,0,1858.9513
,,,,,2575,9935.08527,7624.80677,6935.83541,21250.36191,0,1919.2092
,,,,,2576,9795.888472,7515.468692,7046.906787,21019.96164,0,1941.0318
,,,,,2577,10124.62152,7458.606752,7505.639465,21936.5586,0,1973.7657
,,,,,2578,10323.80279,7549.790476,7846.892241,22911.64647,0,2032.9423
,,,,,2579,10842.79004,7947.127536,8491.102734,23297.94903,0,2097.722
,,,,,2580,10702.99585,8044.482995,7781.976965,22724.65802,0,2134.9777
,,,,,2581,9918.608738,7637.799893,7648.034271,22354.15872,0,2037.2675
,,,,,2582,10028.52986,7445.403514,7816.090029,22841.05676,0,2058.0088
,,,,,2583,10011.02493,7655.076075,7739.227847,22898.56316,0,2074.4249
,,,,,2584,10214.9875,7640.917875,7924.694225,23028.736,0,2108.0435
,,,,,2585,11371.87121,7819.244967,8086.897347,22937.6776,0,2151.0006
,,,,,2586,11020.32947,8373.979278,7940.123925,22338.58661,0,2196.6118
,,,,,2587,10337.98688,8239.027111,7606.08079,22059.43221,0,2146.872
,,,,,2588,10619.85258,8113.288028,7887.717532,22420.95441,0,2147.1669
,,,,,2589,10221.61746,7976.950561,7687.346347,22576.1392,0,2151.5904
,,,,,2590,9485.723034,7888.04779,7261.917587,23969.35268,0,2095.4611
,,,,,2591,8734.272346,7333.255241,6649.952818,22538.518,0,2016.2313
,,,,,2592,8014.168518,6938.308408,6129.252173,21343.77148,0,1953.8108
,,,,,2593,7812.763714,6599.396515,5735.969375,20562.75723,0,1889.4243
,,,,,2594,7745.62535,6517.491791,5628.818422,20227.58945,0,1893.3563
,,,,,2595,7745.62535,6517.491791,5628.818422,19765.40818,0,1841.2573
,,,,,2596,7745.62535,6517.491791,5628.818422,19765.40818,0,1858.0666
,,,,,2597,8009.380223,6530.417757,5628.818422,19765.40818,0,1834.7695
,,,,,2598,9211.926204,6973.909759,6387.50106,20377.51521,0,1863.2765
,,,,,2599,9975.190626,7601.965656,6855.019163,21174.50649,0,1925.5987
,,,,,2600,9833.484518,7492.954917,6964.459157,20944.92775,0,1948.2077
,,,,,2601,10168.14365,7436.263211,7416.454108,21858.25642,0,1982.1212
,,,,,2602,10370.91558,7527.173947,7752.694666,22829.86745,0,2043.3621
,,,,,2603,10899.25864,7923.321453,8392.765324,23214.79258,0,2110.4027
,,,,,2604,10756.94438,8020.385447,7688.732846,22643.54574,0,2149.0346
,,,,,2605,9958.417069,7614.91988,7556.757462,22274.36752,0,2047.7856
,,,,,2606,10070.31975,7423.099501,7722.344868,22759.52944,0,2069.3133
,,,,,2607,10052.49925,7632.14434,7646.611614,22816.83079,0,2086.3192
,,,,,2608,10260.13867,7618.028528,7829.353918,22946.53948,0,2121.0191
,,,,,2609,11432.84351,7795.821741,7989.17465,22855.80576,0,2165.6473
,,,,,2610,11079.99859,8348.861296,7844.556991,22258.85093,0,2211.2585
,,,,,2611,10385.35536,8214.347134,7515.420181,21980.6919,0,2161.3221
,,,,,2612,10672.30228,8088.984491,7792.920328,22340.92503,0,2161.617
,,,,,2613,10266.88815,7953.055193,7595.492134,22495.55649,0,2166.2371
,,,,,2614,9517.727709,7864.41858,7176.311943,23776.43816,0,2108.0435
,,,,,2615,8752.730573,7311.28698,6573.335528,22458.06943,0,2026.0613
,,,,,2616,8019.64539,6917.522545,6060.282776,21267.58299,0,1961.4782
,,,,,2617,7835.436299,6568.885176,5732.747517,20410.34192,0,1914.1959
,,,,,2618,7766.748807,6487.681434,5629.768397,20077.65564,0,1918.1279
,,,,,2619,7766.748807,6487.681434,5629.768397,19615.21913,0,1865.4391
,,,,,2620,7766.748807,6487.681434,5629.768397,19615.21913,0,1882.5433
,,,,,2621,8034.188542,6500.225109,5629.768397,19615.21913,0,1858.6564
,,,,,2622,9249.797105,6941.668125,6368.320915,20226.47139,0,1887.6549
,,,,,2623,10021.35244,7566.82233,6824.387867,21017.56193,0,1950.6652
,,,,,2624,9878.107058,7458.315233,6931.147293,20789.68294,0,1973.5691
,,,,,2625,10216.40141,7401.885449,7372.071309,21696.24955,0,2007.7775
,,,,,2626,10421.37593,7492.376167,7700.076161,22660.667,0,2069.6082
,,,,,2627,10955.45809,7886.693424,8333.344549,23042.74225,0,2137.3369
,,,,,2628,10811.59795,7983.308972,7637.68099,22475.72478,0,2176.362
,,,,,2629,10004.39668,7579.716704,7508.938144,22109.27987,0,2074.13
,,,,,2630,10117.5149,7388.782558,7670.469736,22590.84976,0,2095.8543
,,,,,2631,10099.50083,7596.861585,7596.591454,22647.72686,0,2113.0568
,,,,,2632,10309.39571,7582.810989,7774.85776,22776.47522,0,2148.1499
,,,,,2633,11491.80565,7759.782776,7930.763924,22686.41328,0,2193.1713
,,,,,2634,11138.16131,8309.967113,7789.688457,22093.87815,0,2238.7825
,,,,,2635,10435.97256,8176.374532,7468.613357,21817.77855,0,2188.8461
,,,,,2636,10726.03642,8051.591079,7739.316556,22175.3446,0,2189.141
,,,,,2637,10316.21851,7916.289791,7546.724069,22328.8312,0,2193.7611
,,,,,2638,9558.92036,7828.06269,7137.811065,23613.42056,0,2134.9777
,,,,,2639,8785.61349,7277.486623,6549.603648,22291.62169,0,2052.1108
,,,,,2640,8044.565214,6885.541427,6049.117351,21109.94932,0,1986.8396
,,,,,2641,7870.15739,6582.090154,5718.082216,20336.18704,0,1924.4191
,,,,,2642,7802.1745,6504.241922,5614.061501,20004.70809,0,1928.5477
,,,,,2643,7802.1745,6504.241922,5614.061501,19533.28518,0,1874.0895
,,,,,2644,7802.1745,6504.241922,5614.061501,19483.82062,0,1891.6852
,,,,,2645,8067.938219,6514.31031,5614.061501,19493.33588,0,1862.8833
,,,,,2646,9277.60542,6950.094017,6357.639972,20152.98379,0,1897.0917
,,,,,2647,10045.38973,7567.23373,6816.565969,20941.20344,0,1962.2646
,,,,,2648,9902.84447,7460.117696,6923.994662,20714.15142,0,1985.8566
,,,,,2649,10239.48538,7404.411344,7367.682794,21617.42807,0,2021.3429
,,,,,2650,10443.45809,7493.741969,7697.743881,22578.34563,0,2085.2379
,,,,,2651,10974.92988,7883.00407,8332.710614,22959.0343,0,2155.4241
,,,,,2652,10831.77286,7978.381003,7634.95756,22394.07456,0,2195.7271
,,,,,2653,10028.51684,7579.962797,7505.407636,22028.95949,0,2089.9563
,,,,,2654,10141.08219,7391.476432,7667.951856,22508.78175,0,2112.467
,,,,,2655,10123.15616,7596.887881,7593.610437,22565.45245,0,2130.2593
,,,,,2656,10332.02518,7583.017414,7772.99428,22693.73357,0,2166.532
,,,,,2657,11510.02086,7757.720418,7929.877807,22603.99846,0,2213.1262
,,,,,2658,11156.74013,8296.676289,7787.917949,22013.61367,0,2261.2932
,,,,,2659,10457.98337,8168.971459,7464.830056,21738.51604,0,2208.6044
,,,,,2660,10746.62953,8045.787733,7737.230271,22094.78447,0,2208.8993
,,,,,2661,10338.81462,7912.22101,7543.430437,22247.71406,0,2213.716
,,,,,2662,9585.217816,7825.124983,7131.953992,23631.90674,0,2152.9666
,,,,,2663,8815.690531,7281.607313,6540.059151,22210.63959,0,2067.249
,,,,,2664,8078.264174,6894.686864,6036.435347,21033.25554,0,1999.7169
,,,,,2665,7948.935878,6638.382242,5694.643214,20382.21504,0,1927.8596
,,,,,2666,7881.853785,6558.524747,5587.566968,20049.9867,0,1931.8899
,,,,,2667,7881.853785,6558.524747,5587.566968,19577.49802,0,1877.3334
,,,,,2668,7881.853785,6558.524747,5587.566968,19443.98763,0,1895.0274
,,,,,2669,8145.474807,6569.177353,5587.566968,19537.4584,0,1863.6697
,,,,,2670,9347.546296,7014.123246,6345.889127,20198.59761,0,1900.4339
,,,,,2671,10110.50955,7644.238086,6813.202169,20988.59922,0,1965.7051
,,,,,2672,9968.859361,7534.869979,6922.594161,20761.0339,0,1989.3954
,,,,,2673,10303.38645,7477.992421,7374.39086,21666.35263,0,2024.8817
,,,,,2674,10506.07837,7569.201188,7710.483938,22629.44258,0,2088.9733
,,,,,2675,11034.21296,7966.647376,8350.432785,23010.9919,0,2159.1595
,,,,,2676,10891.95485,8064.029574,7646.550172,22444.75492,0,2199.5608
,,,,,2677,10093.74262,7657.234777,7514.632675,22078.81442,0,2093.6917
,,,,,2678,10205.60114,7464.785557,7680.147452,22559.72144,0,2116.1041
,,,,,2679,10187.78768,7674.515704,7604.447415,22616.52025,0,2133.9947
,,,,,2680,10395.34517,7660.353616,7787.109566,22745.09139,0,2170.3657
,,,,,2681,11567.69748,7838.729684,7946.860198,22655.15341,0,2216.9599
,,,,,2682,11214.88159,8387.803234,7802.305971,22063.43391,0,2267.2895
,,,,,2683,10520.51245,8258.627121,7473.313525,21787.71435,0,2212.5364
,,,,,2684,10807.34615,8132.853504,7750.691956,22144.78822,0,2212.8313
,,,,,2685,10402.09198,7996.478592,7553.350357,22298.06354,0,2217.5497
,,,,,2686,9653.22714,7907.551404,7134.354026,23754.91539,0,2156.702
,,,,,2687,8888.531852,7352.606483,6531.642085,22260.90525,0,2070.7878
,,,,,2688,8155.735924,6957.551178,6018.814367,21080.85944,0,2003.1574
,,,,,2689,8009.516421,6696.468274,5743.591263,20484.80599,0,1937.6896
,,,,,2690,7944.131264,6602.494759,5631.812051,20150.90734,0,1941.6216
,,,,,2691,7944.131264,6613.26875,5631.812051,19676.0432,0,1888.7362
,,,,,2692,7944.131264,6602.494759,5631.812051,19598.83324,0,1905.8404
,,,,,2693,8203.715836,6626.475604,5631.812051,19635.80227,0,1881.6586
,,,,,2694,9391.478384,7076.48645,6411.944775,20300.2654,0,1911.0503
,,,,,2695,10145.35966,7713.774075,6891.533678,21094.23881,0,1974.4538
,,,,,2696,10005.39561,7603.160998,7003.799291,20865.52939,0,1997.3577
,,,,,2697,10335.94063,7545.635987,7467.464251,21775.39967,0,2031.7627
,,,,,2698,10536.21979,7637.883011,7812.386169,22743.33162,0,2093.9866
,,,,,2699,11058.06769,8039.853448,8460.26297,23126.7992,0,2162.1085
,,,,,2700,10917.50297,8138.344176,7746.772925,22557.71543,0,2201.3302
,,,,,2701,10128.79231,7726.918712,7611.390083,22189.93514,0,2098.6067
,,,,,2702,10239.31932,7532.278785,7781.252772,22673.25995,0,2120.331
,,,,,2703,10221.7179,7744.396353,7703.56417,22730.34432,0,2137.7301
,,,,,2704,10426.80471,7730.073053,7891.024677,22859.56186,0,2172.9215
,,,,,2705,11588.52593,7910.47963,8054.971804,22769.17171,0,2218.2378
,,,,,2706,11236.58573,8487.294228,7906.620277,22174.4773,0,2263.849
,,,,,2707,10550.48206,8335.156885,7568.985519,21897.37154,0,2213.8143
,,,,,2708,10833.90141,8207.951549,7853.650412,22256.24062,0,2214.1092
,,,,,2709,10433.47121,8070.024241,7651.124841,22410.28655,0,2218.8276
,,,,,2710,9693.520536,7980.084768,7221.121882,23823.82578,0,2159.7493
,,,,,2711,8937.92785,7418.822743,6602.577283,22372.94145,0,2076.3909
,,,,,2712,8213.854808,7019.270406,6076.278078,21186.96287,0,2010.8248
,,,,,2713,8172.104965,6698.672162,5840.768141,20473.24123,0,1943.4893
,,,,,2714,8112.710033,6606.36922,5735.388292,20139.53087,0,1947.323
,,,,,2715,8112.710033,6615.445275,5735.388292,19679.19023,0,1896.5019
,,,,,2716,8112.710033,6606.36922,5735.388292,19679.19023,0,1913.0163
,,,,,2717,8358.045841,6628.656473,5735.388292,19679.19023,0,1890.8988
,,,,,2718,9495.297513,7078.81532,6485.524918,20288.80471,0,1918.0296
,,,,,2719,10217.11917,7716.31254,6948.181566,21082.33039,0,1978.779
,,,,,2720,10083.10725,7605.663084,7056.483556,20853.74994,0,2000.8965
,,,,,2721,10399.59548,7548.119154,7503.778468,21763.10714,0,2033.9253
,,,,,2722,10591.35756,7640.396516,7836.522652,22730.49326,0,2093.5934
,,,,,2723,11091.01332,8042.499155,8473.705484,23113.74461,0,2159.0612
,,,,,2724,10956.42626,8141.022275,7773.225935,22544.98175,0,2196.7101
,,,,,2725,10201.25637,7729.4615,7642.622888,22177.40885,0,2098.0169
,,,,,2726,10307.0831,7534.757559,7806.488444,22660.46111,0,2118.9548
,,,,,2727,10290.2302,7746.944889,7731.542698,22717.51329,0,2135.5675
,,,,,2728,10486.59547,7732.616879,7912.384768,22846.65796,0,2169.481
,,,,,2729,11610.7887,7913.082789,8070.543615,22756.31879,0,2212.9296
,,,,,2730,11261.93969,8487.386444,7927.429753,22161.95972,0,2258.5408
,,,,,2731,10605.01331,8337.899713,7601.71545,21885.01023,0,2208.801
,,,,,2732,10876.37995,8210.652542,7876.33003,22243.67694,0,2208.9976
,,,,,2733,10492.97847,8072.679872,7680.95478,22397.636,0,2213.5194
,,,,,2734,9784.494997,7982.710818,7266.133406,23675.65707,0,2156.8003
,,,,,2735,9061.034701,7421.264203,6669.426999,22360.31196,0,2076.7841
,,,,,2736,8367.753643,7021.580459,6161.709192,21175.00216,0,2013.7738
,,,,,2737,8226.597924,6645.674231,5853.267612,20420.10409,0,1942.3097
,,,,,2738,8168.155977,6551.42045,5750.45248,20087.25887,0,1945.9468
,,,,,2739,8168.155977,6563.105357,5750.45248,19613.89288,0,1897.9764
,,,,,2740,8168.155977,6496.373281,5750.45248,19604.63184,0,1913.5078
,,,,,2741,8411.293366,6576.212104,5750.45248,19604.63184,0,1894.4376
,,,,,2742,9540.927718,7022.811881,6488.213716,20236.14572,0,1918.2262
,,,,,2743,10257.91461,7655.268886,6943.830541,21027.6142,0,1975.5351
,,,,,2744,10124.8003,7545.494252,7050.484599,20799.62634,0,1996.3747
,,,,,2745,10439.1687,7488.405279,7490.973434,21706.62606,0,2027.4375
,,,,,2746,10629.64635,7579.953073,7818.654554,22671.50426,0,2083.6651
,,,,,2747,11125.95541,7978.876586,8451.655556,23053.76204,0,2145.3975
,,,,,2748,10992.26981,8076.620758,7756.320965,22486.47368,0,2180.7855
,,,,,2749,10242.15806,7668.313887,7627.705185,22119.8537,0,2087.892
,,,,,2750,10347.27596,7475.149324,7789.07735,22601.65366,0,2107.552
,,,,,2751,10330.53594,7685.659047,7715.271984,22658.55794,0,2123.28
,,,,,2752,10525.58596,7671.444318,7893.362346,22787.36781,0,2155.1292
,,,,,2753,11644.12225,7850.483418,8049.114635,22697.26283,0,2196.1203
,,,,,2754,11295.73691,8468.319418,7908.178405,22104.44463,0,2241.6332
,,,,,2755,10643.21063,8271.941633,7587.420198,21828.21312,0,2192.1883
,,,,,2756,10912.75965,8145.70051,7857.85622,22185.95,0,2192.3849
,,,,,2757,10531.92621,8008.818686,7665.453816,22339.50992,0,2196.6118
,,,,,2758,9828.188156,7919.560951,7256.944399,23667.17993,0,2143.2349
,,,,,2759,9109.573602,7362.553275,6669.317528,22302.28264,0,2067.8388
,,,,,2760,8420.936145,6966.029532,6169.325197,21120.04573,0,2008.4656
,,,,,2761,8150.384874,6686.113487,5853.791825,20503.72683,0,1927.1715
,,,,,2762,8085.290242,6591.286566,5751.133465,20169.52013,0,1930.9069
,,,,,2763,8085.290242,6603.042527,5751.133465,19694.21788,0,1882.0518
,,,,,2764,8085.290242,6505.599792,5751.133465,19686.88328,0,1897.8781
,,,,,2765,8344.183751,6616.228974,5751.133465,19686.88328,0,1877.8249
,,,,,2766,9529.496532,7065.544444,6488.138238,20319.01599,0,1902.6948
,,,,,2767,10281.82292,7701.847308,6943.324744,21113.72191,0,1961.085
,,,,,2768,10142.14755,7591.405155,7049.87807,20884.80148,0,1982.3178
,,,,,2769,10472.01081,7533.969033,7489.950874,21795.51121,0,2014.0687
,,,,,2770,10671.8769,7626.073513,7817.322507,22764.33617,0,2071.3776
,,,,,2771,11192.64849,8027.42281,8450.067888,23148.15754,0,2134.2896
,,,,,2772,11052.37368,8125.761346,7755.047791,22578.54873,0,2170.3657
,,,,,2773,10265.28974,7714.971633,7626.553485,22210.42913,0,2075.6045
,,,,,2774,10375.58879,7520.632472,7787.773238,22694.19985,0,2095.756
,,,,,2775,10358.02367,7732.422267,7714.037579,22751.33689,0,2111.6806
,,,,,2776,10562.68749,7718.1211,7891.959739,22880.67365,0,2144.2179
,,,,,2777,11722.58861,7898.248906,8047.564923,22790.20011,0,2185.9954
,,,,,2778,11370.79833,8542.95565,7906.761805,22194.95703,0,2231.5083
,,,,,2779,10686.10975,8322.269932,7586.306546,21917.59562,0,2181.9651
,,,,,2780,10968.94455,8195.261159,7856.487148,22276.79578,0,2182.26
,,,,,2781,10569.34024,8057.546982,7664.266463,22430.98384,0,2186.4869
,,,,,2782,9830.915719,7967.746487,7256.142874,23758.62704,0,2132.0287
,,,,,2783,9076.881448,7407.351746,6669.071001,22393.60428,0,2055.1581
,,,,,2784,8354.301812,7008.416813,6169.550901,21206.53152,0,1994.7036
,,,,,2785,8102.047558,6829.716495,5849.772886,20402.24606,0,1913.2129
,,,,,2786,8030.543975,6732.854307,5751.355295,20069.69159,0,1916.85
,,,,,2787,8030.543975,6744.862585,5751.355295,19597.13907,0,1867.8966
,,,,,2788,8030.543975,6715.577286,5751.355295,19597.13907,0,1883.7229
,,,,,2789,8304.682259,6758.332052,5751.355295,19597.13907,0,1863.5714
,,,,,2790,9544.03671,7217.291167,6468.065605,20218.44838,0,1888.5396
,,,,,2791,10330.66373,7867.250979,6911.732499,21009.22549,0,1947.1264
,,,,,2792,10184.62017,7754.43841,7015.589231,20781.43679,0,1968.4575
,,,,,2793,10529.52281,7695.769538,7444.524912,21687.64421,0,2000.3067
,,,,,2794,10738.50134,7789.850854,7763.611602,22651.67957,0,2057.8122
,,,,,2795,11283.01634,8199.814298,8389.516861,23033.60343,0,2120.8225
,,,,,2796,11136.34601,8300.263471,7702.9129,22466.81061,0,2157.0952
,,,,,2797,10313.37675,7880.656991,7577.670458,22100.51089,0,2062.0391
,,,,,2798,10428.70464,7682.146735,7734.810149,22581.88999,0,2082.1906
,,,,,2799,10410.33868,7898.482167,7662.940552,22638.74455,0,2098.2135
,,,,,2800,10624.33368,7883.874055,7836.359955,22767.4419,0,2130.8491
,,,,,2801,11824.38606,8067.867938,7988.027168,22677.41564,0,2172.7249
,,,,,2802,11469.28852,8669.296283,7850.787418,22085.11528,0,2218.3361
,,,,,2803,10753.38311,8500.989715,7538.442067,21809.12507,0,2168.6946
,,,,,2804,11049.11312,8371.254957,7801.785084,22166.54945,0,2168.9895
,,,,,2805,10631.28975,8230.585024,7614.429017,22319.97524,0,2173.3147
,,,,,2806,9859.198428,8138.857144,7216.633997,23630.33155,0,2118.6599
,,,,,2807,9070.78566,7566.434668,6644.41942,22282.78047,0,2041.5927
,,,,,2808,8315.26163,7158.937407,6157.540904,21101.57628,0,1980.8433
,,,,,2809,8140.059446,6986.961065,5785.737575,20097.29076,0,1899.5492
,,,,,2810,8070.175404,6887.870269,5690.027816,19769.70132,0,1903.088
,,,,,2811,8070.175404,6900.154834,5690.027816,19310.9142,0,1854.921
,,,,,2812,8070.175404,6818.013813,5690.027816,19310.9142,0,1870.5507
,,,,,2813,8340.461337,6913.934207,5690.027816,19310.9142,0,1851.1856
,,,,,2814,9566.159475,7383.453063,6393.503871,19916.23718,0,1875.2691
,,,,,2815,10344.11873,8048.367165,6829.617343,20695.208,0,1932.9712
,,,,,2816,10199.68441,7932.959001,6931.705916,20470.82018,0,1953.8108
,,,,,2817,10540.78661,7872.940275,7353.338974,21363.49794,0,1985.1685
,,,,,2818,10747.46243,7969.186216,7666.993219,22313.14027,0,2041.7893
,,,,,2819,11285.97747,8388.582108,8288.408741,22689.36201,0,2103.8166
,,,,,2820,11140.92329,8491.342418,7607.327911,22131.0314,0,2139.4995
,,,,,2821,10327.02224,8062.081623,7484.21772,21770.20052,0,2045.9179
,,,,,2822,10441.07934,7859.004038,7638.68211,22244.39264,0,2065.7745
,,,,,2823,10422.91575,8080.316921,7568.036092,22300.39837,0,2081.6008
,,,,,2824,10634.55277,8065.372705,7738.503033,22427.17427,0,2113.6466
,,,,,2825,11824.45894,8253.599924,7887.588114,22338.4921,0,2154.8343
,,,,,2826,11470.19714,8907.418713,7752.684869,21755.03477,0,2200.3472
,,,,,2827,10762.18021,8696.686976,7445.657192,21483.16509,0,2150.9023
,,,,,2828,11054.65161,8563.967278,7704.516799,21835.25313,0,2151.0989
,,,,,2829,10641.43219,8420.060808,7520.350465,21986.38827,0,2155.3258
,,,,,2830,9877.848459,8326.22245,7129.327899,23268.02918,0,2101.654
,,,,,2831,9098.123127,7740.629666,6566.855265,21949.74883,0,2025.7664
,,,,,2832,8350.924135,7323.756698,6088.265847,20786.17999,0,1966.0983
,,,,,2833,8044.678641,7190.194105,5681.835156,19672.08461,0,1871.9269
,,,,,2834,7972.899558,7088.222913,5592.913823,19351.41803,0,1875.564
,,,,,2835,7972.899558,7100.864569,5592.913823,18905.0304,0,1827.2987
,,,,,2836,7972.899558,7020.829712,5592.913823,18905.0304,0,1842.9284
,,,,,2837,8247.693167,7115.044484,5592.913823,18905.0304,0,1823.465
,,,,,2838,9489.370703,7598.211433,6263.634049,19494.85718,0,1847.6468
,,,,,2839,10277.4722,8282.453425,6681.114151,20257.36623,0,1905.3489
,,,,,2840,10131.15489,8163.690548,6778.840891,20037.72033,0,1926.3851
,,,,,2841,10476.70403,8101.927183,7182.459269,20911.53338,0,1957.7428
,,,,,2842,10686.07428,8200.970824,7482.712333,21841.10717,0,2014.3636
,,,,,2843,11231.60993,8632.557822,8093.059166,22209.37833,0,2076.5875
,,,,,2844,11084.66468,8738.305194,7425.596283,21662.84677,0,2112.2704
,,,,,2845,10260.15282,8296.566539,7307.746094,21309.64123,0,2018.5905
,,,,,2846,10375.69688,8087.585843,7455.610844,21773.81237,0,2038.4471
,,,,,2847,10357.29649,8315.331905,7387.983245,21828.63455,0,2054.2734
,,,,,2848,10571.69262,8299.953287,7551.166821,21952.73133,0,2086.4175
,,,,,2849,11773.47098,8493.651941,7693.882098,21865.92325,0,2127.7035
,,,,,2850,11418.23127,9160.068091,7564.742724,21294.79597,0,2173.2164
,,,,,2851,10700.98394,8949.618759,7270.833101,21028.67163,0,2123.6732
,,,,,2852,10997.26827,8813.041131,7518.632682,21373.3191,0,2123.9681
,,,,,2853,10578.66173,8664.951552,7342.335032,21521.26034,0,2128.195
,,,,,2854,9805.123169,8568.385478,6968.019283,22780.05859,0,2074.3266
,,,,,2855,9015.232576,7965.770535,6429.578837,21485.39519,0,1998.439
,,,,,2856,8258.292369,7536.779799,5971.437615,20346.41573,0,1938.5743
,,,,,2857,7980.147738,7323.128353,5528.25998,19393.05519,0,1845.9757
,,,,,2858,7890.092428,7219.2731,5434.041365,19076.93154,0,1849.8094
,,,,,2859,7889.644263,7232.148329,5434.041365,18627.34664,0,1798.1036
,,,,,2860,7889.644263,7122.234372,5434.041365,18569.49692,0,1814.9129
,,,,,2861,8188.936958,7246.590237,5434.041365,18589.24793,0,1791.9107
,,,,,2862,9465.93368,7738.684371,6130.322285,19218.33857,0,1819.9262
,,,,,2863,10276.45251,8435.56869,6562.342758,19970.04505,0,1881.8552
,,,,,2864,10125.97325,8314.611503,6663.473212,19753.5109,0,1904.2676
,,,,,2865,10481.35144,8251.706973,7081.149172,20614.94452,0,1937.8862
,,,,,2866,10696.67717,8352.580584,7391.859717,21531.34891,0,1998.6356
,,,,,2867,11257.73044,8792.141755,8010.843895,21894.40272,0,2065.283
,,,,,2868,11106.60537,8899.842958,7332.754379,21355.61394,0,2103.5217
,,,,,2869,10258.64049,8449.942563,7210.799598,21007.41232,0,2003.1574
,,,,,2870,10377.47117,8237.100657,7363.814313,21465.00749,0,2024.3902
,,,,,2871,10358.54739,8469.054646,7293.83132,21519.05299,0,2041.3961
,,,,,2872,10579.04195,8453.391886,7462.6984,21641.39167,0,2075.8011
,,,,,2873,11836.40001,8650.669394,7610.384292,21555.81342,0,2120.0361
,,,,,2874,11449.66017,9349.788966,7476.747136,20992.77737,0,2165.6473
,,,,,2875,10712.01093,9115.060836,7172.600967,20730.42326,0,2115.8092
,,,,,2876,11016.723,8975.959746,7429.031132,21070.18805,0,2116.1041
,,,,,2877,10586.2093,8825.134005,7246.593231,21216.0334,0,2120.6259
,,,,,2878,9790.667641,8726.783737,6859.240478,22569.40153,0,2062.9238
,,,,,2879,8978.30882,8113.034641,6302.046747,21180.67634,0,1981.5314
,,,,,2880,8199.837651,7676.117702,5827.948973,20057.83297,0,1917.4398
,,,,,2881,7526.313847,6292.091991,5355.038981,19641.06337,0,1854.7244
,,,,,2882,7441.375936,6202.852455,5248.67959,19320.89604,0,1858.6564
,,,,,2883,7410.246834,6213.915732,5248.67959,18865.5603,0,1806.1642
,,,,,2884,7410.246834,6137.157314,5248.67959,18595.8571,0,1823.1701
,,,,,2885,7723.238604,6226.325208,5248.67959,18826.97426,0,1793.1886
,,,,,2886,8927.669897,6649.166144,5978.274007,19464.11187,0,1828.2817
,,,,,2887,9692.13094,7247.976816,6425.487341,20225.43376,0,1891.0954
,,,,,2888,9550.202671,7144.042127,6530.174249,20006.12983,0,1913.901
,,,,,2889,9885.386472,7089.990253,6962.538616,20878.58243,0,1948.0111
,,,,,2890,10088.4763,7176.667759,7284.175917,21806.70896,0,2009.7435
,,,,,2891,10617.64768,7554.368781,7911.344695,22174.40675,0,2077.2756
,,,,,2892,10475.1103,7646.913021,7222.992022,21628.72609,0,2116.1041
,,,,,2893,9675.331086,7260.327831,7096.748458,21276.07046,0,2014.2653
,,,,,2894,9787.409202,7077.439507,7255.144241,21739.51893,0,2035.8913
,,,,,2895,9769.56077,7276.750239,7182.700156,21794.25576,0,2053.0938
,,,,,2896,9977.525716,7263.291725,7357.505783,21918.15933,0,2087.9903
,,,,,2897,11212.45359,7432.806053,7510.385344,21831.4864,0,2132.9134
,,,,,2898,10798.67099,8029.181929,7372.048572,21261.24832,0,2183.3413
,,,,,2899,10102.93872,7831.842943,7057.206496,20995.53831,0,2128.5882
,,,,,2900,10390.3355,7712.317772,7322.654539,21339.64919,0,2128.8831
,,,,,2901,9984.285773,7582.717979,7133.800845,21487.3601,0,2133.5032
,,,,,2902,9233.950828,7498.208702,6732.826061,23037.18241,0,2074.9164
,,,,,2903,8467.754355,6970.833501,6156.037502,21451.55079,0,1992.2461
,,,,,2904,7733.519865,6595.404583,5665.267134,20314.34462,0,1927.2698
,,,,,2905,7549.473621,6299.295868,5475.459033,20075.29717,0,1883.2314
,,,,,2906,7464.275043,6209.954232,5349.076792,19748.06,0,1887.2617
,,,,,2907,7454.343608,6221.030167,5347.881891,19282.66967,0,1833.9831
,,,,,2908,7454.343608,6146.628603,5347.881891,19138.23442,0,1851.1856
,,,,,2909,7747.002726,6233.45384,5347.881891,19243.23158,0,1822.7769
,,,,,2910,8955.130326,6656.778552,6112.644504,19894.43828,0,1856.4938
,,,,,2911,9721.93744,7256.274328,6569.868227,20672.57145,0,1920.2905
,,,,,2912,9579.573604,7152.220727,6676.898439,20448.42491,0,1943.391
,,,,,2913,9915.786059,7098.107012,7118.940818,21340.14275,0,1978.0909
,,,,,2914,10119.49915,7184.883686,7447.777624,22288.76389,0,2040.6097
,,,,,2915,10650.29452,7563.016839,8128.490949,22664.58107,0,2109.3214
,,,,,2916,10507.31971,7655.666959,7385.224193,22106.85085,0,2148.7397
,,,,,2917,9705.086029,7268.639474,7256.154803,21746.40799,0,2045.2298
,,,,,2918,9817.508104,7085.541906,7418.096105,22220.09019,0,2067.249
,,,,,2919,9799.604896,7285.080671,7344.030437,22276.0357,0,2084.6481
,,,,,2920,10008.20807,7271.606759,7522.7489,22402.67527,0,2120.1344
,,,,,2921,11216.80986,7441.315029,7679.050505,22314.08846,0,2165.7456
,,,,,2922,10831.87337,8036.351242,7537.617213,21731.25855,0,2214.3058
,,,,,2923,10134.00596,7840.808461,7215.727736,21459.68121,0,2161.3221
,,,,,2924,10422.28474,7721.14654,7487.117548,21811.39064,0,2161.617
,,,,,2925,10014.98887,7591.398471,7294.036568,21962.36327,0,2166.3354
,,,,,2926,9262.351209,7506.792507,6884.086394,23424.08999,0,2106.8639
,,,,,2927,8493.803338,6978.813931,6294.387044,21925.76322,0,2022.9157
,,,,,2928,7757.315538,6602.955482,5792.631309,20763.44561,0,1956.8581
,,,,,2929,7528.800818,6266.520603,5674.272875,20574.28212,0,1899.6475
,,,,,2930,7443.834916,6177.643487,5567.440972,20238.92089,0,1903.6778
,,,,,2931,7429.447654,6188.661834,5567.440972,19761.97667,0,1850.4975
,,,,,2932,7429.447654,6050.65437,5567.440972,19736.22715,0,1867.7
,,,,,2933,7725.790472,6201.020912,5567.440972,19736.22715,0,1843.125
,,,,,2934,8930.618686,6622.144605,6316.00445,20388.93319,0,1872.9099
,,,,,2935,9695.331657,7218.523384,6776.490311,21186.38447,0,1936.51
,,,,,2936,9553.356615,7115.010796,6884.284147,20956.67322,0,1959.6105
,,,,,2937,9888.650877,7061.178437,7329.480349,21870.52905,0,1994.2121
,,,,,2938,10091.80763,7147.503928,7660.663296,22842.70087,0,2056.6326
,,,,,2939,10621.1534,7523.671029,8283.691603,23227.84817,0,2125.1477
,,,,,2940,10478.56905,7615.839428,7597.663567,22656.27162,0,2164.4677
,,,,,2941,9678.526268,7230.824239,7467.67331,22286.88032,0,2061.2527
,,,,,2942,9790.641319,7048.678663,7630.770009,22772.32226,0,2083.1736
,,,,,2943,9772.787004,7247.179953,7556.175908,22829.65668,0,2100.5727
,,,,,2944,9980.820486,7233.776096,7736.169466,22959.44024,0,2135.9607
,,,,,2945,11193.32934,7402.601992,7893.586231,22868.65415,0,2181.4736
,,,,,2946,10802.23637,8045.122839,7751.14386,22271.35477,0,2226.7899
,,,,,2947,10106.27482,7800.018311,7426.95781,21993.0352,0,2177.0501
,,,,,2948,10393.76631,7680.978556,7700.283897,22353.47625,0,2177.345
,,,,,2949,9987.582771,7551.905095,7505.825349,22508.19695,0,2181.9651
,,,,,2950,9237.000552,7467.739028,7092.950319,23877.60413,0,2122.6902
,,,,,2951,8470.551578,6942.505605,6499.043662,22470.68826,0,2039.0369
,,,,,2952,7736.07512,6568.601381,5993.708069,21279.51469,0,1973.0776
,,,,,2953,7573.602728,6245.921341,5744.102331,20680.3176,0,1919.0126
,,,,,2954,7488.132571,6157.336176,5644.604986,20343.22998,0,1922.9446
,,,,,2955,7446.060256,6168.318329,5644.604986,19863.83054,0,1871.3371
,,,,,2956,7446.060256,6019.320015,5644.604986,19858.9902,0,1888.0481
,,,,,2957,7771.761474,6180.636809,5644.604986,19858.9902,0,1865.0459
,,,,,2958,8983.740086,6600.377161,6357.777414,20494.01452,0,1893.0614
,,,,,2959,9752.991465,7194.796907,6798.130841,21295.57094,0,1954.8921
,,,,,2960,9610.173832,7091.624344,6901.211933,21064.67718,0,1977.3045
,,,,,2961,9947.457994,7037.968819,7326.944165,21983.23738,0,2010.9231
,,,,,2962,10151.82044,7124.010741,7643.647799,22960.41378,0,2071.4759
,,,,,2963,10684.30776,7498.942177,8254.716937,23347.54375,0,2138.025
,,,,,2964,10540.87721,7590.807814,7583.402417,22773.02482,0,2176.2637
,,,,,2965,9736.086339,7207.057354,7459.095332,22401.73196,0,2075.9977
,,,,,2966,9848.86677,7025.510104,7615.061446,22889.67287,0,2097.2305
,,,,,2967,9830.906494,7223.359342,7543.728597,22947.30244,0,2114.1381
,,,,,2968,10040.17461,7209.999515,7715.852841,23077.7541,0,2148.5431
,,,,,2969,11294.79135,7378.270838,7866.387348,22986.50066,0,2192.6798
,,,,,2970,10866.46542,8027.949905,7730.172555,22386.12649,0,2238.0944
,,,,,2971,10166.37349,7774.381692,7420.159913,22106.37417,0,2188.4529
,,,,,2972,10455.57118,7655.732968,7681.536188,22468.67071,0,2188.7478
,,,,,2973,10046.97703,7527.083498,7495.579364,22624.18789,0,2193.2696
,,,,,2974,9291.940263,7443.193906,7100.755223,23962.428,0,2135.6658
,,,,,2975,8520.942578,6919.685812,6532.814154,22586.48611,0,2054.3717
,,,,,2976,7782.107159,6547.009819,6049.571824,21389.18058,0,1990.3784
,,,,,2977,7633.638021,6265.811935,5729.515401,20651.94215,0,1932.578
,,,,,2978,7547.492155,6176.944863,5629.890353,20315.31652,0,1936.51
,,,,,2979,7544.024499,6187.961964,5629.890353,19836.5741,0,1884.7059
,,,,,2980,7544.024499,6051.573236,5629.890353,19815.0266,0,1901.4169
,,,,,2981,7833.363369,6200.319646,5629.890353,19815.0266,0,1878.2181
,,,,,2982,9054.923632,6621.395748,6343.678977,20465.8944,0,1906.5285
,,,,,2983,9830.256553,7217.707131,6784.382931,21266.35227,0,1968.5558
,,,,,2984,9686.309833,7114.206241,6887.546077,21035.77496,0,1991.0665
,,,,,2985,10026.26049,7060.379965,7313.617198,21953.07625,0,2024.7834
,,,,,2986,10232.23859,7146.695701,7630.572932,22928.91341,0,2085.6311
,,,,,2987,10768.93564,7522.820292,8241.850292,23315.51281,0,2152.3768
,,,,,2988,10624.37115,7614.978275,7570.279594,22741.78127,0,2190.7138
,,,,,2989,9813.217778,7230.006596,7445.873559,22370.99727,0,2090.1529
,,,,,2990,9926.889827,7047.881604,7601.963824,22858.26945,0,2111.484
,,,,,2991,9908.787561,7246.360461,7530.574194,22915.82004,0,2128.3916
,,,,,2992,10119.71011,7232.958119,7702.835451,23046.09292,0,2162.8949
,,,,,2993,11328.22049,7401.764936,7853.489785,22954.96454,0,2207.2282
,,,,,2994,10952.5334,8042.969182,7717.166563,22355.41319,0,2252.5445
,,,,,2995,10246.90669,7799.136344,7406.907147,22076.04428,0,2203.0013
,,,,,2996,10538.39072,7680.110042,7668.491481,22437.84428,0,2203.2962
,,,,,2997,10126.5663,7551.051167,7482.386633,22593.14832,0,2207.818
,,,,,2998,9365.560375,7466.894611,7087.248207,23958.46256,0,2150.0176
,,,,,2999,8588.467343,6941.720544,6518.855049,22555.49822,0,2068.4286
,,,,,3000,7843.790845,6567.858574,6035.228052,21359.83362,0,2004.2387
,,,,,3001,7650.679847,6527.882749,5690.976366,20585.35919,0,1928.3511
,,,,,3002,7564.342172,6435.30138,5584.723915,20249.81761,0,1932.2831
,,,,,3003,7558.312034,6446.778953,5584.723915,19772.61691,0,1880.6756
,,,,,3004,7558.312034,6239.676608,5584.723915,19736.02908,0,1897.3866
,,,,,3005,7850.849896,6459.653138,5584.723915,19736.02908,0,1874.3844
,,,,,3006,9075.13004,6898.328576,6330.491395,20399.91058,0,1902.4982
,,,,,3007,9852.189288,7519.563446,6789.386734,21197.79071,0,1964.2306
,,,,,3008,9707.922062,7411.736622,6896.808249,20967.95593,0,1986.643
,,,,,3009,10048.62964,7355.660619,7340.46674,21882.3032,0,2020.1633
,,,,,3010,10255.06636,7445.584016,7670.505778,22854.99783,0,2080.7161
,,,,,3011,10792.95841,7837.429145,8292.589276,23240.35226,0,2147.1669
,,,,,3012,10648.07204,7933.438972,7607.723651,22668.46832,0,2185.4056
,,,,,3013,9835.112576,7532.37698,7478.182381,22298.87838,0,2085.2379
,,,,,3014,9949.037723,7342.639875,7640.715743,22784.58137,0,2106.4707
,,,,,3015,9930.895151,7549.414373,7566.37929,22841.94663,0,2123.3783
,,,,,3016,10142.28733,7535.451866,7745.75115,22971.79998,0,2157.685
,,,,,3017,11356.02244,7711.314148,7902.624195,22880.96507,0,2201.8217
,,,,,3018,10976.96495,8426.233448,7760.673822,22283.34448,0,2247.2363
,,,,,3019,10269.76712,8125.294129,7437.607513,22004.87523,0,2197.5948
,,,,,3020,10561.90016,8001.292992,7709.98953,22365.51012,0,2197.8897
,,,,,3021,10149.15879,7866.839961,7516.202643,22520.31402,0,2202.4115
,,,,,3022,9386.458435,7779.165989,7104.753686,23908.42052,0,2144.906
,,,,,3023,8607.635157,7232.041698,6512.898388,22482.78516,0,2063.6119
,,,,,3024,7861.30059,6842.553758,6009.308228,21290.97101,0,1999.7169
,,,,,3025,7673.683135,6765.874033,5737.118056,20702.06899,0,1923.1412
,,,,,3026,7587.086554,6669.919644,5625.770624,20364.62723,0,1926.7783
,,,,,3027,7563.838003,6681.81538,5625.770624,19884.72414,0,1878.4147
,,,,,3028,7563.838003,6506.037528,5625.770624,19858.05172,0,1894.0444
,,,,,3029,7874.453447,6695.15861,5625.770624,19858.05172,0,1874.3844
,,,,,3030,9102.404923,7149.816327,6396.122644,20515.57018,0,1898.8611
,,,,,3031,9881.794391,7793.684669,6869.00306,21317.96871,0,1956.7598
,,,,,3032,9737.094541,7681.929387,6979.698303,21086.83237,0,1977.6977
,,,,,3033,10078.82383,7623.810365,7436.877521,22006.35759,0,2009.1537
,,,,,3034,10285.8796,7717.009944,7776.974673,22984.5606,0,2065.9711
,,,,,3035,10825.38466,8123.131181,8407.365657,23372.09729,0,2128.2933
,,,,,3036,10680.06381,8222.638937,7712.279227,22796.97477,0,2164.0745
,,,,,3037,9864.66647,7806.96504,7578.790119,22425.29184,0,2070.198
,,,,,3038,9978.933251,7610.315235,7746.27677,22913.74537,0,2090.0546
,,,,,3039,9960.736274,7824.623157,7669.674875,22971.43549,0,2105.9792
,,,,,3040,10172.76237,7810.151953,7854.513187,23102.0242,0,2138.1233
,,,,,3041,11412.18569,7992.421432,8016.167022,23010.67489,0,2179.5076
,,,,,3042,11009.943,8699.506365,7869.890635,22409.66997,0,2224.8239
,,,,,3043,10300.62444,8421.48396,7536.97871,22129.62375,0,2175.5756
,,,,,3044,10593.63352,8292.965086,7817.661712,22492.30091,0,2175.7722
,,,,,3045,10179.65444,8153.613522,7617.969068,22647.98148,0,2180.0974
,,,,,3046,9414.66692,8062.745322,7193.980987,24023.8668,0,2126.1307
,,,,,3047,8633.508131,7495.687631,6584.088586,22610.24009,0,2049.9482
,,,,,3048,7884.93548,7092.009463,6065.15125,21411.67669,0,1989.9852
,,,,,3049,7702.902486,6989.432881,5743.178456,20885.61142,0,1919.1109
,,,,,3050,7615.977035,6890.31002,5623.895707,20545.18137,0,1922.6497
,,,,,3051,7615.010418,6902.598561,5623.895707,20062.67897,0,1875.4657
,,,,,3052,7615.010418,6758.52454,5623.895707,20062.67897,0,1890.8005
,,,,,3053,7904.435268,6916.382392,5623.895707,20062.67897,0,1872.2218
,,,,,3054,9137.050161,7386.053179,6411.378739,20697.46103,0,1895.4206
,,,,,3055,9919.399533,8051.182439,6890.85769,21506.96536,0,1951.9431
,,,,,3056,9774.150153,7935.73693,7003.097565,21273.78215,0,1972.3895
,,,,,3057,10117.17723,7875.698783,7466.656224,22201.45043,0,2003.0591
,,,,,3058,10325.01934,7971.975868,7811.499063,23188.31611,0,2058.5003
,,,,,3059,10866.57329,8391.507471,8461.054949,23579.28472,0,2119.348
,,,,,3060,10720.70055,8494.301033,7745.900863,22999.06909,0,2154.2445
,,,,,3061,9902.206564,8064.901335,7610.549059,22624.09463,0,2062.6289
,,,,,3062,10016.9073,7861.758036,7780.372805,23116.87377,0,2082.0923
,,,,,3063,9998.641215,8083.142533,7702.702013,23175.07477,0,2097.5254
,,,,,3064,10211.47252,8068.193482,7890.119543,23306.81994,0,2128.9814
,,,,,3065,11423.72495,8256.481608,8054.029082,23214.66167,0,2169.2844
,,,,,3066,11051.83253,8954.423628,7905.711567,22608.33442,0,2214.6007
,,,,,3067,10339.82018,8699.712038,7568.154217,22325.8082,0,2165.4507
,,,,,3068,10633.94203,8566.949393,7852.753847,22691.69712,0,2165.6473
,,,,,3069,10218.39077,8422.996357,7650.274707,22848.75635,0,2169.7759
,,,,,3070,9450.498042,8329.127634,7220.370332,24182.56595,0,2117.1854
,,,,,3071,8666.37263,7743.34536,6601.967542,22810.68073,0,2042.8706
,,,,,3072,7914.957109,7326.337497,6075.788998,21601.5032,0,1984.3821
,,,,,3073,7670.693691,7060.182328,5748.579861,20890.61882,0,1912.918
,,,,,3074,7598.492059,6960.056745,5624.692915,20550.10726,0,1916.5551
,,,,,3075,7598.492059,6972.469595,5624.692915,20107.34501,0,1867.4051
,,,,,3076,7598.492059,6907.674744,5624.692915,20107.34501,0,1883.3297
,,,,,3077,7870.162802,6986.392864,5624.692915,20107.34501,0,1862.8833
,,,,,3078,9090.155866,7460.814822,6417.405887,20702.42338,0,1888.2447
,,,,,3079,9864.494075,8132.672503,6897.333851,21512.12157,0,1947.0281
,,,,,3080,9720.732031,8016.059152,7009.678834,21278.88252,0,1968.3592
,,,,,3081,10060.24655,7955.413662,7473.671598,22206.77295,0,2000.3067
,,,,,3082,10265.96039,8052.664681,7818.837368,23193.87498,0,2058.0088
,,,,,3083,10801.96889,8476.44025,8480.898922,23584.93721,0,2121.4123
,,,,,3084,10657.58987,8580.273667,7753.177738,23004.58262,0,2157.7833
,,,,,3085,9847.477161,8146.530179,7617.699182,22629.51837,0,2062.334
,,,,,3086,9961.003374,7941.33189,7787.681961,23122.41552,0,2082.5838
,,,,,3087,9942.924332,8164.955905,7709.938434,23180.63046,0,2098.6067
,,,,,3088,10153.57628,8149.855629,7897.531473,23312.40718,0,2131.4389
,,,,,3089,11328.16556,8340.04847,8061.594507,23220.22684,0,2173.413
,,,,,3090,10985.3311,8980.900784,7913.138099,22613.75439,0,2218.7293
,,,,,3091,10280.60967,8787.762602,7575.264639,22331.1605,0,2169.3827
,,,,,3092,10571.71974,8653.656935,7860.130785,22697.13705,0,2169.6776
,,,,,3093,10160.42368,8508.247676,7657.462032,22854.23389,0,2174.0028
,,,,,3094,9400.394079,8413.429381,7227.155069,24087.35774,0,2119.1514
,,,,,3095,8624.298017,7821.721356,6608.173169,22816.14916,0,2041.7893
,,,,,3096,7880.5769,7400.495058,6081.501879,21606.68205,0,1980.8433
,,,,,3097,7583.648058,7147.198982,5845.550916,20793.56722,0,1911.1486
,,,,,3098,7512.420306,7047.66112,5740.42989,20459.45399,0,1914.884
,,,,,3099,7512.420306,7058.405867,5740.42989,20033.11986,0,1865.8323
,,,,,3100,7512.420306,7047.66112,5740.42989,20033.11986,0,1881.6586
,,,,,3101,7781.774509,7072.500632,5740.42989,20033.11986,0,1861.3105
,,,,,3102,8993.555602,7552.766183,6480.737965,20608.90804,0,1886.4753
,,,,,3103,9762.681615,8232.899332,6936.527685,21403.39171,0,1945.1604
,,,,,3104,9619.887257,8114.84962,7043.222215,21174.5353,0,1966.4915
,,,,,3105,9957.11645,8053.457142,7483.878204,22084.99033,0,1998.3407
,,,,,3106,10161.44559,8151.90603,7811.683671,23053.54435,0,2055.9445
,,,,,3107,10693.84613,8580.901366,8431.922353,23437.25838,0,2119.1514
,,,,,3108,10550.43895,8686.01373,7749.326428,22867.80887,0,2155.4241
,,,,,3109,9745.779244,8246.927697,7620.661841,22499.79221,0,2060.2697
,,,,,3110,9858.541294,8039.201921,7782.095242,22983.42764,0,2080.4212
,,,,,3111,9840.583945,8265.580378,7708.261869,23040.5487,0,2096.4441
,,,,,3112,10049.81796,8250.294107,7886.419812,23169.84929,0,2129.178
,,,,,3113,11218.30601,8442.82961,8042.231204,23079.40105,0,2171.0538
,,,,,3114,10875.9741,9046.048242,7901.241493,22484.32444,0,2216.3701
,,,,,3115,10175.99627,8896.058367,7580.361567,22207.0406,0,2167.0235
,,,,,3116,10465.14683,8760.300881,7850.900212,22566.14031,0,2167.3184
,,,,,3117,10056.61926,8613.100574,7658.424797,22720.28524,0,2171.6436
,,,,,3118,9301.705551,8517.114375,7249.760361,23919.72257,0,2116.8905
,,,,,3119,8530.833518,7918.118109,6661.910501,22682.91613,0,2039.725
,,,,,3120,7792.118509,7491.703444,6161.728436,21496.17536,0,1978.8773
,,,,,3121,7535.959958,7275.285122,5828.847574,20718.88522,0,1900.7288
,,,,,3122,7452.958802,7188.088224,5729.64446,20390.25347,0,1904.3659
,,,,,3123,7452.958802,7188.088224,5729.64446,19972.27267,0,1855.904
,,,,,3124,7452.958802,7188.088224,5729.64446,19972.27267,0,1871.5337
,,,,,3125,7733.136428,7201.444515,5729.64446,19972.27267,0,1851.7754
,,,,,3126,8939.107243,7676.195289,6441.397148,20537.25557,0,1876.3504
,,,,,3127,9704.545431,8348.518627,6880.942947,21318.7049,0,1934.3474
,,,,,3128,9562.435747,8231.824453,6983.834984,21093.60312,0,1955.3836
,,,,,3129,9898.047985,8171.13693,7408.786404,21989.12119,0,1986.9379
,,,,,3130,10101.39741,8268.455353,7724.909189,22941.78506,0,2043.9519
,,,,,3131,10631.24518,8692.524635,8335.498575,23319.20386,0,2106.3724
,,,,,3132,10488.52561,8796.430018,7664.7743,22759.09677,0,2142.2519
,,,,,3133,9687.724104,8362.385907,7540.695199,22397.11781,0,2048.0805
,,,,,3134,9799.94548,8157.045398,7696.375264,22872.8187,0,2068.0354
,,,,,3135,9782.074233,8380.824404,7625.173244,22929.00263,0,2083.96
,,,,,3136,9990.305003,8365.713662,7796.981803,23056.1819,0,2116.2024
,,,,,3137,11179.89334,8556.038324,7947.240223,22967.21756,0,2157.685
,,,,,3138,10812.49988,9135.408278,7811.275254,22381.9038,0,2203.0013
,,,,,3139,10115.87831,9004.062761,7501.831189,22109.16909,0,2153.753
,,,,,3140,10403.64245,8869.864147,7762.728089,22462.3774,0,2153.9496
,,,,,3141,9997.073701,8724.354107,7577.112318,22613.99342,0,2158.2748
,,,,,3142,9245.779666,8629.470095,7183.012302,23799.05085,0,2104.1115
,,,,,3143,8478.603829,8037.351963,6616.112864,22577.23739,0,2027.8307
,,,,,3144,7743.43083,7615.833719,6133.756822,21409.96634,0,1967.7694
,,,,,3145,7503.126925,7266.177155,5739.786,20656.22355,0,1879.3977
,,,,,3146,7418.449988,7176.418704,5635.725926,20319.52822,0,1883.428
,,,,,3147,7412.94246,7176.418704,5635.725926,19872.43529,0,1830.2477
,,,,,3148,7412.94246,7176.418704,5635.725926,19872.43529,0,1847.4502
,,,,,3149,7699.446628,7190.519797,5635.725926,19872.43529,0,1822.6786
,,,,,3150,8900.177281,7676.951185,6370.914645,20470.13728,0,1852.6601
,,,,,3151,9662.289501,8365.816149,6823.792186,21270.76091,0,1916.3585
,,,,,3152,9520.79731,8246.250869,6929.805012,21040.13584,0,1939.3607
,,,,,3153,9854.951252,8184.07021,7367.645515,21957.62709,0,1973.9623
,,,,,3154,10057.41708,8283.783024,7693.356532,22933.66631,0,2036.4811
,,,,,3155,10584.96257,8718.285969,8311.865307,23320.34577,0,2104.9962
,,,,,3156,10442.86314,8824.747807,7631.397709,22746.49543,0,2144.3162
,,,,,3157,9645.541266,8380.024615,7503.5552,22375.63465,0,2041.1012
,,,,,3158,9757.27502,8169.631975,7663.957153,22863.00773,0,2063.0221
,,,,,3159,9739.481427,8398.916766,7590.595524,22920.57024,0,2080.4212
,,,,,3160,9946.807397,8383.434245,7767.615161,23050.87009,0,2115.8092
,,,,,3161,11144.64699,8578.441593,7922.431027,22959.72284,0,2161.3221
,,,,,3162,10765.42968,9170.710292,7782.342143,22360.04734,0,2206.835
,,,,,3163,10071.83507,9037.489078,7463.512416,22080.62058,0,2156.8986
,,,,,3164,10358.34882,8899.988685,7732.322507,22442.4955,0,2157.1935
,,,,,3165,9953.546683,8750.898563,7541.076876,22597.8317,0,2161.9119
,,,,,3166,9205.517157,8653.680055,7135.023522,23846.62522,0,2102.5387
,,,,,3167,8441.674839,8046.993641,6550.929614,22560.1738,0,2018.7871
,,,,,3168,7709.696299,7615.104499,6053.943366,21364.26161,0,1952.9261
,,,,,3169,7442.176693,7098.525556,5694.159492,20623.56138,0,1894.8308
,,,,,3170,7358.185763,7011.38325,5573.990258,20287.39782,0,1898.8611
,,,,,3171,7331.506696,7011.38325,5573.990258,19809.31256,0,1845.1893
,,,,,3172,7331.506696,7011.38325,5573.990258,19769.74719,0,1862.5884
,,,,,3173,7636.905919,7024.723667,5573.990258,19769.74719,0,1813.0452
,,,,,3174,8827.908897,7499.225506,6356.681017,20437.76901,0,1867.8966
,,,,,3175,9583.846893,8171.19631,6832.085074,21237.12813,0,1932.0865
,,,,,3176,9443.500995,8054.563325,6943.371069,21006.86732,0,1955.2853
,,,,,3177,9774.947801,7993.907623,7402.990134,21922.90947,0,1990.1818
,,,,,3178,9975.773363,8091.175017,7744.902296,22897.40713,0,2053.1921
,,,,,3179,10499.04496,8515.021938,8398.572484,23283.47587,0,2122.1987
,,,,,3180,10358.09675,8618.872839,7679.861588,22710.53186,0,2161.9119
,,,,,3181,9567.234343,8185.056319,7545.660083,22340.25683,0,2057.8122
,,,,,3182,9678.062889,7979.823481,7714.040567,22826.86015,0,2079.9297
,,,,,3183,9660.413451,8203.485148,7637.029867,22884.33174,0,2097.4271
,,,,,3184,9866.059777,8188.382329,7822.854613,23014.42579,0,2133.2083
,,,,,3185,11086.30029,8378.607194,7985.371153,22923.4225,0,2179.0161
,,,,,3186,10678.05002,8957.702252,7838.314127,22324.69413,0,2244.7788
,,,,,3187,9990.074539,8826.396709,7503.625537,22045.7087,0,2174.5926
,,,,,3188,10274.26711,8692.268463,7785.806472,22407.01208,0,2174.8875
,,,,,3189,9872.744465,8546.834721,7585.04812,22562.10294,0,2179.6059
,,,,,3190,9130.775073,8452.000461,7158.797324,23956.70086,0,2119.8395
,,,,,3191,8373.120995,7860.192807,6545.650085,22524.50451,0,2035.3998
,,,,,3192,7647.072552,7438.895586,6023.943314,21330.48116,0,1968.949
,,,,,3193,7384.506165,6971.217765,5741.570207,20753.38981,0,1921.9616
,,,,,3194,7301.164328,6872.353065,5621.076135,20415.11249,0,1925.9919
,,,,,3195,7259.043007,6884.609601,5621.076135,19934.02108,0,1871.632
,,,,,3196,7259.043007,6853.566877,5621.076135,19872.03272,0,1889.2277
,,,,,3197,7577.730497,6898.357533,5621.076135,19893.25245,0,1839.9794
,,,,,3198,8759.529241,7366.805085,6409.584178,20566.4292,0,1894.6342
,,,,,3199,9509.625245,8030.202049,6888.929437,21370.8146,0,1959.7088
,,,,,3200,9370.363959,7915.057213,7001.138017,21139.10593,0,1983.3008
,,,,,3201,9699.2493,7855.175432,7464.567423,22060.90806,0,2018.6888
,,,,,3202,9898.522854,7951.201768,7809.31411,23041.53326,0,2082.5838
,,,,,3203,10417.75054,8369.640722,8462.263394,23430.02956,0,2152.5734
,,,,,3204,10277.89159,8472.166563,7743.7342,22853.48294,0,2192.8764
,,,,,3205,9493.141079,8043.885215,7608.420136,22480.87965,0,2087.3022
,,,,,3206,9603.113127,7841.270993,7778.196531,22970.54268,0,2109.6163
,,,,,3207,9585.600086,8062.078905,7700.547396,23028.37565,0,2127.5069
,,,,,3208,9789.657149,8047.168788,7887.912669,23159.28772,0,2163.6813
,,,,,3209,11024.87646,8234.966527,8051.776505,23067.71222,0,2210.1772
,,,,,3210,10595.37223,8843.405668,7903.500345,22465.2191,0,2275.0552
,,,,,3211,9912.713508,8677.042585,7566.037115,22184.47945,0,2205.7537
,,,,,3212,10194.7098,8544.625714,7850.557391,22548.05466,0,2206.0486
,,,,,3213,9796.290178,8401.047597,7648.134708,22704.12071,0,2210.767
,,,,,3214,9060.054826,8307.423351,7218.350202,24123.62607,0,2150.1159
,,,,,3215,8308.256002,7723.166716,6600.11984,22666.28587,0,2064.4966
,,,,,3216,7587.818561,7307.24493,6074.088008,21464.75462,0,1997.0628
,,,,,3217,7279.148518,6844.198488,5796.021828,20821.9872,0,1951.4516
,,,,,3218,7196.992502,6756.581873,5686.859538,20482.59303,0,1955.5802
,,,,,3219,7176.446328,6759.167372,5686.859538,19999.91326,0,1900.3356
,,,,,3220,7176.446328,6756.581873,5686.859538,19988.19009,0,1918.2262
,,,,,3221,7469.623575,6772.664968,5686.859538,19988.19009,0,1883.8212
,,,,,3222,8634.607207,7232.582555,6446.667708,20634.40933,0,1923.6327
,,,,,3223,9374.030541,7883.899718,6913.550186,21441.45046,0,1989.7886
,,,,,3224,9236.750721,7770.851555,7022.841388,21208.97679,0,2013.6755
,,,,,3225,9560.956547,7712.060162,7474.221818,22133.82231,0,2049.6533
,,,,,3226,9757.394757,7806.337954,7810.005233,23117.68511,0,2114.5313
,,,,,3227,10269.23466,8217.157549,8436.833291,23507.46406,0,2185.6022
,,,,,3228,10131.36568,8317.816496,7746.130374,22929.01393,0,2226.495
,,,,,3229,9357.780918,7897.333727,7614.33442,22555.18047,0,2119.2497
,,,,,3230,9466.18824,7698.408909,7779.696698,23046.46016,0,2142.0553
,,,,,3231,9448.924381,7915.196128,7704.066409,23104.48406,0,2160.1425
,,,,,3232,9650.078037,7900.557509,7886.560261,23235.82835,0,2196.9067
,,,,,3233,10845.23164,8084.935638,8046.163705,23143.9505,0,2244.0907
,,,,,3234,10444.32907,8654.539526,7901.742664,22539.46822,0,2295.9931
,,,,,3235,9771.383501,8518.961929,7573.05334,22257.80168,0,2239.5689
,,,,,3236,10049.36743,8388.956238,7850.176205,22622.57725,0,2239.8638
,,,,,3237,9656.616688,8247.992536,7653.016429,22779.15857,0,2244.6805
,,,,,3238,8930.856792,8156.073095,7234.406145,24134.45962,0,2183.1447
,,,,,3239,8189.754867,7582.455194,6632.24952,22741.19882,0,2096.1492
,,,,,3240,7479.568102,7174.106931,6119.894302,21535.70063,0,2027.7324
,,,,,3241,7218.917187,6843.871682,5788.480178,20819.5312,0,1954.3023
,,,,,3242,7137.439087,6768.887651,5679.845315,20480.17703,0,1958.3326
,,,,,3243,7092.648284,6768.887651,5679.845315,20018.2401,0,1904.8574
,,,,,3244,7092.648284,6768.887651,5679.845315,20018.2401,0,1922.1582
,,,,,3245,7407.820527,6778.6929,5679.845315,20018.2401,0,1897.3866
,,,,,3246,8563.191221,7197.753341,6437.108519,20631.97543,0,1927.4664
,,,,,3247,9296.513154,7791.210224,6902.543276,21438.92148,0,1991.4597
,,,,,3248,9160.366108,7688.204784,7011.495586,21206.4752,0,2014.5602
,,,,,3249,9481.896729,7634.636172,7461.476365,22131.21176,0,2049.3584
,,,,,3250,9676.714016,7720.53872,7796.218574,23114.95865,0,2112.0738
,,,,,3251,10184.33044,8094.862829,8422.18665,23504.69167,0,2180.8838
,,,,,3252,10047.59909,8186.579659,7732.541779,22926.30969,0,2220.4987
,,,,,3253,9280.397617,7803.450812,7601.154502,22552.52028,0,2116.6939
,,,,,3254,9387.910408,7622.197639,7766.00402,23043.74208,0,2138.7131
,,,,,3255,9370.789003,7819.726392,7690.608247,23101.75915,0,2156.2105
,,,,,3256,9570.282827,7806.388207,7872.536218,23233.08796,0,2191.7951
,,,,,3257,10792.0735,7974.386957,8031.64476,23141.22094,0,2237.5046
,,,,,3258,10357.98005,8492.258827,7887.671544,22536.80987,0,2282.9192
,,,,,3259,9690.58733,8369.856177,7560.001427,22255.17652,0,2233.0811
,,,,,3260,9966.27746,8251.399645,7836.264983,22619.90912,0,2233.376
,,,,,3261,9576.767524,8122.958565,7639.716565,22776.47199,0,2238.0944
,,,,,3262,8856.996283,8039.204861,7222.404318,24059.5563,0,2178.5246
,,,,,3263,8122.009609,7516.544765,6622.114875,22738.51671,0,2094.3798
,,,,,3264,7417.682996,7144.472446,6111.34838,21533.16055,0,2028.1256
,,,,,3265,7276.282546,6880.447776,5770.627579,20742.6767,0,1934.4457
,,,,,3266,7194.158788,6810.268461,5660.568559,20404.57381,0,1938.3777
,,,,,3267,7133.55785,6810.268461,5660.568559,19969.79056,0,1885.8855
,,,,,3268,7133.55785,6810.268461,5660.568559,19969.79056,0,1902.8914
,,,,,3269,7466.682817,6818.676679,5660.568559,19969.79056,0,1879.0045
,,,,,3270,8631.209039,7215.82775,6424.703673,20555.81249,0,1908.1013
,,,,,3271,9370.342052,7778.257446,6894.047562,21359.78314,0,1970.915
,,,,,3272,9233.116132,7680.637349,7003.914949,21128.19394,0,1993.6223
,,,,,3273,9557.194665,7629.869418,7457.675063,22049.52077,0,2027.8307
,,,,,3274,9753.555747,7711.280798,7795.228733,23029.64034,0,2089.4648
,,,,,3275,10265.19468,8066.034447,8423.518931,23417.93632,0,2156.9969
,,,,,3276,10127.37984,8152.956126,7731.017124,22841.68699,0,2195.8254
,,,,,3277,9354.098809,7789.858069,7598.52634,22469.27582,0,2093.9866
,,,,,3278,9462.463566,7618.081198,7764.76041,22958.68637,0,2115.6126
,,,,,3279,9445.206486,7805.282728,7688.731397,23016.48952,0,2132.8151
,,,,,3280,9646.281163,7792.641891,7872.18736,23147.33409,0,2167.7116
,,,,,3281,10895.3896,7951.85731,8032.632235,23055.8058,0,2212.6347
,,,,,3282,10440.22035,8445.534957,7887.449805,22453.62335,0,2257.951
,,,,,3283,9767.538998,8326.650558,7557.027626,22173.02844,0,2208.3095
,,,,,3284,10045.41378,8214.387185,7835.611486,22536.41618,0,2208.6044
,,,,,3285,9652.817247,8092.661279,7637.412282,22692.40177,0,2213.2245
,,,,,3286,8927.342307,8013.286396,7216.595078,23908.30199,0,2154.6377
,,,,,3287,8186.531362,7517.95208,6611.263875,22654.58644,0,2071.9674
,,,,,3288,7476.62344,7165.332493,6096.207513,21453.67472,0,2006.9911
,,,,,3289,7405.916873,6812.546285,5750.56154,20614.59324,0,1920.782
,,,,,3290,7322.334055,6742.57155,5641.861925,20278.57569,0,1924.714
,,,,,3291,7237.951379,6742.57155,5641.861925,19848.61334,0,1872.7133
,,,,,3292,7217.301646,6742.57155,5641.861925,19848.61334,0,1889.5226
,,,,,3293,7599.69991,6750.920285,5641.861925,19848.61334,0,1866.1272
,,,,,3294,8784.91581,7147.138474,6399.437573,20428.88157,0,1894.6342
,,,,,3295,9537.180707,7708.247061,6865.050065,21227.89349,0,1956.9564
,,,,,3296,9397.516749,7610.856268,6974.04398,20997.73269,0,1979.4671
,,,,,3297,9727.353057,7560.207586,7424.196593,21913.37696,0,2013.3806
,,,,,3298,9927.202809,7641.427737,7759.06663,22887.45135,0,2074.4249
,,,,,3299,10447.93183,7995.348094,8385.140285,23273.3524,0,2141.4655
,,,,,3300,10307.66848,8082.065599,7695.365519,22700.65725,0,2179.9008
,,,,,3301,9520.648877,7719.820435,7563.928069,22330.54304,0,2078.9467
,,,,,3302,9630.938909,7548.447056,7728.840538,22816.93501,0,2100.3761
,,,,,3303,9613.375228,7735.208863,7653.415974,22874.38164,0,2117.382
,,,,,3304,9818.02232,7722.597718,7835.413418,23004.41918,0,2152.0819
,,,,,3305,11126.66703,7881.439151,7994.582718,22913.45543,0,2196.5135
,,,,,3306,10626.06711,8374.08663,7850.554523,22314.98711,0,2241.9281
,,,,,3307,9941.434495,8255.352035,7522.759279,22036.12286,0,2192.2866
,,,,,3308,10224.24617,8143.352361,7799.128331,22397.2693,0,2192.5815
,,,,,3309,9824.674528,8021.91238,7602.504858,22552.2928,0,2197.1033
,,,,,3310,9086.310361,7942.723944,7185.033252,23758.56388,0,2139.1063
,,,,,3311,8332.337721,7448.553135,6584.514577,22514.7107,0,2057.2224
,,,,,3312,7609.817144,7096.761827,6073.553035,21321.20597,0,1992.7376
,,,,,3313,7507.317482,6699.897084,5707.460307,20517.15387,0,1914.1959
,,,,,3314,7422.59338,6629.166393,5604.054051,20182.72275,0,1918.1279
,,,,,3315,7337.058498,6629.166393,5604.054051,19754.0649,0,1866.2255
,,,,,3316,7244.997225,6629.166393,5604.054051,19754.0649,0,1883.0348
,,,,,3317,7703.746536,6637.734931,5604.054051,19754.0649,0,1859.7377
,,,,,3318,8905.146003,7037.400257,6336.087938,20332.31899,0,1888.1464
,,,,,3319,9667.682725,7603.390543,6787.170831,21127.55856,0,1950.1737
,,,,,3320,9526.111721,7505.152441,6892.763554,20898.48441,0,1972.6844
,,,,,3321,9860.451789,7454.063111,7328.868998,21809.80568,0,2006.4996
,,,,,3322,10063.03039,7535.989885,7653.289299,22779.28121,0,2067.3473
,,,,,3323,10590.86973,7892.989383,8270.732009,23163.36032,0,2134.1913
,,,,,3324,10448.69115,7980.461339,7591.576004,22593.36902,0,2172.6266
,,,,,3325,9650.92516,7615.064607,7464.240105,22225.00222,0,2071.8691
,,,,,3326,9762.72115,7442.200263,7624.006423,22709.0978,0,2093.2002
,,,,,3327,9744.917646,7630.586915,7550.935509,22766.2732,0,2110.2061
,,,,,3328,9952.359098,7617.866053,7727.253659,22895.69681,0,2144.8077
,,,,,3329,11321.35861,7778.089421,7881.456026,22805.16252,0,2189.141
,,,,,3330,10771.43736,8274.543527,7741.922281,22209.51973,0,2234.5556
,,,,,3331,10077.45641,8155.255383,7424.356002,21931.97207,0,2184.9141
,,,,,3332,10364.12975,8042.281302,7692.100861,22291.41344,0,2185.209
,,,,,3333,9959.102138,7919.784782,7501.613092,22445.70503,0,2189.7308
,,,,,3334,9210.655956,7839.907398,7097.168832,23650.63165,0,2131.8321
,,,,,3335,8446.388172,7341.437255,6515.38955,22408.30037,0,2050.1448
,,,,,3336,7714.001916,6986.585329,6020.372741,21220.43049,0,1985.8566
,,,,,3337,7575.930833,6566.860271,5631.218349,20480.43213,0,1901.8101
,,,,,3338,7490.434474,6500.724997,5526.69045,20146.59889,0,1905.7421
,,,,,3339,7404.119945,6500.724997,5526.69045,19711.60602,0,1853.2499
,,,,,3340,7276.825238,6500.724997,5526.69045,19711.60602,0,1870.2558
,,,,,3341,7774.150331,6507.957361,5526.69045,19711.60602,0,1846.3689
,,,,,3342,8986.500509,6886.667711,6264.13654,20295.92769,0,1875.4657
,,,,,3343,9755.987725,7422.982385,6718.298201,21089.74559,0,1938.2794
,,,,,3344,9613.126306,7329.895035,6824.611623,20861.08096,0,1961.085
,,,,,3345,9950.513872,7281.484386,7263.69361,21770.77303,0,1995.1951
,,,,,3346,10154.93897,7359.115632,7590.328171,22738.5154,0,2056.8292
,,,,,3347,10687.58954,7697.397179,8209.599745,23121.90788,0,2124.4596
,,,,,3348,10544.11501,7780.282866,7528.193665,22552.93557,0,2163.2881
,,,,,3349,9739.077416,7434.044363,7399.988662,22185.22731,0,2061.351
,,,,,3350,9851.892422,7270.243522,7560.845431,22668.45746,0,2082.977
,,,,,3351,9833.92664,7448.752816,7487.275787,22725.53065,0,2100.1795
,,,,,3352,10043.25891,7436.698925,7664.797358,22854.72288,0,2135.1743
,,,,,3353,11444.23545,7588.521573,7820.052199,22764.35044,0,2180.0974
,,,,,3354,10869.80304,8061.835381,7679.566097,22169.7725,0,2225.4137
,,,,,3355,10169.49648,7945.91223,7359.832339,21892.72102,0,2175.7722
,,,,,3356,10458.78284,7838.861528,7629.404632,22251.51981,0,2176.0671
,,,,,3357,10050.06342,7722.78766,7437.61673,22405.53557,0,2180.6872
,,,,,3358,9294.795174,7647.098352,7030.412025,23627.23421,0,2122.1004
,,,,,3359,8523.561118,7174.763651,6444.661936,22368.19777,0,2039.4301
,,,,,3360,7784.499188,6838.517076,5946.266498,21182.45148,0,1974.3555
,,,,,3361,7600.18314,6463.949236,5624.130579,20498.45432,0,1899.5492
,,,,,3362,7514.413815,6397.920095,5521.241453,20174.13636,0,1903.3829
,,,,,3363,7427.82371,6397.920095,5521.241453,19762.72943,0,1852.3652
,,,,,3364,7369.384756,6397.920095,5521.241453,19762.72943,0,1868.8796
,,,,,3365,7799.035493,6405.121599,5521.241453,19762.72943,0,1846.4672
,,,,,3366,9015.256347,6783.347989,6250.780063,20319.20883,0,1873.8929
,,,,,3367,9787.200307,7318.977298,6700.443501,21090.40045,0,1934.9372
,,,,,3368,9643.882775,7226.008906,6805.703947,20868.25348,0,1957.153
,,,,,3369,9982.347519,7177.660122,7240.437067,21752.0165,0,1990.2801
,,,,,3370,10187.42529,7255.192161,7563.836492,22692.17521,0,2050.2431
,,,,,3371,10721.77645,7593.041413,8180.43601,23064.63982,0,2115.9075
,,,,,3372,10577.84385,7675.821179,7502.317394,22511.88498,0,2153.6547
,,,,,3373,9770.236009,7330.02514,7375.382192,22154.65755,0,2054.6666
,,,,,3374,9883.4112,7166.433623,7534.645762,22624.11414,0,2075.6045
,,,,,3375,9865.388058,7344.714797,7461.804785,22679.56057,0,2092.3155
,,,,,3376,10075.38867,7332.676309,7637.568103,22805.07042,0,2126.3273
,,,,,3377,11432.60838,7484.30494,7791.28523,22717.27387,0,2169.9725
,,,,,3378,10904.57171,7957.084317,7652.190566,22139.64325,0,2215.2888
,,,,,3379,10202.02927,7841.238882,7335.623595,21870.48859,0,2165.7456
,,,,,3380,10492.23924,7734.324982,7602.525923,22219.0605,0,2166.0405
,,,,,3381,10082.21489,7618.399447,7412.637575,22368.68634,0,2170.5623
,,,,,3382,9324.535305,7542.806864,7009.466008,23542.42712,0,2113.6466
,,,,,3383,8550.838927,7071.075767,6429.517454,22332.41279,0,2033.3355
,,,,,3384,7809.417391,6735.258887,5936.058349,21180.46394,0,1970.0303
,,,,,3385,7563.880329,6399.85017,5562.354412,20396.76015,0,1904.9557
,,,,,3386,7478.519601,6332.407522,5455.297812,20080.19846,0,1908.5928
,,,,,3387,7392.342001,6332.407522,5455.297812,19680.61147,0,1859.2462
,,,,,3388,7341.464831,6332.407522,5455.297812,19680.61147,0,1875.2691
,,,,,3389,7761.785373,6340.020021,5455.297812,19680.61147,0,1854.6261
,,,,,3390,8972.212287,6724.691963,6204.945509,20221.80143,0,1880.0858
,,,,,3391,9740.478793,7269.44921,6666.048135,20974.54952,0,1939.1641
,,,,,3392,9597.84401,7174.896495,6773.986348,20757.71533,0,1960.5935
,,,,,3393,9934.696346,7125.723774,7219.778836,21620.3426,0,1992.6393
,,,,,3394,10138.79715,7204.577078,7551.405362,22538.01682,0,2050.538
,,,,,3395,10670.60273,7548.183794,8174.800043,22901.5737,0,2114.1381
,,,,,3396,10527.3558,7632.374253,7488.321252,22362.03834,0,2150.6074
,,,,,3397,9723.595311,7280.685324,7358.15689,22013.35423,0,2054.8632
,,,,,3398,9836.231348,7114.305959,7521.472036,22471.58347,0,2075.2113
,,,,,3399,9818.294067,7295.625315,7446.778025,22525.70386,0,2091.3325
,,,,,3400,10027.29426,7283.381673,7627.012664,22648.21207,0,2124.1647
,,,,,3401,11375.09807,7437.594287,7784.640269,22562.51523,0,2166.3354
,,,,,3402,10852.52716,7917.491401,7642.007114,21998.69901,0,2211.6517
,,,,,3403,10153.33156,7800.610926,7317.386856,21735.98136,0,2162.3051
,,,,,3404,10442.159,7691.87505,7591.07903,22076.21695,0,2162.6
,,,,,3405,10034.08796,7573.973968,7396.360028,22222.26438,0,2166.9252
,,,,,3406,9280.017875,7497.093172,6982.932002,23375.65766,0,2111.8772
,,,,,3407,8510.0073,7017.32306,6388.22988,22186.85834,0,2034.2202
,,,,,3408,7772.117813,6675.783349,5882.217451,21062.45908,0,1973.0776
,,,,,3409,7549.486193,6453.657529,5542.990541,20219.61332,0,1902.6948
,,,,,3410,7464.287473,6383.266803,5423.385914,19890.02651,0,1906.5285
,,,,,3411,7378.273432,6383.266803,5423.385914,19430.56237,0,1855.0193
,,,,,3412,7267.513744,6383.266803,5423.385914,19430.56237,0,1871.7303
,,,,,3413,7747.015625,6391.736492,5423.385914,19430.56237,0,1848.7281
,,,,,3414,8955.145231,6789.851588,6187.999416,20037.45582,0,1876.7436
,,,,,3415,9721.953619,7353.6465,6650.836961,20821.17616,0,1938.476
,,,,,3416,9579.589547,7255.789445,6759.181296,20595.4202,0,1960.8884
,,,,,3417,9915.80256,7204.898282,7206.651099,21493.54078,0,1994.4087
,,,,,3418,10119.51599,7286.507277,7539.525384,22448.97323,0,2054.9615
,,,,,3419,10650.31224,7642.122038,8196.792694,22827.48887,0,2121.314
,,,,,3420,10507.33719,7729.254706,7476.203918,22265.75402,0,2159.4544
,,,,,3421,9705.102181,7365.275283,7345.549806,21902.7231,0,2059.385
,,,,,3422,9817.524442,7193.081448,7509.479433,22379.80644,0,2080.6178
,,,,,3423,9799.621205,7380.737382,7434.504383,22436.15365,0,2097.5254
,,,,,3424,10008.22473,7368.065862,7615.417162,22563.70252,0,2131.8321
,,,,,3425,11394.87547,7527.667752,7773.637848,22474.47964,0,2175.9688
,,,,,3426,10831.8914,8022.40996,7630.468029,21887.46487,0,2221.2851
,,,,,3427,10134.02282,7903.370756,7304.626373,21613.93755,0,2171.6436
,,,,,3428,10422.30208,7790.834881,7579.348326,21968.17234,0,2171.9385
,,,,,3429,10015.00554,7668.813502,7383.896685,22120.22898,0,2176.4603
,,,,,3430,9262.366625,7589.245949,6968.913118,23409.10536,0,2118.9548
,,,,,3431,8493.817477,7092.709282,6371.973402,22083.36613,0,2037.8573
,,,,,3432,7757.328455,6739.233762,5864.057079,20912.70282,0,1973.9623
,,,,,3433,7582.517154,6523.189836,5601.981284,20159.93627,0,1902.6948
,,,,,3434,7496.946664,6451.873003,5493.890771,19831.32107,0,1906.6268
,,,,,3435,7410.557296,6451.873003,5493.890771,19363.97094,0,1853.938
,,,,,3436,7326.190818,6451.873003,5493.890771,19338.93826,0,1870.9439
,,,,,3437,7780.908519,6460.611968,5493.890771,19338.93826,0,1846.9587
,,,,,3438,8994.309877,6862.950088,6248.527352,19978.31576,0,1876.1538
,,,,,3439,9764.464283,7432.725478,6712.467938,20759.72572,0,1939.1641
,,,,,3440,9621.478996,7333.8304,6821.070481,20534.63529,0,1962.068
,,,,,3441,9959.159096,7282.399407,7269.6067,21430.10822,0,1996.2764
,,,,,3442,10163.76145,7364.874073,7603.274296,22382.72409,0,2058.2054
,,,,,3443,10696.87386,7724.261033,8228.354796,22760.12387,0,2126.0324
,,,,,3444,10553.27492,7812.317964,7539.801921,22200.045,0,2164.9592
,,,,,3445,9747.539312,7444.477613,7408.836432,21838.08428,0,2062.7272
,,,,,3446,9860.452135,7270.457225,7573.156739,22313.7612,0,2084.4515
,,,,,3447,9842.470776,7460.103728,7498.003007,22369.9423,0,2101.654
,,,,,3448,10051.98455,7447.297793,7679.34694,22497.11516,0,2136.7471
,,,,,3449,11424.6711,7608.592668,7837.9447,22408.1553,0,2181.7685
,,,,,3450,10879.24535,8107.998303,7694.433677,21822.87104,0,2227.1831
,,,,,3451,10178.33157,7988.280958,7367.81547,21550.15007,0,2177.4433
,,,,,3452,10467.86876,7874.551353,7643.192145,21903.34058,0,2177.7382
,,,,,3453,10058.79495,7751.235628,7447.274701,22054.94897,0,2182.3583
,,,,,3454,9302.871851,7670.824058,7031.302139,23407.18748,0,2123.5749
,,,,,3455,8530.96909,7169.020357,6432.939788,22018.19479,0,2040.708
,,,,,3456,7791.26635,6811.795331,5923.812991,20850.98256,0,1975.4368
,,,,,3457,7611.25653,6593.811823,5597.813017,20118.08312,0,1896.3053
,,,,,3458,7525.362572,6526.50848,5499.856979,19790.14935,0,1900.139
,,,,,3459,7438.646641,6526.50848,5499.856979,19331.27525,0,1848.4332
,,,,,3460,7393.151002,6526.50848,5499.856979,19331.27525,0,1865.1442
,,,,,3461,7810.39784,6534.080474,5499.856979,19331.27525,0,1842.0437
,,,,,3462,9028.38601,6918.117188,6205.59222,19936.83923,0,1870.2558
,,,,,3463,9801.451699,7461.974849,6641.714955,20716.62885,0,1932.1848
,,,,,3464,9657.925909,7367.578273,6743.805696,20492.00516,0,1954.6955
,,,,,3465,9996.882483,7318.486753,7165.447708,21385.62124,0,1988.4124
,,,,,3466,10202.25826,7397.209843,7479.108614,22336.26176,0,2049.1618
,,,,,3467,10737.3859,7740.249143,8087.664615,22712.87896,0,2115.8092
,,,,,3468,10593.24415,7824.300574,7419.442039,22153.96147,0,2154.1462
,,,,,3469,9784.462749,7473.192407,7296.329234,21792.75132,0,2053.6836
,,,,,3470,9897.802398,7307.087793,7450.796904,22267.44187,0,2075.0147
,,,,,3471,9879.753066,7488.107727,7380.149386,22323.50647,0,2091.9223
,,,,,3472,10090.05883,7475.884304,7550.619947,22450.41563,0,2126.4256
,,,,,3473,11439.82405,7629.842258,7699.708194,22361.64024,0,2170.6606
,,,,,3474,10920.44678,8109.037898,7564.802084,21777.56962,0,2216.0752
,,,,,3475,10216.88346,7992.259429,7257.767886,21505.41417,0,2166.4337
,,,,,3476,10507.51513,7883.703114,7516.632991,21857.8723,0,2166.7286
,,,,,3477,10096.89498,7765.996728,7332.462746,22009.16631,0,2171.2504
,,,,,3478,9338.114388,7689.24289,6941.431875,23298.58874,0,2113.5483
,,,,,3479,8563.293735,7210.265047,6378.947297,21972.48835,0,2031.9593
,,,,,3480,7820.794824,6869.289339,5900.347714,20807.69646,0,1967.8677
,,,,,3481,7610.471989,6562.961377,5507.686238,19915.729,0,1876.4487
,,,,,3482,7524.586862,6501.144736,5419.496211,19591.08979,0,1880.479
,,,,,3483,7437.879845,6501.144736,5419.496211,19155.37999,0,1827.397
,,,,,3484,7374.055321,6501.144736,5419.496211,19155.37999,0,1844.5995
,,,,,3485,7809.592827,6507.072972,5419.496211,19155.37999,0,1820.1228
,,,,,3486,9027.455784,6866.401866,6078.37742,19736.30596,0,1849.8094
,,,,,3487,9800.441999,7375.269286,6487.886987,20508.26148,0,1913.3112
,,,,,3488,9656.930964,7286.945915,6583.747926,20285.89446,0,1936.3134
,,,,,3489,9995.852692,7241.012803,6979.660417,21170.53288,0,1970.8167
,,,,,3490,10201.20735,7314.671074,7274.181046,22111.62286,0,2033.1389
,,,,,3491,10736.27998,7635.640211,7866.932866,22484.4564,0,2101.4574
,,,,,3492,10592.15305,7714.284014,7218.155456,21931.15404,0,2140.6791
,,,,,3493,9783.454796,7385.765139,7102.555265,21573.57276,0,2037.759
,,,,,3494,9896.782793,7230.347219,7247.596978,22043.49436,0,2059.5816
,,,,,3495,9878.735317,7399.72085,7181.260527,22098.99571,0,2076.9807
,,,,,3496,10089.01946,7388.283847,7341.3286,22224.62989,0,2112.2704
,,,,,3497,11451.10345,7532.336588,7481.319155,22136.74637,0,2157.5867
,,,,,3498,10919.32204,7984.249471,7354.645312,21558.54358,0,2203.0013
,,,,,3499,10215.83105,7871.436878,7066.347015,21289.12232,0,2153.2615
,,,,,3500,10506.43285,7769.864765,7309.415603,21638.03951,0,2153.5564
,,,,,3501,10095.85491,7659.73127,7136.48383,21787.81355,0,2158.1765
,,,,,3502,9337.152321,7587.915553,6769.314522,23022.67027,0,2098.9999
,,,,,3503,8562.411322,7139.753771,6241.153988,21751.50407,0,2015.5432
,,,,,3504,7819.988742,6820.715461,5791.759604,20598.41418,0,1949.7805
,,,,,3505,7545.48444,6496.646093,5330.579575,19713.50322,0,1867.5034
,,,,,3506,7460.330761,6437.248752,5237.85292,19392.15648,0,1871.4354
,,,,,3507,7374.362192,6437.248752,5237.85292,18935.14341,0,1818.6483
,,,,,3508,7196.768874,6437.248752,5237.85292,18919.71187,0,1835.7525
,,,,,3509,7742.909449,6442.521978,5237.85292,18919.71187,0,1800.1679
,,,,,3510,8950.400374,6790.507543,5918.355101,19535.89988,0,1840.9624
,,,,,3511,9716.803387,7283.310986,6340.123841,20300.02626,0,1904.1693
,,,,,3512,9574.514575,7197.775817,6438.854496,20079.91448,0,1927.1715
,,,,,3513,9910.549849,7153.292725,6846.619116,20955.58095,0,1961.4782
,,,,,3514,10114.15559,7224.625745,7149.956582,21887.12643,0,2023.6038
,,,,,3515,10644.67123,7535.462497,7749.985952,22256.17872,0,2091.6274
,,,,,3516,10501.77176,7611.623665,7092.253798,21708.48792,0,2130.7508
,,,,,3517,9699.960857,7293.475505,6973.192972,21354.53321,0,2028.1256
,,,,,3518,9812.323686,7142.963833,7122.576688,21819.6889,0,2049.9482
,,,,,3519,9794.429913,7306.990661,7054.254373,21874.62735,0,2067.249
,,,,,3520,10002.92316,7295.914703,7219.114281,21998.98735,0,2102.4404
,,,,,3521,11434.35747,7435.419973,7363.295626,21911.99515,0,2147.6584
,,,,,3522,10826.15439,7874.804814,7232.829645,21339.65646,0,2202.4115
,,,,,3523,10128.65475,7763.815512,6935.900784,21072.96766,0,2143.2349
,,,,,3524,10416.78161,7665.449837,7186.245929,21418.34614,0,2143.5298
,,,,,3525,10009.70039,7558.793047,7008.137231,21566.60118,0,2148.2482
,,,,,3526,9257.459354,7489.244416,6629.976257,22885.02444,0,2089.2682
,,,,,3527,8489.316502,7055.230248,6086.004586,21530.65995,0,2006.0081
,,,,,3528,7753.216827,6746.26337,5623.157027,20389.26464,0,1940.5403
,,,,,3529,7540.256408,6486.474064,5241.742742,19823.5341,0,1878.8079
,,,,,3530,7455.161571,6426.254419,5145.409068,19500.39593,0,1882.7399
,,,,,3531,7369.252407,6426.254419,5145.409068,19040.83512,0,1829.5596
,,,,,3532,7176.00331,6426.254419,5145.409068,19037.76446,0,1846.7621
,,,,,3533,7737.544992,6431.636868,5145.409068,19037.76446,0,1815.7976
,,,,,3534,8944.201522,6784.207114,5843.316004,19644.94066,0,1852.0703
,,,,,3535,9710.074938,7283.503202,6274.985555,20413.32687,0,1915.6704
,,,,,3536,9567.88445,7196.841114,6376.033862,20191.98801,0,1938.7709
,,,,,3537,9903.687518,7151.771961,6793.370552,21072.53612,0,1973.3725
,,,,,3538,10107.15256,7224.044788,7103.828714,22009.27475,0,2035.793
,,,,,3539,10637.30161,7538.976788,7709.739412,22380.38441,0,2104.3081
,,,,,3540,10494.50089,7616.141373,7044.771386,21829.64037,0,2143.6281
,,,,,3541,9693.244046,7293.801638,6922.915666,21473.71245,0,2040.4131
,,,,,3542,9805.529231,7141.306987,7075.806091,21941.46126,0,2062.334
,,,,,3543,9787.647823,7307.494855,7005.879943,21996.70599,0,2079.7331
,,,,,3544,9995.996993,7296.272972,7174.609855,22121.75927,0,2115.1211
,,,,,3545,11437.4142,7437.616212,7322.175785,22034.2821,0,2160.5357
,,,,,3546,10818.65936,7882.068563,7188.647181,21458.75276,0,2211.2585
,,,,,3547,10121.6417,7770.338336,6884.748063,21190.57723,0,2156.2105
,,,,,3548,10409.56946,7670.676701,7140.969935,21537.88112,0,2156.5054
,,,,,3549,10002.76954,7562.614717,6958.680225,21686.96265,0,2161.1255
,,,,,3550,9251.048319,7492.149788,6571.642111,22989.21686,0,2101.8506
,,,,,3551,8483.436266,7052.417519,6014.900977,21650.82105,0,2018.099
,,,,,3552,7747.845247,6739.380028,5541.188303,20503.06273,0,1952.238
,,,,,3553,7615.492966,6565.256288,5262.263267,19959.59664,0,1894.1427
,,,,,3554,7529.551326,6500.426124,5166.490915,19634.24322,0,1898.173
,,,,,3555,7442.787257,6500.426124,5166.490915,19171.53191,0,1844.5012
,,,,,3556,7311.736577,6500.426124,5166.490915,19161.55064,0,1861.9003
,,,,,3557,7814.744824,6507.27901,5166.490915,19161.55064,0,1819.9262
,,,,,3558,9033.409131,6880.038099,5861.689333,19779.77887,0,1867.1102
,,,,,3559,9806.903968,7407.924832,6291.818126,20553.43271,0,1931.3001
,,,,,3560,9663.298503,7316.300307,6392.505762,20330.57648,0,1954.5972
,,,,,3561,10002.44324,7268.650409,6808.352852,21217.16114,0,1989.3954
,,,,,3562,10207.93302,7345.061716,7117.702895,22160.32154,0,2052.4057
,,,,,3563,10743.35773,7678.027322,7722.698345,22533.97533,0,2121.4123
,,,,,3564,10599.13596,7759.610498,7058.85636,21979.45569,0,2161.1255
,,,,,3565,9789.905587,7418.812976,6937.435581,21621.08772,0,2057.0258
,,,,,3566,9903.308154,7257.586191,7089.780293,22092.04316,0,2079.1433
,,,,,3567,9885.248803,7433.290292,7020.103733,22147.66662,0,2096.6407
,,,,,3568,10095.67131,7421.425822,7188.231397,22273.57719,0,2132.3236
,,,,,3569,11503.87225,7570.862646,7335.27062,22185.50033,0,2178.2297
,,,,,3570,10926.52023,8037.604556,7202.218619,21606.02548,0,2237.7012
,,,,,3571,10222.56635,7922.637071,6899.404209,21336.01148,0,2173.8062
,,,,,3572,10513.35936,7817.268622,7154.711548,21685.6963,0,2174.1011
,,,,,3573,10102.51126,7703.018803,6973.072484,21835.79984,0,2178.8195
,,,,,3574,9343.309447,7628.518918,6587.415826,23154.94585,0,2118.9548
,,,,,3575,8568.058672,7163.606743,6032.661868,21799.41048,0,2034.6134
,,,,,3576,7825.14758,6832.64413,5560.640016,20643.78376,0,1968.1626
,,,,,3577,7735.149606,6684.988188,5323.790967,20126.07,0,1927.7613
,,,,,3578,7647.861207,6614.847178,5224.248109,19798.00619,0,1931.8899
,,,,,3579,7559.73749,6614.847178,5224.248109,19331.44023,0,1877.3334
,,,,,3580,7436.940712,6614.847178,5224.248109,19266.39803,0,1894.9291
,,,,,3581,7937.523867,6623.244259,5224.248109,19291.90251,0,1826.5123
,,,,,3582,9175.285409,7020.220659,5937.640146,19944.75424,0,1900.3356
,,,,,3583,9960.901396,7582.402993,6378.118499,20724.85307,0,1965.6068
,,,,,3584,9815.045544,7484.825831,6481.228834,20500.14031,0,1989.2971
,,,,,3585,10159.50489,7434.080227,6907.081845,21394.11074,0,2024.7834
,,,,,3586,10368.21483,7515.455803,7223.875326,22345.12821,0,2088.875
,,,,,3587,10912.02998,7870.053427,7835.018673,22721.89475,0,2159.1595
,,,,,3588,10765.54816,7956.936877,7163.612853,22162.75564,0,2199.4625
,,,,,3589,9943.636641,7593.998515,7039.270502,21801.40225,0,2093.5934
,,,,,3590,10058.8163,7422.297192,7195.280863,22276.28103,0,2116.1041
,,,,,3591,10040.47394,7609.416389,7123.927778,22332.36786,0,2133.8964
,,,,,3592,10254.19391,7596.781112,7296.100852,22459.32735,0,2170.2674
,,,,,3593,11670.96344,7755.926506,7446.678064,22370.51675,0,2216.8616
,,,,,3594,11098.06275,8249.411267,7310.424628,21786.21454,0,2297.5659
,,,,,3595,10383.07747,8130.554917,7000.324037,21513.95117,0,2212.4381
,,,,,3596,10678.42739,8018.340919,7261.774464,21866.54906,0,2212.733
,,,,,3597,10261.14104,7896.668548,7075.764885,22017.90306,0,2217.5497
,,,,,3598,9490.042058,7817.328575,6680.828734,23414.77952,0,2156.6037
,,,,,3599,8702.642615,7322.212112,6112.726543,21981.21055,0,2070.7878
,,,,,3600,7948.08964,6969.74761,5629.34712,20815.95678,0,2003.1574
,,,,,3601,7907.129022,6771.4079,5407.474812,20123.62076,0,1945.4553
,,,,,3602,7817.90496,6675.37508,5301.176319,19795.59682,0,1949.5839
,,,,,3603,7727.827056,6687.280539,5301.176319,19329.08757,0,1894.5359
,,,,,3604,7573.611024,6650.838255,5301.176319,19184.97047,0,1912.4265
,,,,,3605,8113.99103,6700.634676,5301.176319,19289.55466,0,1844.9927
,,,,,3606,9379.200539,7155.664019,6036.784434,19942.32703,0,1917.833
,,,,,3607,10182.23794,7800.058644,6488.356702,20722.33104,0,1983.694
,,,,,3608,10033.14767,7688.212015,6594.06398,20497.6456,0,2007.5809
,,,,,3609,10385.24557,7630.045488,7030.642551,21391.50736,0,2043.3621
,,,,,3610,10598.58375,7723.321246,7355.414812,22342.40924,0,2108.0435
,,,,,3611,11154.45827,8129.774436,7980.62824,22719.12998,0,2179.0161
,,,,,3612,11004.72814,8229.363528,7293.634564,22160.05883,0,2219.7123
,,,,,3613,10164.59033,7813.349869,7166.16052,21798.74937,0,2112.8602
,,,,,3614,10282.32415,7616.539327,7326.100167,22273.57043,0,2135.4692
,,,,,3615,10263.57505,7831.022419,7252.949979,22329.65044,0,2153.5564
,,,,,3616,10482.03436,7816.539387,7429.459415,22456.59449,0,2190.2223
,,,,,3617,11940.42842,7998.957849,7583.829074,22367.7947,0,2237.308
,,,,,3618,11344.6164,8597.377763,7444.14395,21783.5635,0,2316.6361
,,,,,3619,10613.77598,8428.371082,7126.233147,21511.33323,0,2232.7862
,,,,,3620,10915.67542,8299.747159,7394.26848,21863.88826,0,2233.0811
,,,,,3621,10489.13554,8160.281693,7203.574052,22015.22386,0,2237.8978
,,,,,3622,9700.93707,8069.339219,6798.691015,23478.62388,0,2176.4603
,,,,,3623,8896.076661,7501.818029,6216.280568,21978.53582,0,2089.7597
,,,,,3624,8124.791105,7097.809904,5720.726721,20813.42369,0,2021.5395
,,,,,3625,8293.966472,6743.918896,5625.649792,20950.33393,0,2240.0604
,,,,,3626,8200.395601,6648.271529,5519.5578,20608.84452,0,2244.7788
,,,,,3627,8105.92929,6660.129202,5519.5578,20123.18493,0,2181.3753
,,,,,3628,7925.956251,6608.19224,5519.5578,20003.68899,0,2201.92
,,,,,3629,8510.906365,6673.429739,5519.5578,20082.02918,0,2136.2556
,,,,,3630,9837.754234,7126.632705,6271.401696,20761.59805,0,2208.2112
,,,,,3631,10679.91394,7768.440886,6734.772415,21573.62146,0,2284.0988
,,,,,3632,10523.5603,7657.043183,6843.241559,21339.71261,0,2311.6228
,,,,,3633,10892.81167,7599.110122,7291.226833,22270.26767,0,2352.8105
,,,,,3634,11116.54325,7692.011494,7624.484578,23260.20435,0,2427.3219
,,,,,3635,11699.4988,8096.83328,8259.498997,23652.38959,0,2508.9109
,,,,,3636,11542.47414,8196.022645,7561.090168,23070.36841,0,2555.8
,,,,,3637,10661.40658,7781.678764,7430.285547,22694.22708,0,2432.7284
,,,,,3638,10784.87614,7585.658172,7594.404015,23188.53969,0,2458.8762
,,,,,3639,10765.21362,7799.280381,7519.342596,23246.9218,0,2479.6175
,,,,,3640,10994.31581,7784.85548,7700.463781,23379.07694,0,2521.8865
,,,,,3641,12502.83504,7966.541758,7858.866732,23286.63189,0,2576.0498
,,,,,3642,11898.92105,8581.478967,7715.531987,22678.41783,0,2664.3232
,,,,,3643,11132.4756,8394.231432,7389.314971,22395.01242,0,2570.8399
,,,,,3644,11449.08296,8266.123774,7664.353395,22762.03994,0,2571.2331
,,,,,3645,11001.76295,8127.218088,7468.676601,22919.58791,0,2576.7379
,,,,,3646,10175.1651,8036.640635,7053.214985,24403.18387,0,2506.0602
,,,,,3647,9331.093571,7471.397337,6455.587614,22881.39381,0,2406.2857
,,,,,3648,8522.232597,7069.010803,5947.086188,21668.45348,0,2327.6457
,,,,,3649,8380.013318,6679.076946,5656.809556,20910.38059,0,2215.7803
,,,,,3650,8285.473972,6584.348575,5552.653951,20569.54166,0,2220.4987
,,,,,3651,8190.029919,6596.092318,5552.653951,20084.80718,0,2157.7833
,,,,,3652,8088.080126,6573.069063,5552.653951,19971.12899,0,2178.0331
,,,,,3653,8599.198575,6609.265061,5552.653951,20043.72982,0,2125.1477
,,,,,3654,9939.779547,7058.113573,6295.154304,20722.00422,0,2184.226
,,,,,3655,10790.65575,7693.755148,6753.209886,21532.48084,0,2259.3272
,,,,,3656,10632.68382,7583.427774,6860.434826,21299.01755,0,2286.5563
,,,,,3657,11005.75701,7526.051344,7303.281443,22227.80004,0,2327.3508
,,,,,3658,11231.80424,7618.060102,7632.716525,23215.85103,0,2400.9775
,,,,,3659,11820.79349,8018.99229,8264.57362,23607.28922,0,2481.6818
,,,,,3660,11662.1436,8117.228626,7570.049286,23026.3767,0,2528.1777
,,,,,3661,10771.95683,7706.865834,7440.745071,22650.95187,0,2406.384
,,,,,3662,10896.70433,7512.728642,7602.981004,23144.32288,0,2432.2369
,,,,,3663,10876.8383,7724.298331,7528.780584,23202.59379,0,2452.7816
,,,,,3664,11108.31173,7710.012027,7707.824202,23334.49719,0,2494.5591
,,,,,3665,12574.17783,7889.952632,7864.410178,23242.22823,0,2548.1326
,,,,,3666,12022.27979,8477.714979,7722.719566,22635.17273,0,2626.2811
,,,,,3667,11247.9015,8313.532988,7400.244453,22352.30717,0,2543.021
,,,,,3668,11567.7858,8186.656211,7672.128024,22718.63556,0,2543.3159
,,,,,3669,11115.83595,8049.085155,7478.695757,22875.88342,0,2548.8207
,,,,,3670,10280.68267,7959.377987,7067.999733,24352.97275,0,2478.8311
,,,,,3671,9427.874859,7399.565646,6477.2275,22837.76208,0,2380.1379
,,,,,3672,8610.642036,7001.045312,5974.558886,21627.13222,0,2302.3826
,,,,,3673,8292.772314,6593.38813,5632.024056,20994.46405,0,2228.9525
,,,,,3674,8199.214883,6520.247791,5522.688627,20652.25614,0,2233.6709
,,,,,3675,8104.762141,6520.247791,5522.688627,20165.57472,0,2170.5623
,,,,,3676,8050.735719,6520.247791,5522.688627,20015.68197,0,2191.0087
,,,,,3677,8509.681045,6528.721304,5522.688627,20124.33238,0,2137.1403
,,,,,3678,9836.338326,6944.490176,6287.431467,20805.33106,0,2197.2016
,,,,,3679,10678.37707,7533.285669,6757.730665,21619.06296,0,2272.696
,,,,,3680,10522.04588,7431.0893,6867.821678,21384.66197,0,2300.1217
,,,,,3681,10891.24422,7377.94145,7322.505383,22317.1749,0,2341.1128
,,,,,3682,11114.94365,7463.169265,7660.746114,23309.1944,0,2415.231
,,,,,3683,11697.81547,7834.553192,8301.85867,23702.2048,0,2496.5251
,,,,,3684,11540.81337,7925.549619,7596.403808,23118.95905,0,2543.2176
,,,,,3685,10659.87236,7545.430111,7463.643351,22742.02633,0,2420.7358
,,,,,3686,10783.32419,7365.600617,7630.215776,23237.37896,0,2446.687
,,,,,3687,10763.66449,7561.577853,7554.032013,23295.88391,0,2467.33
,,,,,3688,10992.73377,7548.344434,7737.861384,23428.3171,0,2509.4024
,,,,,3689,12415.8257,7715.023615,7898.632831,23335.67754,0,2563.2708
,,,,,3690,11897.20907,8232.915484,7753.154895,22726.18381,0,2641.9108
,,,,,3691,11130.87372,8107.386566,7422.060169,22442.18212,0,2558.1592
,,,,,3692,11447.4356,7989.860468,7701.211064,22809.98186,0,2558.4541
,,,,,3693,11000.17984,7862.428247,7502.608441,22967.86132,0,2563.9589
,,,,,3694,10173.70072,7779.332398,7080.9347,24478.83999,0,2493.5761
,,,,,3695,9329.750439,7260.777608,6474.371397,22929.58686,0,2394.2931
,,,,,3696,8521.00565,6891.627783,5958.26668,21714.09451,0,2316.1446
,,,,,3697,8154.681404,6607.731908,5692.398154,21327.45377,0,2260.4085
,,,,,3698,8062.678214,6530.328842,5568.294954,20979.8244,0,2265.2252
,,,,,3699,7969.794587,6530.328842,5568.294954,20485.43268,0,2201.2319
,,,,,3700,7878.9752,6530.328842,5568.294954,20344.39322,0,2221.8749
,,,,,3701,8367.986697,6540.041795,5568.294954,20443.53695,0,2154.5394
,,,,,3702,9672.604627,6975.248586,6354.799795,21135.32443,0,2228.1661
,,,,,3703,10500.65484,7591.571294,6830.117828,21961.94795,0,2304.7418
,,,,,3704,10346.92073,7484.597067,6941.383685,21723.83344,0,2332.5607
,,,,,3705,10709.98569,7428.964462,7400.919582,22671.11981,0,2374.1416
,,,,,3706,10929.96888,7518.176826,7742.769875,23678.85549,0,2449.2428
,,,,,3707,11503.15763,7906.9236,8422.526315,24078.0922,0,2531.7165
,,,,,3708,11348.76375,8002.174268,7677.740935,23485.60631,0,2578.9988
,,,,,3709,10482.45754,7604.283511,7543.563715,23102.70199,0,2454.8459
,,,,,3710,10603.85851,7416.046674,7711.91373,23605.9023,0,2481.1903
,,,,,3711,10584.52541,7621.186188,7634.916966,23665.33412,0,2502.1282
,,,,,3712,10809.78923,7607.334083,7820.708086,23799.86541,0,2544.6921
,,,,,3713,12241.45692,7781.805806,7983.195219,23705.75819,0,2599.4452
,,,,,3714,11699.23876,8321.162708,7836.164803,23086.60849,0,2688.6033
,,,,,3715,10945.6343,8192.512409,7501.536775,22798.10747,0,2594.137
,,,,,3716,11256.93724,8069.49176,7783.666649,23171.73412,0,2594.5302
,,,,,3717,10817.1116,7936.101861,7582.944624,23332.1148,0,2600.1333
,,,,,3718,10004.36253,7849.121136,7156.770959,24849.01188,0,2528.7675
,,,,,3719,9174.43253,7306.323007,6543.734669,23293.23397,0,2428.01
,,,,,3720,8379.12317,6919.914784,6022.122302,22058.48505,0,2348.7802
,,,,,3721,7938.316324,6760.429124,5805.422958,21573.04283,0,2290.7832
,,,,,3722,7848.748367,6679.346181,5685.535016,21221.41498,0,2295.5999
,,,,,3723,7758.323276,6679.346181,5685.535016,20721.3367,0,2230.8202
,,,,,3724,7669.622542,6679.346181,5685.535016,20706.29378,0,2251.7581
,,,,,3725,8145.97564,6690.129104,5685.535016,20706.29378,0,2169.2844
,,,,,3726,9416.061638,7142.116032,6480.918319,21378.70359,0,2258.1476
,,,,,3727,10222.19419,7782.202108,6965.631981,22214.83506,0,2335.8046
,,,,,3728,10072.52927,7671.103308,7079.097236,21973.98172,0,2363.9184
,,,,,3729,10425.98426,7613.325694,7547.716797,22932.16391,0,2406.0891
,,,,,3730,10640.14471,7705.977792,7896.324458,23951.49069,0,2482.1733
,,,,,3731,11198.16173,8109.713357,8560.610125,24355.31948,0,2565.7283
,,,,,3732,11047.8545,8208.636576,7830.010089,23756.01874,0,2613.6987
,,,,,3733,10204.47856,7795.404466,7693.180581,23368.7102,0,2487.8747
,,,,,3734,10322.66616,7599.909838,7864.858378,23877.69839,0,2514.514
,,,,,3735,10303.84479,7812.958854,7786.339616,23937.8138,0,2535.7468
,,,,,3736,10523.14611,7798.572658,7975.803277,24073.89248,0,2578.9005
,,,,,3737,11927.77874,7979.771434,8141.502299,23978.70283,0,2634.3417
,,,,,3738,11389.05279,8537.658414,7991.565527,23352.43159,0,2735.3941
,,,,,3739,10655.39549,8406.313527,7650.322894,23060.61219,0,2629.0335
,,,,,3740,10958.45855,8278.549609,7938.02964,23438.53635,0,2629.4267
,,,,,3741,10530.27466,8140.016636,7733.339935,23600.76174,0,2635.1281
,,,,,3742,9739.038237,8049.682221,7298.742078,24998.31636,0,2562.7793
,,,,,3743,8931.075658,7485.955589,6673.587875,23561.4337,0,2460.7439
,,,,,3744,8156.817341,7084.648741,6141.664776,22312.48254,0,2380.3345
,,,,,3745,7756.48872,6868.282452,5871.295983,21599.41628,0,2273.679
,,,,,3746,7668.967268,6788.052886,5756.466082,21247.35904,0,2278.4957
,,,,,3747,7580.608268,6788.052886,5756.466082,20749.12312,0,2214.1092
,,,,,3748,7549.980298,6788.052886,5756.466082,20749.12312,0,2234.9488
,,,,,3749,7959.403302,6798.587679,5756.466082,20749.12312,0,2158.668
,,,,,3750,9200.46956,7246.683233,6550.472546,21404.83972,0,2241.3383
,,,,,3751,9988.183074,7881.258498,7037.827721,22241.99223,0,2318.3072
,,,,,3752,9841.937798,7771.116201,7151.911319,22000.84478,0,2346.2244
,,,,,3753,10187.31682,7713.836022,7623.084685,22960.19705,0,2388.1002
,,,,,3754,10396.584,7805.690433,7973.59213,23980.76859,0,2463.6929
,,,,,3755,10941.85108,8205.950043,8622.853916,24385.09051,0,2546.5598
,,,,,3756,10794.97818,8304.021585,7906.916372,23785.05793,0,2594.2353
,,,,,3757,9970.872222,7894.34719,7769.341194,23397.27643,0,2469.296
,,,,,3758,10086.3594,7700.53567,7941.954572,23906.88617,0,2495.7387
,,,,,3759,10067.96807,7911.750444,7863.007911,23967.075,0,2516.8732
,,,,,3760,10282.25865,7897.488106,8053.50408,24103.31985,0,2559.732
,,,,,3761,11626.05283,8077.126854,8220.1061,24008.01396,0,2614.78
,,,,,3762,11128.38055,8630.716642,8069.352228,23380.97794,0,2711.0157
,,,,,3763,10411.48632,8499.996639,7726.249947,23088.80219,0,2609.4718
,,,,,3764,10707.62479,8373.332703,8015.52459,23467.18785,0,2609.7667
,,,,,3765,10289.22433,8235.992427,7809.719401,23629.61134,0,2615.4681
,,,,,3766,9516.066582,8146.435745,7372.753145,24996.61173,0,2543.6108
,,,,,3767,8726.564851,7587.562508,6744.192081,23590.23528,0,2442.3618
,,,,,3768,7969.997285,7189.710706,6209.370196,22339.75896,0,2362.5422
,,,,,3769,7591.401002,6878.22595,5844.193316,21525.30439,0,2245.6635
,,,,,3770,7505.737646,6795.049232,5718.539809,21174.45378,0,2250.3819
,,,,,3771,7419.254522,6795.049232,5718.539809,20675.48087,0,2186.7818
,,,,,3772,7400.528605,6795.049232,5718.539809,20663.95413,0,2207.4248
,,,,,3773,7790.007672,6806.440946,5718.539809,20663.95413,0,2147.855
,,,,,3774,9004.725881,7267.975431,6524.180153,21331.39472,0,2213.716
,,,,,3775,9775.716102,7921.582381,7012.116754,22165.678,0,2289.7019
,,,,,3776,9632.575639,7808.136783,7126.336457,21925.35705,0,2317.3242
,,,,,3777,9970.622209,7749.138702,7598.071944,22881.42127,0,2358.7085
,,,,,3778,10175.44661,7843.747938,7948.997553,23898.49493,0,2433.3182
,,,,,3779,10709.13758,8256.011822,8627.85225,24301.43109,0,2515.2021
,,,,,3780,10565.38281,8357.024648,7882.242249,23703.45505,0,2562.1895
,,,,,3781,9758.772763,7935.063619,7744.50294,23317.00262,0,2438.823
,,,,,3782,9871.808126,7735.439456,7917.32225,23824.86574,0,2464.9708
,,,,,3783,9853.807252,7952.988818,7838.281404,23884.84827,0,2485.8104
,,,,,3784,10063.5484,7938.298735,8029.004839,24020.62616,0,2528.1777
,,,,,3785,11379.74976,8123.325068,8195.80562,23925.64693,0,2582.4393
,,,,,3786,10891.70699,8691.755286,8044.871895,23300.75999,0,2665.5028
,,,,,3787,10190.03255,8558.877233,7701.360285,23009.58563,0,2577.2294
,,,,,3788,10479.88395,8428.41449,7990.980039,23386.67442,0,2577.6226
,,,,,3789,10070.3662,8286.955213,7784.92932,23548.54123,0,2583.2257
,,,,,3790,9313.622724,8194.712617,7347.441753,24938.32899,0,2512.2531
,,,,,3791,8540.88225,7619.078091,6718.1308,23509.30012,0,2412.1837
,,,,,3792,7800.376743,7209.294229,6182.670859,22263.10964,0,2333.4454
,,,,,3793,7476.541191,6798.081227,5802.273591,21388.63849,0,2217.7463
,,,,,3794,7392.170606,6701.666224,5695.284698,21040.01296,0,2222.3664
,,,,,3795,7306.992624,6713.619064,5695.284698,20575.81054,0,2160.4374
,,,,,3796,7299.552285,6659.067268,5695.284698,20575.81054,0,2180.4906
,,,,,3797,7672.150632,6727.026346,5695.284698,20575.81054,0,2154.4411
,,,,,3798,8868.537181,7183.866577,6451.456364,21195.95859,0,2186.5852
,,,,,3799,9627.892168,7830.825711,6917.288964,22024.95087,0,2260.7034
,,,,,3800,9486.911878,7718.533964,7026.334404,21786.15402,0,2287.5393
,,,,,3801,9819.85689,7660.135951,7476.699815,22736.15492,0,2327.8423
,,,,,3802,10021.59022,7753.78292,7811.728154,23746.77834,0,2400.486
,,,,,3803,10547.22711,8161.853679,8448.204992,24147.15909,0,2480.2073
,,,,,3804,10405.64178,8261.839107,7747.99693,23552.97539,0,2526.0151
,,,,,3805,9611.204525,7844.169831,7616.497346,23168.97383,0,2405.8925
,,,,,3806,9722.534039,7646.57604,7781.487774,23673.6161,0,2431.3522
,,,,,3807,9704.804821,7861.912713,7706.027554,23733.21823,0,2451.602
,,,,,3808,9911.38071,7847.372043,7888.111033,23868.13502,0,2492.888
,,,,,3809,11206.34967,8030.516479,8047.355577,23773.75813,0,2545.7734
,,,,,3810,10727.04132,8651.296774,7903.259296,23152.83421,0,2602.3942
,,,,,3811,10035.95604,8461.638656,7575.309095,22863.50647,0,2540.6618
,,,,,3812,10321.43322,8332.502846,7851.808794,23238.20377,0,2541.055
,,,,,3813,9918.095615,8192.482346,7655.092371,23399.04403,0,2546.4615
,,,,,3814,9172.772373,8101.177947,7237.423415,24684.1372,0,2477.4549
,,,,,3815,8411.693547,7531.398183,6636.620859,23360.05179,0,2379.9413
,,,,,3816,7682.363221,7125.78222,6125.417773,22121.7646,0,2303.2673
,,,,,3817,7497.926782,6791.959127,5720.413891,21067.09929,0,2205.6554
,,,,,3818,7413.315497,6695.630891,5620.223328,20724.8289,0,2209.8823
,,,,,3819,7327.894513,6707.572974,5620.223328,20287.26354,0,2153.4581
,,,,,3820,7285.457816,6674.038499,5620.223328,20287.26354,0,2171.7419
,,,,,3821,7694.094272,6720.968191,5620.223328,20287.26354,0,2151.1972
,,,,,3822,8893.893968,7177.397293,6343.591377,20877.93177,0,2177.345
,,,,,3823,9655.415303,7823.774202,6790.763421,21691.81225,0,2244.8771
,,,,,3824,9514.032814,7711.583511,6895.440664,21457.36846,0,2269.3538
,,,,,3825,9847.927678,7653.238052,7327.765114,22390.05167,0,2306.0197
,,,,,3826,10050.23653,7746.800744,7649.37272,23382.25231,0,2372.2739
,,,,,3827,10577.373,8154.504265,8274.764721,23775.33447,0,2444.9176
,,,,,3828,10435.38375,8254.399712,7588.194473,23191.98222,0,2486.5968
,,,,,3829,9638.680053,7837.106313,7461.962565,22814.98067,0,2377.0906
,,,,,3830,9750.327177,7639.690344,7620.343723,23310.42375,0,2400.3877
,,,,,3831,9732.54738,7854.833228,7547.906327,23368.93938,0,2418.8681
,,,,,3832,9939.712604,7840.305643,7722.695815,23501.39676,0,2456.4187
,,,,,3833,11260.91005,8023.28526,7875.561261,23408.74028,0,2504.684
,,,,,3834,10757.70019,8627.186923,7737.237261,22799.13526,0,2561.2065
,,,,,3835,10064.64334,8454.019452,7422.424253,22515.08171,0,2499.9656
,,,,,3836,10350.93494,8324.999857,7687.847789,22882.94861,0,2500.3588
,,,,,3837,9946.446666,8185.105368,7499.011531,23040.85689,0,2505.2738
,,,,,3838,9198.997106,8093.883137,7098.073767,24266.37068,0,2442.3618
,,,,,3839,8435.747014,7524.616141,6521.33846,23002.57544,0,2353.4986
,,,,,3840,7704.335996,7119.365208,6030.613402,21786.86115,0,2283.6073
,,,,,3841,7586.853832,6863.162241,5615.527861,20793.97643,0,2176.5586
,,,,,3842,7501.241655,6785.802641,5509.623826,20455.0327,0,2180.5889
,,,,,3843,7414.810201,6785.802641,5509.623826,19972.99353,0,2126.8188
,,,,,3844,7337.680983,6785.802641,5509.623826,19964.27496,0,2144.2179
,,,,,3845,7785.341845,6795.502956,5509.623826,19964.27496,0,2126.3273
,,,,,3846,8999.334325,7230.511544,6260.560784,20606.64751,0,2149.5261
,,,,,3847,9769.86392,7846.553565,6723.415584,21412.61756,0,2213.9126
,,,,,3848,9626.808976,7739.628056,6831.763959,21180.45242,0,2237.2097
,,,,,3849,9964.65358,7684.020788,7279.250445,22104.07051,0,2272.2045
,,,,,3850,10169.35561,7773.192522,7612.137141,23086.62756,0,2335.4114
,,,,,3851,10702.72773,8161.762251,8246.845091,23475.88921,0,2404.7129
,,,,,3852,10559.05884,8256.96954,7548.813314,22898.20678,0,2444.5244
,,,,,3853,9752.930704,7859.259992,7418.154331,22524.86946,0,2340.0315
,,,,,3854,9865.898534,7671.108882,7582.09007,23015.49714,0,2362.2473
,,,,,3855,9847.908414,7876.154971,7507.112224,23073.44403,0,2379.843
,,,,,3856,10057.52426,7862.309175,7688.031748,23204.614,0,2415.6242
,,,,,3857,11412.73597,8036.701439,7846.258333,23112.85809,0,2461.6286
,,,,,3858,10885.18806,8575.839468,7703.083177,22509.17806,0,2518.1511
,,,,,3859,10183.93283,8447.220997,7377.229372,22227.88534,0,2457.2051
,,,,,3860,10473.61107,8324.256375,7651.961568,22592.1768,0,2457.5
,,,,,3861,10064.33798,8190.927225,7456.50264,22748.55031,0,2462.2184
,,,,,3862,9308.046618,8103.986113,7041.503601,24105.43376,0,2402.2554
,,,,,3863,8535.767816,7561.435186,6444.541629,22710.64093,0,2317.5208
,,,,,3864,7795.704722,7175.202942,5936.606369,21506.74265,0,2250.8734
,,,,,3865,7676.885656,6812.386506,5666.592165,20867.33779,0,2178.0331
,,,,,3866,7590.260153,6736.708715,5558.680929,20527.19965,0,2182.3583
,,,,,3867,7502.805675,6736.708715,5558.680929,20043.46181,0,2124.6562
,,,,,3868,7398.722072,6736.708715,5558.680929,20033.56693,0,2143.3332
,,,,,3869,7877.723021,6745.920023,5558.680929,20033.56693,0,2121.6089
,,,,,3870,9106.084606,7173.25961,6319.303127,20679.34873,0,2149.0346
,,,,,3871,9885.734374,7778.441092,6787.667441,21488.15896,0,2218.0412
,,,,,3872,9740.986198,7673.400631,6897.305523,21255.17569,0,2243.0094
,,,,,3873,10082.82961,7618.773693,7350.118587,22182.04854,0,2280.4617
,,,,,3874,10289.95454,7706.373371,7686.967743,23168.06803,0,2348.1904
,,,,,3875,10829.63978,8088.092794,8324.948483,23558.7014,0,2422.4069
,,,,,3876,10684.27039,8181.621622,7622.890152,22978.98327,0,2464.9708
,,,,,3877,9868.600733,7790.923511,7490.675892,22604.33034,0,2353.1054
,,,,,3878,9982.905677,7606.089419,7656.563012,23096.68695,0,2376.894
,,,,,3879,9964.702622,7807.520639,7580.69268,23154.83805,0,2395.7676
,,,,,3880,10176.79953,7793.918938,7763.765749,23286.47025,0,2434.1046
,,,,,3881,11560.91627,7965.236747,7923.875757,23194.391,0,2483.3529
,,,,,3882,11014.25976,8495.906,7778.99634,22588.58365,0,2539.9737
,,,,,3883,10304.70431,8368.519033,7449.26379,22306.29967,0,2478.6345
,,,,,3884,10597.81124,8247.722221,7727.266214,22671.87487,0,2478.9294
,,,,,3885,10183.6939,8116.743602,7529.480674,22828.79942,0,2484.041
,,,,,3886,9418.450892,8031.335222,7109.541764,24190.49186,0,2419.7528
,,,,,3887,8637.031213,7498.349219,6505.473957,22790.75646,0,2329.0219
,,,,,3888,7888.208555,7118.926073,5991.492577,21582.61573,0,2257.6561
,,,,,3889,7711.20417,6778.443589,5775.984531,20893.00997,0,2180.0974
,,,,,3890,7624.192405,6705.531181,5670.047597,20552.45385,0,2184.226
,,,,,3891,7536.347969,6705.531181,5670.047597,20073.79069,0,2128.6865
,,,,,3892,7471.822851,6705.531181,5670.047597,20073.79069,0,2146.6754
,,,,,3893,7912.937066,6713.93842,5670.047597,20073.79069,0,2127.0154
,,,,,3894,9146.775897,7128.667935,6421.143303,20704.7899,0,2152.1802
,,,,,3895,9929.902111,7715.991531,6884.08841,21514.59402,0,2218.631
,,,,,3896,9784.508504,7614.050637,6992.457924,21281.32446,0,2242.8128
,,,,,3897,10127.87619,7561.035648,7440.031717,22209.33627,0,2278.8889
,,,,,3898,10335.92469,7646.050407,7772.983361,23196.56743,0,2344.1601
,,,,,3899,10878.01638,8016.505933,8407.744955,23587.68082,0,2415.7225
,,,,,3900,10731.99879,8107.274883,7709.647179,23007.25031,0,2456.8119
,,,,,3901,9912.69207,7728.105615,7578.962704,22632.137,0,2348.9768
,,,,,3902,10027.5067,7548.725666,7742.930428,23125.09863,0,2371.8807
,,,,,3903,10009.22248,7744.21299,7667.937953,23183.32118,0,2390.0662
,,,,,3904,10222.26512,7731.012652,7848.892776,23315.11514,0,2427.1253
,,,,,3905,11583.65501,7897.275161,8007.150232,23222.92274,0,2474.6042
,,,,,3906,11063.45957,8414.019282,7863.947141,22616.37095,0,2531.1267
,,,,,3907,10350.74022,8288.657266,7538.02976,22333.7401,0,2469.9841
,,,,,3908,10645.15412,8171.424964,7812.815558,22699.76452,0,2470.3773
,,,,,3909,10229.19023,8044.311304,7617.318495,22856.88191,0,2475.194
,,,,,3910,9460.535019,7961.423181,7202.238487,24188.5322,0,2413.265
,,,,,3911,8675.631002,7444.164698,6605.160044,22818.79219,0,2325.778
,,,,,3912,7923.469355,7075.93769,6097.125683,21609.16687,0,2256.8697
,,,,,3913,7681.317229,6856.209184,5773.478383,20924.13488,0,2160.2408
,,,,,3914,7594.641847,6786.318381,5665.085635,20583.07202,0,2164.4677
,,,,,3915,7507.137014,6786.318381,5665.085635,20098.01906,0,2108.1418
,,,,,3916,7500.422569,6786.318381,5665.085635,20083.97134,0,2126.3273
,,,,,3917,7882.270234,6793.847051,5665.085635,20083.97134,0,2105.8809
,,,,,3918,9111.3391,7194.798127,6428.031249,20735.63475,0,2131.9304
,,,,,3919,9891.437784,7762.60924,6897.717253,21546.64386,0,2199.3642
,,,,,3920,9746.606263,7664.055099,7007.664725,21313.02719,0,2223.8409
,,,,,3921,10088.64651,7612.801412,7461.755596,22242.4199,0,2260.4085
,,,,,3922,10295.8907,7694.99175,7799.555316,23231.12006,0,2326.6627
,,,,,3923,10835.88668,8053.139739,8438.321172,23622.81543,0,2399.2081
,,,,,3924,10690.43359,8140.893098,7735.296902,23041.52124,0,2440.8873
,,,,,3925,9874.294277,7774.320861,7602.709543,22665.84975,0,2331.4794
,,,,,3926,9988.665037,7600.9004,7769.064784,23159.54491,0,2354.6782
,,,,,3927,9970.451501,7789.893105,7692.980352,23217.8541,0,2373.1586
,,,,,3928,10182.67053,7777.131319,7876.57004,23349.84417,0,2410.7092
,,,,,3929,11501.37711,7937.870136,8037.131867,23257.51458,0,2458.8762
,,,,,3930,11020.61296,8439.398912,7891.84361,22650.06024,0,2515.3987
,,,,,3931,10310.64895,8316.249466,7561.180579,22367.00883,0,2454.2561
,,,,,3932,10603.92466,8202.911939,7839.967505,22733.5779,0,2454.551
,,,,,3933,10189.56887,8080.02134,7641.623829,22890.92908,0,2459.466
,,,,,3934,9423.885244,7999.886985,7220.499882,24261.81067,0,2396.6523
,,,,,3935,8642.01563,7499.813232,6614.727439,22852.78269,0,2307.8874
,,,,,3936,7892.761806,7143.819723,6099.29564,21641.35743,0,2238.0944
,,,,,3937,7591.585681,6900.444407,5759.565199,21057.08508,0,2131.144
,,,,,3938,7505.920246,6828.528252,5654.649601,20713.85763,0,2135.5675
,,,,,3939,7439.310156,6828.528252,5654.649601,20251.17382,0,2076.5875
,,,,,3940,7439.310156,6828.528252,5654.649601,20251.17382,0,2095.756
,,,,,3941,7790.19717,6836.645818,5654.649601,20251.17382,0,2072.6555
,,,,,3942,9004.944854,7246.832443,6400.817109,20867.38861,0,2101.5557
,,,,,3943,9775.953783,7827.722578,6860.958777,21683.54487,0,2172.0368
,,,,,3944,9632.809847,7726.89833,6968.672042,21448.44553,0,2197.6931
,,,,,3945,9970.864619,7674.46406,7413.53548,22383.73671,0,2236.0301
,,,,,3946,10175.69399,7758.547579,7744.470882,23378.71174,0,2305.2333
,,,,,3947,10709.39791,8124.945186,8377.567164,23772.89304,0,2381.1209
,,,,,3948,10565.63965,8214.719865,7681.518243,23187.90962,0,2424.7661
,,,,,3949,9759.010033,7839.703965,7551.625148,22809.8539,0,2310.3449
,,,,,3950,9872.048139,7662.288919,7714.599939,23306.68234,0,2334.625
,,,,,3951,9854.046828,7855.634902,7640.061594,23365.36159,0,2353.8918
,,,,,3952,10063.79307,7842.579159,7819.920615,23498.18935,0,2393.1135
,,,,,3953,11340.41712,8007.020451,7977.219718,23405.27379,0,2443.5414
,,,,,3954,10891.97175,8518.74792,7834.883816,22793.96418,0,2500.0639
,,,,,3955,10190.28028,8394.115411,7510.940081,22509.11636,0,2438.7247
,,,,,3956,10480.13872,8278.167256,7784.061869,22878.01189,0,2439.0196
,,,,,3957,10070.61103,8152.445981,7589.74867,23036.36172,0,2444.2295
,,,,,3958,9313.849192,8070.465803,7177.182245,24324.27127,0,2378.4668
,,,,,3959,8541.089968,7558.873298,6583.719507,22997.97322,0,2285.6716
,,,,,3960,7800.566493,7194.679798,6078.76163,21778.85955,0,2212.6347
,,,,,3961,7489.752964,6866.035319,5741.795506,20983.75319,0,2136.9437
,,,,,3962,7405.233677,6787.43737,5650.17657,20656.1894,0,2141.3672
,,,,,3963,7342.187965,6787.43737,5650.17657,20241.03573,0,2082.8787
,,,,,3964,7342.187965,6787.43737,5650.17657,20241.03573,0,2101.7523
,,,,,3965,7685.707161,6797.49775,5650.17657,20241.03573,0,2079.1433
,,,,,3966,8884.202313,7238.153174,6332.22824,20802.71378,0,2107.552
,,,,,3967,9644.895645,7862.192022,6755.903708,21581.62361,0,2177.5416
,,,,,3968,9503.666881,7753.878516,6855.080704,21357.25336,0,2202.903
,,,,,3969,9837.198701,7697.54941,7264.688741,22249.86122,0,2240.9451
,,,,,3970,10039.28758,7787.878681,7569.397532,23199.42919,0,2309.5585
,,,,,3971,10565.8509,8181.492424,8180.832744,23575.62148,0,2384.8563
,,,,,3972,10424.01603,8277.935597,7511.433885,23017.33459,0,2428.1083
,,,,,3973,9628.178591,7875.06339,7391.834811,22656.53196,0,2314.6701
,,,,,3974,9739.704321,7684.469896,7541.893859,23130.68695,0,2338.7536
,,,,,3975,9721.943856,7892.177683,7473.262673,23186.68829,0,2357.9221
,,,,,3976,9928.883829,7878.152155,7638.867878,23313.45427,0,2396.8489
,,,,,3977,11190.19863,8054.808201,7783.701036,23224.77904,0,2446.7853
,,,,,3978,10745.98202,8600.181954,7652.645246,22641.3674,0,2503.4061
,,,,,3979,10053.67872,8470.656703,7354.374032,22369.519,0,2441.9686
,,,,,3980,10339.65905,8346.09588,7605.850935,22721.57947,0,2442.3618
,,,,,3981,9935.610569,8211.035988,7426.937045,22872.70279,0,2447.4734
,,,,,3982,9188.973713,8122.966295,7047.066486,24059.63581,0,2382.2022
,,,,,3983,8426.553503,7573.372528,6500.635634,22836.06621,0,2290.1934
,,,,,3984,7695.93775,7182.126613,6035.695638,21672.58847,0,2217.7463
,,,,,3985,7365.695463,6878.564643,5648.92494,20551.07418,0,2145.7907
,,,,,3986,7282.572468,6799.757788,5561.837387,20224.12604,0,2150.3125
,,,,,3987,7242.83654,6799.757788,5561.837387,19809.91058,0,2090.6444
,,,,,3988,7242.83654,6799.757788,5561.837387,19809.91058,0,2109.9112
,,,,,3989,7558.412419,6809.87891,5561.837387,19809.91058,0,2086.1226
,,,,,3990,8737.107957,7251.486944,6221.980182,20370.37504,0,2115.8092
,,,,,3991,9485.234333,7876.874839,6633.186124,21147.82092,0,2187.175
,,,,,3992,9346.338725,7768.32718,6729.444163,20923.87237,0,2213.1262
,,,,,3993,9674.360467,7711.876303,7126.996702,21814.8026,0,2251.9547
,,,,,3994,9873.110762,7802.400847,7422.737368,22762.58587,0,2321.9443
,,,,,3995,10390.97504,8196.865505,8026.764603,23138.07112,0,2398.8149
,,,,,3996,10251.48334,8293.517169,7366.479696,22580.83351,0,2442.9516
,,,,,3997,9468.793452,7889.774033,7250.400636,22220.70901,0,2327.1542
,,,,,3998,9578.476732,7698.768513,7396.043178,22693.97283,0,2351.7292
,,,,,3999,9561.009677,7906.925323,7329.431931,22749.86892,0,2371.2909
,,,,,4000,9764.53092,7892.869474,7490.163078,22876.39665,0,2411.0041
,,,,,4001,10981.50585,8069.907416,7630.733537,22787.88808,0,2462.0218
,,,,,4002,10568.13032,8616.333123,7503.534954,22205.57294,0,2518.6426
,,,,,4003,9887.264154,8486.6549,7214.042395,21934.23548,0,2457.1068
,,,,,4004,10168.51997,8361.824801,7458.117883,22285.63427,0,2457.4017
,,,,,4005,9771.146532,8226.472936,7284.469749,22436.47354,0,2462.7099
,,,,,4006,9036.844412,8138.212854,6915.779459,23621.7915,0,2396.1608
,,,,,4007,8287.019686,7587.430975,6385.431045,22399.90582,0,2302.186
,,,,,4008,7568.473994,7195.339264,5934.175066,21238.61482,0,2228.2644
,,,,,4009,7260.513776,6929.005667,5516.340481,20224.29849,0,2153.8513
,,,,,4010,7178.574622,6857.660961,5427.378414,19894.62979,0,2158.3731
,,,,,4011,7135.613523,6857.660961,5427.378414,19425.78138,0,2097.4271
,,,,,4012,7135.613523,6857.660961,5427.378414,19403.40563,0,2117.1854
,,,,,4013,7450.486049,6865.612371,5427.378414,19403.40563,0,2082.6821
,,,,,4014,8612.394558,7273.193208,6096.5662,20042.09573,0,2123.1817
,,,,,4015,9349.866089,7850.393128,6512.917444,20826.0108,0,2196.1203
,,,,,4016,9212.948637,7750.209386,6610.379932,20600.19875,0,2222.563
,,,,,4017,9536.298681,7698.108215,7012.906934,21498.54249,0,2262.2762
,,,,,4018,9732.218366,7781.657577,7312.348118,22454.21234,0,2333.8386
,,,,,4019,10242.7072,8145.727574,7919.431792,22832.82203,0,2412.3803
,,,,,4020,10105.20215,8234.931943,7255.38651,22270.9476,0,2457.5
,,,,,4021,9333.659359,7862.298402,7137.854985,21907.82648,0,2339.1468
,,,,,4022,9441.780526,7686.010419,7285.319911,22385.02837,0,2364.2133
,,,,,4023,9424.562238,7878.128134,7217.875176,22441.38957,0,2384.1682
,,,,,4024,9625.184923,7865.15533,7380.617507,22568.97014,0,2424.7661
,,,,,4025,10835.70159,8028.551978,7522.946884,22479.72509,0,2476.9634
,,,,,4026,10417.33943,8537.40191,7394.156701,21892.56446,0,2541.2516
,,,,,4027,9746.170185,8413.187844,7101.041805,21618.96918,0,2471.9501
,,,,,4028,10023.42034,8297.976271,7348.171339,21973.29198,0,2472.245
,,,,,4029,9631.706315,8173.053665,7172.350396,22125.3864,0,2477.6515
,,,,,4030,8907.862155,8091.594282,6799.04679,23483.35157,0,2409.6279
,,,,,4031,8168.716463,7583.251765,6262.062277,22088.5144,0,2313.5888
,,,,,4032,7460.404327,7221.371873,5805.15986,20917.5602,0,2238.0944
,,,,,4033,7129.461266,6827.670206,5499.403339,20243.59843,0,2186.3886
,,,,,4034,7048.997134,6750.957578,5392.281881,19913.6155,0,2191.0087
,,,,,4035,6983.312,6750.957578,5392.281881,19444.32021,0,2129.178
,,,,,4036,6983.312,6750.957578,5392.281881,19260.18088,0,2149.2312
,,,,,4037,7316.013766,6760.469778,5392.281881,19404.5512,0,2096.9356
,,,,,4038,8457.006255,7192.52819,6139.446879,20061.222,0,2155.3258
,,,,,4039,9181.202241,7804.392289,6598.72146,20845.88427,0,2229.3457
,,,,,4040,9046.749499,7698.191936,6706.231752,20619.85698,0,2256.1816
,,,,,4041,9364.278778,7642.961789,7150.256893,21519.05698,0,2296.4846
,,,,,4042,9556.671628,7731.528771,7480.568683,22475.63774,0,2369.1283
,,,,,4043,10057.97093,8117.463268,8120.10019,22854.6083,0,2448.8496
,,,,,4044,9922.941164,8212.024872,7417.734671,22292.19832,0,2494.6574
,,,,,4045,9165.287255,7817.012542,7288.086345,21928.73108,0,2374.5348
,,,,,4046,9271.462086,7630.137451,7450.754028,22406.38782,0,2399.9945
,,,,,4047,9254.553751,7833.792941,7376.356142,22462.80275,0,2420.2443
,,,,,4048,9451.56494,7820.041046,7555.876239,22590.50492,0,2461.432
,,,,,4049,10679.36955,7993.250603,7712.878929,22501.1748,0,2514.4157
,,,,,4050,10229.45953,8529.130792,7570.811244,21913.45452,0,2592.6625
,,,,,4051,9570.372294,8400.986067,7247.477945,21639.59846,0,2509.3041
,,,,,4052,9842.631551,8278.855376,7520.085065,21994.25899,0,2509.599
,,,,,4053,9457.968938,8146.430448,7326.138028,22146.49838,0,2515.1038
,,,,,4054,8747.155011,8060.07896,6914.34904,23656.16525,0,2445.9989
,,,,,4055,8021.315002,7521.207548,6322.004618,22109.59123,0,2348.5836
,,,,,4056,7325.7535,7137.594685,5817.998279,20937.52093,0,2271.9096
,,,,,4057,7104.459781,6854.923609,5636.588899,20779.24776,0,2220.9902
,,,,,4058,7024.277046,6757.702986,5527.663833,20440.54383,0,2225.7086
,,,,,4059,6961.064946,6769.7557,5527.663833,19958.8457,0,2162.7966
,,,,,4060,6961.064946,6501.776643,5527.663833,19745.20939,0,2183.1447
,,,,,4061,7290.359875,6783.27501,5527.663833,19918.02565,0,2128.5882
,,,,,4062,8427.36212,7243.932486,6292.525139,20592.05137,0,2189.3376
,,,,,4063,9149.025469,7896.297449,6763.203808,21397.4512,0,2264.6354
,,,,,4064,9015.042932,7783.067421,6873.38365,21165.45032,0,2291.8645
,,,,,4065,9331.461757,7724.181448,7328.434226,22088.41496,0,2332.7573
,,,,,4066,9523.181777,7818.610908,7666.947873,23070.27686,0,2406.5806
,,,,,4067,10022.72795,8230.091405,8306.7738,23459.2631,0,2487.5798
,,,,,4068,9888.170406,8330.912287,7602.553652,22881.98938,0,2534.0757
,,,,,4069,9133.166141,7909.75307,7469.686074,22508.9162,0,2412.0854
,,,,,4070,9238.96966,7710.508233,7636.392901,22999.19676,0,2437.9383
,,,,,4071,9222.120457,7927.644207,7560.147667,23057.10266,0,2458.483
,,,,,4072,9418.442665,7912.982038,7744.125365,23188.17982,0,2500.3588
,,,,,4073,10640.3244,8097.656784,7905.026534,23096.48883,0,2554.1289
,,,,,4074,10193.61683,8889.463304,7759.431216,22493.2359,0,2633.6536
,,,,,4075,9536.834529,8532.381311,7428.06934,22212.14219,0,2549.0173
,,,,,4076,9808.141649,8402.166474,7707.445473,22576.17591,0,2549.3122
,,,,,4077,9424.824266,8260.975998,7508.682604,22732.43879,0,2554.817
,,,,,4078,8716.496176,8168.908682,7086.668627,24288.47644,0,2484.7291
,,,,,4079,7993.194553,7594.367979,6479.615905,22694.55623,0,2385.741
,,,,,4080,7300.065548,7185.36279,5963.094759,21491.5097,0,2307.7891
,,,,,4081,7190.885486,6989.722826,5833.747109,21341.87827,0,2266.6997
,,,,,4082,7109.730013,6890.591711,5730.533242,20994.01405,0,2271.5164
,,,,,4083,7068.507432,6902.881275,5730.533242,20499.28834,0,2207.3265
,,,,,4084,7068.507432,6645.30264,5730.533242,20326.00616,0,2228.1661
,,,,,4085,7379.040832,6916.666254,5730.533242,20457.3643,0,2161.617
,,,,,4086,8529.836645,7386.376156,6468.489475,21149.61913,0,2234.4573
,,,,,4087,9260.25487,8051.560809,6923.960105,21976.8011,0,2311.2296
,,,,,4088,9124.64692,7936.105686,7030.57994,21738.52573,0,2339.0485
,,,,,4089,9444.904387,7876.062539,7470.927434,22686.45206,0,2380.826
,,,,,4090,9638.950263,7972.347641,7798.50341,23694.86853,0,2456.1238
,,,,,4091,10144.55669,8391.914184,8428.824978,24094.37495,0,2538.7941
,,,,,4092,10008.36676,8494.716307,7736.189822,23501.4888,0,2586.273
,,,,,4093,9244.203144,8065.280847,7607.615311,23118.3258,0,2461.7269
,,,,,4094,9351.290221,7862.12063,7768.935696,23621.86606,0,2488.1696
,,,,,4095,9334.236611,8083.523565,7695.154012,23681.33803,0,2509.1075
,,,,,4096,9532.940506,8068.573268,7873.18723,23815.96019,0,2551.868
,,,,,4097,10733.93567,8256.877076,8028.889541,23721.78941,0,2606.7194
,,,,,4098,10317.51871,9049.992416,7887.998535,23102.22142,0,2695.0911
,,,,,4099,9652.768644,8700.144419,7567.343251,22813.5255,0,2601.4112
,,,,,4100,9927.367133,8567.370717,7837.692496,23187.40456,0,2601.8044
,,,,,4101,9539.399526,8423.405693,7645.35183,23347.89359,0,2607.4075
,,,,,4102,8822.478338,8329.529152,7236.973493,24892.53519,0,2535.8451
,,,,,4103,8090.401965,7743.698092,6649.535175,23308.98649,0,2434.891
,,,,,4104,7388.86425,7326.655501,6149.703279,22073.40342,0,2355.3663
,,,,,4105,7251.126848,7263.037734,5884.735196,21469.12038,0,2298.3523
,,,,,4106,7169.293346,7160.032961,5779.497352,21119.18451,0,2303.2673
,,,,,4107,7092.634218,7172.802753,5779.497352,20621.51253,0,2238.1927
,,,,,4108,7092.634218,7040.213525,5779.497352,20369.38842,0,2259.3272
,,,,,4109,7440.854173,7187.126396,5779.497352,20579.33882,0,2189.8291
,,,,,4110,8601.264525,7675.19073,6527.219778,21275.71627,0,2265.7167
,,,,,4111,9337.785166,8366.368207,6988.245971,22107.82439,0,2343.5703
,,,,,4112,9201.044254,8246.401548,7096.166292,21868.13001,0,2371.7824
,,,,,4113,9523.977373,8184.012148,7541.884886,22821.70157,0,2414.0514
,,,,,4114,9719.644441,8284.059697,7873.456442,23836.12351,0,2490.5288
,,,,,4115,10229.47505,8720.021265,8507.078153,24238.00913,0,2574.2804
,,,,,4116,10092.1473,8826.840494,7810.382789,23641.59213,0,2622.3491
,,,,,4117,9321.599333,8380.624371,7680.240002,23256.14727,0,2496.1319
,,,,,4118,9429.581089,8169.525445,7843.528078,23762.68628,0,2522.8695
,,,,,4119,9412.385001,8399.579943,7768.846448,23822.51243,0,2544.2006
,,,,,4120,9612.749006,8384.045447,7949.051211,23957.93631,0,2587.5509
,,,,,4121,10867.93979,8579.707433,8106.652688,23863.20471,0,2643.1887
,,,,,4122,10403.88212,9294.156298,7964.043176,23239.94698,0,2733.2315
,,,,,4123,9733.57827,9040.295936,7639.476726,22949.53178,0,2637.7822
,,,,,4124,10010.47094,8902.333956,7913.123534,23325.63742,0,2638.1754
,,,,,4125,9619.261988,8752.743339,7718.436808,23487.08221,0,2643.8768
,,,,,4126,8896.351148,8655.19847,7305.077312,25103.26128,0,2571.3314
,,,,,4127,8158.158505,8046.475415,6710.473767,23447.94341,0,2468.9028
,,,,,4128,7450.759662,7613.136425,6204.545215,22205.00201,0,2388.2968
,,,,,4129,7277.977661,7356.067252,5867.806325,21582.23801,0,2336.0995
,,,,,4130,7195.841948,7251.743983,5757.089648,21230.46045,0,2341.1128
,,,,,4131,7127.145954,7264.677233,5757.089648,20730.16925,0,2274.9569
,,,,,4132,7127.145954,7184.725823,5757.089648,20476.18491,0,2296.3863
,,,,,4133,7468.40565,7279.184223,5757.089648,20687.77359,0,2231.6066
,,,,,4134,8633.1014,7773.495944,6531.248793,21387.81602,0,2302.8741
,,,,,4135,9372.342013,8473.520724,7007.31369,22224.30348,0,2382.0056
,,,,,4136,9235.096117,8352.018451,7118.754378,21983.3476,0,2410.7092
,,,,,4137,9559.221828,8288.830446,7579.012341,22941.93774,0,2453.6663
,,,,,4138,9755.611495,8390.158638,7921.399781,23961.69851,0,2531.3233
,,,,,4139,10267.32491,8831.70066,8563.954858,24365.69923,0,2616.4511
,,,,,4140,10129.49001,8939.88721,7856.268662,23766.14333,0,2665.4045
,,,,,4141,9356.096406,8487.959371,7721.880609,23378.66989,0,2537.123
,,,,,4142,9464.476939,8274.158308,7890.495152,23887.87479,0,2564.3521
,,,,,4143,9447.217346,8507.157581,7813.377403,23948.01579,0,2585.9781
,,,,,4144,9648.321295,8491.424238,7999.460456,24084.15241,0,2630.0165
,,,,,4145,10895.49065,8689.590764,8162.202903,23988.92224,0,2686.539
,,,,,4146,10442.37606,9369.362884,8014.941459,23362.38435,0,2771.7651
,,,,,4147,9769.596782,9156.074954,7679.787633,23070.44071,0,2681.1325
,,,,,4148,10047.51202,9016.347014,7962.360816,23448.52577,0,2681.4274
,,,,,4149,9654.85833,8864.841587,7761.323397,23610.82023,0,2687.2271
,,,,,4150,8929.277778,8766.048111,7334.480089,25233.11095,0,2613.5021
,,,,,4151,8188.358989,8149.533197,6720.480539,23571.47545,0,2509.4024
,,,,,4152,7478.34772,7710.647322,6198.048566,22321.99253,0,2427.4202
,,,,,4153,7267.294086,7282.942184,5888.976148,21681.0852,0,2373.4535
,,,,,4154,7185.278619,7194.614122,5778.401991,21327.69829,0,2378.4668
,,,,,4155,7124.838873,7194.614122,5778.401991,20825.11831,0,2311.2296
,,,,,4156,7124.838873,7194.614122,5778.401991,20595.88544,0,2333.0522
,,,,,4157,7457.44329,7207.503652,5778.401991,20782.5287,0,2279.577
,,,,,4158,8620.433939,7692.528126,6551.873443,21485.77375,0,2339.6383
,,,,,4159,9358.592312,8379.400672,7027.54714,22326.08806,0,2420.0477
,,,,,4160,9221.547342,8260.181213,7138.896254,22084.02983,0,2449.1445
,,,,,4161,9545.198536,8198.1804,7598.776006,23047.00543,0,2492.888
,,,,,4162,9741.300691,8297.604813,7940.882095,24071.43151,0,2571.7246
,,,,,4163,10252.26497,8730.851037,8583.204791,24477.28049,0,2658.2286
,,,,,4164,10114.63185,8837.004953,7875.804496,23874.98168,0,2707.9684
,,,,,4165,9342.370488,8393.568042,7741.526875,23485.73559,0,2577.6226
,,,,,4166,9450.592353,8183.783925,7910.002861,23997.27005,0,2605.2449
,,,,,4167,9433.358028,8412.405552,7832.948483,24057.6862,0,2627.2641
,,,,,4168,9634.167563,8396.967811,8018.878625,24194.44562,0,2671.9906
,,,,,4169,10869.05506,8591.411136,8181.487341,24098.77978,0,2729.3978
,,,,,4170,10427.05984,9185.781032,8034.346907,23469.37554,0,2804.4007
,,,,,4171,9755.265504,9049.130908,7699.468488,23176.09629,0,2723.893
,,,,,4172,10032.77388,8912.028211,7981.809471,23555.91105,0,2724.2862
,,,,,4173,9640.695028,8763.369305,7780.937252,23718.948,0,2730.1842
,,,,,4174,8916.176718,8666.431984,7354.444695,25324.35625,0,2655.1813
,,,,,4175,8176.342625,8061.500301,6740.94969,23679.42321,0,2549.5088
,,,,,4176,7467.370805,7630.860319,6218.947018,22424.22403,0,2466.2487
,,,,,4177,7264.752789,7206.738327,5888.110936,21667.12641,0,2381.2192
,,,,,4178,7182.765924,7122.610766,5774.534305,21313.96676,0,2386.2325
,,,,,4179,7172.887995,7122.610766,5774.534305,20811.71,0,2318.7987
,,,,,4180,7172.887995,7122.610766,5774.534305,20633.21711,0,2340.7196
,,,,,4181,7454.835679,7134.278949,5774.534305,20769.14777,0,2294.2237
,,,,,4182,8617.420735,7600.149252,6562.493434,21471.94057,0,2347.3057
,,,,,4183,9355.321676,8259.896417,7046.408542,22311.71446,0,2428.01
,,,,,4184,9218.324501,8145.38507,7159.686864,22069.8119,0,2457.2051
,,,,,4185,9541.862822,8085.83274,7627.534385,23032.1682,0,2501.0469
,,,,,4186,9737.896586,8181.33077,7975.567723,24055.93547,0,2580.1784
,,,,,4187,10248.68266,8597.467605,8622.786024,24461.52344,0,2666.9773
,,,,,4188,10111.09754,8699.429382,7909.362606,23859.61198,0,2716.8154
,,,,,4189,9339.105509,8273.504302,7772.758522,23470.61622,0,2585.9781
,,,,,4190,9447.289632,8072.004799,7944.153484,23981.8217,0,2613.797
,,,,,4191,9430.061318,8291.597896,7865.764079,24042.199,0,2635.8162
,,,,,4192,9630.80082,8276.769809,8054.915603,24178.87047,0,2680.7393
,,,,,4193,10796.94625,8463.534345,8220.341639,24083.26615,0,2738.3431
,,,,,4194,10423.41658,9036.752549,8070.651885,23454.26669,0,2807.3497
,,,,,4195,9751.856529,8903.178241,7729.971441,23161.17604,0,2732.8383
,,,,,4196,10029.26812,8771.489886,8017.204198,23540.74654,0,2733.1332
,,,,,4197,9637.326009,8628.70169,7812.851714,23703.67864,0,2739.1295
,,,,,4198,8913.060374,8535.592534,7378.969847,25265.77681,0,2663.93
,,,,,4199,8173.484298,7954.550294,6754.845572,23664.17927,0,2557.8643
,,,,,4200,7464.759731,7540.916778,6223.798803,22409.78732,0,2474.3093
,,,,,4201,7221.541726,7027.556127,5911.085125,21716.72711,0,2386.8223
,,,,,4202,7150.584324,6947.769965,5796.100778,21362.75991,0,2391.9339
,,,,,4203,7150.584324,6947.769965,5796.100778,20859.35465,0,2324.4018
,,,,,4204,7150.584324,6947.769965,5796.100778,20718.86849,0,2346.2244
,,,,,4205,7410.497037,6958.175833,5796.100778,20816.6951,0,2295.2067
,,,,,4206,8566.185595,7404.249471,6590.852485,21521.09494,0,2352.9088
,,,,,4207,9299.70928,8035.96138,7078.631596,22362.78912,0,2433.7114
,,,,,4208,9163.524777,7926.316072,7192.814433,22120.33341,0,2463.0048
,,,,,4209,9485.143857,7869.294355,7664.397659,23084.89029,0,2506.9449
,,,,,4210,9680.014741,7960.734297,8015.210001,24110.99857,0,2586.273
,,,,,4211,10187.77082,8359.187839,8664.723616,24517.51399,0,2673.2685
,,,,,4212,10051.00186,8456.816858,7948.476244,23914.22616,0,2723.3032
,,,,,4213,9283.589308,8048.991013,7810.781393,23524.34089,0,2592.171
,,,,,4214,9391.131678,7856.054017,7983.544923,24036.71533,0,2619.9899
,,,,,4215,9374.005563,8066.315739,7904.529588,24097.23069,0,2642.1074
,,,,,4216,9573.554271,8052.117756,8095.191464,24234.21469,0,2687.1288
,,,,,4217,10700.37074,8230.945931,8261.938407,24138.39175,0,2744.8309
,,,,,4218,10361.4682,8782.302945,8111.053399,23507.95398,0,2817.4746
,,,,,4219,9693.891873,8651.907626,7767.652663,23214.19313,0,2739.3261
,,,,,4220,9969.65785,8525.815227,8057.178938,23594.63159,0,2739.7193
,,,,,4221,9580.040752,8389.094664,7851.194724,23757.93625,0,2745.6173
,,,,,4222,8860.071489,8299.942084,7413.848363,25290.00575,0,2670.2212
,,,,,4223,8124.882606,7743.590618,6784.740532,23718.34657,0,2563.8606
,,,,,4224,7420.36222,7347.534018,6249.453419,22461.08624,0,2480.2073
,,,,,4225,7148.950079,6966.161078,5904.647941,21841.97495,0,2402.1571
,,,,,4226,7068.266597,6867.3639,5794.807092,21485.96856,0,2407.2687
,,,,,4227,7063.538683,6879.612064,5794.807092,20979.66322,0,2339.2451
,,,,,4228,7063.538683,6826.34893,5794.807092,20807.61232,0,2361.2643
,,,,,4229,7336.011134,6893.350607,5794.807092,20936.75791,0,2285.475
,,,,,4230,8480.114044,7361.478222,6564.74015,21645.21576,0,2367.9487
,,,,,4231,9206.284235,8024.422104,7038.401007,22491.75888,0,2449.3411
,,,,,4232,9071.464967,7909.355908,7149.278942,22247.9064,0,2478.8311
,,,,,4233,9389.859851,7849.515025,7607.212688,23218.02004,0,2523.0661
,,,,,4234,9582.777177,7945.475777,7947.871136,24250.03966,0,2602.8857
,,,,,4235,10085.44305,8363.628948,8588.998154,24658.89699,0,2690.471
,,,,,4236,9950.045188,8466.084767,7883.068916,24052.13365,0,2740.8006
,,,,,4237,9190.325864,8038.095924,7749.359498,23660.00228,0,2608.7837
,,,,,4238,9296.790135,7835.620082,7917.122569,24175.32848,0,2636.7992
,,,,,4239,9279.835707,8056.277189,7840.39425,24236.19246,0,2659.015
,,,,,4240,9477.383961,8041.377254,8025.537619,24373.96562,0,2704.3313
,,,,,4241,10624.63463,8229.046733,8187.458247,24277.59065,0,2762.4266
,,,,,4242,10257.39914,8860.600127,8040.940446,23643.52096,0,2855.3201
,,,,,4243,9596.515192,8670.820864,7707.479084,23348.06778,0,2756.9218
,,,,,4244,9869.516646,8538.49443,7988.625325,23730.69791,0,2757.2167
,,,,,4245,9483.805416,8395.014373,7788.603108,23894.94337,0,2763.213
,,,,,4246,8771.053764,8301.45407,7363.915278,25458.63838,0,2687.4237
,,,,,4247,8043.235067,7717.596468,6753.01631,23855.12561,0,2580.375
,,,,,4248,7345.77742,7301.958745,6233.222521,22590.62229,0,2496.1319
,,,,,4249,7136.917554,7014.686407,5845.233523,21937.81354,0,2412.4786
,,,,,4250,7056.369501,6915.201486,5736.498564,21580.24679,0,2417.5902
,,,,,4251,7035.96171,6927.534912,5736.498564,21071.72232,0,2349.2717
,,,,,4252,7035.96171,6839.470585,5736.498564,20852.8743,0,2371.3892
,,,,,4253,7323.664624,6941.369091,5736.498564,21028.62896,0,2290.7832
,,,,,4254,8465.847139,7412.755419,6501.095429,21740.19196,0,2378.0736
,,,,,4255,9190.798442,8080.314162,6971.720758,22590.44545,0,2459.8592
,,,,,4256,9056.20547,7964.446971,7081.888114,22345.52417,0,2489.4475
,,,,,4257,9374.065924,7904.189526,7536.887121,23319.88979,0,2533.8791
,,,,,4258,9566.659435,8000.818277,7875.362407,24356.43273,0,2614.0919
,,,,,4259,10068.48158,8421.882281,8514.686246,24767.08207,0,2701.9721
,,,,,4260,9933.310981,8525.051311,7810.975483,24157.6593,0,2752.4983
,,,,,4261,9174.866858,8094.083168,7678.122962,23763.80923,0,2619.9899
,,,,,4262,9281.152426,7890.197858,7844.810897,24281.39409,0,2648.1037
,,,,,4263,9264.226457,8112.390995,7768.574304,24342.52484,0,2670.4178
,,,,,4264,9461.443124,8097.38734,7952.531153,24480.90185,0,2715.9307
,,,,,4265,10628.69196,8286.363216,8113.414087,24384.10447,0,2774.3209
,,,,,4266,10240.14904,8948.555668,7967.835269,23747.25568,0,2870.8515
,,,,,4267,9580.37439,8731.21261,7636.510944,23450.50753,0,2768.6195
,,,,,4268,9852.917607,8597.96503,7915.855417,23834.81472,0,2769.0127
,,,,,4269,9467.8538,8453.486185,7717.115073,23999.78006,0,2775.009
,,,,,4270,8756.298513,8359.274593,7295.14892,25606.75265,0,2698.8265
,,,,,4271,8029.701471,7771.352662,6688.164993,23959.78778,0,2591.3846
,,,,,4272,7333.414517,7352.821617,6171.702382,22689.74218,0,2506.7483
,,,,,4273,7178.946997,7045.852935,5864.07514,21897.57016,0,2402.452
,,,,,4274,7097.925894,6945.926294,5756.205097,21540.65862,0,2407.5636
,,,,,4275,7053.55275,6958.314482,5756.205097,21033.06598,0,2339.54
,,,,,4276,7053.55275,6892.001542,5756.205097,20889.73049,0,2361.5592
,,,,,4277,7366.790812,6972.210085,5756.205097,20990.05158,0,2278.7906
,,,,,4278,8515.681238,7445.689398,6516.628529,21700.3107,0,2368.2436
,,,,,4279,9244.8901,8116.212143,6984.879773,22549.00618,0,2449.636
,,,,,4280,9109.506679,7999.830495,7094.491387,22304.5337,0,2479.126
,,,,,4281,9429.233892,7939.305503,7547.195136,23277.11388,0,2523.361
,,,,,4282,9622.958483,8036.363292,7883.962973,24311.75744,0,2603.1806
,,,,,4283,10127.72777,8459.296846,8521.876546,24721.6543,0,2690.7659
,,,,,4284,9991.763333,8562.923953,7819.90085,24113.34825,0,2741.0955
,,,,,4285,9228.864952,8130.042284,7687.718508,23720.21987,0,2609.0786
,,,,,4286,9335.774723,7925.251712,7853.565581,24236.8563,0,2637.0941
,,,,,4287,9318.749349,8148.4314,7777.713566,24297.87503,0,2659.3099
,,,,,4288,9517.124248,8133.361127,7960.742438,24435.99848,0,2704.6262
,,,,,4289,10721.15767,8323.176068,8120.813794,24339.37848,0,2762.8198
,,,,,4290,10300.40342,8970.529137,7975.969352,23703.69665,0,2861.4147
,,,,,4291,9636.753985,8770.000621,7646.316404,23407.49227,0,2757.2167
,,,,,4292,9910.897818,8636.161414,7924.251714,23791.09525,0,2757.6099
,,,,,4293,9523.572574,8491.041073,7726.513922,23955.75831,0,2763.5079
,,,,,4294,8807.838401,8396.411176,7306.676392,25497.49357,0,2687.7186
,,,,,4295,8076.974135,7805.878835,6702.754414,23915.83931,0,2580.6699
,,,,,4296,7376.597964,7385.489486,6188.897116,22648.12095,0,2496.3285
,,,,,4297,7266.554866,7075.912469,5867.171265,21734.6825,0,2410.9058
,,,,,4298,7184.547718,6975.559799,5756.146108,21380.42296,0,2416.0174
,,,,,4299,7109.584352,6988.000802,5756.146108,20876.60195,0,2347.7972
,,,,,4300,7109.584352,6906.208138,5756.146108,20758.71932,0,2369.9147
,,,,,4301,7456.68478,7001.955649,5756.146108,20833.90717,0,2282.3294
,,,,,4302,8619.557448,7477.453606,6531.793744,21538.88877,0,2376.5991
,,,,,4303,9357.640938,8150.835076,7008.705377,22381.27808,0,2458.2864
,,,,,4304,9220.609871,8033.957244,7120.344277,22138.62213,0,2487.8747
,,,,,4305,9544.228233,7973.174208,7581.420862,23103.97563,0,2532.208
,,,,,4306,9740.310494,8070.645795,7924.417278,24130.93135,0,2612.4208
,,,,,4307,10251.22293,8495.382496,8567.475339,24537.7825,0,2700.301
,,,,,4308,10113.60378,8599.45141,7859.170316,23933.99642,0,2750.7289
,,,,,4309,9341.42076,8164.724181,7724.543238,23543.78916,0,2618.3188
,,,,,4310,9449.631646,7959.060499,7893.457682,24056.58676,0,2646.4326
,,,,,4311,9432.39907,8183.191697,7816.20277,24117.1521,0,2668.7467
,,,,,4312,9633.188234,8168.057174,8002.616794,24254.24923,0,2714.1613
,,,,,4313,10887.67031,8358.681377,8165.648697,24158.34715,0,2772.5515
,,,,,4314,10426.00008,9020.256914,8018.125332,23527.38871,0,2874.9801
,,,,,4315,9754.27389,8807.410934,7682.375395,23233.38525,0,2766.9484
,,,,,4316,10031.75411,8673.001113,7965.451167,23614.1379,0,2767.2433
,,,,,4317,9639.715037,8527.262062,7764.05618,23777.57744,0,2773.2396
,,,,,4318,8915.270226,8432.228717,7336.45368,25291.32441,0,2697.1554
,,,,,4319,8175.511186,7839.178685,6721.36206,23737.95506,0,2589.7135
,,,,,4320,7466.611287,7416.997036,6198.00088,22479.65638,0,2505.1755
,,,,,4321,7402.793791,7128.309235,5866.357314,21593.10302,0,2395.9642
,,,,,4322,7319.253247,7027.213952,5742.69706,21241.14857,0,2401.0758
,,,,,4323,7234.91325,7039.747019,5742.69706,20740.6058,0,2333.2488
,,,,,4324,7192.653289,6935.081422,5742.69706,20540.76522,0,2355.1697
,,,,,4325,7596.478816,7053.805132,5742.69706,20698.18882,0,2277.0212
,,,,,4326,8781.095258,7532.821789,6548.91181,21398.58327,0,2361.8541
,,,,,4327,9532.979675,8211.186302,7038.69088,22235.49136,0,2443.0499
,,,,,4328,9393.386356,8093.44357,7153.341881,21994.41432,0,2472.4416
,,,,,4329,9723.05584,8032.210737,7626.858662,22953.48649,0,2516.5783
,,,,,4330,9922.804511,8130.403617,7979.109381,23973.76006,0,2596.2013
,,,,,4331,10443.27016,8558.283382,8651.71484,24377.96394,0,2683.4917
,,,,,4332,10303.07775,8663.122409,7912.102006,23778.10655,0,2733.723
,,,,,4333,9516.456206,8225.178186,7773.842588,23390.43827,0,2602.0993
,,,,,4334,9626.690455,8017.992586,7947.314471,23899.89922,0,2630.0165
,,,,,4335,9609.135658,8243.782363,7867.975163,23960.07047,0,2652.134
,,,,,4336,9813.679243,8228.535843,8059.418778,24096.27554,0,2697.352
,,,,,4337,11123.50084,8420.570671,8226.849406,24000.99748,0,2755.349
,,,,,4338,10621.31534,9103.720819,8075.345749,23374.14453,0,2850.3068
,,,,,4339,9937.028999,8872.62084,7730.537024,23082.05409,0,2749.7459
,,,,,4340,10219.69764,8737.216382,8021.250395,23460.32927,0,2750.1391
,,,,,4341,9820.328087,8590.398859,7814.421619,23622.70534,0,2756.0371
,,,,,4342,9082.33737,8494.662264,7375.28208,25199.8155,0,2680.4444
,,,,,4343,8328.746073,7897.223644,6743.594823,23583.34077,0,2573.6906
,,,,,4344,7606.590933,7471.917839,6206.112963,22333.22954,0,2489.6441
,,,,,4345,7996.397186,7251.125506,5780.088485,21215.58101,0,2344.6516
,,,,,4346,7906.162603,7166.528296,5646.690873,20869.73577,0,2349.6649
,,,,,4347,7815.064507,7166.528296,5642.585871,20377.88141,0,2283.2141
,,,,,4348,7732.00058,7166.528296,5642.585871,20119.75574,0,2304.7418
,,,,,4349,8205.602044,7175.688638,5644.963147,20336.2007,0,2234.5556
,,,,,4350,9485.140889,7660.702415,6452.643583,21024.43773,0,2311.2296
,,,,,4351,10297.27323,8347.559813,6935.247408,21846.8188,0,2390.7543
,,,,,4352,10146.4944,8228.342983,7048.218776,21609.92636,0,2419.5562
,,,,,4353,10502.58005,8166.343538,7514.798553,22552.35099,0,2462.7099
,,,,,4354,10718.33443,8265.765758,7861.888813,23554.91469,0,2540.6618
,,,,,4355,11280.50459,8699.002427,8570.129533,23952.1024,0,2626.0845
,,,,,4356,11129.07867,8805.154002,7795.863093,23362.65732,0,2675.2345
,,,,,4357,10279.42574,8361.726871,7659.629171,22981.71817,0,2546.3632
,,,,,4358,10398.49298,8151.947381,7830.559697,23482.33591,0,2573.6906
,,,,,4359,10379.53153,8380.563965,7752.382707,23541.46271,0,2595.4149
,,,,,4360,10600.46503,8365.126565,7941.02168,23675.30354,0,2639.6499
,,,,,4361,12031.87816,8559.565601,8105.999455,23581.67932,0,2696.369
,,,,,4362,11472.81639,9166.070624,7956.715321,22965.70726,0,2796.635
,,,,,4363,10733.69871,9017.27528,7616.958032,22678.68691,0,2690.9625
,,,,,4364,11039.01737,8880.175606,7903.412463,23050.39601,0,2691.3557
,,,,,4365,10607.64664,8731.519978,7699.61372,23209.95356,0,2697.1554
,,,,,4366,9810.5213,8634.584795,7266.90756,24872.3276,0,2623.1355
,,,,,4367,8996.545313,8029.666453,6644.474497,23171.27228,0,2518.6426
,,,,,4368,8216.524437,7599.035969,6114.866726,21942.86044,0,2436.3655
,,,,,4369,8041.227527,7248.033367,5890.140147,21563.13227,0,2360.7728
,,,,,4370,7950.488369,7165.204454,5757.35282,21211.62848,0,2365.7861
,,,,,4371,7858.880871,7165.204454,5757.35282,20711.72665,0,2298.9421
,,,,,4372,7806.238955,7165.204454,5757.35282,20395.62592,0,2320.5681
,,,,,4373,8251.602218,7173.955955,5757.35282,20669.36398,0,2263.0626
,,,,,4374,9538.296,7650.229242,6575.444531,21368.8616,0,2327.1542
,,,,,4375,10354.96962,8324.708703,7067.196833,22204.69804,0,2407.1704
,,,,,4376,10203.34767,8207.640294,7182.309742,21963.92969,0,2436.1689
,,,,,4377,10561.42448,8146.758147,7657.734236,22921.7738,0,2479.6175
,,,,,4378,10778.38532,8244.388668,8011.404109,23940.74093,0,2558.0609
,,,,,4379,11343.69903,8669.817929,8707.396401,24344.42723,0,2644.1717
,,,,,4380,11191.42637,8774.056534,7944.126774,23745.33794,0,2693.6166
,,,,,4381,10337.02234,8338.620455,7805.310334,23358.16606,0,2563.8606
,,,,,4382,10456.75538,8132.621425,7979.481103,23866.97466,0,2591.3846
,,,,,4383,10437.6879,8357.118084,7899.822152,23927.06887,0,2613.3055
,,,,,4384,10659.85682,8341.958883,8092.037059,24063.09953,0,2657.8354
,,,,,4385,12075.97371,8532.893911,8260.142234,23967.94347,0,2714.9477
,,,,,4386,11537.0862,9129.74311,8108.028196,23341.89319,0,2804.3024
,,,,,4387,10793.83552,8982.35515,7761.830299,23050.17676,0,2709.4429
,,,,,4388,11100.86146,8847.726165,8053.714902,23427.96757,0,2709.8361
,,,,,4389,10667.07859,8701.749477,7846.05285,23590.13573,0,2715.6358
,,,,,4390,9865.495875,8606.561175,7405.144098,25315.3172,0,2641.1244
,,,,,4391,9046.96829,8012.544137,6770.911887,23550.82156,0,2535.9434
,,,,,4392,8262.585687,7589.674094,6231.26461,22302.31107,0,2453.0765
,,,,,4393,7971.723835,7115.047203,5978.749365,21819.76209,0,2382.6937
,,,,,4394,7881.766956,7021.455542,5841.645251,21464.08007,0,2387.707
,,,,,4395,7798.633823,7026.637576,5841.645251,20958.23603,0,2320.2732
,,,,,4396,7798.633823,7021.455542,5841.645251,20638.07592,0,2342.0958
,,,,,4397,8180.28485,7040.671467,5841.645251,20915.36981,0,2279.0855
,,,,,4398,9455.885821,7518.8628,6674.318967,21623.18217,0,2348.7802
,,,,,4399,10265.51876,8196.058523,7173.437258,22468.954,0,2429.4845
,,,,,4400,10115.20397,8078.518656,7290.274451,22225.32369,0,2458.7779
,,,,,4401,10470.19374,8017.391325,7772.820358,23194.55345,0,2502.6197
,,,,,4402,10685.28411,8115.415023,8131.787875,24225.63279,0,2581.8495
,,,,,4403,11245.72416,8542.557571,8836.657191,24634.1176,0,2668.6484
,,,,,4404,11094.76427,8647.215966,8063.502789,24027.90709,0,2718.5848
,,,,,4405,10247.72621,8210.0263,7922.607008,23636.133,0,2587.6492
,,,,,4406,10366.427,8003.197671,8099.386693,24150.98968,0,2615.4681
,,,,,4407,10347.52391,8228.598422,8018.534525,24211.79821,0,2637.4873
,,,,,4408,10567.77747,8213.378172,8213.628631,24349.44583,0,2682.4104
,,,,,4409,11929.61571,8405.082133,8384.251864,24253.15868,0,2740.1125
,,,,,4410,11437.44411,9024.679133,8229.859301,23619.6667,0,2833.4975
,,,,,4411,10700.60112,8856.353441,7878.475684,23324.48271,0,2734.6077
,,,,,4412,11004.98013,8721.182278,8174.732444,23706.76422,0,2734.9026
,,,,,4413,10574.93698,8574.617714,7963.959809,23870.86003,0,2740.8989
,,,,,4414,9780.26485,8479.046069,7516.446657,25609.77139,0,2665.6011
,,,,,4415,8968.793933,7882.636808,6872.714241,23831.07855,0,2559.4371
,,,,,4416,8191.173628,7458.063785,6324.983553,22567.72733,0,2475.8821
,,,,,4417,7873.045587,7045.746765,5993.072515,21832.57147,0,2398.3234
,,,,,4418,7784.19935,6963.810476,5875.016125,21476.6809,0,2403.435
,,,,,4419,7716.736567,6963.810476,5875.016125,20970.54026,0,2335.5097
,,,,,4420,7716.736567,6963.810476,5875.016125,20670.58163,0,2357.5289
,,,,,4421,8079.031624,6972.256916,5875.016125,20927.64891,0,2271.9096
,,,,,4422,9338.883517,7444.752529,6684.159003,21635.87629,0,2364.2133
,,,,,4423,10138.52041,8113.882195,7180.060356,22482.14403,0,2445.4091
,,,,,4424,9990.061461,7997.742342,7296.144505,22238.37087,0,2474.8991
,,,,,4425,10340.66838,7937.343097,7775.580287,23208.16893,0,2519.0358
,,,,,4426,10553.10317,8034.199238,8132.234172,24239.85284,0,2598.7571
,,,,,4427,11106.62379,8456.254106,8785.924545,24648.57717,0,2686.2441
,,,,,4428,10957.52771,8559.665918,8064.389199,24042.01121,0,2736.4754
,,,,,4429,10120.94753,8127.683603,7924.401526,23650.0074,0,2604.6551
,,,,,4430,10238.18279,7923.318503,8100.041823,24165.16596,0,2632.5723
,,,,,4431,10219.51309,8146.034513,8019.710767,24226.01014,0,2654.8864
,,,,,4432,10437.04731,8130.995551,8213.547444,24363.73848,0,2700.0061
,,,,,4433,11767.50476,8320.416133,8383.07097,24267.39487,0,2758.1014
,,,,,4434,11295.97669,8913.095347,8229.673503,23633.53144,0,2869.8685
,,,,,4435,10568.23106,8766.312363,7880.554639,23338.17437,0,2752.4983
,,,,,4436,10868.85209,8632.75122,8174.901953,23720.68004,0,2752.8915
,,,,,4437,10444.11843,8487.932381,7965.487798,23884.87206,0,2758.8878
,,,,,4438,9659.257633,8393.499087,7520.858976,25607.27793,0,2683.0985
,,,,,4439,8857.80546,7804.193636,6881.275571,23845.06725,0,2576.2464
,,,,,4440,8089.785965,7384.677688,6337.07514,22580.97528,0,2492.1016
,,,,,4441,7843.067099,6976.470269,5911.154448,21538.10167,0,2409.2347
,,,,,4442,7754.558277,6906.882849,5803.836478,21187.00541,0,2414.3463
,,,,,4443,7672.557453,6906.882849,5803.836478,20687.68315,0,2346.1261
,,,,,4444,7672.557453,6906.882849,5803.836478,20532.96797,0,2368.2436
,,,,,4445,8048.270857,6911.67891,5803.836478,20645.3696,0,2273.679
,,,,,4446,9303.338175,7328.248456,6561.163834,21344.05623,0,2374.928
,,,,,4447,10099.93826,7918.177832,7027.589584,22178.92363,0,2456.517
,,,,,4448,9952.043122,7815.784657,7136.773873,21938.43441,0,2486.1053
,,,,,4449,10301.31853,7762.534456,7587.712741,22895.16801,0,2530.4386
,,,,,4450,10512.94655,7847.9264,7923.167675,23912.95377,0,2610.5531
,,,,,4451,11064.36505,8220.025527,8559.348803,24316.17205,0,2698.335
,,,,,4452,10915.8352,8311.197192,7859.355301,23717.77733,0,2748.7629
,,,,,4453,10082.43212,7930.345662,7727.688277,23331.05433,0,2616.4511
,,,,,4454,10199.22216,7750.169858,7892.888789,23839.27303,0,2644.5649
,,,,,4455,10180.62335,7946.524501,7817.332485,23899.29756,0,2666.879
,,,,,4456,10397.33144,7933.265597,7999.647813,24035.17051,0,2712.2936
,,,,,4457,11744.39338,8100.265763,8159.095125,23940.12478,0,2770.5855
,,,,,4458,11252.99884,8631.188745,8014.815365,23314.80033,0,2876.4546
,,,,,4459,10528.01699,8493.384314,7686.44758,23023.42211,0,2764.9824
,,,,,4460,10827.49635,8375.631888,7963.29935,23400.77491,0,2765.3756
,,,,,4461,10404.3757,8247.954262,7766.332446,23562.75506,0,2771.3719
,,,,,4462,9622.495597,8164.69839,7348.131667,25150.96087,0,2695.2877
,,,,,4463,8824.087121,7645.144984,6746.564101,23523.48647,0,2587.9441
,,,,,4464,8058.984356,7275.284263,6234.710094,22276.42348,0,2503.4061
,,,,,4465,7848.175224,6828.05813,5740.970524,21061.33736,0,2362.9354
,,,,,4466,7759.608909,6760.15494,5643.998735,20718.00339,0,2367.9487
,,,,,4467,7688.549965,6760.15494,5643.998735,20234.59687,0,2301.1047
,,,,,4468,7688.549965,6760.15494,5643.998735,20234.59687,0,2322.7307
,,,,,4469,8053.512277,6764.46129,5643.998735,20234.59687,0,2263.7507
,,,,,4470,9309.394853,7173.350789,6351.721968,20871.58202,0,2329.3168
,,,,,4471,10106.51239,7752.403984,6789.977487,21687.99157,0,2409.4313
,,,,,4472,9958.521181,7651.898572,6892.567485,21452.81927,0,2438.4298
,,,,,4473,10308.02347,7599.630114,7316.271467,22388.40072,0,2481.8784
,,,,,4474,10519.78896,7683.447736,7631.466278,23383.68455,0,2560.5184
,,,,,4475,11071.56565,8048.686691,8250.918918,23777.98818,0,2646.6292
,,,,,4476,10922.93931,8138.177477,7571.507914,23192.82321,0,2696.0741
,,,,,4477,10088.99487,7764.347483,7447.793046,22814.65015,0,2566.2198
,,,,,4478,10205.86078,7587.493474,7603.016114,23311.63279,0,2593.8421
,,,,,4479,10187.24989,7780.228042,7532.023106,23370.33025,0,2615.6647
,,,,,4480,10404.09875,7767.213585,7703.327324,23503.19923,0,2660.2929
,,,,,4481,11736.86688,7931.134867,7853.144662,23410.25483,0,2717.5035
,,,,,4482,11260.32197,8453.576875,7717.578817,22798.75551,0,2807.9395
,,,,,4483,10534.86919,8317.005723,7409.043121,22513.81928,0,2711.9987
,,,,,4484,10834.54308,8201.424228,7669.174161,22882.8293,0,2712.2936
,,,,,4485,10411.14759,8076.10052,7484.103263,23041.22827,0,2718.1916
,,,,,4486,9628.759591,7994.379587,7091.160122,24432.68921,0,2643.5819
,,,,,4487,8829.83249,7484.404882,6525.924808,23002.82787,0,2538.3026
,,,,,4488,8064.232735,7121.363065,6044.984716,21783.33583,0,2455.3374
,,,,,4489,7837.828265,6704.262684,5595.575432,20633.00924,0,2325.4831
,,,,,4490,7749.378406,6632.80155,5512.214205,20296.64896,0,2330.4964
,,,,,4491,7723.893362,6632.80155,5512.214205,19872.65942,0,2264.6354
,,,,,4492,7723.893362,6632.80155,5512.214205,19872.65942,0,2285.9665
,,,,,4493,8042.895317,6638.142416,5512.214205,19872.65942,0,2238.291
,,,,,4494,9297.126515,7063.256049,6153.944368,20447.10815,0,2292.4543
,,,,,4495,10093.19591,7665.285224,6554.611891,21246.93506,0,2371.1926
,,,,,4496,9945.399298,7560.791905,6648.403021,21016.5395,0,2399.7979
,,,,,4497,10294.44202,7506.449511,7035.767052,21933.11772,0,2442.5584
,,,,,4498,10505.92906,7593.592894,7323.928452,22908.18567,0,2519.9205
,,,,,4499,11056.98021,7973.323993,7921.047546,23294.48034,0,2604.6551
,,,,,4500,10908.5493,8066.365642,7269.112556,22721.20105,0,2653.4119
,,,,,4501,10075.70143,7677.702623,7156.008379,22350.70932,0,2525.6219
,,,,,4502,10192.41366,7493.831307,7297.918383,22837.59741,0,2552.7527
,,,,,4503,10173.82725,7694.2133,7233.014254,22895.10263,0,2574.2804
,,,,,4504,10390.39097,7680.682448,7389.62617,23025.27282,0,2618.1222
,,,,,4505,11660.36919,7851.107886,7526.594078,22934.21627,0,2674.4481
,,,,,4506,11245.48833,8391.465987,7402.655351,22335.13752,0,2756.332
,,,,,4507,10520.98945,8252.28953,7120.581931,22055.98883,0,2668.9433
,,,,,4508,10820.2693,8132.121932,7358.402232,22417.50364,0,2669.3365
,,,,,4509,10397.43054,8001.825563,7189.204367,22572.68526,0,2675.1362
,,,,,4510,9616.071316,7916.862063,6829.962902,23822.36167,0,2601.7061
,,,,,4511,8818.194736,7386.652312,6313.206299,22535.06483,0,2498.0979
,,,,,4512,8053.601679,7009.205529,5873.515144,21340.34272,0,2416.5089
,,,,,4513,7829.458198,6741.916912,5493.549641,20558.13031,0,2285.2784
,,,,,4514,7741.102546,6646.28414,5400.984849,20222.98915,0,2290.1934
,,,,,4515,7669.24453,6658.140004,5400.984849,19759.07863,0,2225.4137
,,,,,4516,7669.24453,6625.818073,5400.984849,19759.07863,0,2246.3516
,,,,,4517,8034.306836,6671.438511,5400.984849,19759.07863,0,2205.3605
,,,,,4518,9287.202169,7124.572321,6086.858302,20372.90301,0,2252.7411
,,,,,4519,10082.42368,7766.282566,6512.597443,21169.83099,0,2330.2015
,,,,,4520,9934.784485,7654.901862,6612.257518,20940.27048,0,2358.217
,,,,,4521,10283.45545,7596.977641,7023.860707,21853.52663,0,2400.2894
,,,,,4522,10494.71723,7689.864836,7330.053698,22825.06051,0,2476.2753
,,,,,4523,11045.18146,8094.62485,7942.06131,23209.95507,0,2559.6337
,,,,,4524,10896.90865,8193.799079,7271.807717,22638.75359,0,2607.5058
,,,,,4525,10064.94783,7779.518424,7151.62609,22269.60469,0,2481.8784
,,,,,4526,10181.53576,7583.527744,7302.416058,22754.72808,0,2508.5177
,,,,,4527,10162.96914,7797.117355,7233.450578,22812.02488,0,2529.7505
,,,,,4528,10379.3022,7782.694655,7399.862426,22941.72327,0,2572.8059
,,,,,4529,11711.22604,7964.35321,7545.401049,22850.99676,0,2628.1488
,,,,,4530,11233.48881,8584.79293,7413.706902,22254.08933,0,2705.6092
,,,,,4531,10509.76159,8391.97762,7113.982845,21975.95239,0,2622.8406
,,,,,4532,10808.72267,8263.889511,7366.684661,22336.15692,0,2623.2338
,,,,,4533,10386.33427,8125.005021,7186.899303,22490.77609,0,2628.8369
,,,,,4534,9605.807266,8034.44139,6805.178439,23842.99947,0,2556.6847
,,,,,4535,8808.780494,7469.284344,6256.085988,22453.29201,0,2454.8459
,,,,,4536,8045.001795,7066.959212,5788.881326,21262.9001,0,2374.6331
,,,,,4537,7944.259975,6872.048177,5573.346397,20972.31318,0,2278.8889
,,,,,4538,7854.612206,6784.967894,5461.804944,20630.42862,0,2283.8039
,,,,,4539,7764.106541,6786.655582,5461.804944,20144.20707,0,2219.2208
,,,,,4540,7692.399923,6784.967894,5461.804944,20030.51229,0,2240.1587
,,,,,4541,8152.104329,6800.210558,5461.804944,20103.0037,0,2196.1203
,,,,,4542,9423.32206,7262.083319,6221.950797,20783.35891,0,2246.4499
,,,,,4543,10230.17293,7916.169322,6687.368375,21596.3219,0,2323.7137
,,,,,4544,10080.37465,7802.640575,6796.316663,21362.1424,0,2351.7292
,,,,,4545,10434.14459,7743.599252,7246.280833,22293.7742,0,2393.7033
,,,,,4546,10648.49588,7838.277831,7581.010687,23284.85634,0,2469.3943
,,,,,4547,11207.01012,8250.843878,8229.245742,23677.49539,0,2552.5561
,,,,,4548,11056.56896,8351.930741,7517.336242,23094.80074,0,2600.2316
,,,,,4549,10212.44151,7929.660441,7385.953815,22718.22418,0,2474.9974
,,,,,4550,10330.73443,7729.889965,7550.797248,23213.10876,0,2501.6367
,,,,,4551,10311.89629,7947.598777,7475.404258,23271.55843,0,2522.6729
,,,,,4552,10531.39301,7932.897927,7657.325514,23403.86648,0,2565.7283
,,,,,4553,11948.94653,8118.059873,7816.428183,23311.31446,0,2620.8746
,,,,,4554,11398.07128,8715.479806,7672.460281,22702.39664,0,2700.8908
,,,,,4555,10663.76024,8553.931271,7344.802259,22418.6633,0,2615.5664
,,,,,4556,10967.09335,8423.372907,7621.055617,22786.11551,0,2615.8613
,,,,,4557,10538.52792,8281.809949,7424.514454,22943.84578,0,2621.5627
,,,,,4558,9746.586452,8189.499745,7007.21761,24474.76134,0,2549.6071
,,,,,4559,8937.903925,7613.443315,6406.950324,22905.60749,0,2448.0632
,,,,,4560,8162.955691,7203.359107,5896.202682,21691.26366,0,2368.047
,,,,,4561,8074.681691,6925.406887,5808.748308,21183.84246,0,2279.0855
,,,,,4562,7983.566,6833.264138,5699.470832,20838.51397,0,2284.0005
,,,,,4563,7892.93233,6839.351801,5699.470832,20347.3945,0,2219.4174
,,,,,4564,7892.93233,6833.264138,5699.470832,20224.69413,0,2240.3553
,,,,,4565,8285.929358,6853.011939,5699.470832,20305.77607,0,2212.9296
,,,,,4566,9577.962434,7318.467998,6466.253287,20992.98478,0,2246.7448
,,,,,4567,10398.02495,7977.628527,6938.057633,21814.13709,0,2323.9103
,,,,,4568,10245.77382,7863.219002,7048.500981,21577.5986,0,2351.9258
,,,,,4569,10605.33651,7803.719625,7504.639857,22518.61512,0,2393.8999
,,,,,4570,10823.19766,7899.132739,7843.963095,23519.68085,0,2469.6892
,,,,,4571,11390.8572,8314.899553,8483.339243,23916.27511,0,2552.7527
,,,,,4572,11237.95267,8416.770667,7779.414868,23327.71074,0,2600.5265
,,,,,4573,10380.00319,7991.224312,7646.229524,22947.34077,0,2475.2923
,,,,,4574,10500.23307,7789.903979,7813.335048,23447.21052,0,2501.8333
,,,,,4575,10481.08647,8009.301818,7736.907465,23506.24898,0,2522.9678
,,,,,4576,10704.17731,7994.486916,7921.325165,23639.88983,0,2565.9249
,,,,,4577,12086.77171,8181.085384,8082.611146,23546.40549,0,2621.0712
,,,,,4578,11585.04686,8789.397213,7936.667621,22931.35378,0,2687.3254
,,,,,4579,10838.71197,8620.338356,7604.513259,22644.76228,0,2615.763
,,,,,4580,11147.01195,8488.767096,7884.557549,23015.91599,0,2616.1562
,,,,,4581,10711.42905,8346.105864,7685.319318,23175.23514,0,2621.7593
,,,,,4582,9906.520065,8253.0795,7262.296051,24722.236,0,2549.8037
,,,,,4583,9084.595899,7672.553913,6653.7915,23136.61166,0,2448.2598
,,,,,4584,8296.958404,7259.288192,6136.035041,21910.03524,0,2368.2436
,,,,,4585,8108.962462,6868.723926,5789.583615,21217.32547,0,2264.2422
,,,,,4586,8017.460934,6771.293934,5678.746325,20871.45183,0,2269.1572
,,,,,4587,7976.211999,6783.372605,5678.746325,20379.55707,0,2204.9673
,,,,,4588,7976.211999,6693.520755,5678.746325,20210.78022,0,2225.8069
,,,,,4589,8321.104675,6796.92103,5678.746325,20337.87294,0,2189.6325
,,,,,4590,9618.608972,7258.570551,6453.055267,21026.16649,0,2232.0981
,,,,,4591,10442.14411,7912.340411,6929.141105,21848.61509,0,2308.7721
,,,,,4592,10289.24826,7798.866536,7040.586696,21611.7032,0,2336.591
,,,,,4593,10650.33355,7739.85375,7500.864905,22554.20523,0,2378.2702
,,,,,4594,10869.11725,7834.486568,7843.267406,23556.85125,0,2453.568
,,,,,4595,11439.18059,8246.853207,8485.186867,23954.07159,0,2536.14
,,,,,4596,11285.62857,8347.89121,7778.133422,23364.57809,0,2583.5206
,,,,,4597,10424.04604,7925.825008,7643.739457,22983.60766,0,2459.1711
,,,,,4598,10544.78504,7726.15109,7812.361417,23484.26652,0,2485.5155
,,,,,4599,10525.55736,7943.754675,7735.240276,23543.39818,0,2506.5517
,,,,,4600,10749.5929,7929.060931,7921.331515,23677.25,0,2549.2139
,,,,,4601,12068.82957,8114.133381,8084.081121,23583.61808,0,2604.0653
,,,,,4602,11634.19257,8788.48833,7936.813199,22967.59544,0,2677.8886
,,,,,4603,10884.69725,8549.794106,7601.64463,22680.55152,0,2598.7571
,,,,,4604,11194.30276,8419.298846,7884.230243,23052.29114,0,2599.1503
,,,,,4605,10756.87535,8277.80431,7683.183981,23211.8618,0,2604.7534
,,,,,4606,9948.557908,8185.538723,7256.321896,24799.02801,0,2533.191
,,,,,4607,9123.153236,7609.760722,6642.295337,23173.17734,0,2432.3352
,,,,,4608,8332.180424,7199.874722,6119.840383,21944.66462,0,2352.9088
,,,,,4609,8010.308139,6924.081534,5767.799608,21231.76546,0,2255.6901
,,,,,4610,7919.916985,6825.866965,5658.087331,20885.65672,0,2260.5068
,,,,,4611,7873.444173,6838.042902,5658.087331,20393.42761,0,2196.6118
,,,,,4612,7873.444173,6651.244474,5658.087331,20150.3959,0,2217.3531
,,,,,4613,8219.875998,6851.700428,5658.087331,20351.71515,0,2158.8646
,,,,,4614,9501.635036,7317.067483,6426.967808,21040.47655,0,2223.6443
,,,,,4615,10315.17654,7976.101968,6899.965628,21863.48419,0,2300.0234
,,,,,4616,10164.1361,7861.714321,7010.688353,21626.41126,0,2327.744
,,,,,4617,10520.8396,7802.226321,7467.981076,22569.55394,0,2369.3249
,,,,,4618,10736.96835,7897.62119,7808.162664,23572.88149,0,2444.3278
,,,,,4619,11300.11396,8313.308502,8448.247766,23970.37183,0,2526.5066
,,,,,4620,11148.4253,8415.160136,7743.451157,23380.47764,0,2573.7889
,,,,,4621,10297.29809,7989.695154,7609.928907,22999.24825,0,2449.8326
,,,,,4622,10416.57193,7788.413317,7777.457141,23500.24742,0,2476.177
,,,,,4623,10397.57758,8007.769203,7700.836227,23559.41927,0,2497.0166
,,,,,4624,10618.89444,7992.957134,7885.720429,23693.36208,0,2539.5805
,,,,,4625,11935.05175,8179.519921,8047.414398,23599.66652,0,2594.137
,,,,,4626,11492.75945,8933.631791,7901.101695,22983.22515,0,2686.7356
,,,,,4627,10752.35929,8618.6889,7568.107117,22695.98611,0,2588.9271
,,,,,4628,11058.20773,8487.142798,7848.859806,23067.97841,0,2589.3203
,,,,,4629,10626.08851,8344.508846,7649.117583,23227.65754,0,2594.9234
,,,,,4630,9827.580031,8251.50027,7225.024238,24877.96485,0,2523.6559
,,,,,4631,9012.191673,7671.085691,6614.980417,23188.94679,0,2423.095
,,,,,4632,8230.817343,7257.898994,6095.914244,21959.59901,0,2343.9635
,,,,,4633,7943.489957,7153.186767,5751.196493,21197.60263,0,2255.002
,,,,,4634,7853.850855,7051.725119,5638.887591,20852.0501,0,2259.8187
,,,,,4635,7779.368429,7064.303605,5638.887591,20360.61202,0,2195.9237
,,,,,4636,7779.368429,6806.844323,5638.887591,20143.2007,0,2216.5667
,,,,,4637,8151.314217,7078.412664,5638.887591,20318.96659,0,2148.9363
,,,,,4638,9422.409053,7559.165256,6420.297422,21006.62113,0,2222.8579
,,,,,4639,10229.18192,8239.988131,6900.422648,21828.30616,0,2299.237
,,,,,4640,10079.39812,8121.818705,7012.813808,21591.61422,0,2326.9576
,,,,,4641,10433.13386,8060.363967,7476.997283,22533.24122,0,2368.5385
,,,,,4642,10647.46442,8158.912694,7822.304925,23534.95639,0,2443.4431
,,,,,4643,11205.92468,8588.343076,8466.623884,23931.80794,0,2525.7202
,,,,,4644,11055.49806,8693.562035,7756.618307,23342.86174,0,2572.9042
,,,,,4645,10211.45222,8254.030722,7621.084067,22962.245,0,2449.0462
,,,,,4646,10329.73369,8046.09429,7791.136713,23462.43904,0,2475.2923
,,,,,4647,10310.89738,8272.702319,7713.361231,23521.5158,0,2496.2302
,,,,,4648,10530.37288,8257.400546,7901.031376,23655.24335,0,2538.6958
,,,,,4649,11877.58854,8450.1313,8065.161843,23561.69837,0,2593.3506
,,,,,4650,11396.96737,9275.60618,7916.644416,22946.24765,0,2693.5183
,,,,,4651,10662.72732,8903.819679,7578.632082,22659.47022,0,2588.0424
,,,,,4652,10966.0311,8767.924521,7863.615315,23030.86471,0,2588.4356
,,,,,4653,10537.5071,8620.574937,7660.86326,23190.28723,0,2594.0387
,,,,,4654,9745.642193,8524.491398,7230.37943,24817.63648,0,2522.7712
,,,,,4655,8937.037845,7924.887686,6611.143114,23151.63868,0,2422.3086
,,,,,4656,8162.16453,7498.040592,6084.25535,21924.26652,0,2343.1771
,,,,,4657,7897.295468,7358.067086,5756.930632,21131.95806,0,2283.6073
,,,,,4658,7808.176294,7253.701695,5624.065138,20787.4743,0,2288.5223
,,,,,4659,7718.204282,7266.640167,5621.541239,20297.55621,0,2223.8409
,,,,,4660,7701.045013,7028.6261,5621.541239,20017.46651,0,2244.7788
,,,,,4661,8103.914298,7281.153014,5622.344304,20256.03958,0,2174.396
,,,,,4662,9367.636479,7775.664321,6426.802935,20941.56725,0,2251.1683
,,,,,4663,10169.72987,8475.971746,6907.481672,21760.71087,0,2328.5304
,,,,,4664,10020.81485,8354.420415,7020.002402,21524.75099,0,2356.5459
,,,,,4665,10372.49885,8291.206898,7484.721011,22463.46561,0,2398.6183
,,,,,4666,10585.58624,8392.576002,7830.426741,23462.08253,0,2474.5059
,,,,,4667,11140.80729,8834.296303,8535.822487,23857.70665,0,2557.766
,,,,,4668,10991.25318,8942.526535,7764.664396,23270.58202,0,2605.6381
,,,,,4669,10152.103,8490.416224,7628.973905,22891.14251,0,2480.109
,,,,,4670,10269.69842,8276.528835,7799.222597,23389.78948,0,2506.7483
,,,,,4671,10250.97136,8509.622185,7721.357451,23448.68352,0,2527.8828
,,,,,4672,10469.17386,8493.88249,7909.243951,23581.99746,0,2570.9382
,,,,,4673,11844.23323,8692.129028,8073.563637,23488.7418,0,2626.2811
,,,,,4674,11330.74188,9516.746084,7924.874991,22875.19463,0,2728.0216
,,,,,4675,10600.7606,9158.801568,7586.47298,22589.30418,0,2620.9729
,,,,,4676,10902.30515,9019.01721,7871.784755,22959.54998,0,2621.2678
,,,,,4677,10476.26669,8867.450611,7668.798958,23118.47941,0,2626.9692
,,,,,4678,9688.99479,8768.617246,7237.818845,24795.99907,0,2554.817
,,,,,4679,8885.080541,8151.853405,6617.868643,23079.95041,0,2453.0765
,,,,,4680,8114.701677,7712.790324,6090.373456,21856.37442,0,2372.962
,,,,,4681,7924.969817,7444.020845,5775.066263,21169.19351,0,2309.3619
,,,,,4682,7835.539163,7338.437242,5641.784051,20824.10351,0,2314.2769
,,,,,4683,7745.25269,7351.526739,5596.007142,20333.32324,0,2248.9074
,,,,,4684,7675.256127,7163.81984,5596.007142,19980.45394,0,2270.0419
,,,,,4685,8132.3108,7366.208989,5640.05782,20291.73355,0,2187.5682
,,,,,4686,9400.449817,7866.492511,6447.039546,20978.46764,0,2276.5297
,,,,,4687,10205.3466,8574.97432,6929.225879,21799.05282,0,2354.7765
,,,,,4688,10055.91111,8452.004173,7042.099518,21562.6777,0,2383.1852
,,,,,4689,10408.82428,8388.052791,7508.275665,22503.0443,0,2425.6508
,,,,,4690,10622.65643,8490.605133,7855.065663,23503.41863,0,2502.4231
,,,,,4691,11179.81803,8937.481442,8620.168081,23899.73899,0,2586.6662
,,,,,4692,11029.74122,9046.975,7789.097061,23311.58111,0,2635.0298
,,,,,4693,10187.65813,8589.587401,7652.980992,22931.47384,0,2508.1245
,,,,,4694,10305.66455,8373.203398,7823.76365,23430.99836,0,2535.0587
,,,,,4695,10286.87204,8609.017545,7745.654289,23489.99604,0,2556.3898
,,,,,4696,10505.83717,8593.094127,7934.130074,23623.54459,0,2599.9367
,,,,,4697,11919.95029,8793.654711,8098.96513,23530.12482,0,2655.8694
,,,,,4698,11370.41647,9584.923159,7949.810139,22915.4979,0,2767.145
,,,,,4699,10637.88383,9265.774516,7610.346767,22629.10433,0,2650.4629
,,,,,4700,10940.4823,9124.358517,7896.553392,23000.0017,0,2650.8561
,,,,,4701,10512.9548,8971.022747,7692.930952,23159.21082,0,2656.5575
,,,,,4702,9722.931307,8871.035742,7260.599117,24899.54443,0,2583.6189
,,,,,4703,8916.207297,8247.072686,6638.70451,23120.61401,0,2480.6988
,,,,,4704,8143.135882,7802.884612,6109.554894,21894.88473,0,2399.6996
,,,,,4705,7917.503858,7252.941222,5823.720333,21322.66966,0,2305.6265
,,,,,4706,7828.157235,7150.065767,5689.320155,20975.08089,0,2310.5415
,,,,,4707,7737.955596,7162.819527,5643.8926,20480.74692,0,2245.2703
,,,,,4708,7687.025151,6934.277313,5643.8926,20144.33834,0,2266.4048
,,,,,4709,8124.650019,7177.125187,5687.579444,20438.85608,0,2182.4566
,,,,,4710,9391.597466,7664.576778,6501.330102,21130.56276,0,2272.7943
,,,,,4711,10195.73795,8354.886512,6987.560996,21957.08975,0,2350.9428
,,,,,4712,10046.44288,8235.070465,7101.381414,21719.00305,0,2379.2532
,,,,,4713,10399.02444,8172.759393,7571.467829,22666.17878,0,2421.7188
,,,,,4714,10612.65567,8272.681337,7921.166688,23673.79675,0,2498.3928
,,,,,4715,11169.29375,8708.095574,8687.223898,24072.98684,0,2582.4393
,,,,,4716,11019.35795,8814.780697,7854.644745,23480.57015,0,2630.7046
,,,,,4717,10178.0661,8369.124778,7717.386939,23097.71055,0,2503.9959
,,,,,4718,10295.96164,8158.290877,7889.602115,23600.85209,0,2530.9301
,,,,,4719,10277.18679,8388.056552,7810.837576,23660.27697,0,2552.2612
,,,,,4720,10495.94618,8372.541559,8000.894289,23794.79254,0,2595.7098
,,,,,4721,11896.26511,8567.9579,8167.111975,23700.69632,0,2651.5442
,,,,,4722,11359.7131,9377.7928,8016.705877,23081.61893,0,2764.0977
,,,,,4723,10627.86876,9027.968155,7674.3951,22793.1516,0,2646.1377
,,,,,4724,10930.18291,8890.179379,7963.002415,23166.73462,0,2646.5309
,,,,,4725,10503.05712,8740.776567,7757.671998,23327.09656,0,2652.2323
,,,,,4726,9713.775946,8643.354161,7321.71378,25059.72745,0,2579.4903
,,,,,4727,8907.809951,8035.395331,6694.602745,23288.22027,0,2476.6685
,,,,,4728,8135.464929,7602.600379,6161.014642,22053.61557,0,2395.8659
,,,,,4729,7873.03894,7104.067845,5870.703285,21413.49764,0,2292.2577
,,,,,4730,7784.192778,7003.302353,5735.223539,21064.43009,0,2297.1727
,,,,,4731,7694.496391,7015.794535,5731.873698,20567.99301,0,2232.2947
,,,,,4732,7666.813311,6696.910834,5731.873698,20204.64409,0,2253.3309
,,,,,4733,8079.024803,7029.806788,5733.468847,20525.92395,0,2163.4847
,,,,,4734,9338.875636,7507.260804,6553.755944,21220.57344,0,2259.7204
,,,,,4735,10138.51185,8183.412366,7043.89248,22050.61681,0,2337.3774
,,,,,4736,9990.053031,8066.053733,7158.62716,21811.51719,0,2365.4912
,,,,,4737,10340.65966,8005.020653,7632.489537,22762.7226,0,2407.6619
,,,,,4738,10553.09427,8102.89321,7984.997346,23774.6274,0,2483.9427
,,,,,4739,11106.61442,8529.377152,8694.873322,24175.5158,0,2567.4977
,,,,,4740,10957.51847,8633.874175,7917.941066,23580.57873,0,2615.4681
,,,,,4741,10120.93899,8197.358607,7779.580739,23196.09029,0,2489.5458
,,,,,4742,10238.17416,7990.848885,7953.179231,23701.3724,0,2516.2834
,,,,,4743,10219.50446,8215.902093,7873.782017,23761.0501,0,2537.5162
,,,,,4744,10437.03851,8200.70531,8065.365358,23896.13795,0,2580.7682
,,,,,4745,11816.35414,8392.113685,8232.918185,23801.64141,0,2636.2094
,,,,,4746,11295.96717,9262.220211,8081.303953,23179.9302,0,2753.9728
,,,,,4747,10568.22214,8842.689183,7736.243569,22890.23562,0,2630.9012
,,,,,4748,10868.84292,8707.72644,8027.169118,23265.40801,0,2631.2944
,,,,,4749,10444.10962,8561.387862,7820.189387,23426.4522,0,2636.8975
,,,,,4750,9659.249482,8465.963578,7380.729342,25185.42969,0,2564.5487
,,,,,4751,8857.797983,7870.473912,6748.581047,23387.41052,0,2462.415
,,,,,4752,8089.779136,7446.555533,6210.706905,22147.5533,0,2382.0056
,,,,,4753,7813.020944,7095.097698,5941.541403,21483.00122,0,2299.6302
,,,,,4754,7724.850297,6994.459339,5804.433949,21132.80207,0,2304.5452
,,,,,4755,7635.835889,7006.93576,5787.983582,20634.75565,0,2239.4706
,,,,,4756,7546.52693,6654.518959,5787.983582,20205.90675,0,2260.5068
,,,,,4757,8017.440657,7020.930334,5802.658175,20592.55021,0,2153.9496
,,,,,4758,9267.7126,7497.781961,6632.80053,21289.4516,0,2266.9946
,,,,,4759,10061.26903,8173.080443,7128.825763,22122.18579,0,2344.8482
,,,,,4760,9913.938967,8055.869878,7244.938911,21882.31106,0,2373.1586
,,,,,4761,10261.87986,7994.913802,7724.49446,22836.60007,0,2415.4276
,,,,,4762,10472.69929,8092.662875,8081.23744,23851.78525,0,2491.905
,,,,,4763,11022.01093,8518.608736,8811.121682,24253.97324,0,2575.7549
,,,,,4764,10874.04858,8622.973918,8013.375518,23657.10751,0,2623.9219
,,,,,4765,10043.82977,8187.009088,7873.352875,23271.37264,0,2497.5081
,,,,,4766,10160.17358,7980.759913,8049.037049,23778.29277,0,2524.344
,,,,,4767,10141.64583,8205.529178,7968.685925,23838.16393,0,2545.6751
,,,,,4768,10357.52593,8190.351569,8162.571024,23973.6897,0,2589.0254
,,,,,4769,11771.4708,8381.51845,8332.136898,23878.88682,0,2644.6632
,,,,,4770,11209.92398,9277.241354,8178.701112,23255.16017,0,2776.1886
,,,,,4771,10487.71215,8831.525471,7829.495035,22964.52646,0,2639.355
,,,,,4772,10786.04725,8696.733006,8123.915879,23340.91508,0,2639.7482
,,,,,4773,10364.54327,8550.579059,7914.449411,23502.48134,0,2645.4496
,,,,,4774,9585.650581,8455.275168,7469.709517,25319.43589,0,2572.8059
,,,,,4775,8790.292674,7860.536814,6829.96634,23463.31309,0,2470.279
,,,,,4776,8028.113222,7437.15328,6285.629962,22219.43652,0,2389.5747
,,,,,4777,7787.09325,7285.16957,6017.692903,21679.03444,0,2360.8711
,,,,,4778,7699.214424,7181.837347,5878.835651,21325.64363,0,2365.8844
,,,,,4779,7610.49463,7194.647734,5849.148818,20823.05811,0,2299.0404
,,,,,4780,7496.946809,6955.341603,5849.148818,20363.67486,0,2320.6664
,,,,,4781,7990.836388,7209.016911,5877.037214,20780.46802,0,2196.1203
,,,,,4782,9236.970262,7698.632793,6717.774044,21483.72084,0,2327.2525
,,,,,4783,10027.90023,8392.007511,7220.129668,22324.04442,0,2407.2687
,,,,,4784,9881.057792,8271.65948,7337.72468,22081.98352,0,2436.2672
,,,,,4785,10227.8471,8209.071746,7823.400431,23044.96975,0,2479.7158
,,,,,4786,10437.96877,8309.437344,8184.69625,24069.40714,0,2558.2575
,,,,,4787,10985.46233,8746.784826,8934.931198,24475.2606,0,2644.27
,,,,,4788,10837.9897,8853.943632,8115.968259,23872.95514,0,2693.7149
,,,,,4789,10010.51869,8406.308995,7974.158613,23483.70476,0,2563.9589
,,,,,4790,10126.47743,8194.538989,8152.08491,23995.24486,0,2591.4829
,,,,,4791,10108.01101,8425.324827,8070.708326,24055.66167,0,2613.4038
,,,,,4792,10323.1766,8409.740947,8267.067833,24192.42261,0,2657.9337
,,,,,4793,11750.46728,8606.024939,8438.797747,24096.75571,0,2715.046
,,,,,4794,11172.75344,9426.543439,8283.403777,23467.34453,0,2860.0385
,,,,,4795,10452.93194,9068.077645,7929.741048,23174.06203,0,2709.5412
,,,,,4796,10750.27963,8929.677086,8227.919362,23553.88099,0,2709.9344
,,,,,4797,10330.17072,8779.610923,8015.779633,23716.91973,0,2715.8324
,,,,,4798,9553.855954,8681.75596,7565.363863,25567.47541,0,2641.2227
,,,,,4799,8761.13047,8071.097786,6917.45613,23677.39452,0,2536.0417
,,,,,4800,8001.473629,7636.381218,6366.172802,22422.18148,0,2453.1748
,,,,,4801,7783.496924,7390.485059,6024.929368,21853.32153,0,2412.7735
,,,,,4802,7695.658575,7285.660212,5885.905838,21497.09312,0,2417.9834
,,,,,4803,7606.979646,7298.655644,5852.587307,20990.47202,0,2349.6649
,,,,,4804,7518.770497,7137.606077,5852.587307,20475.96874,0,2371.7824
,,,,,4805,7987.146217,7313.232383,5884.105247,20947.53995,0,2235.4403
,,,,,4806,9232.706117,7809.920715,6725.848841,21656.43963,0,2378.5651
,,,,,4807,10023.27178,8513.311158,7228.806025,22503.5107,0,2460.1541
,,,,,4808,9876.496977,8391.224712,7346.541854,22259.50614,0,2489.8407
,,,,,4809,10223.12655,8327.732904,7832.799191,23230.2248,0,2534.174
,,,,,4810,10433.15144,8429.548274,8194.527654,24262.88805,0,2614.2885
,,,,,4811,10980.39282,8873.213194,8949.944068,24672.00036,0,2702.1687
,,,,,4812,10832.98811,8981.919897,8125.717362,24064.85861,0,2752.6949
,,,,,4813,10005.89825,8527.819225,7983.737903,23672.48269,0,2620.1865
,,,,,4814,10121.80358,8312.990224,8161.877262,24188.13027,0,2648.3003
,,,,,4815,10103.34566,8547.109739,8080.403232,24249.03221,0,2670.7127
,,,,,4816,10318.41214,8531.300751,8276.997875,24386.89129,0,2716.1273
,,,,,4817,11728.11897,8730.420045,8448.933432,24290.45622,0,2774.5175
,,,,,4818,11167.59767,9497.072129,8293.353381,23655.99109,0,2876.4546
,,,,,4819,10448.10771,9199.147054,7939.267149,23360.35365,0,2768.8161
,,,,,4820,10745.31845,9058.747313,8237.802524,23743.22241,0,2769.2093
,,,,,4821,10325.40304,8906.51346,8025.408763,23907.5703,0,2775.2056
,,,,,4822,9549.445849,8807.244993,7574.45363,25811.56731,0,2699.1214
,,,,,4823,8757.085498,8187.765925,6925.770042,23867.7277,0,2591.6795
,,,,,4824,7997.778559,7746.769922,6373.826565,22602.43577,0,2507.1415
,,,,,4825,7829.834669,7472.939369,6040.050731,22112.51674,0,2454.1578
,,,,,4826,7741.47478,7366.945908,5900.679745,21752.06833,0,2459.3677
,,,,,4827,7652.269319,7380.086216,5834.164483,21239.44562,0,2390.0662
,,,,,4828,7501.970957,7221.195764,5834.164483,20495.07565,0,2412.4786
,,,,,4829,8034.693131,7394.82546,5898.874654,21196.00496,0,2298.1557
,,,,,4830,9287.648549,7897.051002,6742.721987,21913.30252,0,2419.3596
,,,,,4831,10082.9082,8608.283023,7246.936194,22770.40828,0,2502.3248
,,,,,4832,9935.261921,8484.835526,7364.966276,22523.51316,0,2532.4046
,,,,,4833,10283.94961,8420.635896,7852.438898,23505.73128,0,2577.5243
,,,,,4834,10495.22152,8523.586329,8215.071415,24550.62781,0,2659.015
,,,,,4835,11045.71215,8972.197341,9016.348166,24964.58662,0,2748.3697
,,,,,4836,10897.43223,9082.115934,8146.089149,24350.25245,0,2799.6823
,,,,,4837,10065.43151,8622.952831,8003.754845,23953.22831,0,2665.0113
,,,,,4838,10182.02503,8405.72886,8182.339422,24474.98443,0,2693.6166
,,,,,4839,10163.45752,8642.4584,8100.661767,24536.60784,0,2716.3239
,,,,,4840,10379.80096,8626.473169,8297.747752,24676.10004,0,2762.5249
,,,,,4841,11837.03482,8827.812297,8470.113021,24578.52257,0,2821.8981
,,,,,4842,11234.02853,9598.554218,8314.144134,23936.54135,0,2876.4546
,,,,,4843,10510.2666,9301.764795,7959.172947,23637.40168,0,2816.1967
,,,,,4844,10809.24202,9159.799842,8258.454441,24024.80604,0,2816.5899
,,,,,4845,10386.83336,9005.868847,8045.529852,24191.10085,0,2822.5862
,,,,,4846,9606.268925,8905.493709,7593.447663,26299.17733,0,2745.2241
,,,,,4847,8809.20393,8279.108529,6943.142844,24150.78627,0,2636.0128
,,,,,4848,8045.388602,7833.196188,6389.819914,22870.50525,0,2550.0003
,,,,,4849,7942.60588,7476.125433,6164.454379,22366.0696,0,2463.6929
,,,,,4850,7852.976728,7370.086816,6022.224864,22001.49305,0,2468.9028
,,,,,4851,7762.489858,7383.232722,5905.542013,21482.99938,0,2399.2081
,,,,,4852,7584.774773,7257.805407,5936.09783,20668.04254,0,2421.8171
,,,,,4853,8150.40707,7397.978245,6020.38275,21439.0612,0,2330.0049
,,,,,4854,9421.360807,7900.417747,6881.537572,22164.57381,0,2428.6981
,,,,,4855,10228.04411,8611.95277,7396.093321,23031.49583,0,2512.0565
,,,,,4856,10078.27695,8488.452681,7516.544225,22781.77307,0,2542.2346
,,,,,4857,10431.97342,8424.2257,8014.015016,23775.24033,0,2587.5509
,,,,,4858,10646.28019,8527.219993,8384.085204,24832.10384,0,2669.3365
,,,,,4859,11204.67845,8976.022123,9236.749363,25250.80363,0,2758.9861
,,,,,4860,11054.26853,9085.987545,8313.688096,24629.43363,0,2810.5936
,,,,,4861,10210.31638,8626.628827,8168.434485,24227.86245,0,2675.3328
,,,,,4862,10328.58473,8409.312314,8350.68187,24755.59413,0,2704.0364
,,,,,4863,10309.7505,8646.142706,8267.328988,24817.9233,0,2726.842
,,,,,4864,10529.20165,8630.150665,8468.457249,24959.01308,0,2773.2396
,,,,,4865,12018.34415,8831.575568,8644.357767,24860.31807,0,2832.8094
,,,,,4866,11395.69993,9576.350429,8485.189925,24210.98437,0,2876.4546
,,,,,4867,10661.54139,9305.729981,8122.938203,23908.41872,0,2827.108
,,,,,4868,10964.8115,9163.704547,8428.358025,24300.25994,0,2827.5012
,,,,,4869,10536.33507,9009.707974,8211.066307,24468.45929,0,2833.5958
,,,,,4870,9744.558067,8909.290074,7749.711815,26646.19259,0,2755.8405
,,,,,4871,8936.043479,8282.638039,7086.069104,24427.68299,0,2646.236
,,,,,4872,8161.256179,7836.53573,6521.397403,23132.73918,0,2559.9286
,,,,,4873,8030.769356,7176.848683,6245.811571,22617.19524,0,2393.7033
,,,,,4874,7940.147907,7075.051678,6101.712642,22248.53007,0,2398.8149
,,,,,4875,7848.659243,7087.67174,6035.573784,21724.22164,0,2330.9879
,,,,,4876,7756.951717,7045.979422,6035.573784,20980.64949,0,2352.9088
,,,,,4877,8240.871144,7101.827432,6099.846316,21679.79071,0,2309.5585
,,,,,4878,9525.895798,7584.169037,6972.319848,22413.43974,0,2359.5932
,,,,,4879,10341.51002,8267.242211,7493.638733,23290.08404,0,2440.6907
,,,,,4880,10190.08475,8148.682203,7615.6728,23037.5607,0,2470.0824
,,,,,4881,10547.69706,8087.024342,8119.682168,24042.16942,0,2514.2191
,,,,,4882,10764.37645,8185.898798,8494.616425,25110.88535,0,2593.7438
,,,,,4883,11328.95682,8616.74856,9301.295398,25534.28073,0,2681.0342
,,,,,4884,11176.88169,8722.315295,8423.294043,24905.94225,0,2731.1672
,,,,,4885,10323.58602,8281.331216,8276.131272,24499.86756,0,2599.6418
,,,,,4886,10443.16373,8072.7075,8460.77405,25033.51761,0,2627.559
,,,,,4887,10424.12099,8300.064527,8376.325608,25096.54578,0,2649.6765
,,,,,4888,10646.00171,8284.712179,8580.097427,25239.21784,0,2694.7962
,,,,,4889,12087.33486,8478.079958,8758.309918,25139.41599,0,2752.7932
,,,,,4890,11522.09313,9136.340424,8597.050031,24482.80021,0,2829.5655
,,,,,4891,10779.8066,8933.267896,8230.037002,24176.84137,0,2747.1901
,,,,,4892,11086.43426,8796.923569,8539.471153,24573.07697,0,2747.5833
,,,,,4893,10653.21411,8649.086956,8319.32343,24743.16263,0,2753.4813
,,,,,4894,9852.671223,8552.685835,7851.905061,26870.84178,0,2677.8886
,,,,,4895,9035.20545,7951.100277,7179.539669,24701.92904,0,2571.2331
,,,,,4896,8251.840365,7522.842341,6607.446125,23392.4628,0,2487.2849
,,,,,4897,7989.763045,6837.696293,6266.28106,22635.44397,0,2355.9561
,,,,,4898,7899.603131,6740.706051,6121.711786,22266.48169,0,2360.9694
,,,,,4899,7808.580418,6752.730205,6119.940291,21741.75071,0,2294.2237
,,,,,4900,7801.634495,6606.480204,6119.940291,21061.03507,0,2315.8497
,,,,,4901,8198.794787,6766.217479,6119.940291,21697.28398,0,2248.121
,,,,,4902,9477.274822,7225.783342,6995.16069,22431.52426,0,2322.4358
,,,,,4903,10288.73512,7876.602409,7518.181181,23308.87506,0,2402.2554
,,,,,4904,10138.08107,7763.6407,7640.613573,23056.14822,0,2431.1556
,,,,,4905,10493.87205,7704.894267,8146.268049,24061.56655,0,2474.6042
,,,,,4906,10709.4479,7799.09996,8522.426107,25131.14377,0,2552.851
,,,,,4907,11271.15287,8209.60538,9241.721457,25554.88037,0,2638.7652
,,,,,4908,11119.85226,8310.187348,8450.870926,24926.0355,0,2688.1118
,,,,,4909,10270.90241,7890.026144,8303.227809,24519.63356,0,2558.6507
,,,,,4910,10389.87112,7691.253454,8488.473269,25053.71368,0,2586.1747
,,,,,4911,10370.92536,7907.874885,8403.749184,25116.79264,0,2607.9973
,,,,,4912,10591.67604,7893.247461,8608.186122,25259.57968,0,2652.4289
,,,,,4913,11970.76014,8077.484586,8786.980306,25159.69741,0,2709.4429
,,,,,4914,11463.30553,8793.805425,8625.19406,24502.55245,0,2807.3497
,,,,,4915,10724.79947,8511.178954,8256.983086,24196.34704,0,2703.9381
,,,,,4916,11029.86548,8381.272685,8567.427242,24592.90197,0,2704.3313
,,,,,4917,10598.85171,8240.416786,8346.560948,24763.1247,0,2710.131
,,,,,4918,9802.385982,8148.56764,7877.616906,26838.57929,0,2635.7179
,,,,,4919,8989.083555,7575.388415,7203.056885,24721.85788,0,2530.7335
,,,,,4920,8209.708142,7167.352438,6629.096005,23411.33633,0,2448.0632
,,,,,4921,7899.705265,6727.199545,6236.771224,22700.86101,0,2356.7425
,,,,,4922,7810.558969,6631.77536,6109.896906,22330.83366,0,2361.7558
,,,,,4923,7720.559575,6643.605365,6109.896906,21804.58797,0,2295.0101
,,,,,4924,7701.463919,6485.504991,6109.896906,21174.95293,0,2316.6361
,,,,,4925,8106.386978,6656.874866,6109.896906,21759.99288,0,2237.5046
,,,,,4926,9370.493764,7109.020333,6961.588466,22496.35266,0,2323.2222
,,,,,4927,10172.83126,7749.330926,7481.693918,23376.23606,0,2403.0418
,,,,,4928,10023.87093,7638.193157,7603.443936,23122.77968,0,2431.942
,,,,,4929,10375.66195,7580.395277,8106.280162,24131.10032,0,2475.3906
,,,,,4930,10588.8142,7673.079873,8480.341715,25203.76504,0,2553.7357
,,,,,4931,11144.20422,8076.957053,9148.409929,25628.72482,0,2639.6499
,,,,,4932,10994.6046,8175.91497,8409.185344,24998.06469,0,2688.9965
,,,,,4933,10155.19903,7762.537915,8262.365112,24590.48961,0,2559.5354
,,,,,4934,10272.83024,7566.974715,8446.578112,25126.11143,0,2586.9611
,,,,,4935,10254.09748,7780.09846,8362.326234,25189.37248,0,2608.7837
,,,,,4936,10472.36638,7765.707218,8565.623749,25332.5717,0,2653.2153
,,,,,4937,11849.02213,7946.969552,8743.421429,25232.4011,0,2710.3276
,,,,,4938,11334.19662,8664.819896,8582.536894,24573.35919,0,2817.5729
,,,,,4939,10603.99318,8373.661259,8216.378132,24266.26987,0,2704.8228
,,,,,4940,10905.6295,8245.852526,8525.092037,24663.96952,0,2705.216
,,,,,4941,10479.46138,8107.270961,8305.456735,24834.68362,0,2711.0157
,,,,,4942,9691.949878,8016.904861,7839.126338,26869.72998,0,2636.6026
,,,,,4943,8887.790964,7452.980495,7168.325958,24793.29768,0,2531.6182
,,,,,4944,8117.17764,7051.532886,6597.564031,23478.99311,0,2448.8496
,,,,,4945,7879.533096,6890.478252,6186.73201,23033.54116,0,2397.537
,,,,,4946,7790.613841,6792.739939,6049.328813,22658.09739,0,2402.6486
,,,,,4947,7700.843662,6804.856833,6049.328813,22124.14856,0,2334.7233
,,,,,4948,7654.728286,6648.980727,6049.328813,21506.25968,0,2356.7425
,,,,,4949,8085.688423,6818.448132,6049.328813,22078.90069,0,2263.4558
,,,,,4950,9346.575724,7281.558563,6906.396026,22826.03923,0,2363.4269
,,,,,4951,10146.86979,7937.397305,7422.80369,23718.80229,0,2444.6227
,,,,,4952,9998.288838,7823.564338,7543.688104,23461.63584,0,2474.0144
,,,,,4953,10349.18391,7764.364803,8042.94932,24484.71617,0,2518.1511
,,,,,4954,10561.79328,7859.29709,8414.351412,25573.08246,0,2597.8724
,,,,,4955,11115.76882,8272.968681,9112.95504,26004.26276,0,2685.2611
,,,,,4956,10966.5502,8374.326423,8343.700941,25364.37109,0,2735.4924
,,,,,4957,10129.28247,7950.924575,8197.924554,24950.82996,0,2603.7704
,,,,,4958,10246.61409,7750.61878,8380.827858,25494.29217,0,2631.6876
,,,,,4959,10227.92904,7968.910981,8297.174984,25558.47923,0,2653.9034
,,,,,4960,10445.64205,7954.170738,8499.027117,25703.77458,0,2699.1214
,,,,,4961,11838.20769,8139.828858,8675.560711,25602.13769,0,2757.2167
,,,,,4962,11305.27734,8867.383494,8515.820014,24933.44879,0,2875.275
,,,,,4963,10576.93361,8576.86825,8152.264528,24621.86432,0,2751.6136
,,,,,4964,10877.8017,8445.960032,8458.783573,25025.38546,0,2752.0068
,,,,,4965,10452.71897,8304.01773,8240.70981,25198.59846,0,2757.9048
,,,,,4966,9667.213139,8211.460165,7777.694877,27237.11351,0,2682.2138
,,,,,4967,8865.102293,7633.86009,7111.663679,25156.60672,0,2575.3617
,,,,,4968,8096.451602,7222.676989,6544.959691,23823.06348,0,2491.2169
,,,,,4969,7976.810453,7179.19449,6187.863515,23516.26176,0,2416.214
,,,,,4970,7886.796322,7077.364238,6045.096108,23132.95873,0,2421.4239
,,,,,4971,7795.920789,7089.988421,6021.163854,22587.83261,0,2353.0071
,,,,,4972,7719.571372,6859.722944,6021.163854,21884.17355,0,2375.1246
,,,,,4973,8185.504201,7104.148738,6043.247028,22541.63755,0,2275.5467
,,,,,4974,9461.916998,7586.647875,6907.658614,23304.41614,0,2381.9073
,,,,,4975,10272.06521,8269.944139,7424.160339,24215.86763,0,2463.6929
,,,,,4976,10121.65475,8151.345411,7545.066771,23953.31785,0,2493.3795
,,,,,4977,10476.87044,8089.667412,8044.418926,24997.81459,0,2537.8111
,,,,,4978,10692.09771,8188.57416,8415.888666,26108.96393,0,2618.1222
,,,,,4979,11252.89443,8619.564637,9163.262072,26549.17024,0,2706.199
,,,,,4980,11101.83847,8725.165851,8345.225327,25895.88355,0,2756.7252
,,,,,4981,10254.26133,8284.037746,8199.422388,25473.68566,0,2624.0202
,,,,,4982,10373.03767,8075.345894,8382.359006,26028.5243,0,2652.2323
,,,,,4983,10354.12255,8302.777176,8298.690895,26094.055,0,2674.5464
,,,,,4984,10574.51629,8287.419813,8500.579795,26242.39186,0,2720.1576
,,,,,4985,11999.0651,8480.850746,8677.145543,26138.62738,0,2778.5478
,,,,,4986,11444.7364,9286.865048,8517.375751,25455.94064,0,2876.4546
,,,,,4987,10707.42446,8936.187348,8153.754045,25137.8337,0,2772.9447
,,,,,4988,11011.99719,8799.798491,8460.328921,25549.80185,0,2773.3379
,,,,,4989,10581.68035,8651.913595,8242.215436,25726.64076,0,2779.3342
,,,,,4990,9786.50247,8555.48099,7779.116168,27856.81137,0,2703.0534
,,,,,4991,8974.515112,7953.698954,7112.963655,25683.76999,0,2595.4149
,,,,,4992,8196.399909,7525.301149,6546.156446,24322.31135,0,2510.6803
,,,,,4993,8088.523052,7407.438957,6267.528559,24018.31692,0,2440.8873
,,,,,4994,7997.251574,7302.373825,6122.93062,23626.83984,0,2446.0972
,,,,,4995,7905.10666,7315.399046,6036.797451,23070.08875,0,2377.0906
,,,,,4996,7801.495967,7024.045606,6036.797451,22358.2641,0,2399.4047
,,,,,4997,8300.131905,7330.009198,6121.057831,23022.90856,0,2278.1025
,,,,,4998,9594.374066,7827.836067,6996.55271,23801.95363,0,2406.1874
,,,,,4999,10415.8387,8532.838862,7519.676904,24732.8421,0,2488.7594
,,,,,5000,10263.32726,8410.472562,7642.133572,24464.69337,0,2518.7409
,,,,,5001,10623.50472,8346.835215,8147.888307,25531.4643,0,2563.5657
,,,,,5002,10841.73836,8448.883971,8524.120949,26666.30923,0,2644.6632
,,,,,5003,11410.36848,8893.565886,9358.934732,27115.90307,0,2733.5264
,,,,,5004,11257.20251,9002.521773,8452.55158,26448.68485,0,2784.5441
,,,,,5005,10397.78613,8547.380185,8304.879189,26017.48346,0,2650.6595
,,,,,5006,10518.22158,8332.058741,8490.161379,26584.1542,0,2679.0682
,,,,,5007,10499.04224,8566.714917,8405.420495,26651.08236,0,2701.6772
,,,,,5008,10722.51452,8550.869692,8609.897969,26802.58255,0,2747.5833
,,,,,5009,12178.74145,8750.445418,8788.727603,26696.60526,0,2806.6616
,,,,,5010,11604.89016,9620.270036,8626.909279,25999.36003,0,2876.4546
,,,,,5011,10857.2792,9220.246869,8258.625297,25674.46936,0,2800.9602
,,,,,5012,11166.1063,9079.525296,8569.131007,26095.22285,0,2801.3534
,,,,,5013,10729.77865,8926.942485,8348.22092,26275.83291,0,2807.3497
,,,,,5014,9923.493457,8827.446469,7879.183897,28433.05261,0,2730.3808
,,,,,5015,9100.163986,8206.547396,7204.490126,26232.04791,0,2621.7593
,,,,,5016,8311.179808,7764.540517,6630.415442,24841.55576,0,2536.2383
,,,,,5017,8145.244393,7636.066759,6408.318109,24265.00813,0,2494.6574
,,,,,5018,8053.334505,7527.761314,6260.485128,23869.51462,0,2499.8673
,,,,,5019,7960.545072,7541.188245,6137.291034,23307.05145,0,2429.4845
,,,,,5020,7901.125475,7319.472092,6170.964918,22631.16987,0,2452.2901
,,,,,5021,8358.333371,7556.248989,6258.57044,23259.38721,0,2304.3486
,,,,,5022,9661.628276,8069.429333,7153.652475,24046.42502,0,2459.1711
,,,,,5023,10488.83875,8796.175113,7688.480353,24986.8641,0,2543.5125
,,,,,5024,10335.26055,8670.034916,7813.676703,24715.96425,0,2574.0838
,,,,,5025,10697.95732,8604.43493,8330.746521,25793.6799,0,2619.8916
,,,,,5026,10917.71742,8709.630971,8715.396491,26940.16795,0,2702.5619
,,,,,5027,11490.32489,9168.027316,9582.015958,27394.37448,0,2793.2928
,,,,,5028,11336.08759,9280.343511,8642.225925,26720.31082,0,2845.3918
,,,,,5029,10470.65991,8811.164906,8491.249708,26284.68545,0,2708.6565
,,,,,5030,10591.93776,8589.202734,8680.677155,26857.17004,0,2737.655
,,,,,5031,10572.62427,8831.09594,8594.040391,26924.78487,0,2760.7555
,,,,,5032,10797.65965,8814.762032,8803.092571,27077.83939,0,2807.6446
,,,,,5033,12230.67343,9020.492872,8985.923102,26970.77482,0,2867.9025
,,,,,5034,11686.20718,9851.840743,8820.48447,26266.37608,0,2876.4546
,,,,,5035,10933.36696,9504.783466,8443.960993,25938.15214,0,2862.1028
,,,,,5036,11244.3542,9359.7219,8761.413544,26363.22242,0,2862.496
,,,,,5037,10804.9746,9202.433283,8535.561109,26545.68548,0,2868.6889
,,,,,5038,9993.049735,9099.868711,8056.030476,28682.53306,0,2790.0489
,,,,,5039,9163.96138,8459.820495,7366.242006,26501.45125,0,2679.1665
,,,,,5040,8369.45855,8004.181685,6779.323739,25096.69312,0,2591.8761
,,,,,5041,8171.929849,7832.441861,6542.91595,24598.46385,0,2562.9759
,,,,,5042,8079.71961,7721.353216,6391.9902,24197.54129,0,2568.3824
,,,,,5043,8024.381146,7735.125189,6290.978246,23627.35703,0,2496.5251
,,,,,5044,8024.381146,7589.105863,6300.597165,22965.43871,0,2519.8222
,,,,,5045,8385.715176,7750.572959,6390.035456,23579.03849,0,2346.9125
,,,,,5046,9693.269087,8276.940851,7303.843233,24376.88019,0,2526.8998
,,,,,5047,10523.18278,9022.362317,7849.860086,25330.22894,0,2612.9123
,,,,,5048,10369.10271,8892.980608,7977.67563,25055.61037,0,2644.0734
,,,,,5049,10732.98473,8825.694854,8505.562912,26148.12013,0,2690.8642
,,,,,5050,10953.46297,8933.59419,8898.260028,27310.34636,0,2775.3039
,,,,,5051,11527.94166,9403.770262,9754.956416,27770.78791,0,2867.8042
,,,,,5052,11373.20032,9518.972723,8823.558682,27087.47118,0,2876.4546
,,,,,5053,10504.94454,9037.737312,8669.423937,26645.86586,0,2781.4968
,,,,,5054,10626.61871,8810.071226,8862.81434,27226.20911,0,2811.0851
,,,,,5055,10607.2421,9058.180528,8774.365074,27294.7521,0,2834.6771
,,,,,5056,10833.01287,9041.426876,8987.790772,27449.90765,0,2876.4546
,,,,,5057,12177.81355,9252.444523,9174.446246,27341.37337,0,2876.4546
,,,,,5058,11724.46407,10038.31229,9005.546521,26627.30515,0,2876.4546
,,,,,5059,10969.16366,9749.180266,8621.145909,26294.57559,0,2876.4546
,,,,,5060,11281.16716,9600.390953,8945.23979,26725.48093,0,2876.4546
,,,,,5061,10840.35172,9439.060382,8714.662364,26910.44871,0,2876.4546
,,,,,5062,10025.77359,9333.860138,8225.099614,29048.92818,0,2864.5603
,,,,,5063,9193.975877,8677.364163,7520.880286,26865.60727,0,2751.417
,,,,,5064,8396.876711,8210.016489,6921.683279,25441.56562,0,2662.3572
,,,,,5065,8104.017949,7918.075619,6544.561837,24774.26995,0,2695.7792
,,,,,5066,8012.572072,7805.773298,6393.598268,24370.48506,0,2701.3823
,,,,,5067,7975.996528,7819.695733,6315.768939,23796.23004,0,2627.4607
,,,,,5068,7975.996528,7720.03168,6315.768939,23096.21327,0,2651.4459
,,,,,5069,8316.031136,7835.312275,6391.643033,23747.56654,0,2482.7631
,,,,,5070,9612.746287,8367.430892,7305.679793,24551.10432,0,2658.7201
,,,,,5071,10435.78055,9120.996309,7851.833466,25511.25937,0,2747.0918
,,,,,5072,10282.97769,8990.201067,7979.681039,25234.6802,0,2779.1376
,,,,,5073,10643.84337,8922.180196,8507.700598,26334.98979,0,2827.108
,,,,,5074,10862.494,9031.258365,8900.496117,27505.51356,0,2876.4546
,,,,,5075,11432.21063,9506.571249,9732.107631,27969.24237,0,2876.4546
,,,,,5076,11278.752,9623.032332,8825.776052,27281.0472,0,2876.4546
,,,,,5077,10417.69348,9136.539281,8671.602684,26836.2891,0,2876.4546
,,,,,5078,10538.35906,8906.385875,8865.041546,27420.77563,0,2876.4546
,,,,,5079,10519.14307,9157.205845,8776.570116,27489.80798,0,2876.4546
,,,,,5080,10743.04235,9140.269155,8990.049295,27646.07124,0,2876.4546
,,,,,5081,12055.44048,9353.592232,9176.75154,27536.76209,0,2876.4546
,,,,,5082,11627.104,10109.18196,9007.809493,26817.59587,0,2876.4546
,,,,,5083,10878.06453,9855.75496,8623.312558,26482.49084,0,2876.4546
,,,,,5084,11187.48173,9705.34008,8947.487651,26916.47257,0,2876.4546
,,,,,5085,10750.32036,9542.246925,8716.852447,27102.7609,0,2876.4546
,,,,,5086,9942.494548,9435.897337,8227.167022,29280.40177,0,2876.4546
,,,,,5087,9117.591889,8772.228948,7522.771231,27057.59932,0,2876.4546
,,,,,5088,8327.100149,8299.775362,6923.424076,25623.39093,0,2797.8146
,,,,,5089,8403.367257,8967.104814,6956.235023,24922.40075,0,2625.4947
,,,,,5090,8308.557502,8839.939959,6795.77682,24516.19083,0,2500.6537
,,,,,5091,8212.840452,8855.704945,6669.419145,23938.48701,0,2500.6537
,,,,,5092,8195.821316,8653.4597,6698.61141,23163.34154,0,2500.6537
,,,,,5093,8623.179445,8873.388241,6793.698614,23889.53125,0,2500.6537
,,,,,5094,9967.594849,9475.929541,7765.222388,24697.89485,0,2500.6537
,,,,,5095,10820.90479,10329.22478,8345.725604,25663.81632,0,2625.4947
,,,,,5096,10662.48102,10181.11958,8481.613964,25385.57609,0,2625.4947
,,,,,5097,11036.6213,10104.09656,9042.842547,26492.49382,0,2625.4947
,,,,,5098,11263.31509,10227.61057,9460.34237,27670.04743,0,2625.4947
,,,,,5099,11853.98901,10765.82824,10382.66706,28136.56126,0,2625.4947
,,,,,5100,11694.88534,10897.70224,9380.922895,27444.23299,0,2625.4947
,,,,,5101,10802.15239,10346.82478,9217.053016,26996.8038,0,2500.6537
,,,,,5102,10927.2567,10086.21196,9422.657935,27584.80059,0,2500.6537
,,,,,5103,10907.33385,10370.22643,9328.622223,27654.24752,0,2500.6537
,,,,,5104,11139.46936,10351.04827,9555.527865,27811.44926,0,2625.4947
,,,,,5105,12564.46767,10592.60337,9753.972477,27701.48363,0,2771.5685
,,,,,5106,12056.05162,11494.05095,9574.405065,26977.99831,0,2771.5685
,,,,,5107,11279.4584,11161.2243,9165.725753,26640.88072,0,2771.5685
,,,,,5108,11600.25765,10990.90292,9510.289368,27077.46883,0,2771.5685
,,,,,5109,11147.0151,10806.22537,9265.148697,27264.87595,0,2771.5685
,,,,,5110,10309.47305,10685.80106,8744.665219,29530.03454,0,2771.5685
,,,,,5111,9454.225972,9934.300172,7995.967477,27219.44315,0,2771.5685
,,,,,5112,8634.655637,9399.32021,7358.925254,25776.6213,0,2771.5685
,,,,,5113,8303.529851,9041.818565,6909.289624,24939.16483,0,2648.8901
,,,,,5114,8209.843786,8913.594802,6749.910125,24532.68198,0,2520.7069
,,,,,5115,8115.26118,8929.491064,6586.051547,23954.58998,0,2520.7069
,,,,,5116,8099.343037,8692.784246,6653.397925,23213.5099,0,2520.7069
,,,,,5117,8520.736813,8947.32161,6747.84589,23905.60133,0,2520.7069
,,,,,5118,9849.218138,9554.880303,7712.838449,24714.50808,0,2520.7069
,,,,,5119,10692.41461,10415.28098,8289.439144,25681.07857,0,2648.8901
,,,,,5120,10535.86848,10265.9425,8424.413975,25402.65139,0,2648.8901
,,,,,5121,10905.57444,10188.2781,8981.869613,26510.31288,0,2648.8901
,,,,,5122,11129.58144,10312.82062,9396.56273,27688.65771,0,2648.8901
,,,,,5123,11713.25466,10855.52005,10342.7011,28155.48499,0,2648.8901
,,,,,5124,11556.03669,10988.49218,9317.677165,27462.69154,0,2648.8901
,,,,,5125,10673.88446,10433.02753,9154.908927,27014.96171,0,2520.7069
,,,,,5126,10797.50603,10170.24457,9359.131635,27603.35358,0,2520.7069
,,,,,5127,10777.8193,10456.62405,9265.728093,27672.84718,0,2520.7069
,,,,,5128,11007.20353,10437.2862,9491.108327,27830.15454,0,2648.8901
,,,,,5129,12419.6435,10680.85274,9688.218865,27720.11502,0,2798.4044
,,,,,5130,11912.92241,11614.50926,9509.858622,26996.14358,0,2798.4044
,,,,,5131,11145.53341,11254.2086,9103.926719,26658.79948,0,2798.4044
,,,,,5132,11462.53054,11082.46895,9446.173953,27095.68094,0,2798.4044
,,,,,5133,11014.65984,10896.25358,9202.681277,27283.21398,0,2798.4044
,,,,,5134,10187.04438,10774.82649,8685.696828,29520.34538,0,2798.4044
,,,,,5135,9341.933735,10017.06781,7942.03232,27237.75065,0,2798.4044
,,,,,5136,8532.076989,9477.633043,7309.272709,25793.95935,0,2798.4044
,,,,,5137,8173.182473,9012.525892,6700.833148,24532.13622,0,2662.947
,,,,,5138,8080.963494,8884.717291,6546.243532,24132.28028,0,2539.3839
,,,,,5139,8012.818965,8900.562084,6467.015322,23563.61294,0,2539.3839
,,,,,5140,8012.818965,8775.558409,6467.015322,23174.96573,0,2539.3839
,,,,,5141,8386.988063,8918.334898,6544.241334,23515.42295,0,2539.3839
,,,,,5142,9694.665906,9523.926445,7480.232667,24311.14206,0,2539.3839
,,,,,5143,10524.65826,10381.54133,8039.504599,25261.95451,0,2662.947
,,,,,5144,10370.56358,10232.68637,8170.422988,24988.06654,0,2662.947
,,,,,5145,10734.48009,10155.27344,8711.125237,26077.66978,0,2662.947
,,,,,5146,10954.97924,10279.41271,9113.355451,27236.80401,0,2662.947
,,,,,5147,11529.51237,10820.355,9983.658498,27696.02059,0,2662.947
,,,,,5148,11374.75637,10952.89659,9036.840658,27014.52177,0,2662.947
,,,,,5149,10506.41829,10399.23042,8878.964145,26574.0913,0,2539.3839
,,,,,5150,10628.10399,10137.2983,9077.049284,27152.8906,0,2539.3839
,,,,,5151,10608.72555,10422.75054,8986.452828,27221.25124,0,2539.3839
,,,,,5152,10834.51772,10403.4753,9205.059638,27375.99401,0,2662.947
,,,,,5153,12186.95434,10646.25322,9396.246352,27267.74847,0,2807.5463
,,,,,5154,11726.05341,11490.43043,9223.246425,26555.57997,0,2807.5463
,,,,,5155,10970.68141,11217.75268,8829.514122,26223.7356,0,2807.5463
,,,,,5156,11282.71449,11046.56908,9161.475691,26653.49456,0,2807.5463
,,,,,5157,10841.85726,10860.95664,8925.300778,26837.97025,0,2807.5463
,,,,,5158,10027.20193,10739.9227,8423.853425,28761.81904,0,2807.5463
,,,,,5159,9195.325373,9984.617488,7702.538501,26793.24811,0,2807.5463
,,,,,5160,8398.150655,9446.929295,7088.795415,25372.995,0,2807.5463
,,,,,5161,8031.688186,8880.577607,6388.730013,23915.93429,0,2681.2308
,,,,,5162,7941.061754,8777.265888,6241.311857,23526.11084,0,2555.3085
,,,,,5163,7880.244869,8777.265888,6202.79435,22971.71152,0,2555.3085
,,,,,5164,7880.244869,8777.265888,6202.79435,22667.90895,0,2555.3085
,,,,,5165,8241.801527,8792.870463,6239.402541,22924.73063,0,2555.3085
,,,,,5166,9526.896841,9356.774743,7131.972947,23700.48494,0,2555.3085
,,,,,5167,10342.55591,10155.35376,7665.300081,24627.44124,0,2681.2308
,,,,,5168,10191.12232,10016.74557,7790.145126,24360.42519,0,2681.2308
,,,,,5169,10548.75428,9944.661534,8305.764029,25422.68999,0,2681.2308
,,,,,5170,10765.44559,10060.2554,8689.334659,26552.74122,0,2681.2308
,,,,,5171,11330.057,10563.9607,9494.752526,27000.43594,0,2681.2308
,,,,,5172,11177.97351,10687.37849,8616.369412,26336.03611,0,2681.2308
,,,,,5173,10324.63092,10171.82518,8465.816839,25906.65616,0,2555.3085
,,,,,5174,10444.21521,9927.923753,8654.712747,26470.93322,0,2555.3085
,,,,,5175,10425.17142,10193.72624,8568.319088,26537.57868,0,2555.3085
,,,,,5176,10647.06434,10175.77785,8776.784661,26688.43891,0,2681.2308
,,,,,5177,11975.01238,10401.84361,8959.102164,26582.90929,0,2828.2876
,,,,,5178,11523.20393,11090.86021,8794.127758,25888.60928,0,2828.2876
,,,,,5179,10780.87659,10934.00261,8418.660817,25565.09098,0,2828.2876
,,,,,5180,11087.52111,10774.60282,8735.222587,25984.06717,0,2828.2876
,,,,,5181,10654.27714,10601.76743,8510.003901,26163.91431,0,2828.2876
,,,,,5182,9853.690233,10489.06514,8031.818846,27991.52488,0,2828.2876
,,,,,5183,9036.179511,9785.753073,7343.965945,26120.31426,0,2828.2876
,,,,,5184,8252.771351,9285.077866,6758.69459,24735.69569,0,2828.2876
,,,,,5185,8035.100404,8614.210533,6105.614011,23388.84798,0,2696.9588
,,,,,5186,7944.435566,8515.379762,5964.701253,23007.60611,0,2571.7246
,,,,,5187,7856.555651,8515.379762,5956.542108,22465.41136,0,2571.7246
,,,,,5188,7856.555651,8515.379762,5956.542108,22090.63189,0,2571.7246
,,,,,5189,8245.302785,8529.681447,5962.876194,22419.46471,0,2571.7246
,,,,,5190,9530.94269,9073.152727,6816.058467,23178.14153,0,2571.7246
,,,,,5191,10346.94741,9842.795338,7325.850473,24084.69179,0,2696.9588
,,,,,5192,10195.44965,9709.209601,7445.186245,23823.55384,0,2696.9588
,,,,,5193,10553.23317,9639.737516,7938.051465,24862.4339,0,2696.9588
,,,,,5194,10770.0163,9751.142849,8304.695553,25967.60815,0,2696.9588
,,,,,5195,11334.86699,10236.59646,9060.244431,26405.4473,0,2696.9588
,,,,,5196,11182.71905,10355.54222,8234.95018,25755.67359,0,2696.9588
,,,,,5197,10329.01483,9858.669917,8091.041323,25335.74602,0,2571.7246
,,,,,5198,10448.6498,9623.606226,8271.601466,25887.60107,0,2571.7246
,,,,,5199,10429.59794,9879.777398,8189.020263,25952.77939,0,2571.7246
,,,,,5200,10651.58489,9862.479366,8388.286484,26100.31859,0,2696.9588
,,,,,5201,12016.53809,10080.35366,8562.558519,25997.11209,0,2843.3275
,,,,,5202,11528.09577,10746.80638,8404.864249,25318.09643,0,2843.3275
,,,,,5203,10785.45385,10593.22994,8045.966244,25001.70007,0,2843.3275
,,,,,5204,11092.22832,10439.60599,8348.558497,25411.45291,0,2843.3275
,,,,,5205,10658.80074,10273.03327,8133.27846,25587.34089,0,2843.3275
,,,,,5206,9857.874569,10164.41473,7676.195176,27453.57565,0,2843.3275
,,,,,5207,9040.017406,9486.587082,7018.696452,25544.70065,0,2843.3275
,,,,,5208,8256.277258,9004.053777,6459.252466,24190.56312,0,2843.3275
,,,,,5209,8152.1199,8273.196853,6084.761655,23351.47758,0,2676.709
,,,,,5210,8060.137985,8174.306873,5949.165334,22970.84416,0,2559.0439
,,,,,5211,7967.275836,8174.306873,5949.165334,22429.5147,0,2559.0439
,,,,,5212,7943.555941,8174.306873,5949.165334,22076.25949,0,2559.0439
,,,,,5213,8365.375868,8188.625773,5949.165334,22383.64138,0,2559.0439
,,,,,5214,9669.692119,8732.367044,6792.790403,23141.10741,0,2559.0439
,,,,,5215,10497.55085,9502.392004,7300.848974,24046.21088,0,2676.709
,,,,,5216,10343.8523,9368.739903,7419.778972,23785.48969,0,2676.709
,,,,,5217,10706.8333,9299.233306,7910.968313,24822.71178,0,2676.709
,,,,,5218,10926.76561,9410.693984,8276.36571,25926.12225,0,2676.709
,,,,,5219,11499.82182,9896.388758,9005.543948,26363.26263,0,2676.709
,,,,,5220,11345.46365,10015.39361,8206.85749,25714.52592,0,2676.709
,,,,,5221,10479.35776,9518.274469,8063.437964,25295.26852,0,2559.0439
,,,,,5222,10600.73065,9283.094002,8243.384152,25846.24286,0,2559.0439
,,,,,5223,10581.40203,9539.392437,8161.083748,25911.31716,0,2559.0439
,,,,,5224,10806.61376,9522.085812,8359.672409,26058.62089,0,2676.709
,,,,,5225,12206.42189,9740.068339,8533.351871,25955.5791,0,2815.1154
,,,,,5226,11695.85761,10406.81921,8376.193805,25277.6471,0,2815.1154
,,,,,5227,10942.42742,10253.19942,8018.516152,24961.75569,0,2815.1154
,,,,,5228,11253.65837,10099.49914,8320.079508,25370.85459,0,2815.1154
,,,,,5229,10813.93444,9932.84367,8105.531482,25546.46186,0,2815.1154
,,,,,5230,10001.3733,9824.17117,7650.002408,27393.06076,0,2815.1154
,,,,,5231,9171.635219,9146.006789,6994.739362,25503.88968,0,2815.1154
,,,,,5232,8376.509766,8663.233767,6437.19764,24151.91325,0,2815.1154
,,,,,5233,8236.000383,8107.633249,6110.685632,23404.33211,0,2676.709
,,,,,5234,8143.074376,8019.633421,5969.656338,23022.83815,0,2559.0439
,,,,,5235,8049.259101,8019.633421,5953.177526,22480.28486,0,2559.0439
,,,,,5236,8041.351087,8019.633421,5953.177526,22054.06809,0,2559.0439
,,,,,5237,8451.445186,8030.785875,5967.82977,22434.30783,0,2559.0439
,,,,,5238,9769.148787,8524.868355,6821.717626,23193.48634,0,2559.0439
,,,,,5239,10605.50456,9224.568493,7331.93123,24100.63606,0,2676.709
,,,,,5240,10450.22846,9103.122568,7451.365693,23839.32543,0,2676.709
,,,,,5241,10816.93506,9039.963868,7944.638512,24878.89246,0,2676.709
,,,,,5242,11039.12474,9141.245067,8311.585815,25984.79752,0,2676.709
,,,,,5243,11618.06273,9582.58232,9078.665827,26422.92619,0,2676.709
,,,,,5244,11462.12024,9690.718699,8241.782763,25772.72281,0,2676.709
,,,,,5245,10587.12475,9239.000445,8097.754893,25352.51756,0,2559.0439
,,,,,5246,10709.74339,9025.298534,8278.46436,25904.73753,0,2559.0439
,,,,,5247,10690.21638,9258.189752,8195.814862,25969.95895,0,2559.0439
,,,,,5248,10917.73966,9242.463705,8395.245876,26117.59571,0,2676.709
,,,,,5249,12316.76539,9440.538329,8569.662035,26014.32097,0,2815.1154
,,,,,5250,11816.11061,10052.45166,8411.837351,25334.8563,0,2815.1154
,,,,,5251,11054.94729,9906.806183,8052.642537,25018.25072,0,2815.1154
,,,,,5252,11369.37268,9767.143043,8355.485034,25428.27451,0,2815.1154
,,,,,5253,10925.13548,9615.707879,8140.02696,25604.2788,0,2815.1154
,,,,,5254,10104.23431,9516.960219,7682.565668,27514.47242,0,2815.1154
,,,,,5255,9265.979889,8900.731219,7024.523192,25561.61036,0,2815.1154
,,,,,5256,8462.693361,8462.04888,6464.616546,24206.5774,0,2815.1154
,,,,,5257,8242.671336,7947.517698,6212.415489,23591.3838,0,2676.709
,,,,,5258,8149.670246,7858.19665,6069.048662,23206.84441,0,2559.0439
,,,,,5259,8092.18635,7858.19665,6004.127411,22659.95999,0,2559.0439
,,,,,5260,8092.18635,7858.19665,6004.127411,22051.54952,0,2559.0439
,,,,,5261,8458.290215,7869.733265,6067.191818,22613.61592,0,2559.0439
,,,,,5262,9777.058502,8369.840469,6935.232703,23378.85486,0,2559.0439
,,,,,5263,10614.09004,9078.072584,7453.903,24293.24626,0,2676.709
,,,,,5264,10458.68848,8955.145777,7575.317067,24029.84962,0,2676.709
,,,,,5265,10825.69137,8891.216934,8076.76579,25077.71539,0,2676.709
,,,,,5266,11048.06058,8993.733132,8449.795175,26192.44876,0,2676.709
,,,,,5267,11627.46634,9440.451947,9286.142917,26634.07496,0,2676.709
,,,,,5268,11471.39785,9549.906915,8378.83515,25978.68109,0,2676.709
,,,,,5269,10595.69537,9092.680516,8232.420046,25555.12139,0,2559.0439
,,,,,5270,10718.4131,8876.372774,8416.124738,26111.74967,0,2559.0439
,,,,,5271,10698.87031,9112.103812,8332.10534,26177.49174,0,2559.0439
,,,,,5272,10926.57742,9096.186006,8534.841886,26326.30706,0,2676.709
,,,,,5273,12271.72789,9296.675905,8712.148959,26222.20789,0,2815.1154
,,,,,5274,11825.67424,9915.24226,8551.708361,25537.31914,0,2815.1154
,,,,,5275,11063.89592,9768.629318,8186.559961,25218.18613,0,2815.1154
,,,,,5276,11378.57535,9627.263159,8494.422015,25631.4831,0,2815.1154
,,,,,5277,10933.97921,9473.98143,8275.392764,25808.89241,0,2815.1154
,,,,,5278,10112.41477,9374.029665,7810.349138,27880.10191,0,2815.1154
,,,,,5279,9273.483051,8750.286515,7141.399733,25765.88335,0,2815.1154
,,,,,5280,8469.547478,8306.254989,6572.21274,24400.03331,0,2815.1154
,,,,,5281,8177.93572,7544.285351,6290.940183,23823.29554,0,2676.709
,,,,,5282,8085.663242,7437.285937,6145.769027,23434.98036,0,2559.0439
,,,,,5283,8061.958749,7450.550956,6087.783115,22882.72606,0,2559.0439
,,,,,5284,8061.958749,7431.150641,6087.783115,22224.97436,0,2559.0439
,,,,,5285,8391.865344,7465.430086,6143.888814,22835.92695,0,2559.0439
,,,,,5286,9700.301807,7972.422103,7022.854342,23608.67978,0,2559.0439
,,,,,5287,10530.77567,8690.404218,7548.052312,24532.04959,0,2676.709
,,,,,5288,10376.59159,8565.785117,7670.994424,24266.06666,0,2676.709
,,,,,5289,10740.71922,8500.976186,8178.75408,25324.22144,0,2676.709
,,,,,5290,10961.34628,8604.903692,8556.478188,26449.90039,0,2676.709
,,,,,5291,11536.21272,9057.772338,9385.650321,26895.86292,0,2676.709
,,,,,5292,11381.36694,9168.734137,8484.625103,26234.03373,0,2676.709
,,,,,5293,10512.52511,8705.213252,8336.367307,25806.31509,0,2559.0439
,,,,,5294,10634.28141,8485.927672,8522.383996,26368.40891,0,2559.0439
,,,,,5295,10614.89172,8724.903942,8437.30718,26434.79651,0,2559.0439
,,,,,5296,10840.81488,8708.767001,8642.595246,26585.07305,0,2676.709
,,,,,5297,12133.55154,8912.016979,8822.1338,26479.95173,0,2815.1154
,,,,,5298,11732.86777,9570.624793,8659.673993,25788.33804,0,2815.1154
,,,,,5299,10977.05756,9390.46762,8289.930054,25466.07147,0,2815.1154
,,,,,5300,11289.27166,9247.15532,8601.666676,25883.4266,0,2815.1154
,,,,,5301,10848.15868,9091.763411,8379.880854,26062.57789,0,2815.1154
,,,,,5302,10033.03074,8990.435642,7908.984467,28184.675,0,2815.1154
,,,,,5303,9200.671592,8358.105625,7231.616066,26019.14653,0,2815.1154
,,,,,5304,8403.034412,7907.961262,6655.265627,24639.88519,0,2815.1154
,,,,,5305,8077.946953,7284.962066,6300.77079,23879.65269,0,2486.3019
,,,,,5306,7986.799869,7181.638009,6158.024446,23490.41994,0,2361.3626
,,,,,5307,7974.421562,7194.447383,6158.024446,22936.86072,0,2361.3626
,,,,,5308,7974.421562,7141.223279,6158.024446,22449.06296,0,2361.3626
,,,,,5309,8289.267402,7208.815425,6158.024446,22889.95102,0,2361.3626
,,,,,5310,9581.745628,7698.392615,7033.823806,23664.52981,0,2361.3626
,,,,,5311,10402.09068,8391.712539,7559.838985,24590.08148,0,2486.3019
,,,,,5312,10249.7871,8271.374019,7682.972394,24323.47005,0,2486.3019
,,,,,5313,10609.47367,8208.791231,8191.522123,25384.12517,0,2486.3019
,,,,,5314,10827.40988,8309.148898,8569.833971,26512.46402,0,2486.3019
,,,,,5315,11395.265,8746.461818,9311.355033,26959.48033,0,2486.3019
,,,,,5316,11242.30779,8853.612156,8497.869082,26296.08728,0,2486.3019
,,,,,5317,10384.06272,8406.012893,8349.380597,25867.35798,0,2361.3626
,,,,,5318,10504.33402,8194.259622,8535.686727,26430.77998,0,2361.3626
,,,,,5319,10485.18082,8425.027222,8450.477533,26497.32445,0,2361.3626
,,,,,5320,10708.34853,8409.444574,8656.085027,26647.95608,0,2486.3019
,,,,,5321,11975.45321,8605.713055,8835.902942,26542.58636,0,2632.7689
,,,,,5322,11589.52157,9272.616061,8673.190348,25849.33844,0,2632.7689
,,,,,5323,10842.92953,9067.729247,8302.871088,25526.31038,0,2632.7689
,,,,,5324,11151.33574,8929.339625,8615.092771,25944.65169,0,2632.7689
,,,,,5325,10715.60276,8779.285321,8392.961851,26124.2263,0,2632.7689
,,,,,5326,9910.416459,8681.438091,7921.33275,28105.39839,0,2632.7689
,,,,,5327,9088.209112,8070.828174,7242.910364,26080.69232,0,2632.7689
,,,,,5328,8300.300248,7636.14596,6665.663124,24698.17189,0,2632.7689
,,,,,5329,8015.543987,7045.841591,6260.818612,23783.35577,0,2497.7047
,,,,,5330,7925.099261,6945.906558,6142.383988,23395.69085,0,2376.0093
,,,,,5331,7896.04805,6958.295786,6142.383988,22844.36136,0,2376.0093
,,,,,5332,7896.04805,6931.5437,6142.383988,22422.75485,0,2376.0093
,,,,,5333,8225.236051,6972.192556,6142.383988,22797.64061,0,2376.0093
,,,,,5334,9507.754745,7445.711638,6967.825345,23569.0994,0,2376.0093
,,,,,5335,10321.77841,8116.290701,7475.150552,24490.92295,0,2497.7047
,,,,,5336,10170.64845,7999.899278,7593.908879,24225.38543,0,2497.7047
,,,,,5337,10527.56336,7939.369202,8084.389206,25281.76824,0,2497.7047
,,,,,5338,10743.8202,8036.435143,8449.259164,26405.56214,0,2497.7047
,,,,,5339,11307.29957,8459.40422,9131.438151,26850.77788,0,2497.7047
,,,,,5340,11155.52101,8563.040031,8379.851277,26190.05697,0,2497.7047
,,,,,5341,10303.88937,8130.122004,8236.638772,25763.05459,0,2376.0093
,,,,,5342,10423.23389,7925.31423,8416.325215,26324.20713,0,2376.0093
,,,,,5343,10404.22828,8148.512664,8334.143608,26390.48356,0,2376.0093
,,,,,5344,10625.67631,8133.441125,8532.445613,26540.50845,0,2497.7047
,,,,,5345,11908.93946,8323.272009,8705.874375,26435.56316,0,2640.5346
,,,,,5346,11500.05924,8952.694986,8548.943161,25745.10764,0,2640.5346
,,,,,5347,10759.22027,8770.134092,8191.781804,25423.38073,0,2640.5346
,,,,,5348,11065.24996,8636.283643,8492.909863,25840.03696,0,2640.5346
,,,,,5349,10632.87464,8491.151114,8278.67153,26018.88825,0,2640.5346
,,,,,5350,9833.892916,8396.513268,7823.799996,27940.42446,0,2640.5346
,,,,,5351,9018.021305,7805.931328,7169.482799,25975.52962,0,2640.5346
,,,,,5352,8236.18388,7385.50667,6612.745869,24598.57797,0,2640.5346
,,,,,5353,8006.479004,6865.555571,6190.470688,23650.59414,0,2509.8939
,,,,,5354,7916.136306,6787.221449,6077.028298,23265.09074,0,2389.3781
,,,,,5355,7853.415085,6787.221449,6077.028298,22716.83531,0,2389.3781
,,,,,5356,7853.415085,6787.221449,6077.028298,22216.53988,0,2389.3781
,,,,,5357,8215.934519,6795.56348,6077.028298,22670.37507,0,2389.3781
,,,,,5358,9497.006439,7245.570607,6878.380898,23437.53241,0,2389.3781
,,,,,5359,10310.11183,7882.852967,7372.003055,24354.21612,0,2509.8939
,,,,,5360,10159.15235,7772.240804,7487.553674,24090.15917,0,2509.8939
,,,,,5361,10515.66464,7714.716268,7964.785938,25140.65187,0,2509.8939
,,,,,5362,10731.67752,7806.96253,8319.800618,26258.1798,0,2509.8939
,,,,,5363,11294.52124,8208.929645,8993.839651,26700.91313,0,2509.8939
,,,,,5364,11142.9139,8307.419559,8252.267465,26043.87623,0,2509.8939
,,,,,5365,10292.24296,7895.997495,8112.923185,25619.25469,0,2389.3781
,,,,,5366,10411.45286,7701.359177,8287.756228,26177.2784,0,2389.3781
,,,,,5367,10392.46869,7913.474992,8207.794378,26243.18529,0,2389.3781
,,,,,5368,10613.66691,7899.15181,8400.740169,26392.37368,0,2509.8939
,,,,,5369,11941.59937,8079.556897,8569.484554,26288.01354,0,2651.6425
,,,,,5370,11487.06347,8642.798412,8416.792112,25601.40781,0,2651.6425
,,,,,5371,10747.06022,8504.230642,8069.277821,25281.47476,0,2651.6425
,,,,,5372,11052.74469,8377.026358,8362.272296,25695.80783,0,2651.6425
,,,,,5373,10620.85712,8239.100189,8153.820622,25873.6619,0,2651.6425
,,,,,5374,9822.776703,8149.161459,7711.235343,27856.16134,0,2651.6425
,,,,,5375,9007.825454,7587.904072,7074.591506,25830.54502,0,2651.6425
,,,,,5376,8226.869999,7188.355036,6532.892255,24461.27089,0,2651.6425
,,,,,5377,8027.317133,6829.79378,6184.472224,23238.28839,0,2517.9545
,,,,,5378,7936.739898,6732.920765,6067.985722,22859.49781,0,2396.9472
,,,,,5379,7845.295872,6744.930386,6067.985722,22320.78923,0,2396.9472
,,,,,5380,7836.810066,6703.756219,6067.985722,21950.83631,0,2396.9472
,,,,,5381,8237.316413,6758.401358,6067.985722,22275.13801,0,2396.9472
,,,,,5382,9521.714105,7217.411773,6884.026911,23028.93673,0,2396.9472
,,,,,5383,10336.93039,7867.444234,7386.00477,23929.6581,0,2517.9545
,,,,,5384,10185.579,7754.619055,7503.511351,23670.19921,0,2517.9545
,,,,,5385,10543.01683,7695.943626,7988.82188,24702.39954,0,2517.9545
,,,,,5386,10759.5905,7790.035457,8349.846007,25800.46779,0,2517.9545
,,,,,5387,11323.89541,8200.044724,9028.848535,26235.49175,0,2517.9545
,,,,,5388,11171.89448,8300.505125,8281.169699,25589.89592,0,2517.9545
,,,,,5389,10319.01513,7880.851745,8139.466693,25172.66838,0,2396.9472
,,,,,5390,10438.5345,7682.319299,8317.259191,25720.97514,0,2396.9472
,,,,,5391,10419.50105,7898.678913,8235.943801,25785.73438,0,2396.9472
,,,,,5392,10641.27352,7884.069168,8432.155648,25932.32494,0,2517.9545
,,,,,5393,12015.99903,8068.083617,8603.756423,25829.78203,0,2660.1946
,,,,,5394,11516.93749,8693.650197,8448.479307,25155.13227,0,2660.1946
,,,,,5395,10775.01313,8501.253805,8095.08253,24840.77026,0,2660.1946
,,,,,5396,11081.49119,8371.504546,8393.036616,25247.88849,0,2660.1946
,,,,,5397,10648.4824,8230.81889,8181.056414,25422.64555,0,2660.1946
,,,,,5398,9848.330096,8139.080757,7730.979352,27278.76532,0,2660.1946
,,,,,5399,9031.263164,7566.594299,7083.558839,25380.27948,0,2660.1946
,,,,,5400,8248.280282,7159.05149,6532.69007,24034.84871,0,2660.1946
,,,,,5401,7996.428814,6910.237348,6172.576148,22692.45843,0,2497.7047
,,,,,5402,7906.199233,6812.224216,6053.785604,22322.55461,0,2376.0093
,,,,,5403,7815.106188,6824.37518,6053.785604,21796.4846,0,2376.0093
,,,,,5404,7812.600446,6747.29864,6053.785604,21592.11794,0,2376.0093
,,,,,5405,8205.622073,6838.004695,6053.785604,21751.90439,0,2376.0093
,,,,,5406,9485.08998,7302.417289,6880.944367,22488.01834,0,2376.0093
,,,,,5407,10297.17729,7960.100102,7389.246531,23367.60801,0,2497.7047
,,,,,5408,10146.40683,7845.947063,7508.233551,23114.23624,0,2497.7047
,,,,,5409,10502.47273,7786.581072,7999.658397,24122.22025,0,2497.7047
,,,,,5410,10718.21515,7881.780287,8365.230986,25194.52688,0,2497.7047
,,,,,5411,11280.35414,8296.61503,9047.99031,25619.34479,0,2497.7047
,,,,,5412,11128.93662,8398.257768,8295.68944,24988.8952,0,2497.7047
,,,,,5413,10279.3308,7973.665408,8152.20115,24581.45618,0,2376.0093
,,,,,5414,10398.39143,7772.796398,8332.233616,25116.89919,0,2376.0093
,,,,,5415,10379.43103,7991.702388,8249.893752,25180.13913,0,2376.0093
,,,,,5416,10600.35229,7976.920698,8448.577628,25323.29054,0,2497.7047
,,,,,5417,11967.37363,8163.100847,8622.340362,25223.15338,0,2640.5346
,,,,,5418,11472.65528,8822.405674,8465.106945,24564.33148,0,2640.5346
,,,,,5419,10733.57858,8601.369096,8107.257801,24257.34468,0,2640.5346
,,,,,5420,11038.88031,8470.092794,8408.965744,24654.91156,0,2640.5346
,,,,,5421,10607.5335,8327.751383,8194.314851,24825.56868,0,2640.5346
,,,,,5422,9810.452351,8234.933566,7738.567369,26520.25112,0,2640.5346
,,,,,5423,8996.521491,7655.709409,7082.990152,24784.19655,0,2640.5346
,,,,,5424,8216.54386,7243.370153,6525.181112,23470.33075,0,2640.5346
,,,,,5425,7927.569076,6945.465556,6122.497003,22285.30809,0,2509.8939
,,,,,5426,7838.114526,6846.95314,5998.748968,21922.03316,0,2389.3781
,,,,,5427,7747.803927,6859.166002,5998.748968,21405.39062,0,2389.3781
,,,,,5428,7726.245307,6751.499102,5998.748968,21353.91116,0,2389.3781
,,,,,5429,8134.965462,6872.864946,5998.748968,21361.60932,0,2389.3781
,,,,,5430,9403.443334,7339.643286,6834.897323,22084.53169,0,2389.3781
,,,,,5431,10208.55519,8000.676377,7346.092794,22948.3586,0,2509.8939
,,,,,5432,10059.07978,7885.941834,7465.757099,22699.52741,0,2509.8939
,,,,,5433,10412.08724,7826.273429,7959.979184,23689.44777,0,2509.8939
,,,,,5434,10625.97653,7921.957596,8327.632649,24742.53804,0,2509.8939
,,,,,5435,11183.28701,8338.905532,9022.869013,25159.74298,0,2509.8939
,,,,,5436,11033.1701,8441.066044,8257.695265,24540.59141,0,2509.8939
,,,,,5437,10190.86199,8014.310785,8113.390226,24140.45393,0,2389.3781
,,,,,5438,10308.89995,7812.418536,8294.447454,24666.30149,0,2389.3781
,,,,,5439,10290.10241,8032.439646,8211.638903,24728.40813,0,2389.3781
,,,,,5440,10509.12606,8017.582658,8411.453707,24868.99419,0,2509.8939
,,,,,5441,11880.90174,8204.71122,8586.205516,24770.65154,0,2651.6425
,,,,,5442,11373.93638,8890.427365,8428.077111,24123.63611,0,2651.6425
,,,,,5443,10641.208,8645.212035,8068.191054,23822.15069,0,2651.6425
,,,,,5444,10943.88733,8513.267003,8371.616349,24212.59295,0,2651.6425
,,,,,5445,10516.24559,8370.200495,8155.743642,24380.19178,0,2651.6425
,,,,,5446,9726.010994,8276.909859,7697.402001,25929.70739,0,2651.6425
,,,,,5447,8919.071422,7694.735099,7038.093173,24339.56107,0,2651.6425
,,,,,5448,8145.793437,7280.295361,6477.10903,23049.2405,0,2651.6425
,,,,,5449,7893.644287,6992.659285,6141.298999,22308.93216,0,2517.9545
,,,,,5450,7804.571566,6893.477998,6011.272962,21945.2726,0,2396.9472
,,,,,5451,7714.646452,6905.773781,6011.272962,21439.99525,0,2396.9472
,,,,,5452,7685.763817,6781.696718,6011.272962,21439.99525,0,2396.9472
,,,,,5453,8100.155416,6919.565738,6011.272962,21439.99525,0,2396.9472
,,,,,5454,9363.218882,7389.513367,6855.877496,22107.94319,0,2396.9472
,,,,,5455,10164.89418,8055.034681,7368.635956,22972.6847,0,2517.9545
,,,,,5456,10016.05679,7939.521124,7488.666138,22723.59005,0,2517.9545
,,,,,5457,10367.55746,7879.447588,7984.399316,23714.55852,0,2517.9545
,,,,,5458,10580.53378,7975.781422,8353.176887,24768.76378,0,2517.9545
,,,,,5459,11135.46542,8395.560314,9065.075337,25186.41044,0,2517.9545
,,,,,5460,10985.98927,8498.414466,8283.025669,24566.60333,0,2517.9545
,,,,,5461,10147.2765,8068.761663,8138.279414,24166.04219,0,2396.9472
,,,,,5462,10264.81062,7865.498624,8319.890228,24692.44651,0,2396.9472
,,,,,5463,10246.09332,8087.013614,8236.828489,24754.61891,0,2396.9472
,,,,,5464,10464.18208,8072.055751,8437.25423,24895.35381,0,2517.9545
,,,,,5465,11836.9033,8260.454861,8612.540346,24796.90705,0,2660.1946
,,,,,5466,11325.30102,8962.32273,8453.92846,24149.20657,0,2660.1946
,,,,,5467,10595.70024,8703.946549,8092.942046,23847.40194,0,2660.1946
,,,,,5468,10897.0876,8571.105648,8397.295068,24238.25759,0,2660.1946
,,,,,5469,10471.27122,8427.067761,8180.762327,24406.03388,0,2660.1946
,,,,,5470,9684.409684,8333.143708,7721.019298,25846.01076,0,2660.1946
,,,,,5471,8880.914476,7747.01615,7059.694621,24365.36014,0,2660.1946
,,,,,5472,8110.937172,7329.762486,6496.995258,23073.6734,0,2660.1946
,,,,,5473,7892.113336,7121.519466,6191.90642,22300.25722,0,2574.1821
,,,,,5474,7803.057846,7020.51186,6070.139311,21955.74482,0,2455.4357
,,,,,5475,7713.150128,7033.034057,6070.139311,21525.56675,0,2455.4357
,,,,,5476,7708.243015,6914.572911,6070.139311,21525.56675,0,2455.4357
,,,,,5477,8098.584515,7047.079978,6070.139311,21525.56675,0,2455.4357
,,,,,5478,9361.403641,7525.681198,6911.660731,22109.85058,0,2455.4357
,,,,,5479,10162.92385,8203.457387,7428.133188,22929.06231,0,2574.1821
,,,,,5480,10014.11525,8085.81677,7549.032769,22693.08282,0,2574.1821
,,,,,5481,10365.54793,8024.637043,8048.356627,23631.87549,0,2574.1821
,,,,,5482,10578.48305,8122.744763,8419.805318,24630.57545,0,2574.1821
,,,,,5483,11133.30734,8550.253441,9107.418,25026.23247,0,2574.1821
,,,,,5484,10983.86011,8655.001545,8349.145982,24439.05901,0,2574.1821
,,,,,5485,10145.30958,8217.437137,8203.351306,24059.58795,0,2455.4357
,,,,,5486,10262.82097,8010.431223,8386.277558,24558.27639,0,2455.4357
,,,,,5487,10244.10729,8236.025178,8302.614188,24617.17532,0,2455.4357
,,,,,5488,10462.15386,8220.791882,8504.491647,24750.50035,0,2574.1821
,,,,,5489,11818.45866,8412.660164,8681.04739,24657.23694,0,2713.9647
,,,,,5490,11323.10621,9119.165212,8521.286652,24043.63875,0,2713.9647
,,,,,5491,10593.64657,8864.318284,8157.685551,23757.72453,0,2713.9647
,,,,,5492,10894.97563,8729.031258,8464.243054,24128.00111,0,2713.9647
,,,,,5493,10469.24163,8582.341065,8246.141929,24286.94376,0,2713.9647
,,,,,5494,9682.532309,8486.6875,7783.068903,25560.46256,0,2713.9647
,,,,,5495,8879.192537,7889.767019,7116.954139,24248.41155,0,2713.9647
,,,,,5496,8109.364186,7464.830068,6550.179048,23024.73383,0,2713.9647
,,,,,5497,7913.130481,7227.565131,6201.018307,21987.54606,0,2570.0535
,,,,,5498,7823.83844,7125.054553,6070.973001,21665.29232,0,2453.6663
,,,,,5499,7733.691906,7137.763078,6070.973001,21269.03469,0,2453.6663
,,,,,5500,7727.47187,7012.319007,6070.973001,21269.03469,0,2453.6663
,,,,,5501,8120.150097,7152.017999,6070.973001,21269.03469,0,2453.6663
,,,,,5502,9386.323564,7637.740705,6922.515179,21809.44143,0,2453.6663
,,,,,5503,10189.9728,8325.602059,7440.238041,22575.72457,0,2570.0535
,,,,,5504,10040.76893,8206.210974,7561.430325,22354.99152,0,2570.0535
,,,,,5505,10393.1351,8144.120906,8061.96307,23233.12957,0,2570.0535
,,,,,5506,10606.63582,8243.688448,8434.311056,24167.30435,0,2570.0535
,,,,,5507,11162.93385,8677.558365,9144.22682,24537.39829,0,2570.0535
,,,,,5508,11013.08965,8783.865099,8363.480651,23988.16163,0,2570.0535
,,,,,5509,10172.31175,8339.789825,8217.332999,23633.20788,0,2453.6663
,,,,,5510,10290.13527,8129.703707,8400.702124,24099.67647,0,2453.6663
,,,,,5511,10271.37188,8358.654453,8316.836201,24154.76999,0,2453.6663
,,,,,5512,10489.99763,8343.194488,8519.202416,24279.481,0,2570.0535
,,,,,5513,11849.67825,8537.917729,8696.185609,24192.24325,0,2707.3786
,,,,,5514,11353.23687,9257.321414,8536.038081,23618.28914,0,2707.3786
,,,,,5515,10621.83962,8996.296427,8171.556685,23350.8476,0,2707.3786
,,,,,5516,10923.96908,8858.996359,8478.856379,23697.20092,0,2707.3786
,,,,,5517,10497.10423,8710.123446,8260.22722,23845.87441,0,2707.3786
,,,,,5518,9708.305225,8613.046576,7796.033072,25061.00066,0,2707.3786
,,,,,5519,8902.831595,8007.244045,7128.305611,23809.83174,0,2707.3786
,,,,,5520,8130.9584,7575.984122,6560.158331,22665.21483,0,2707.3786
,,,,,5521,7938.816053,7235.469177,6212.93854,21536.41313,0,2544.5938
,,,,,5522,7849.234916,7132.846576,6074.798604,21198.92597,0,2428.01
,,,,,5523,7758.796519,7145.568989,6074.798604,20779.45382,0,2428.01
,,,,,5524,7729.665491,6981.285669,6074.798604,20779.45382,0,2428.01
,,,,,5525,8146.505926,7159.839488,6074.798604,20779.45382,0,2428.01
,,,,,5526,9416.778819,7646.092988,6935.816349,21349.88923,0,2428.01
,,,,,5527,10223.02999,8334.706034,7454.530127,22152.39572,0,2544.5938
,,,,,5528,10073.34305,8215.18448,7575.954373,21921.22828,0,2544.5938
,,,,,5529,10426.85005,8153.026559,8077.445132,22840.87723,0,2544.5938
,,,,,5530,10641.04202,8252.702909,8450.505789,23819.21185,0,2544.5938
,,,,,5531,11199.14115,8687.046957,9182.325111,24206.80068,0,2544.5938
,,,,,5532,11048.8118,8793.469861,8379.539815,23631.60079,0,2544.5938
,,,,,5533,10205.31175,8348.909305,8233.112437,23259.86784,0,2428.01
,,,,,5534,10323.51675,8138.593605,8416.832529,23748.3871,0,2428.01
,,,,,5535,10304.69261,8367.794547,8332.806088,23806.08498,0,2428.01
,,,,,5536,10524.02619,8352.317688,8535.559629,23936.69126,0,2544.5938
,,,,,5537,11902.26035,8547.253722,8712.881566,23845.32966,0,2682.2138
,,,,,5538,11390.0603,9297.609524,8552.427518,23244.24387,0,2682.2138
,,,,,5539,10656.29504,9006.133333,8187.248508,22964.15997,0,2682.2138
,,,,,5540,10959.40269,8868.683224,8495.13637,23326.88593,0,2682.2138
,,,,,5541,10531.1558,8719.647624,8276.088758,23482.58744,0,2682.2138
,,,,,5542,9739.802943,8622.464669,7811.006146,24737.67647,0,2682.2138
,,,,,5543,8931.721472,8016.00012,7142.000663,23444.84098,0,2682.2138
,,,,,5544,8157.349223,7584.268919,6572.765954,22246.11631,0,2682.2138
,,,,,5545,7840.431662,7203.427764,6234.627536,21342.02605,0,2530.8318
,,,,,5546,7751.95786,7101.259281,6111.557447,20994.10886,0,2411.1024
,,,,,5547,7682.610106,7113.925396,6111.557447,20499.30781,0,2411.1024
,,,,,5548,7682.610106,6925.394116,6111.557447,20471.82815,0,2411.1024
,,,,,5549,8045.554225,7128.132746,6111.557447,20471.82815,0,2411.1024
,,,,,5550,9300.12494,7612.234509,6959.366068,21149.73763,0,2411.1024
,,,,,5551,10096.40983,8297.800349,7479.415041,21977.04556,0,2530.8318
,,,,,5552,9948.573208,8178.807693,7601.151838,21738.7339,0,2530.8318
,,,,,5553,10297.71042,8116.924831,8103.933459,22686.80457,0,2530.8318
,,,,,5554,10509.2547,8216.160099,8477.954392,23695.3746,0,2530.8318
,,,,,5555,11060.45502,8648.582115,9167.691614,24094.94185,0,2530.8318
,,,,,5556,10911.98394,8754.534084,8406.805749,23501.96542,0,2530.8318
,,,,,5557,10078.91061,8311.940768,8260.001459,23118.74408,0,2411.1024
,,,,,5558,10195.65444,8102.555744,8444.194456,23622.36101,0,2411.1024
,,,,,5559,10177.06299,8330.742441,8359.951727,23681.84204,0,2411.1024
,,,,,5560,10393.68534,8315.334069,8563.227165,23816.4847,0,2530.8318
,,,,,5561,11713.84627,8509.407485,8741.005538,23722.29957,0,2671.794
,,,,,5562,11249.01417,9276.495322,8580.138473,23102.63725,0,2671.794
,,,,,5563,10524.31917,8966.256492,8214.019474,22813.89737,0,2671.794
,,,,,5564,10823.68003,8829.414618,8522.699855,23187.83336,0,2671.794
,,,,,5565,10400.72681,8681.03852,8303.088403,23348.34682,0,2671.794
,,,,,5566,9619.156078,8584.285613,7836.808646,24827.559,0,2671.794
,,,,,5567,8821.063515,7980.504752,7166.08111,23309.4338,0,2671.794
,,,,,5568,8056.263485,7550.68402,6595.381163,22073.66259,0,2671.794
,,,,,5569,7742.315121,7235.899259,6172.840528,21484.4234,0,2524.9338
,,,,,5570,7654.945641,7133.270562,6054.052779,21134.18782,0,2399.6013
,,,,,5571,7566.740067,7145.993731,6054.052779,20636.08959,0,2399.6013
,,,,,5572,7540.255082,6898.751286,6054.052779,20591.69196,0,2399.6013
,,,,,5573,7944.877365,7160.265077,6054.052779,20593.87977,0,2399.6013
,,,,,5574,9183.78865,7646.54746,6881.198057,21290.85365,0,2399.6013
,,,,,5575,9970.134387,8335.201408,7389.492551,22123.67446,0,2524.9338
,,,,,5576,9824.14305,8215.672754,7508.477775,21883.77478,0,2524.9338
,,,,,5577,10168.92236,8153.511142,7999.895205,22838.16306,0,2524.9338
,,,,,5578,10377.82617,8253.193411,8365.462277,23853.45383,0,2524.9338
,,,,,5579,10922.14646,8687.563258,9048.217045,24255.68366,0,2524.9338
,,,,,5580,10775.52858,8793.992484,8295.921781,23658.75585,0,2524.9338
,,,,,5581,9952.853594,8349.405522,8152.435656,23272.98085,0,2399.6013
,,,,,5582,10068.14024,8139.07733,8332.465405,23779.95371,0,2399.6013
,,,,,5583,10049.78085,8368.291886,8250.126784,23839.8311,0,2399.6013
,,,,,5584,10263.69933,8352.814107,8448.807661,23975.37097,0,2524.9338
,,,,,5585,11616.89164,8547.76172,8622.567773,23880.55823,0,2671.6957
,,,,,5586,11108.35203,9363.076782,8465.336729,23256.76669,0,2671.6957
,,,,,5587,10392.70261,9006.668588,8107.492985,22966.10275,0,2671.6957
,,,,,5588,10688.32688,8869.210315,8409.196375,23342.53052,0,2671.6957
,,,,,5589,10270.65292,8720.165862,8194.548722,23504.11359,0,2671.6957
,,,,,5590,9498.837672,8622.977135,7738.808118,25015.48805,0,2671.6957
,,,,,5591,8710.706823,8016.476563,7083.240793,23464.94127,0,2671.6957
,,,,,5592,7955.452953,7584.719718,6525.440172,22220.93531,0,2671.6957
,,,,,5593,7733.432846,7269.500889,6082.586829,21748.7936,0,2521.0018
,,,,,5594,7646.163338,7166.395961,5967.255497,21403.73874,0,2399.4047
,,,,,5595,7558.058692,7179.178169,5967.255497,20972.73403,0,2399.4047
,,,,,5596,7491.03503,6889.553002,5967.255497,20972.73403,0,2399.4047
,,,,,5597,7935.76331,7193.515739,5967.255497,20972.73403,0,2399.4047
,,,,,5598,9173.256981,7682.054636,6777.72271,21558.08715,0,2399.4047
,,,,,5599,9958.702949,8373.90417,7276.529775,22378.58877,0,2521.0018
,,,,,5600,9812.878661,8253.820862,7393.294114,22142.23771,0,2521.0018
,,,,,5601,10157.26346,8191.3708,7875.539131,23082.50855,0,2521.0018
,,,,,5602,10365.92823,8291.515629,8234.282814,24082.78101,0,2521.0018
,,,,,5603,10909.62569,8727.901097,8911.401811,24479.061,0,2521.0018
,,,,,5604,10763.17557,8834.824191,8166.040306,23890.96302,0,2521.0018
,,,,,5605,9941.441929,8388.174195,8025.232381,23510.89446,0,2399.4047
,,,,,5606,10056.59666,8176.87001,8201.901835,24010.36811,0,2399.4047
,,,,,5607,10038.25828,8407.148199,8121.100082,24069.35978,0,2399.4047
,,,,,5608,10251.93199,8391.598598,8316.072537,24202.89474,0,2521.0018
,,,,,5609,11631.52451,8587.450833,8486.589379,24109.48448,0,2663.93
,,,,,5610,11095.6182,9438.292655,8332.293086,23494.92015,0,2663.93
,,,,,5611,10380.78765,9048.487183,7981.128575,23208.55575,0,2663.93
,,,,,5612,10676.07365,8910.391057,8277.200605,23579.41535,0,2663.93
,,,,,5613,10258.87761,8760.654988,8066.559397,23738.60825,0,2663.93
,,,,,5614,9487.945511,8663.015273,7619.325291,25013.5501,0,2663.93
,,,,,5615,8700.716475,8053.700335,6975.994274,23700.01538,0,2663.93
,,,,,5616,7946.326797,7619.939993,6428.605123,22474.41092,0,2663.93
,,,,,5617,7802.085855,7229.624925,5996.479349,21664.73376,0,2519.3307
,,,,,5618,7714.043643,7127.085154,5886.221578,21336.90277,0,2402.0588
,,,,,5619,7625.158899,7139.797298,5886.221578,20932.14585,0,2402.0588
,,,,,5620,7595.150404,7033.997969,5886.221578,20932.14585,0,2402.0588
,,,,,5621,8006.207796,7154.056279,5886.221578,20932.14585,0,2402.0588
,,,,,5622,9254.658509,7639.917309,6672.207606,21483.54667,0,2402.0588
,,,,,5623,10047.05899,8327.974555,7157.088388,22263.09188,0,2519.3307
,,,,,5624,9899.94354,8208.549469,7270.592763,22038.5386,0,2519.3307
,,,,,5625,10247.3776,8146.441719,7739.373894,22931.87459,0,2519.3307
,,,,,5626,10457.88993,8246.037616,8088.101748,23882.21715,0,2519.3307
,,,,,5627,11006.40141,8680.031092,8756.948184,24258.71631,0,2519.3307
,,,,,5628,10858.65459,8786.368099,8021.764515,23699.974,0,2519.3307
,,,,,5629,10029.64513,8342.166361,7884.887831,23338.87706,0,2402.0588
,,,,,5630,10145.81947,8132.020414,8056.624819,23813.41883,0,2402.0588
,,,,,5631,10127.31871,8361.036361,7978.078985,23869.46586,0,2402.0588
,,,,,5632,10342.88434,8345.571993,8167.607969,23996.33524,0,2519.3307
,,,,,5633,11705.53472,8540.350689,8333.364121,23907.58767,0,2657.6388
,,,,,5634,11194.04074,9244.523525,8183.375654,23323.70013,0,2657.6388
,,,,,5635,10472.88092,8998.859924,7842.015367,23051.62998,0,2657.6388
,,,,,5636,10770.78145,8861.520755,8129.821309,23403.97764,0,2657.6388
,,,,,5637,10349.89146,8712.605446,7925.061031,23555.22422,0,2657.6388
,,,,,5638,9572.13336,8615.500931,7490.313334,24784.98162,0,2657.6388
,,,,,5639,8777.934025,8009.525878,6864.943591,23518.55776,0,2657.6388
,,,,,5640,8016.864815,7578.14314,6332.837096,22354.13095,0,2657.6388
,,,,,5641,7784.053824,7146.914763,5882.005112,21445.83841,0,2526.7032
,,,,,5642,7696.214566,7045.547232,5775.505105,21120.87944,0,2410.2177
,,,,,5643,7620.910881,7058.11405,5775.505105,20720.49926,0,2410.2177
,,,,,5644,7620.910881,7018.477912,5775.505105,20720.49926,0,2410.2177
,,,,,5645,7987.705225,7072.210021,5775.505105,20720.49926,0,2410.2177
,,,,,5646,9233.27802,7552.51666,6543.358995,21266.23865,0,2410.2177
,,,,,5647,10023.85186,8232.707995,7017.925191,22038.95451,0,2526.7032
,,,,,5648,9877.075545,8114.648184,7129.015053,21816.36847,0,2526.7032
,,,,,5649,10223.7087,8053.250453,7587.824076,22701.87823,0,2526.7032
,,,,,5650,10433.73577,8151.707765,7929.133645,23643.89514,0,2526.7032
,,,,,5651,10980.98282,8580.739801,8591.852959,24017.09591,0,2526.7032
,,,,,5652,10833.57658,8685.861158,7864.207565,23463.24856,0,2526.7032
,,,,,5653,10006.47815,8246.73756,7730.24258,23105.31508,0,2410.2177
,,,,,5654,10122.38468,8038.994013,7898.326307,23575.69954,0,2410.2177
,,,,,5655,10103.92658,8265.391837,7821.451333,23631.25556,0,2410.2177
,,,,,5656,10318.99528,8250.104259,8006.948577,23757.01347,0,2526.7032
,,,,,5657,11641.07499,8442.656233,8169.178694,23669.0434,0,2664.0283
,,,,,5658,11168.1896,9089.247895,8022.380845,23090.2711,0,2664.0283
,,,,,5659,10448.6922,8895.923764,7688.282117,22820.58447,0,2664.0283
,,,,,5660,10745.90601,8760.154664,7969.965731,23169.84533,0,2664.0283
,,,,,5661,10325.98625,8612.941764,7769.561199,23319.76689,0,2664.0283
,,,,,5662,9550.021031,8516.947353,7344.061636,24541.98993,0,2664.0283
,,,,,5663,8757.652477,7917.899842,6731.99502,23283.42165,0,2664.0283
,,,,,5664,7998.337677,7491.448697,6211.207716,22129.19601,0,2664.0283
,,,,,5665,7680.630111,6952.869307,5735.749016,21384.267,0,2533.6825
,,,,,5666,7593.954908,6854.251958,5628.303552,21038.42133,0,2414.1497
,,,,,5667,7534.683836,6866.477829,5628.303552,20606.21148,0,2414.1497
,,,,,5668,7534.683836,6798.706214,5628.303552,20606.21148,0,2414.1497
,,,,,5669,7881.582704,6880.191365,5628.303552,20606.21148,0,2414.1497
,,,,,5670,9110.649043,7347.466903,6400.719505,21193.12348,0,2414.1497
,,,,,5671,9890.746123,8009.204106,6877.88086,22015.50556,0,2533.6825
,,,,,5672,9745.914899,7894.347352,6989.578216,21778.61283,0,2533.6825
,,,,,5673,10087.95444,7834.61539,7450.896231,22721.03862,0,2533.6825
,,,,,5674,10295.1982,7930.401476,7794.072248,23723.60354,0,2533.6825
,,,,,5675,10835.19308,8347.793532,8458.333151,24120.79174,0,2533.6825
,,,,,5676,10689.74029,8450.062863,7728.79112,23531.34594,0,2533.6825
,,,,,5677,9873.602651,8022.853037,7594.093549,23150.40632,0,2414.1497
,,,,,5678,9987.973176,7820.745738,7763.09644,23651.02468,0,2414.1497
,,,,,5679,9969.759677,8041.001209,7685.801076,23710.15155,0,2414.1497
,,,,,5680,10181.97827,8026.128395,7872.31271,23843.99255,0,2533.6825
,,,,,5681,11471.69809,8213.456281,8035.42998,23750.36821,0,2674.2515
,,,,,5682,11019.91898,8868.466798,7887.829369,23134.39539,0,2674.2515
,,,,,5683,10309.95643,8654.426303,7551.903626,22847.37469,0,2674.2515
,,,,,5684,10603.23153,8522.340728,7835.127623,23219.08424,0,2674.2515
,,,,,5685,10188.8766,8379.12183,7633.627181,23378.64199,0,2674.2515
,,,,,5686,9423.194544,8285.731824,7205.800779,24655.65842,0,2674.2515
,,,,,5687,8641.326537,7702.936948,6590.387084,23339.96067,0,2674.2515
,,,,,5688,7892.074253,7288.055762,6066.751861,22111.54732,0,2674.2515
,,,,,5689,7628.584746,6872.509161,5715.121979,21630.63203,0,2512.2531
,,,,,5690,7542.495324,6775.030746,5587.748077,21278.016,0,2385.6427
,,,,,5691,7464.054658,6787.11542,5587.748077,20809.30946,0,2385.6427
,,,,,5692,7464.054658,6721.478458,5587.748077,20809.30946,0,2385.6427
,,,,,5693,7828.179231,6800.670578,5587.748077,20809.30946,0,2385.6427
,,,,,5694,9048.939114,7262.549539,6380.328638,21435.74664,0,2385.6427
,,,,,5695,9823.764028,7916.644323,6857.65946,22274.22789,0,2512.2531
,,,,,5696,9679.911624,7803.114052,6969.396486,22032.69768,0,2512.2531
,,,,,5697,10019.63954,7744.071936,7430.878342,22993.57266,0,2512.2531
,,,,,5698,10225.48268,7838.751787,7774.17624,24015.76407,0,2512.2531
,,,,,5699,10761.82809,8251.323372,8493.293152,24420.72774,0,2512.2531
,,,,,5700,10617.35832,8352.411591,7708.871928,23819.74277,0,2512.2531
,,,,,5701,9806.736418,7930.135623,7574.126518,23431.34578,0,2385.6427
,,,,,5702,9920.333987,7730.362466,7743.189431,23941.76438,0,2385.6427
,,,,,5703,9902.243582,7948.0742,7665.866615,24002.04874,0,2385.6427
,,,,,5704,10113.02793,7933.373153,7852.44449,24138.50984,0,2512.2531
,,,,,5705,11423.35383,8118.537585,8015.619693,24043.05268,0,2660.4895
,,,,,5706,10945.30555,8766.244479,7867.96666,23415.02142,0,2660.4895
,,,,,5707,10240.14117,8554.414834,7531.92161,23122.38192,0,2660.4895
,,,,,5708,10531.43422,8423.854717,7815.246197,23501.36816,0,2660.4895
,,,,,5709,10119.87963,8282.289858,7613.67419,23664.04946,0,2660.4895
,,,,,5710,9359.372325,8189.978415,7185.695843,25025.08839,0,2660.4895
,,,,,5711,8582.788453,7613.914252,6570.063578,23624.61089,0,2660.4895
,,,,,5712,7838.599875,7203.824539,6046.242382,22372.14979,0,2660.4895
,,,,,5713,7673.690423,6771.048205,5835.665819,21904.21537,0,2493.7727
,,,,,5714,7587.093328,6690.220738,5713.115801,21549.55111,0,2361.0677
,,,,,5715,7510.429698,6690.220738,5713.115801,21103.90242,0,2361.0677
,,,,,5716,7510.429698,6690.220738,5713.115801,21103.90242,0,2361.0677
,,,,,5717,7874.461927,6700.269379,5713.115801,21103.90242,0,2361.0677
,,,,,5718,9102.42069,7155.334741,6514.837264,21708.19795,0,2361.0677
,,,,,5719,9881.814783,7799.780374,7002.188766,22551.54966,0,2493.7727
,,,,,5720,9737.114075,7687.924892,7116.271505,22308.61648,0,2493.7727
,,,,,5721,10078.84539,7629.753761,7587.44132,23275.07286,0,2493.7727
,,,,,5722,10285.90239,7723.036902,7937.946124,24303.20183,0,2493.7727
,,,,,5723,10825.41065,8129.522266,8639.658486,24710.51779,0,2493.7727
,,,,,5724,10680.08894,8229.119241,7871.270869,24106.04192,0,2493.7727
,,,,,5725,9864.68676,7813.072652,7733.696727,23715.38886,0,2361.0677
,,,,,5726,9978.95422,7616.246531,7906.308805,24228.77231,0,2361.0677
,,,,,5727,9960.757135,7830.746601,7827.362739,24289.40684,0,2361.0677
,,,,,5728,10172.78449,7816.262422,8017.857472,24426.66059,0,2493.7727
,,,,,5729,11485.34634,7998.695324,8184.458237,24330.64896,0,2648.3986
,,,,,5730,11009.97009,8570.781748,8033.705501,23698.96967,0,2648.3986
,,,,,5731,10300.64732,8428.142549,7690.605805,23404.63033,0,2648.3986
,,,,,5732,10593.65814,8299.508444,7979.878269,23785.81797,0,2648.3986
,,,,,5733,10179.6766,8160.031938,7774.07463,23949.44423,0,2648.3986
,,,,,5734,9414.68454,8069.082265,7337.111667,25249.59504,0,2648.3986
,,,,,5735,8633.521115,7501.516152,6708.555339,23909.77658,0,2648.3986
,,,,,5736,7884.944022,7097.476047,6173.737484,22650.04036,0,2648.3986
,,,,,5737,7712.6537,6608.892167,5907.924886,21959.91402,0,2502.0299
,,,,,5738,7625.618065,6536.57252,5792.081058,21635.31277,0,2368.3419
,,,,,5739,7568.182024,6536.57252,5792.081058,21235.47772,0,2368.3419
,,,,,5740,7568.182024,6536.57252,5792.081058,21235.47772,0,2368.3419
,,,,,5741,7914.441938,6543.165768,5792.081058,21235.47772,0,2368.3419
,,,,,5742,9148.619251,6965.747055,6595.467413,21780.51196,0,2368.3419
,,,,,5743,9931.960303,7564.190022,7088.825734,22552.37721,0,2502.0299
,,,,,5744,9786.52681,7460.319156,7204.314592,22330.0362,0,2502.0299
,,,,,5745,10129.9887,7406.300472,7681.29178,23214.57118,0,2502.0299
,,,,,5746,10338.09427,7492.924754,8036.116708,24155.55111,0,2502.0299
,,,,,5747,10880.33467,7870.393845,8716.882625,24528.34106,0,2502.0299
,,,,,5748,10734.27702,7962.881257,7968.61965,23975.1034,0,2502.0299
,,,,,5749,9914.745541,7576.533453,7829.349848,23617.56393,0,2368.3419
,,,,,5750,10029.59167,7393.757434,8004.089444,24087.43059,0,2368.3419
,,,,,5751,10011.30243,7592.945777,7924.170334,24142.92545,0,2368.3419
,,,,,5752,10224.40352,7579.495527,8117.012997,24268.54493,0,2502.0299
,,,,,5753,11514.93419,7748.905763,8285.667189,24180.67169,0,2657.7371
,,,,,5754,11065.82874,8281.861294,8133.05636,23602.53651,0,2657.7371
,,,,,5755,10352.91386,8147.697621,7785.727812,23333.14676,0,2657.7371
,,,,,5756,10647.40853,8028.245845,8078.565684,23682.02314,0,2657.7371
,,,,,5757,10231.33053,7898.725635,7870.225426,23831.77967,0,2657.7371
,,,,,5758,9462.464448,7814.268252,7427.876705,25053.06429,0,2657.7371
,,,,,5759,8677.345106,7287.216889,6791.573148,23795.47444,0,2657.7371
,,,,,5760,7924.977116,6912.018507,6250.163431,22642.51938,0,2657.7371
,,,,,5761,7723.50238,6570.748201,5924.714627,21805.37342,0,2527.6862
,,,,,5762,7636.344642,6495.046744,5813.561821,21494.75557,0,2393.8016
,,,,,5763,7589.180393,6495.046744,5813.561821,21116.23012,0,2393.8016
,,,,,5764,7589.180393,6495.046744,5813.561821,21116.23012,0,2393.8016
,,,,,5765,7925.573711,6502.63267,5813.561821,21116.23012,0,2393.8016
,,,,,5766,9161.482478,6940.574642,6603.866612,21633.69977,0,2393.8016
,,,,,5767,9945.922494,7560.770805,7091.204151,22372.31405,0,2527.6862
,,,,,5768,9800.28497,7453.124268,7205.283621,22159.5512,0,2527.6862
,,,,,5769,10144.22871,7397.142024,7676.439936,23005.98155,0,2527.6862
,,,,,5770,10352.62623,7486.915069,8026.934697,23906.42526,0,2527.6862
,,,,,5771,10895.62735,7878.105032,8697.240509,24263.1559,0,2527.6862
,,,,,5772,10749.3648,7973.95433,7960.261352,23733.75101,0,2527.6862
,,,,,5773,9928.683582,7573.562915,7822.691153,23391.61388,0,2393.8016
,,,,,5774,10043.69083,7384.143051,7995.298284,23841.23928,0,2393.8016
,,,,,5775,10025.37593,7590.571822,7916.35448,23894.34349,0,2393.8016
,,,,,5776,10238.77598,7576.63266,8106.843755,24014.55145,0,2527.6862
,,,,,5777,11516.51129,7752.2009,8273.439747,23930.46368,0,2683.4917
,,,,,5778,11081.38166,8302.118687,8122.69133,23377.23383,0,2683.4917
,,,,,5779,10367.46662,8165.488705,7779.601465,23119.44904,0,2683.4917
,,,,,5780,10662.37444,8041.694898,8068.86564,23453.29627,0,2683.4917
,,,,,5781,10245.71271,7907.466672,7863.067899,23596.60148,0,2683.4917
,,,,,5782,9475.767974,7819.939292,7426.117455,24781.20254,0,2683.4917
,,,,,5783,8689.547172,7273.729794,6797.579137,23561.86023,0,2683.4917
,,,,,5784,7936.123669,6884.893079,6262.776606,22458.573,0,2683.4917
,,,,,5785,7706.366387,6636.735511,5900.765875,21574.66405,0,2544.004
,,,,,5786,7619.401517,6562.760871,5788.138687,21252.04945,0,2407.1704
,,,,,5787,7549.227205,6562.760871,5788.138687,20855.24189,0,2407.1704
,,,,,5788,7549.227205,6562.760871,5788.138687,20855.24189,0,2407.1704
,,,,,5789,7907.990559,6569.756643,5788.138687,20855.24189,0,2407.1704
,,,,,5790,9141.164416,7000.390551,6585.557734,21396.35998,0,2407.1704
,,,,,5791,9923.868566,7610.237321,7076.942265,22163.5012,0,2544.004
,,,,,5792,9778.553319,7504.387113,7191.969084,21942.52098,0,2544.004
,,,,,5793,10121.73595,7449.339061,7667.038017,22821.64236,0,2544.004
,,,,,5794,10329.67232,7537.614036,8020.443388,23756.86324,0,2544.004
,,,,,5795,10871.47185,7922.276099,8693.153214,24127.37161,0,2544.004
,,,,,5796,10725.53296,8016.525932,7953.216368,23577.51991,0,2544.004
,,,,,5797,9906.667801,7622.815965,7814.503746,23222.16868,0,2407.1704
,,,,,5798,10021.42055,7436.557005,7988.544257,23689.15963,0,2407.1704
,,,,,5799,10003.14618,7639.541039,7908.944881,23744.31484,0,2407.1704
,,,,,5800,10216.07401,7625.834484,8101.016034,23869.1655,0,2544.004
,,,,,5801,11523.21013,7798.472966,8268.995487,23781.83007,0,2703.0534
,,,,,5802,11056.8151,8340.323749,8116.995212,23207.23324,0,2703.0534
,,,,,5803,10344.47987,8204.864118,7771.05623,22939.49222,0,2703.0534
,,,,,5804,10638.73509,8083.136094,8062.722538,23286.23339,0,2703.0534
,,,,,5805,10222.99539,7951.147774,7855.215792,23435.07337,0,2703.0534
,,,,,5806,9454.754438,7865.080988,7414.636786,24651.14628,0,2703.0534
,,,,,5807,8670.273443,7327.986246,6780.878904,23398.99033,0,2703.0534
,,,,,5808,7918.517172,6945.638162,6241.635218,22253.09167,0,2703.0534
,,,,,5809,7733.862039,6667.885687,5981.872781,21308.19933,0,2586.8628
,,,,,5810,7646.5877,6601.454407,5871.782464,21008.08753,0,2449.636
,,,,,5811,7584.31515,6601.454407,5871.782464,20645.57245,0,2449.636
,,,,,5812,7584.31515,6601.454407,5871.782464,20645.57245,0,2449.636
,,,,,5813,7936.203702,6606.33554,5871.782464,20645.57245,0,2449.636
,,,,,5814,9173.765873,7002.066036,6656.960483,21142.33221,0,2449.636
,,,,,5815,9959.255317,7562.483972,7141.381623,21855.9643,0,2586.8628
,,,,,5816,9813.422958,7465.213054,7254.778402,21650.39774,0,2586.8628
,,,,,5817,10157.82682,7414.626714,7723.115153,22468.19924,0,2586.8628
,,,,,5818,10366.50314,7495.746894,8071.512432,23338.1872,0,2586.8628
,,,,,5819,10910.23069,7849.231621,8740.085829,23682.85212,0,2586.8628
,,,,,5820,10763.77247,7935.842388,8005.238083,23171.35331,0,2586.8628
,,,,,5821,9941.993342,7574.043101,7868.491151,22840.78831,0,2449.636
,,,,,5822,10057.15445,7402.88066,8040.065342,23275.20601,0,2449.636
,,,,,5823,10038.81505,7589.412587,7961.593965,23326.51408,0,2449.636
,,,,,5824,10252.50059,7576.816965,8150.943286,23442.65623,0,2586.8628
,,,,,5825,11551.76477,7735.462885,8316.542309,23361.41257,0,2746.2071
,,,,,5826,11096.2335,8238.767449,8166.696023,22826.89463,0,2746.2071
,,,,,5827,10381.36339,8108.915531,7825.659328,22577.82891,0,2746.2071
,,,,,5828,10676.66573,7997.053714,8113.192445,22900.38441,0,2746.2071
,,,,,5829,10259.4466,7875.76321,7908.626269,23038.8426,0,2746.2071
,,,,,5830,9488.471822,7796.672244,7474.29069,24195.8825,0,2746.2071
,,,,,5831,8701.199209,7303.109695,6849.513765,23005.27641,0,2746.2071
,,,,,5832,7946.767774,6951.751397,6317.911678,21939.30572,0,2746.2071
,,,,,5833,7302.364229,6345.702821,5782.369313,21442.0677,0,2394.6863
,,,,,5834,7219.948996,6283.009223,5677.669637,21145.85876,0,2270.0419
,,,,,5835,7174.586111,6283.009223,5677.669637,20785.10965,0,2270.0419
,,,,,5836,7174.586111,6283.009223,5677.669637,20785.10965,0,2270.0419
,,,,,5837,7493.440272,6288.502916,5677.669637,20785.10965,0,2270.0419
,,,,,5838,8662.099652,6656.263968,6423.736139,21278.35763,0,2270.0419
,,,,,5839,9403.856009,7177.072677,6883.960267,21982.70916,0,2394.6863
,,,,,5840,9266.143045,7086.676674,6991.692835,21779.81593,0,2394.6863
,,,,,5841,9591.371803,7039.665677,7436.635995,22586.98217,0,2394.6863
,,,,,5842,9788.429813,7115.052443,7767.630702,23445.65621,0,2394.6863
,,,,,5843,10301.88467,7443.553572,8402.186784,23785.83887,0,2394.6863
,,,,,5844,10163.58069,7524.042863,7704.666781,23280.99195,0,2394.6863
,,,,,5845,9387.555115,7187.81483,7574.750409,22954.72584,0,2270.0419
,,,,,5846,9496.304483,7028.74981,7737.754406,23383.49407,0,2270.0419
,,,,,5847,9478.986153,7202.098032,7663.202703,23434.13489,0,2270.0419
,,,,,5848,9680.774488,7190.392643,7843.093956,23548.76666,0,2394.6863
,,,,,5849,10908.11176,7337.825784,8000.421248,23468.57954,0,2539.3839
,,,,,5850,10477.53154,7802.438225,7858.059839,22941.01284,0,2539.3839
,,,,,5851,9802.462693,7684.88354,7534.058051,22695.18614,0,2539.3839
,,,,,5852,10081.32372,7580.927894,7807.228784,23013.54691,0,2539.3839
,,,,,5853,9687.33377,7468.209962,7612.880763,23150.2045,0,2539.3839
,,,,,5854,8959.283962,7394.708988,7200.240404,24280.70185,0,2539.3839
,,,,,5855,8215.843717,6936.030459,6606.671314,23117.07482,0,2539.3839
,,,,,5856,7503.416176,6609.505467,6101.622945,22064.96674,0,2539.3839
,,,,,5857,7308.822042,6153.773883,5692.920062,21316.67977,0,2416.6072
,,,,,5858,7226.334124,6085.791709,5583.820471,21018.75734,0,2295.7965
,,,,,5859,7174.68968,6085.791709,5583.820471,20655.39701,0,2295.7965
,,,,,5860,7174.68968,6085.791709,5583.820471,20655.39701,0,2295.7965
,,,,,5861,7500.066599,6092.89222,5583.820471,20655.39701,0,2295.7965
,,,,,5862,8669.756647,6484.324764,6351.117645,21152.02268,0,2295.7965
,,,,,5863,9412.167177,7038.656108,6823.418981,21860.4487,0,2416.6072
,,,,,5864,9274.33276,6942.441631,6933.978668,21656.38178,0,2416.6072
,,,,,5865,9599.848346,6892.4047,7390.598033,22468.21727,0,2416.6072
,,,,,5866,9797.080146,6972.643849,7730.278708,23331.85851,0,2416.6072
,,,,,5867,10310.98783,7322.289446,8372.008954,23674.00903,0,2416.6072
,,,,,5868,10172.56187,7407.959551,7665.662487,23166.24171,0,2416.6072
,,,,,5869,9395.851907,7050.089696,7532.336848,22838.08823,0,2295.7965
,,,,,5870,9504.697183,6880.786217,7699.618398,23269.33678,0,2295.7965
,,,,,5871,9487.36358,7065.292257,7623.110308,23320.27054,0,2295.7965
,,,,,5872,9689.329877,7052.833434,7807.72227,23435.56542,0,2416.6072
,,,,,5873,10925.83954,7209.75633,7969.178147,23354.91444,0,2557.2745
,,,,,5874,10486.78961,7700.506376,7823.080888,22824.29591,0,2557.2745
,,,,,5875,9811.125402,7579.152979,7490.57664,22577.04717,0,2557.2745
,,,,,5876,10090.23236,7468.506072,7770.915923,22897.24957,0,2557.2745
,,,,,5877,9695.894944,7348.532881,7571.467819,23034.69769,0,2557.2745
,,,,,5878,8967.203051,7270.300907,7147.998946,24169.69015,0,2557.2745
,,,,,5879,8223.107149,6782.098846,6538.853407,23001.37636,0,2557.2745
,,,,,5880,7510.051301,6434.556582,6020.551552,21943.18212,0,2557.2745
,,,,,5881,7333.593131,6101.33583,5680.299283,21497.84572,0,2412.8718
,,,,,5882,7250.82641,6014.796012,5563.690192,21178.54664,0,2287.8342
,,,,,5883,7209.167062,6025.524597,5563.690192,20782.60998,0,2287.8342
,,,,,5884,7209.167062,5982.124702,5563.690192,20782.60998,0,2287.8342
,,,,,5885,7525.484082,6037.558656,5563.690192,20782.60998,0,2287.8342
,,,,,5886,8699.127603,6447.607603,6341.310851,21321.37409,0,2287.8342
,,,,,5887,9444.04743,7028.302764,6815.631411,22080.63139,0,2412.8718
,,,,,5888,9305.747143,6927.512358,6926.663774,21861.92218,0,2412.8718
,,,,,5889,9632.362948,6875.095687,7385.235318,22732.00883,0,2412.8718
,,,,,5890,9830.261379,6959.150983,7726.368226,23657.61842,0,2412.8718
,,,,,5891,10345.90603,7325.42561,8387.967644,24024.31908,0,2412.8718
,,,,,5892,10207.01221,7415.170157,7661.475752,23480.11821,0,2412.8718
,,,,,5893,9427.677016,7040.280129,7527.580107,23128.41893,0,2287.8342
,,,,,5894,9536.890182,6862.924632,7695.576834,23590.6106,0,2287.8342
,,,,,5895,9519.497992,7056.205719,7618.74165,23645.19899,0,2287.8342
,,,,,5896,9722.146922,7043.154358,7804.142882,23768.76656,0,2412.8718
,,,,,5897,10947.68256,7207.540456,7966.289029,23682.32867,0,2557.9626
,,,,,5898,10522.30201,7770.295558,7819.567162,23113.63698,0,2557.9626
,,,,,5899,9844.354107,7594.505489,7485.641362,22848.64754,0,2557.9626
,,,,,5900,10124.40443,7478.596251,7767.179177,23191.82524,0,2557.9626
,,,,,5901,9728.734178,7352.917174,7566.878374,23339.13559,0,2557.9626
,,,,,5902,8997.579356,7270.964513,7141.59905,24530.20679,0,2557.9626
,,,,,5903,8250.96846,6759.543722,6529.849238,23303.42338,0,2557.9626
,,,,,5904,7535.502531,6395.472463,6009.331493,22169.30114,0,2557.9626
,,,,,5905,7384.980754,6179.892735,5710.432526,21635.32404,0,2410.316
,,,,,5906,7301.635655,6092.239539,5604.150588,21316.07934,0,2286.5563
,,,,,5907,7296.268628,6103.106153,5604.150588,20920.22558,0,2286.5563
,,,,,5908,7296.268628,6004.811714,5604.150588,20920.22558,0,2286.5563
,,,,,5909,7578.212648,6115.295035,5604.150588,20920.22558,0,2286.5563
,,,,,5910,8760.05765,6530.619463,6357.851891,21458.88246,0,2286.5563
,,,,,5911,9510.183014,7118.785551,6822.419127,22218.01042,0,2410.316
,,,,,5912,9370.916278,7016.698427,6931.16836,21999.33847,0,2410.316
,,,,,5913,9699.814491,6963.60739,7380.310422,22869.2769,0,2410.316
,,,,,5914,9899.095845,7048.744099,7714.428707,23794.72881,0,2410.316
,,,,,5915,10418.34385,7419.731028,8351.564703,24161.367,0,2410.316
,,,,,5916,10278.47943,7510.630182,7650.870599,23617.25884,0,2410.316
,,,,,5917,9493.698203,7130.917011,7519.728214,23265.61947,0,2286.5563
,,,,,5918,9603.674556,6951.279749,7684.27047,23727.73241,0,2286.5563
,,,,,5919,9586.160829,7147.047491,7609.015227,23782.3115,0,2286.5563
,,,,,5920,9790.225879,7133.828218,7790.604103,23905.85801,0,2410.316
,,,,,5921,10971.89686,7300.329224,7949.416082,23819.43485,0,2554.0306
,,,,,5922,10595.97249,7911.554811,7805.711217,23250.84004,0,2554.0306
,,,,,5923,9913.287055,7692.272751,7478.651844,22985.89574,0,2554.0306
,,,,,5924,10195.29438,7574.872284,7754.400473,23329.01498,0,2554.0306
,,,,,5925,9796.859167,7447.576285,7558.218401,23476.30023,0,2554.0306
,,,,,5926,9060.594999,7364.569262,7141.68398,24667.22874,0,2554.0306
,,,,,5927,8308.766748,6846.568793,6542.513415,23440.59411,0,2554.0306
,,,,,5928,7588.301108,6477.813578,6032.698935,22306.66506,0,2554.0306
,,,,,5929,7431.9245,6309.546401,5707.109263,21703.8534,0,2399.4047
,,,,,5930,7349.425078,6220.05564,5603.328995,21397.81873,0,2281.0515
,,,,,5931,7349.425078,6231.150062,5603.328995,21022.09599,0,2281.0515
,,,,,5932,7349.425078,6135.92234,5603.328995,21022.09599,0,2281.0515
,,,,,5933,7626.381377,6243.594473,5603.328995,21022.09599,0,2281.0515
,,,,,5934,8815.718615,6667.625778,6344.959126,21534.7128,0,2281.0515
,,,,,5935,9570.599354,7268.122202,6802.659594,22262.42881,0,2399.4047
,,,,,5936,9430.449744,7163.89492,6909.801406,22052.80528,0,2399.4047
,,,,,5937,9761.432988,7109.69088,7352.304701,22886.74654,0,2399.4047
,,,,,5938,9961.977675,7196.612398,7681.484384,23773.90418,0,2399.4047
,,,,,5939,10484.51742,7575.376712,8314.541349,24125.37125,0,2399.4047
,,,,,5940,10343.76634,7668.18148,7618.865729,23603.77774,0,2399.4047
,,,,,5941,9554.010038,7280.507987,7489.661758,23266.68886,0,2281.0515
,,,,,5942,9664.683579,7097.104802,7651.771916,23709.68002,0,2281.0515
,,,,,5943,9647.058825,7296.976627,7577.62902,23762.00068,0,2281.0515
,,,,,5944,9852.417534,7283.480225,7756.533832,23880.43497,0,2399.4047
,,,,,5945,11028.84906,7453.471764,7912.998412,23797.58791,0,2537.5162
,,,,,5946,10663.27213,8071.385316,7771.417649,23252.52098,0,2537.5162
,,,,,5947,9976.258848,7853.63201,7449.192538,22998.53981,0,2537.5162
,,,,,5948,10260.05394,7733.770356,7720.865328,23327.46112,0,2537.5162
,,,,,5949,9859.092873,7603.805718,7527.583023,23468.65186,0,2537.5162
,,,,,5950,9118.161202,7519.058533,7117.205396,24624.92567,0,2537.5162
,,,,,5951,8361.56678,6990.198682,6526.891168,23434.42322,0,2537.5162
,,,,,5952,7636.533791,6613.712868,6024.612254,22347.41501,0,2537.5162
,,,,,5953,7444.71989,6374.643237,5648.341411,21636.67458,0,2377.877
,,,,,5954,7360.702415,6284.229867,5541.941638,21323.4455,0,2267.2895
,,,,,5955,7332.965772,6295.438668,5541.941638,20936.75906,0,2267.2895
,,,,,5956,7332.965772,6120.783804,5541.941638,20936.75906,0,2267.2895
,,,,,5957,7639.510658,6308.011375,5541.941638,20936.75906,0,2267.2895
,,,,,5958,8830.890044,6736.41425,6296.211528,21463.55774,0,2267.2895
,,,,,5959,9587.066949,7343.101521,6761.102207,22208.38125,0,2377.877
,,,,,5960,9446.676696,7237.799703,6869.927155,21993.82979,0,2377.877
,,,,,5961,9778.228253,7183.036844,7319.381922,22847.37573,0,2377.877
,,,,,5962,9979.117285,7270.854484,7653.732829,23755.3891,0,2377.877
,,,,,5963,10502.55426,7653.523686,8291.060959,24115.11862,0,2377.877
,,,,,5964,10361.5615,7747.285229,7590.13047,23581.26325,0,2377.877
,,,,,5965,9570.449148,7355.614998,7458.89678,23236.24991,0,2267.2895
,,,,,5966,9681.312722,7170.321009,7623.553595,23689.65513,0,2267.2895
,,,,,5967,9663.657705,7372.253422,7548.245957,23743.20577,0,2267.2895
,,,,,5968,9869.369024,7358.617878,7729.96126,23864.42426,0,2377.877
,,,,,5969,11087.4862,7530.361953,7888.883809,23779.6296,0,2507.8296
,,,,,5970,10681.6159,8215.003275,7745.078893,23221.74897,0,2507.8296
,,,,,5971,9993.42298,7934.64767,7417.791812,22961.79709,0,2507.8296
,,,,,5972,10277.70537,7813.550296,7693.732425,23298.45084,0,2507.8296
,,,,,5973,9876.055825,7682.245782,7497.413765,23442.96076,0,2507.8296
,,,,,5974,9133.851939,7596.624892,7080.589342,24618.10812,0,2507.8296
,,,,,5975,8375.95841,7062.312735,6481.001617,23407.92746,0,2507.8296
,,,,,5976,7649.680505,6681.945524,5970.832191,22295.36535,0,2507.8296
,,,,,5977,7449.272238,6475.140029,5627.851405,21589.35424,0,2489.2509
,,,,,5978,7365.203526,6383.302331,5522.773542,21260.18551,0,2369.1283
,,,,,5979,7333.657014,6394.68771,5522.773542,20849.20832,0,2369.1283
,,,,,5980,7333.657014,6169.533267,5522.773542,20849.20832,0,2369.1283
,,,,,5981,7644.181798,6407.458481,5522.773542,20849.20832,0,2369.1283
,,,,,5982,8836.28774,6842.610208,6270.66489,21407.42781,0,2369.1283
,,,,,5983,9592.925796,7458.854935,6731.927095,22190.15399,0,2489.2509
,,,,,5984,9452.449926,7351.894243,6839.902663,21964.68441,0,2489.2509
,,,,,5985,9784.203679,7296.268677,7285.849432,22861.66571,0,2489.2509
,,,,,5986,9985.215221,7385.469753,7617.590727,23815.88619,0,2489.2509
,,,,,5987,10508.97141,7774.16734,8252.763453,24193.92167,0,2489.2509
,,,,,5988,10367.89267,7869.405957,7554.484786,23632.89939,0,2489.2509
,,,,,5989,9576.297861,7471.565543,7424.275375,23270.32897,0,2369.1283
,,,,,5990,9687.229044,7283.352523,7587.647042,23746.80714,0,2369.1283
,,,,,5991,9669.56326,7488.466081,7512.927181,23803.08287,0,2369.1283
,,,,,5992,9875.400031,7474.615729,7693.224195,23930.46994,0,2489.2509
,,,,,5993,11099.14584,7649.065377,7850.906353,23841.36024,0,2630.2131
,,,,,5994,10688.14225,8380.275298,7708.223835,23255.09011,0,2630.2131
,,,,,5995,9999.529641,8059.720015,7383.491232,22981.90976,0,2630.2131
,,,,,5996,10283.98539,7936.714932,7657.278126,23335.69519,0,2630.2131
,,,,,5997,9882.09091,7803.34191,7462.491736,23487.55895,0,2630.2131
,,,,,5998,9139.434395,7716.37219,7048.92063,24704.52179,0,2630.2131
,,,,,5999,8381.078669,7173.642739,6454.012692,23450.74286,0,2630.2131
,,,,,6000,7654.357847,6787.283407,5947.825142,22281.56455,0,2630.2131
,,,,,6001,7483.72634,6666.952574,5606.796153,21662.83123,0,2489.1526
,,,,,6002,7403.996754,6572.396341,5503.180393,21341.37313,0,2365.5895
,,,,,6003,7403.996754,6584.118744,5503.180393,20942.14631,0,2365.5895
,,,,,6004,7403.996754,6415.369316,5503.180393,20942.14631,0,2365.5895
,,,,,6005,7679.534969,6597.267549,5503.180393,20942.14631,0,2365.5895
,,,,,6006,8877.139796,7045.300426,6244.016734,21485.16634,0,2365.5895
,,,,,6007,9637.268032,7679.786931,6701.26565,22249.55753,0,2489.1526
,,,,,6008,9496.144183,7569.66004,6808.301759,22029.36947,0,2489.1526
,,,,,6009,9829.428232,7512.387873,7250.368495,22905.3394,0,2489.1526
,,,,,6010,10031.36699,7604.229436,7579.22342,23837.20771,0,2489.1526
,,,,,6011,10557.53913,8004.43306,8212.012152,24206.38789,0,2489.1526
,,,,,6012,10415.80963,8102.490884,7516.666542,23658.5073,0,2489.1526
,,,,,6013,9620.563397,7692.873792,7387.59004,23304.42992,0,2365.5895
,,,,,6014,9732.006277,7499.089381,7549.540265,23769.74681,0,2365.5895
,,,,,6015,9714.259006,7710.274612,7475.470517,23824.7043,0,2365.5895
,,,,,6016,9921.04525,7696.014268,7654.198827,23949.1074,0,2489.1526
,,,,,6017,11095.97059,7875.62789,7810.509044,23862.08505,0,2633.8502
,,,,,6018,10737.53644,8576.136891,7669.067959,23289.54802,0,2633.8502
,,,,,6019,10045.74744,8298.438527,7347.160746,23022.76679,0,2633.8502
,,,,,6020,10331.51532,8171.792307,7618.565512,23368.26497,0,2633.8502
,,,,,6021,9927.766993,8034.471242,7425.473893,23516.57139,0,2633.8502
,,,,,6022,9181.68479,7944.927086,7015.501131,24713.30646,0,2633.8502
,,,,,6023,8419.830959,7386.132021,6425.769288,23480.6177,0,2633.8502
,,,,,6024,7689.757957,6988.335868,5923.985906,22338.82684,0,2633.8502
,,,,,6025,7523.91984,6725.433501,5602.789143,21733.63106,0,2510.9752
,,,,,6026,7446.35217,6630.048426,5499.267463,21415.44749,0,2386.724
,,,,,6027,7446.35217,6641.873582,5499.267463,21021.21079,0,2386.724
,,,,,6028,7446.35217,6556.533541,5499.267463,21021.21079,0,2386.724
,,,,,6029,7720.777305,6655.137645,5499.267463,21021.21079,0,2386.724
,,,,,6030,8924.797027,7107.097802,6239.649845,21557.77595,0,2386.724
,,,,,6031,9688.996842,7747.145966,6696.640525,22314.38069,0,2510.9752
,,,,,6032,9547.117072,7636.053746,6803.616184,22096.43557,0,2510.9752
,,,,,6033,9882.186336,7578.279554,7245.433256,22963.48245,0,2510.9752
,,,,,6034,10085.20677,7670.926164,7574.102456,23885.8583,0,2510.9752
,,,,,6035,10614.19732,8074.637816,8206.737789,24251.27783,0,2510.9752
,,,,,6036,10471.70865,8173.555176,7511.580908,23708.97821,0,2510.9752
,,,,,6037,9672.20273,7760.347541,7382.577304,23358.50764,0,2386.724
,,,,,6038,9784.242547,7564.864493,7544.436065,23819.08458,0,2386.724
,,,,,6039,9766.400213,7777.90089,7470.408149,23873.48226,0,2386.724
,,,,,6040,9974.294095,7763.515546,7649.035519,23996.61812,0,2510.9752
,,,,,6041,11148.02471,7944.70359,7805.257459,23910.48222,0,2656.3609
,,,,,6042,10795.15877,8584.030341,7663.896255,23343.77733,0,2656.3609
,,,,,6043,10099.66424,8371.220419,7342.170843,23079.71367,0,2656.3609
,,,,,6044,10386.96282,8243.464068,7613.422329,23421.69243,0,2656.3609
,,,,,6045,9981.051842,8104.9393,7420.439761,23568.48813,0,2656.3609
,,,,,6046,9230.973297,8014.610236,7010.698537,24756.63293,0,2656.3609
,,,,,6047,8465.038644,7450.916993,6421.299752,23532.90069,0,2656.3609
,,,,,6048,7731.055052,7049.633915,5919.799759,22402.74065,0,2656.3609
,,,,,6049,7565.734528,6772.935577,5698.362775,21898.90149,0,2718.3882
,,,,,6050,7484.278843,6676.877261,5595.083836,21584.36088,0,2561.4031
,,,,,6051,7484.278843,6688.785881,5595.083836,21195.67576,0,2561.4031
,,,,,6052,7484.278843,6629.014314,5595.083836,21195.67576,0,2561.4031
,,,,,6053,7763.683134,6702.143563,5595.083836,21195.67576,0,2561.4031
,,,,,6054,8974.376493,7157.293717,6334.294932,21725.05979,0,2561.4031
,,,,,6055,9742.812112,7801.859428,6790.619316,22473.00198,0,2718.3882
,,,,,6056,9600.145931,7689.983105,6897.439005,22257.55216,0,2718.3882
,,,,,6057,9937.072416,7631.801134,7338.611906,23114.67202,0,2718.3882
,,,,,6058,10141.21815,7725.101657,7666.801905,24026.48737,0,2718.3882
,,,,,6059,10673.14079,8131.662761,8299.041442,24387.72313,0,2718.3882
,,,,,6060,10529.86233,8231.278293,7604.371514,23851.63243,0,2718.3882
,,,,,6061,9725.924913,7815.154182,7475.555997,23505.17447,0,2561.4031
,,,,,6062,9838.585744,7618.291388,7637.178768,23960.47816,0,2561.4031
,,,,,6063,9820.644515,7832.831425,7563.258784,24014.25302,0,2561.4031
,,,,,6064,10029.69071,7818.344547,7741.625716,24135.97908,0,2718.3882
,,,,,6065,11214.69507,8000.811441,7897.619883,24050.82937,0,2897.2942
,,,,,6066,10855.10527,8623.456365,7756.464784,23490.61282,0,2897.2942
,,,,,6067,10155.75576,8430.338684,7435.208449,23229.57248,0,2897.2942
,,,,,6068,10444.64677,8301.680612,7706.06445,23567.63585,0,2897.2942
,,,,,6069,10036.48591,8162.178117,7513.363251,23712.75085,0,2897.2942
,,,,,6070,9282.249836,8071.211498,7104.219431,24891.33884,0,2897.2942
,,,,,6071,8512.069763,7503.539631,6515.679992,23677.57085,0,2897.2942
,,,,,6072,7774.017849,7099.424242,6014.911188,22560.35029,0,2897.2942
,,,,,6073,7610.493061,6817.345543,5755.658853,22103.85842,0,2634.7349
,,,,,6074,7532.656765,6720.65781,5646.274187,21759.74119,0,2497.4098
,,,,,6075,7532.656765,6732.644461,5646.274187,21325.98364,0,2497.4098
,,,,,6076,7532.656765,6664.28312,5646.274187,21325.98364,0,2497.4098
,,,,,6077,7809.609628,6746.089668,5646.274187,21325.98364,0,2497.4098
,,,,,6078,9027.446461,7204.222168,6414.946922,21913.67018,0,2497.4098
,,,,,6079,9800.416095,7853.011361,6888.030755,22731.94225,0,2634.7349
,,,,,6080,9656.908138,7740.401974,6998.773615,22496.23344,0,2634.7349
,,,,,6081,9995.822597,7681.83877,7456.149496,23433.94928,0,2634.7349
,,,,,6082,10201.17285,7775.750639,7796.392946,24431.50371,0,2634.7349
,,,,,6083,10736.234,8184.975712,8438.588015,24826.70689,0,2634.7349
,,,,,6084,10592.11016,8285.24397,7731.66967,24240.20694,0,2634.7349
,,,,,6085,9783.429256,7866.393228,7598.12314,23861.17114,0,2497.4098
,,,,,6086,9896.754822,7668.240501,7765.681838,24359.28757,0,2497.4098
,,,,,6087,9878.707733,7884.1863,7689.046991,24418.11895,0,2497.4098
,,,,,6088,10088.98737,7869.604498,7873.964814,24551.29105,0,2634.7349
,,,,,6089,11270.18958,8053.266996,8035.688187,24458.13461,0,2795.652
,,,,,6090,10919.27214,8685.747777,7889.348877,23845.24024,0,2795.652
,,,,,6091,10215.79624,8485.608693,7556.293745,23559.65397,0,2795.652
,,,,,6092,10506.3918,8356.107595,7837.097488,23929.50583,0,2795.652
,,,,,6093,10095.82267,8215.691019,7637.318942,24088.26617,0,2795.652
,,,,,6094,9337.136355,8124.128346,7213.148476,25344.44439,0,2795.652
,,,,,6095,8562.411975,7552.73684,6602.99372,24049.77816,0,2795.652
,,,,,6096,7820.00532,7145.973507,6083.833155,22827.50403,0,2795.652
,,,,,6097,7647.452107,6913.632994,5820.054017,22364.21736,0,2622.7423
,,,,,6098,7561.15284,6815.580591,5693.135076,22001.46779,0,2484.041
,,,,,6099,7529.544766,6827.736423,5693.135076,21539.31604,0,2484.041
,,,,,6100,7529.544766,6756.413976,5693.135076,21539.31604,0,2484.041
,,,,,6101,7847.533107,6841.371399,5693.135076,21539.31604,0,2484.041
,,,,,6102,9071.268616,7305.970072,6497.255918,22163.73132,0,2484.041
,,,,,6103,9847.98218,7963.916405,6983.19414,23026.309,0,2622.7423
,,,,,6104,9703.779133,7849.717626,7096.946047,22777.83765,0,2622.7423
,,,,,6105,10044.33515,7790.327849,7566.749508,23766.32642,0,2622.7423
,,,,,6106,10250.68003,7885.565209,7916.237876,24817.89375,0,2622.7423
,,,,,6107,10788.33279,8300.566166,8601.488499,25234.49533,0,2622.7423
,,,,,6108,10643.51087,8402.24963,7849.755973,24616.23916,0,2622.7423
,,,,,6109,9830.913064,7977.487146,7712.580786,24216.68035,0,2484.041
,,,,,6110,9944.78753,7776.537652,7884.692302,24741.76745,0,2484.041
,,,,,6111,9926.653029,7995.531353,7805.975173,24803.78427,0,2484.041
,,,,,6112,10137.95117,7980.74374,7995.917487,24944.16701,0,2622.7423
,,,,,6113,11382.1791,8166.998488,8162.035123,24845.96659,0,2785.3305
,,,,,6114,10972.25748,8808.546163,8011.719558,24199.88685,0,2785.3305
,,,,,6115,10265.37425,8605.442341,7669.614824,23898.83743,0,2785.3305
,,,,,6116,10557.37733,8474.113439,7958.04842,24288.71504,0,2785.3305
,,,,,6117,10144.81957,8331.714995,7752.841596,24456.0715,0,2785.3305
,,,,,6118,9382.458513,8238.859988,7317.145791,25761.12911,0,2785.3305
,,,,,6119,8603.981703,7659.403749,6690.412227,24415.49955,0,2785.3305
,,,,,6120,7857.979152,7246.899278,6157.145301,23127.04499,0,2785.3305
,,,,,6121,7672.433747,6893.639358,5889.127697,22487.61653,0,2561.698
,,,,,6122,7585.853308,6800.460822,5764.327819,22133.48807,0,2441.1822
,,,,,6123,7565.678792,6807.991025,5764.327819,21684.47422,0,2441.1822
,,,,,6124,7565.678792,6800.460822,5764.327819,21684.47422,0,2441.1822
,,,,,6125,7873.166636,6821.586596,5764.327819,21684.47422,0,2441.1822
,,,,,6126,9100.889222,7284.842599,6574.331659,22291.89524,0,2441.1822
,,,,,6127,9880.133412,7940.887494,7066.011901,23133.97288,0,2561.698
,,,,,6128,9735.460534,7827.018746,7181.107943,22891.40671,0,2561.698
,,,,,6129,10077.12612,7767.800602,7656.462769,23856.40303,0,2561.698
,,,,,6130,10284.1433,7862.76273,8010.080818,24882.97878,0,2561.698
,,,,,6131,10823.54779,8276.564352,8687.136333,25289.6794,0,2561.698
,,,,,6132,10678.25403,8377.953955,7942.813341,24686.11672,0,2561.698
,,,,,6133,9863.008683,7954.419017,7804.017242,24296.05383,0,2441.1822
,,,,,6134,9977.254166,7754.050258,7978.16249,24808.6617,0,2441.1822
,,,,,6135,9959.060581,7972.411076,7898.515211,24869.20463,0,2441.1822
,,,,,6136,10171.04715,7957.666199,8090.701951,25006.25103,0,2561.698
,,,,,6137,11402.36095,8143.382678,8258.782493,24910.38444,0,2704.8228
,,,,,6138,11008.07173,8729.924012,8106.690745,24279.65945,0,2704.8228
,,,,,6139,10298.88539,8580.559448,7760.543579,23985.76478,0,2704.8228
,,,,,6140,10591.83985,8449.610081,8052.385411,24366.37655,0,2704.8228
,,,,,6141,10177.93794,8307.623162,7844.753789,24529.75561,0,2704.8228
,,,,,6142,9413.093013,8215.036502,7403.909645,25812.19691,0,2704.8228
,,,,,6143,8632.079833,7637.254867,6769.770372,24490.14789,0,2704.8228
,,,,,6144,7883.646715,7225.942516,6230.202173,23232.31478,0,2704.8228
,,,,,6145,7663.271968,6812.912795,5928.771356,22254.28559,0,2570.7416
,,,,,6146,7590.035822,6716.287886,5814.378774,21918.39303,0,2449.4394
,,,,,6147,7590.035822,6728.266748,5814.378774,21497.16924,0,2449.4394
,,,,,6148,7590.035822,6692.388291,5814.378774,21497.16924,0,2449.4394
,,,,,6149,7863.254899,6741.70322,5814.378774,21497.16924,0,2449.4394
,,,,,6150,9086.390599,7199.538039,6607.215935,22068.643,0,2449.4394
,,,,,6151,9862.72346,7847.905668,7094.045862,22867.35771,0,2570.7416
,,,,,6152,9718.591093,7735.369451,7208.006506,22637.28253,0,2570.7416
,,,,,6153,10058.98018,7676.844299,7678.672064,23552.58621,0,2570.7416
,,,,,6154,10265.22393,7770.695147,8028.801749,24526.29828,0,2570.7416
,,,,,6155,10802.61316,8179.654318,8679.162342,24912.05579,0,2570.7416
,,,,,6156,10657.86222,8279.857425,7962.197851,24339.57367,0,2570.7416
,,,,,6157,9845.662711,7861.27884,7824.770945,23969.59713,0,2449.4394
,,,,,6158,9959.481362,7663.254866,7997.198289,24455.80817,0,2449.4394
,,,,,6159,9941.355749,7879.06035,7918.336712,24513.23343,0,2449.4394
,,,,,6160,10152.55032,7864.488023,8108.627574,24643.22261,0,2570.7416
,,,,,6161,11327.0258,8048.031183,8275.050039,24552.29269,0,2714.9477
,,,,,6162,10986.4477,8654.778067,8124.458642,23954.04698,0,2714.9477
,,,,,6163,10279.91094,8480.091957,7781.72614,23675.28645,0,2714.9477
,,,,,6164,10571.7709,8350.675005,8070.689017,24036.29856,0,2714.9477
,,,,,6165,10159.41536,8210.349667,7865.105634,24191.2644,0,2714.9477
,,,,,6166,9397.427968,8118.846489,7428.61032,25425.8663,0,2714.9477
,,,,,6167,8619.332725,7547.826256,6800.726689,24153.69628,0,2714.9477
,,,,,6168,7873.695824,7141.327226,6266.481208,22960.63548,0,2714.9477
,,,,,6169,7596.266371,6811.640134,5871.121352,21845.4402,0,2573.6906
,,,,,6170,7525.394163,6715.033263,5762.848649,21507.65594,0,2449.1445
,,,,,6171,7525.394163,6727.009889,5762.848649,21083.54936,0,2449.1445
,,,,,6172,7525.394163,6593.40477,5762.848649,21083.54936,0,2449.1445
,,,,,6173,7792.990213,6740.443852,5762.848649,21083.54936,0,2449.1445
,,,,,6174,8996.192667,7198.193206,6526.155884,21658.7521,0,2449.1445
,,,,,6175,9759.873757,7846.439803,6996.187517,22461.96505,0,2573.6906
,,,,,6176,9618.090292,7733.924593,7106.215896,22230.59411,0,2573.6906
,,,,,6177,9952.932118,7675.410366,7560.640919,23151.05264,0,2573.6906
,,,,,6178,10155.81474,7769.243695,7898.689216,24130.2485,0,2573.6906
,,,,,6179,10684.44622,8178.126524,8539.071201,24518.17854,0,2573.6906
,,,,,6180,10542.05427,8278.310926,7834.383516,23942.47228,0,2573.6906
,,,,,6181,9743.091044,7859.810478,7701.69859,23570.41209,0,2449.1445
,,,,,6182,9855.054811,7661.823471,7868.176248,24059.3614,0,2449.1445
,,,,,6183,9837.224588,7877.588669,7792.035827,24117.11007,0,2449.1445
,,,,,6184,10044.97736,7863.019062,7975.760613,24247.83133,0,2573.6906
,,,,,6185,11204.64307,8046.52796,8136.440593,24156.3893,0,2721.1406
,,,,,6186,10865.28484,8729.672766,7991.045423,23554.77437,0,2721.1406
,,,,,6187,10170.2624,8478.50808,7660.139066,23274.44391,0,2721.1406
,,,,,6188,10457.36597,8349.115287,7939.131144,23637.48918,0,2721.1406
,,,,,6189,10051.73052,8208.816143,7740.641512,23793.32776,0,2721.1406
,,,,,6190,9302.16111,8117.330046,7319.207672,25032.89226,0,2721.1406
,,,,,6191,8536.74636,7546.416407,6712.989459,23755.54807,0,2721.1406
,,,,,6192,7803.260984,7139.99326,6197.178368,22555.76814,0,2721.1406
,,,,,6193,7549.279187,6910.93708,5775.348921,21839.59648,0,2546.5598
,,,,,6194,7464.084876,6812.922886,5649.837591,21503.06592,0,2433.2199
,,,,,6195,7453.44807,6825.073982,5649.837591,21080.86986,0,2433.2199
,,,,,6196,7453.44807,6627.947176,5649.837591,21080.86986,0,2433.2199
,,,,,6197,7746.798396,6838.703644,5649.837591,21080.86986,0,2433.2199
,,,,,6198,8954.865477,7303.121274,6447.371818,21653.60128,0,2433.2199
,,,,,6199,9721.63418,7960.811219,6929.593753,22453.8331,0,2546.5598
,,,,,6200,9579.277475,7846.656941,7042.475725,22223.3209,0,2546.5598
,,,,,6201,9915.473088,7787.290307,7508.686292,23140.36314,0,2546.5598
,,,,,6202,10119.17598,7882.490555,7855.501894,24115.92472,0,2546.5598
,,,,,6203,10649.94475,8297.329795,8538.396919,24502.41495,0,2546.5598
,,,,,6204,10506.9771,8398.973636,7789.528422,23928.84543,0,2546.5598
,,,,,6205,9704.783614,7974.376672,7653.402303,23558.16614,0,2433.2199
,,,,,6206,9817.200057,7773.505484,7824.19757,24045.30071,0,2433.2199
,,,,,6207,9799.297746,7992.413847,7746.082442,24102.83505,0,2433.2199
,,,,,6208,10007.89047,7977.631997,7934.572143,24233.07113,0,2546.5598
,,,,,6209,11213.61012,8163.814165,8099.41937,24141.96849,0,2682.1155
,,,,,6210,10831.51451,8903.635399,7950.253366,23542.58646,0,2682.1155
,,,,,6211,10133.68206,8602.087167,7610.76493,23263.29645,0,2682.1155
,,,,,6212,10421.94639,8470.809441,7896.992686,23624.99427,0,2682.1155
,,,,,6213,10014.67093,8328.466486,7693.355212,23780.25446,0,2682.1155
,,,,,6214,9262.070971,8235.647663,7260.991457,25016.53008,0,2682.1155
,,,,,6215,8493.561599,7656.417225,6639.050934,23742.61498,0,2682.1155
,,,,,6216,7757.110693,7244.073498,6109.862248,22547.28805,0,2682.1155
,,,,,6217,7586.962181,6977.828206,5850.53513,22016.89902,0,2532.3063
,,,,,6218,7501.34374,6878.865972,5717.955187,21674.96947,0,2421.6205
,,,,,6219,7490.366268,6891.134599,5717.955187,21244.54577,0,2421.6205
,,,,,6220,7490.366268,6830.708667,5717.955187,21244.54577,0,2421.6205
,,,,,6221,7785.464716,6904.896094,5717.955187,21244.54577,0,2421.6205
,,,,,6222,8999.546014,7373.80579,6531.268213,21827.91988,0,2421.6205
,,,,,6223,9770.131983,8037.857222,7019.740296,22640.9899,0,2532.3063
,,,,,6224,9627.066573,7922.59879,7134.085349,22406.77957,0,2532.3063
,,,,,6225,9964.935895,7862.657934,7606.338539,23338.53402,0,2532.3063
,,,,,6226,10169.6529,7958.779003,7957.649269,24329.74662,0,2532.3063
,,,,,6227,10703.06404,8377.630764,8657.463307,24722.43736,0,2532.3063
,,,,,6228,10559.38464,8480.257752,7890.820704,24139.666,0,2532.3063
,,,,,6229,9753.197528,8051.553887,7752.930235,23763.03987,0,2421.6205
,,,,,6230,9866.173623,7848.739777,7925.939204,24257.98959,0,2421.6205
,,,,,6231,9848.182188,8069.765526,7846.811615,24316.44696,0,2421.6205
,,,,,6232,10057.81337,8054.840699,8037.744358,24448.77243,0,2532.3063
,,,,,6233,11267.87314,8242.823708,8204.728194,24356.20823,0,2665.0113
,,,,,6234,10885.53772,8880.342888,8053.628827,23747.21024,0,2665.0113
,,,,,6235,10184.23119,8685.335893,7709.740233,23463.43955,0,2665.0113
,,,,,6236,10473.93062,8552.788387,7999.677829,23830.94013,0,2665.0113
,,,,,6237,10064.62759,8409.068624,7793.40098,23988.69117,0,2665.0113
,,,,,6238,9308.280894,8315.352013,7355.433295,25239.13032,0,2665.0113
,,,,,6239,8535.94559,7730.518986,6725.43171,23950.44784,0,2665.0113
,,,,,6240,7795.828351,7314.186876,6189.384133,22735.94415,0,2665.0113
,,,,,6241,7631.908577,6988.662012,5927.46545,22217.22149,0,2530.6352
,,,,,6242,7545.784256,6905.337188,5810.840936,21892.89393,0,2414.5429
,,,,,6243,7534.472704,6905.337188,5810.840936,21489.29429,0,2414.5429
,,,,,6244,7534.472704,6905.337188,5810.840936,21489.29429,0,2414.5429
,,,,,6245,7831.583974,6916.829664,5810.840936,21489.29429,0,2414.5429
,,,,,6246,9052.83873,7378.668539,6614.447724,22037.9707,0,2414.5429
,,,,,6247,9827.977744,8032.706554,7107.404024,22809.18513,0,2530.6352
,,,,,6248,9684.067024,7919.186136,7222.798774,22587.03159,0,2530.6352
,,,,,6249,10023.93266,7860.149145,7699.38729,23470.82076,0,2530.6352
,,,,,6250,10229.85925,7954.820778,8053.923083,24411.00728,0,2530.6352
,,,,,6251,10766.42207,8367.356556,8707.922895,24783.4829,0,2530.6352
,,,,,6252,10621.89374,8468.436002,7986.481027,24230.71172,0,2530.6352
,,,,,6253,9810.943231,8046.196683,7847.324711,23873.47371,0,2414.5429
,,,,,6254,9924.586851,7846.440864,8021.921918,24342.94419,0,2414.5429
,,,,,6255,9906.489112,8064.133704,7942.067931,24398.39226,0,2414.5429
,,,,,6256,10117.35891,8049.433932,8134.753453,24523.90583,0,2530.6352
,,,,,6257,11332.49751,8234.582293,8303.270215,24436.10668,0,2669.0416
,,,,,6258,10949.97391,8803.083606,8150.783743,23858.45897,0,2669.0416
,,,,,6259,10244.52368,8670.421712,7803.738221,23589.29635,0,2669.0416
,,,,,6260,10535.93481,8539.872927,8096.337469,23937.87858,0,2669.0416
,,,,,6261,10124.21339,8398.320355,7888.166981,24087.50883,0,2669.0416
,,,,,6262,9363.397785,8306.016924,7446.178714,25291.77153,0,2669.0416
,,,,,6263,8586.4991,7730.002757,6810.393659,24051.23421,0,2669.0416
,,,,,6264,7842.008843,7319.948636,6269.425117,22899.25129,0,2669.0416
,,,,,6265,7672.18503,6953.516264,5906.933967,22297.95762,0,2556.4881
,,,,,6266,7585.607389,6872.787337,5793.237434,21985.31523,0,2435.3825
,,,,,6267,7558.731725,6872.787337,5793.237434,21599.52285,0,2435.3825
,,,,,6268,7558.731725,6872.787337,5793.237434,21599.52285,0,2435.3825
,,,,,6269,7872.911428,6883.525024,5793.237434,21599.52285,0,2435.3825
,,,,,6270,9100.594319,7333.52668,6582.715986,22125.16504,0,2435.3825
,,,,,6271,9879.813314,7970.801292,7067.635347,22868.59347,0,2556.4881
,,,,,6272,9735.145114,7860.190474,7181.148752,22654.44387,0,2556.4881
,,,,,6273,10076.79965,7802.666637,7649.96718,23506.39109,0,2556.4881
,,,,,6274,10283.81014,7894.911777,7998.72278,24412.70373,0,2556.4881
,,,,,6275,10823.19719,8296.874006,8647.948448,24771.75946,0,2556.4881
,,,,,6276,10677.90813,8395.362723,7932.380269,24238.90401,0,2556.4881
,,,,,6277,9862.689139,7983.945661,7795.492696,23894.5369,0,2435.3825
,,,,,6278,9976.930928,7789.309708,7967.243347,24347.09288,0,2435.3825
,,,,,6279,9958.73793,8001.422944,7888.691264,24400.54321,0,2435.3825
,,,,,6280,10170.71765,7987.099937,8078.235328,24521.53466,0,2556.4881
,,,,,6281,11411.08182,8167.50283,8244.004667,24436.89882,0,2700.2027
,,,,,6282,11007.71517,8722.932462,8094.004267,23880.06312,0,2700.2027
,,,,,6283,10298.55176,8592.171413,7752.61682,23620.59814,0,2700.2027
,,,,,6284,10591.49674,8464.968675,8040.445661,23956.62133,0,2700.2027
,,,,,6285,10177.60821,8327.044183,7835.669091,24100.86057,0,2700.2027
,,,,,6286,9412.788016,8237.106546,7400.886805,25274.46884,0,2700.2027
,,,,,6287,8631.800087,7675.855983,6775.467306,24065.89289,0,2700.2027
,,,,,6288,7883.391169,7276.311804,6243.318475,22955.41464,0,2700.2027
,,,,,6289,7683.746248,6896.607782,5897.678745,22255.69791,0,2546.953
,,,,,6290,7597.038484,6814.250462,5786.29074,21954.84065,0,2429.8777
,,,,,6291,7560.412404,6814.250462,5786.29074,21587.00788,0,2429.8777
,,,,,6292,7560.412404,6814.250462,5786.29074,21587.00788,0,2429.8777
,,,,,6293,7884.774333,6825.461625,5786.29074,21587.00788,0,2429.8777
,,,,,6294,9114.302397,7282.888706,6564.630082,22089.41879,0,2429.8777
,,,,,6295,9894.692538,7930.678912,7043.212828,22804.8235,0,2546.953
,,,,,6296,9749.806905,7818.242917,7155.242914,22598.74633,0,2546.953
,,,,,6297,10091.97494,7759.769887,7617.935125,23418.57919,0,2546.953
,,,,,6298,10299.29656,7853.537153,7962.133411,24290.72815,0,2546.953
,,,,,6299,10839.4943,8262.132114,8607.594972,24636.2492,0,2546.953
,,,,,6300,10693.98686,8362.245981,7896.657822,24123.47986,0,2546.953
,,,,,6301,9877.542625,7944.040174,7761.559007,23792.09375,0,2429.8777
,,,,,6302,9991.956116,7746.192557,7931.065332,24227.59052,0,2429.8777
,,,,,6303,9973.735776,7961.805848,7853.539716,24279.02603,0,2429.8777
,,,,,6304,10186.03409,7947.246499,8040.60694,24395.45668,0,2546.953
,,,,,6305,11440.79415,8130.626199,8204.210113,24314.01121,0,2686.3424
,,,,,6306,11024.28959,8694.255628,8056.169821,23778.16556,0,2686.3424
,,,,,6307,10314.06033,8562.302189,7719.243406,23528.48118,0,2686.3424
,,,,,6308,10607.44561,8433.000493,8003.311085,23851.83789,0,2686.3424
,,,,,6309,10192.93501,8292.800126,7801.210403,23990.64,0,2686.3424
,,,,,6310,9426.965313,8201.378438,7372.109571,25133.33159,0,2686.3424
,,,,,6311,8644.803581,7630.866744,6754.862651,23956.99043,0,2686.3424
,,,,,6312,7895.269824,7224.729734,6229.667598,22888.37193,0,2686.3424
,,,,,6313,7681.996919,6851.461657,5907.351265,21986.9661,0,2532.6995
,,,,,6314,7595.308844,6754.2904,5800.758776,21688.60731,0,2416.5089
,,,,,6315,7543.518689,6766.336994,5800.758776,21324.58201,0,2416.5089
,,,,,6316,7543.518689,6745.834768,5800.758776,21324.58201,0,2416.5089
,,,,,6317,7882.979356,6779.84944,5800.758776,21324.58201,0,2416.5089
,,,,,6318,9112.228227,7240.273003,6555.958568,21822.06784,0,2416.5089
,,,,,6319,9892.441161,7892.306711,7021.378228,22531.53147,0,2532.6995
,,,,,6320,9747.588428,7779.134178,7130.327004,22327.16566,0,2532.6995
,,,,,6321,10089.67877,7720.278106,7580.293188,23140.19022,0,2532.6995
,,,,,6322,10296.95331,7814.659617,7915.024539,24005.09641,0,2532.6995
,,,,,6323,10837.02838,8225.931174,8552.666898,24347.74807,0,2532.6995
,,,,,6324,10691.55399,8326.700861,7851.34981,23839.23703,0,2532.6995
,,,,,6325,9875.295143,7905.755499,7719.966794,23510.60292,0,2416.5089
,,,,,6326,9989.682653,7706.611835,7884.810965,23942.4831,0,2416.5089
,,,,,6327,9971.46645,7923.637551,7809.417638,23993.49147,0,2416.5089
,,,,,6328,10183.71656,7908.982828,7991.339708,24108.95522,0,2532.6995
,,,,,6329,11458.83465,8093.563799,8150.443089,24028.18611,0,2671.3025
,,,,,6330,11021.78172,8690.978374,8006.474543,23496.7904,0,2671.3025
,,,,,6331,10311.71373,8528.067583,7678.815054,23249.17952,0,2671.3025
,,,,,6332,10605.03238,8397.918867,7955.069649,23569.85091,0,2671.3025
,,,,,6333,10190.61591,8256.800084,7758.527607,23707.50034,0,2671.3025
,,,,,6334,9424.820145,8164.779518,7341.228895,24843.63753,0,2671.3025
,,,,,6335,8642.836021,7590.530554,6740.958923,23674.13021,0,2671.3025
,,,,,6336,7893.472464,7181.733048,6230.208995,22614.38607,0,2671.3025
,,,,,6337,7581.208975,6851.252023,5759.003392,21424.88766,0,2523.0661
,,,,,6338,7503.559231,6754.083738,5657.215423,21130.13587,0,2397.537
,,,,,6339,7503.559231,6766.129964,5657.215423,20771.60734,0,2397.537
,,,,,6340,7503.559231,6742.577939,5657.215423,20771.60734,0,2397.537
,,,,,6341,7779.561382,6779.641996,5657.215423,20771.60734,0,2397.537
,,,,,6342,8992.724467,7240.051482,6389.23222,21261.98293,0,2397.537
,,,,,6343,9762.727639,7892.065253,6841.46408,21962.86953,0,2523.0661
,,,,,6344,9619.77043,7778.89618,6947.325761,21760.97439,0,2523.0661
,,,,,6345,9957.38422,7720.041908,7384.542023,22564.16992,0,2523.0661
,,,,,6346,10161.94639,7814.420533,7709.788666,23418.61987,0,2523.0661
,,,,,6347,10694.95412,8225.679515,8339.59714,23757.12905,0,2523.0661
,,,,,6348,10551.38338,8326.446121,7647.918178,23254.76564,0,2523.0661
,,,,,6349,9745.805992,7905.51363,7520.257938,22930.10454,0,2397.537
,,,,,6350,9858.696643,7706.376054,7680.431202,23356.76352,0,2397.537
,,,,,6351,9840.718814,7923.395136,7607.174166,23407.15522,0,2397.537
,,,,,6352,10050.19145,7908.74086,7783.941422,23521.22308,0,2523.0661
,,,,,6353,11228.67118,8093.316188,7938.536563,23441.43042,0,2671.6957
,,,,,6354,10877.2898,8693.103035,7798.647407,22916.459,0,2671.6957
,,,,,6355,10176.51366,8527.806686,7480.272244,22671.8416,0,2671.6957
,,,,,6356,10465.99399,8397.661949,7748.699086,22988.63625,0,2671.6957
,,,,,6357,10057.00051,8256.547481,7557.726119,23124.62158,0,2671.6957
,,,,,6358,9301.225849,8164.529728,7152.251686,24251.2963,0,2671.6957
,,,,,6359,8529.474665,7590.298323,6568.990537,23091.65487,0,2671.6957
,,,,,6360,7789.917179,7181.513316,6072.712855,22044.72246,0,2671.6957
,,,,,6361,7495.645819,6956.764259,5565.013522,20910.79021,0,2533.191
,,,,,6362,7429.348619,6858.100562,5460.210147,20612.09122,0,2398.9132
,,,,,6363,7429.348619,6870.332178,5460.210147,20247.54747,0,2398.9132
,,,,,6364,7429.348619,6846.306659,5460.210147,20247.54747,0,2398.9132
,,,,,6365,7686.062239,6884.05216,5460.210147,20247.54747,0,2398.9132
,,,,,6366,8850.687231,7351.547308,6206.777022,20745.70393,0,2398.9132
,,,,,6367,9589.882934,8013.595515,6667.285791,21455.97653,0,2533.191
,,,,,6368,9452.645376,7898.68478,6775.08499,21251.37769,0,2533.191
,,,,,6369,9776.751395,7838.924745,7220.30334,22065.3293,0,2533.191
,,,,,6370,9973.129132,7934.755849,7551.502762,22931.2217,0,2533.191
,,,,,6371,10484.81146,8352.344072,8186.227927,23274.26407,0,2533.191
,,,,,6372,10346.98493,8454.661467,7488.499899,22765.17321,0,2533.191
,,,,,6373,9573.638314,8027.250861,7358.503175,22436.16437,0,2398.9132
,,,,,6374,9682.012262,7825.048575,7521.607987,22868.537,0,2398.9132
,,,,,6375,9664.753718,8045.407562,7447.010175,22919.60353,0,2398.9132
,,,,,6376,9865.845449,8030.527758,7627.012688,23035.19894,0,2533.191
,,,,,6377,10996.84932,8217.943684,7784.437284,22954.33773,0,2690.8642
,,,,,6378,10659.85198,8825.497081,7641.987827,22422.3361,0,2690.8642
,,,,,6379,9987.113569,8659.120954,7317.785649,22174.44288,0,2690.8642
,,,,,6380,10265.01192,8526.973301,7591.125334,22495.47992,0,2690.8642
,,,,,6381,9872.382088,8383.687093,7396.657112,22633.2863,0,2690.8642
,,,,,6382,9146.845616,8290.253195,6983.761542,23770.31597,0,2690.8642
,,,,,6383,8405.971839,7707.184417,6389.82534,22599.87812,0,2690.8642
,,,,,6384,7696.003704,7292.108245,5884.464607,21538.9256,0,2690.8642
,,,,,6385,7416.302959,7067.568666,5574.148757,20735.33033,0,2556.1932
,,,,,6386,7332.605323,6967.334552,5445.479852,20399.70365,0,2408.9398
,,,,,6387,7305.718301,6979.760858,5433.260684,19978.88504,0,2408.9398
,,,,,6388,7305.718301,6946.692665,5433.260684,19978.88504,0,2408.9398
,,,,,6389,7610.352197,6993.699218,5443.813371,19978.88504,0,2408.9398
,,,,,6390,8797.196232,7468.635424,6222.862978,20549.83469,0,2408.9398
,,,,,6391,9550.494518,8141.221363,6688.35936,21347.91717,0,2556.1932
,,,,,6392,9410.638703,8024.48161,6797.326095,21118.0241,0,2556.1932
,,,,,6393,9740.928108,7963.770383,7247.366452,22032.60327,0,2556.1932
,,,,,6394,9941.052394,8061.126817,7582.152982,23005.54459,0,2556.1932
,,,,,6395,10462.49674,8485.361736,8298.482462,23390.99675,0,2556.1932
,,,,,6396,10322.04072,8589.307703,7518.467756,22818.96777,0,2556.1932
,,,,,6397,9533.939978,8155.09406,7387.063083,22449.28409,0,2408.9398
,,,,,6398,9644.381515,7949.673348,7551.934427,22935.11027,0,2408.9398
,,,,,6399,9626.793708,8173.539758,7476.528672,22992.49008,0,2408.9398
,,,,,6400,9831.721923,8158.423115,7658.480731,23122.37636,0,2556.1932
,,,,,6401,11045.76341,8348.822115,7817.610338,23031.51842,0,2727.825
,,,,,6402,10640.87673,8971.219807,7673.61806,22433.74626,0,2727.825
,,,,,6403,9955.30363,8797.021545,7345.904559,22155.20639,0,2727.825
,,,,,6404,10238.50381,8662.770515,7622.204693,22515.93273,0,2727.825
,,,,,6405,9838.38327,8517.20364,7425.630252,22670.7759,0,2727.825
,,,,,6406,9099.00481,8422.282567,7008.262751,23904.68031,0,2727.825
,,,,,6407,8343.996434,7829.933162,6407.893829,22633.23752,0,2727.825
,,,,,6408,7620.483329,7408.250277,5897.059708,21441.12111,0,2727.825
,,,,,6409,7596.941265,7175.069603,5727.661551,21029.62462,0,2581.5546
,,,,,6410,7511.210508,7088.846923,5603.397459,20686.81327,0,2434.5961
,,,,,6411,7424.659339,7088.846923,5603.397459,20247.7624,0,2434.5961
,,,,,6412,7353.746513,7088.846923,5603.397459,20247.7624,0,2434.5961
,,,,,6413,7795.704201,7101.181987,5603.397459,20247.7624,0,2434.5961
,,,,,6414,9011.378164,7576.235003,6394.159952,20840.15812,0,2434.5961
,,,,,6415,9782.975008,8248.986366,6872.417688,21655.32495,0,2581.5546
,,,,,6416,9639.721921,8132.2179,6984.371692,21420.51062,0,2581.5546
,,,,,6417,9978.034469,8071.491741,7446.749683,22354.66794,0,2581.5546
,,,,,6418,10183.02002,8168.87212,7790.71422,23348.43677,0,2581.5546
,,,,,6419,10717.13091,8593.211379,8471.79732,23742.1402,0,2581.5546
,,,,,6420,10573.26303,8697.182912,7725.283096,23157.86595,0,2581.5546
,,,,,6421,9766.018338,8262.862474,7590.276028,22780.26855,0,2434.5961
,,,,,6422,9879.142639,8057.391239,7759.667239,23276.49468,0,2434.5961
,,,,,6423,9861.127601,8281.312709,7682.194272,23335.1028,0,2434.5961
,,,,,6424,10071.03378,8266.192348,7869.134457,23467.76953,0,2581.5546
,,,,,6425,11432.4964,8456.638177,8032.626524,23374.96661,0,2752.7932
,,,,,6426,10899.84397,9039.731689,7884.686769,22764.3981,0,2752.7932
,,,,,6427,10197.61744,8904.947841,7547.989164,22479.8956,0,2752.7932
,,,,,6428,10487.69691,8770.663792,7831.863929,22848.34392,0,2752.7932
,,,,,6429,10077.85694,8625.061115,7629.900497,23006.50177,0,2752.7932
,,,,,6430,9320.51805,8530.116696,7201.091073,24277.68895,0,2752.7932
,,,,,6431,8547.169576,7937.621603,6584.263333,22968.15982,0,2752.7932
,,,,,6432,7806.081431,7515.835005,6059.424946,21750.52408,0,2752.7932
,,,,,6433,7778.026876,7251.493491,5978.228349,21519.09969,0,2593.154
,,,,,6434,7690.257965,7172.865048,5840.274563,21218.75417,0,2459.1711
,,,,,6435,7601.649136,7172.865048,5826.455358,20851.70124,0,2459.1711
,,,,,6436,7568.607018,7172.865048,5826.455358,20851.70124,0,2459.1711
,,,,,6437,7981.515184,7182.991993,5838.487827,20851.70124,0,2459.1711
,,,,,6438,9226.090465,7623.415498,6673.754462,21353.10339,0,2459.1711
,,,,,6439,10016.03118,8247.125909,7172.841545,22067.29125,0,2593.154
,,,,,6440,9869.372407,8138.869409,7289.671433,21861.56459,0,2593.154
,,,,,6441,10215.72797,8082.56995,7772.18717,22680.00297,0,2593.154
,,,,,6442,10425.58683,8172.85168,8131.132243,23550.66846,0,2593.154
,,,,,6443,10972.39562,8566.258262,8861.549699,23895.6018,0,2593.154
,,,,,6444,10825.10743,8662.650676,8062.851425,23383.70465,0,2593.154
,,,,,6445,9998.671383,8259.990504,7921.964454,23052.88221,0,2459.1711
,,,,,6446,10114.48509,8069.49732,8098.733086,23487.63822,0,2459.1711
,,,,,6447,10096.04177,8277.095789,8017.885973,23538.98625,0,2459.1711
,,,,,6448,10310.93823,8263.077642,8212.967881,23655.21885,0,2593.154
,,,,,6449,11668.18243,8439.640713,8383.580447,23573.91192,0,2750.7289
,,,,,6450,11159.45248,8984.493322,8229.197536,23038.97771,0,2750.7289
,,,,,6451,10440.53128,8855.270352,7877.835889,22789.71802,0,2750.7289
,,,,,6452,10737.50707,8730.775086,8174.074127,23112.52473,0,2750.7289
,,,,,6453,10317.92361,8595.786276,7963.31467,23251.09074,0,2750.7289
,,,,,6454,9542.579814,8507.762935,7515.829498,24392.43985,0,2750.7289
,,,,,6455,8750.845826,7958.458423,6872.137331,23217.49841,0,2750.7289
,,,,,6456,7992.139121,7567.418424,6324.440889,22150.69756,0,2750.7289
,,,,,6457,7835.017028,7199.130149,6047.305753,21477.6957,0,2538.0077
,,,,,6458,7746.606681,7126.631993,5907.764716,21161.30099,0,2420.146
,,,,,6459,7657.350278,7126.631993,5902.820423,20769.79039,0,2420.146
,,,,,6460,7651.60812,7126.631993,5902.820423,20769.79039,0,2420.146
,,,,,6461,8039.992476,7134.976482,5905.957423,20769.79039,0,2420.146
,,,,,6462,9293.663402,7547.446051,6750.834358,21302.82927,0,2420.146
,,,,,6463,10089.37719,8131.5692,7255.663772,22055.18027,0,2538.0077
,,,,,6464,9941.646597,8030.183803,7373.837866,21838.46047,0,2538.0077
,,,,,6465,10290.5334,7977.457703,7861.905268,22700.6327,0,2538.0077
,,,,,6466,10501.92596,8062.009199,8224.980244,23617.82284,0,2538.0077
,,,,,6467,11052.73096,8430.446037,8945.290446,23981.18794,0,2538.0077
,,,,,6468,10904.36636,8520.720368,8155.91381,23441.93719,0,2538.0077
,,,,,6469,10071.89052,8143.617271,8013.405841,23093.43701,0,2420.146
,,,,,6470,10188.55062,7965.2148,8192.208314,23551.42453,0,2420.146
,,,,,6471,10169.97251,8159.636874,8110.431001,23605.51638,0,2420.146
,,,,,6472,10386.43949,8146.508467,8307.757456,23727.95996,0,2538.0077
,,,,,6473,11731.94034,8311.864978,8480.333033,23642.30832,0,2678.4784
,,,,,6474,11241.15487,8825.848432,8324.173844,23078.78952,0,2678.4784
,,,,,6475,10516.97963,8701.114361,7968.769547,22816.21046,0,2678.4784
,,,,,6476,10816.12579,8584.520882,8268.416203,23156.26657,0,2678.4784
,,,,,6477,10393.47591,8458.099891,8055.231818,23302.23697,0,2678.4784
,,,,,6478,9612.465728,8375.663443,7602.59803,24485.68891,0,2678.4784
,,,,,6479,8814.945564,7861.223607,6951.499755,23266.8496,0,2678.4784
,,,,,6480,8050.694055,7495.003143,6397.5017,22143.04347,0,2678.4784
,,,,,6481,7815.304909,7088.875448,6019.575266,21579.70082,0,2494.9523
,,,,,6482,7727.116425,7005.518041,5881.425993,21263.80957,0,2373.2569
,,,,,6483,7681.592314,7005.518041,5881.425993,20873.06618,0,2373.2569
,,,,,6484,7681.592314,7005.518041,5881.425993,20873.06618,0,2373.2569
,,,,,6485,8019.765975,7017.019991,5881.425993,20873.06618,0,2373.2569
,,,,,6486,9270.290841,7479.00744,6719.891344,21405.11264,0,2373.2569
,,,,,6487,10064.0078,8133.25586,7222.415552,22156.26649,0,2494.9523
,,,,,6488,9916.647937,8019.698923,7340.050027,21939.89153,0,2494.9523
,,,,,6489,10264.65922,7960.642939,7825.888764,22800.69186,0,2494.9523
,,,,,6490,10475.52129,8055.345028,8187.305829,23716.42255,0,2494.9523
,,,,,6491,11024.94405,8468.01352,8896.707231,24079.20946,0,2494.9523
,,,,,6492,10876.95177,8569.125483,8118.554773,23540.81678,0,2494.9523
,,,,,6493,10046.56502,8146.750329,7976.697538,23192.87114,0,2373.2569
,,,,,6494,10162.93236,7946.930248,8154.683545,23650.1299,0,2373.2569
,,,,,6495,10144.40087,8164.69312,8073.279652,23704.13567,0,2373.2569
,,,,,6496,10360.32463,8149.98862,8269.705055,23826.38442,0,2494.9523
,,,,,6497,11640.6775,8335.196543,8441.492599,23740.86907,0,2639.355
,,,,,6498,11212.89512,8903.861925,8286.04648,23178.24695,0,2639.355
,,,,,6499,10490.53719,8771.176173,7932.265068,22916.08571,0,2639.355
,,,,,6500,10788.93264,8640.58539,8230.543446,23255.60072,0,2639.355
,,,,,6501,10367.3434,8498.98728,8018.332526,23401.33884,0,2639.355
,,,,,6502,9588.293139,8406.654154,7567.765602,24583.47005,0,2639.355
,,,,,6503,8792.774335,7830.454683,6919.640441,23366.00779,0,2639.355
,,,,,6504,8030.440699,7420.268647,6368.17211,22243.98988,0,2639.355
,,,,,6505,7582.68365,7082.754984,5883.396723,21250.74208,0,2436.0706
,,,,,6506,7498.24619,6982.305636,5761.602665,20941.75298,0,2318.7987
,,,,,6507,7498.24619,6994.758625,5761.602665,20561.52792,0,2318.7987
,,,,,6508,7498.24619,6941.80426,5761.602665,20561.52792,0,2318.7987
,,,,,6509,7781.074539,7008.726915,5761.602665,20561.52792,0,2318.7987
,,,,,6510,8994.472982,7484.682956,6567.936763,21079.96861,0,2318.7987
,,,,,6511,9764.625539,8158.713146,7059.140595,21814.70994,0,2436.0706
,,,,,6512,9621.640595,8041.722716,7174.125115,21603.06272,0,2436.0706
,,,,,6513,9959.319884,7980.881123,7649.01935,22445.05478,0,2436.0706
,,,,,6514,10163.92174,8078.446613,8002.294763,23340.77698,0,2436.0706
,,,,,6515,10697.03287,8503.592495,8671.261194,23695.63708,0,2436.0706
,,,,,6516,10553.43429,8607.761667,7935.092465,23169.00815,0,2436.0706
,,,,,6517,9747.700608,8172.615632,7796.430851,22828.66503,0,2318.7987
,,,,,6518,9860.61316,7966.753818,7970.407362,23275.9328,0,2318.7987
,,,,,6519,9842.631844,8191.100939,7890.837257,23328.75856,0,2318.7987
,,,,,6520,10052.14512,8175.951835,8082.83778,23448.3362,0,2436.0706
,,,,,6521,11244.58631,8366.759682,8250.755461,23364.68935,0,2575.8532
,,,,,6522,10879.40392,9005.78606,8098.811082,22814.36038,0,2575.8532
,,,,,6523,10178.49184,8815.921534,7752.999312,22557.9273,0,2575.8532
,,,,,6524,10468.02833,8681.382226,8044.558365,22890.02399,0,2575.8532
,,,,,6525,10058.9555,8535.502774,7837.127926,23032.57777,0,2575.8532
,,,,,6526,9303.034215,8440.377876,7396.710936,24196.60214,0,2575.8532
,,,,,6527,8531.133308,7846.756512,6763.186107,22998.01869,0,2575.8532
,,,,,6528,7791.432345,7424.168144,6224.140717,21900.51659,0,2575.8532
,,,,,6529,7350.018975,7056.740604,5655.233932,20840.80215,0,2420.8341
,,,,,6530,7268.930101,6956.659955,5542.445301,20533.56474,0,2299.6302
,,,,,6531,7268.930101,6969.067235,5542.445301,20156.00912,0,2299.6302
,,,,,6532,7268.930101,6889.824278,5542.445301,20156.00912,0,2299.6302
,,,,,6533,7542.338553,6982.984255,5542.445301,20156.00912,0,2299.6302
,,,,,6534,8718.603645,7457.193303,6313.341725,20670.99682,0,2299.6302
,,,,,6535,9465.1874,8128.749471,6785.57863,21401.57282,0,2420.8341
,,,,,6536,9326.578192,8012.188454,6896.123235,21191.12545,0,2420.8341
,,,,,6537,9653.92356,7951.570179,7352.680308,22028.34416,0,2420.8341
,,,,,6538,9852.264036,8048.777555,7692.314644,22918.98842,0,2420.8341
,,,,,6539,10369.06049,8472.362943,8344.238814,23271.83678,0,2420.8341
,,,,,6540,10229.85642,8576.149763,7627.707238,22748.19336,0,2420.8341
,,,,,6541,9448.78042,8142.600928,7494.399787,22409.77969,0,2299.6302
,,,,,6542,9558.237535,7937.494728,7661.658516,22854.51185,0,2299.6302
,,,,,6543,9540.806497,8161.018385,7585.160864,22907.03813,0,2299.6302
,,,,,6544,9743.908084,8145.924886,7769.747641,23025.93788,0,2420.8341
,,,,,6545,10910.91236,8336.032373,7931.181492,22942.76522,0,2561.5014
,,,,,6546,10545.85048,8993.810385,7785.104163,22395.55613,0,2561.5014
,,,,,6547,9866.388244,8783.545581,7452.645276,22140.57679,0,2561.5014
,,,,,6548,10147.06411,8649.500098,7732.946315,22470.79079,0,2561.5014
,,,,,6549,9750.510054,8504.156095,7533.525419,22612.53642,0,2561.5014
,,,,,6550,9017.72205,8409.380353,7110.114316,23771.96547,0,2561.5014
,,,,,6551,8269.443447,7817.937872,6501.051876,22578.17326,0,2561.5014
,,,,,6552,7552.379382,7396.90061,5982.820728,21486.89302,0,2561.5014
,,,,,6553,7374.250683,6673.901893,5244.071685,19673.09658,0,2297.6642
,,,,,6554,7322.674442,6579.249588,5122.994229,19352.36294,0,2181.3753
,,,,,6555,7322.674442,6590.983901,5088.072343,18940.07903,0,2181.3753
,,,,,6556,7322.674442,6566.30918,5088.072343,18940.07903,0,2181.3753
,,,,,6557,7557.153734,6604.146066,5121.426071,18940.07903,0,2181.3753
,,,,,6558,8675.825457,7052.634159,5854.511851,19495.83209,0,2181.3753
,,,,,6559,9385.854295,7687.765324,6292.544006,20258.50058,0,2297.6642
,,,,,6560,9254.031798,7577.526541,6395.081718,20038.80875,0,2297.6642
,,,,,6561,9565.349382,7520.196183,6818.569753,20912.80452,0,2297.6642
,,,,,6562,9753.97853,7612.13106,7133.60392,21842.57269,0,2297.6642
,,,,,6563,10245.47112,8012.741305,7864.898573,22210.92085,0,2297.6642
,,,,,6564,10113.08289,8110.898759,7073.676115,21664.27501,0,2297.6642
,,,,,6565,9370.250648,7700.865482,6950.0243,21310.99561,0,2181.3753
,,,,,6566,9474.348425,7506.88418,7105.168257,21775.26382,0,2181.3753
,,,,,6567,9457.770861,7718.283981,7034.211431,21830.09746,0,2181.3753
,,,,,6568,9650.928001,7704.009149,7205.428342,21954.22019,0,2297.6642
,,,,,6569,10782.09288,7883.805264,7355.169323,21867.39396,0,2432.5318
,,,,,6570,10413.60496,8468.352669,7219.672571,21296.14725,0,2432.5318
,,,,,6571,9767.411176,8307.045491,6911.294124,21029.96727,0,2432.5318
,,,,,6572,10034.34434,8180.270594,7171.292585,21374.6868,0,2432.5318
,,,,,6573,9657.20672,8042.810006,6986.316011,21522.65898,0,2432.5318
,,,,,6574,8960.298153,7953.174871,6593.573139,22764.54265,0,2432.5318
,,,,,6575,8248.657452,7393.812051,6028.625906,21486.78632,0,2432.5318
,,,,,6576,7566.702933,6995.611724,5547.930932,20347.5687,0,2432.5318
,,,,,6577,7266.960904,6696.163457,5174.323977,19879.58655,0,2318.1106
,,,,,6578,7196.238353,6601.195641,5054.849174,19564.13989,0,2203.3945
,,,,,6579,7196.238353,6612.969069,5008.254686,19175.81687,0,2203.3945
,,,,,6580,7196.238353,6571.540234,5008.254686,19175.81687,0,2203.3945
,,,,,6581,7457.180646,6626.175108,5053.301772,19175.81687,0,2203.3945
,,,,,6582,8620.60272,7076.158174,5776.683997,19705.24409,0,2203.3945
,,,,,6583,9359.034922,7713.40646,6208.9181,20455.34074,0,2318.1106
,,,,,6584,9221.939114,7602.800212,6310.098562,20239.27032,0,2318.1106
,,,,,6585,9545.710371,7545.278751,6727.981059,21098.85913,0,2318.1106
,,,,,6586,9741.885272,7637.52008,7038.845249,22013.30099,0,2318.1106
,,,,,6587,10253.0391,8039.465704,7784.054819,22375.5773,0,2318.1106
,,,,,6588,10115.35492,8137.950352,6979.710683,21837.94237,0,2318.1106
,,,,,6589,9342.807081,7726.550286,6857.695597,21490.48644,0,2203.3945
,,,,,6590,9451.069092,7531.922374,7010.785976,21947.10164,0,2203.3945
,,,,,6591,9433.828374,7744.026848,6940.768377,22001.0314,0,2203.3945
,,,,,6592,9634.712401,7729.704432,7109.71896,22123.10809,0,2318.1106
,,,,,6593,10827.35046,7910.099873,7257.477881,22037.7131,0,2451.2088
,,,,,6594,10427.89881,8509.32056,7123.774644,21475.88283,0,2451.2088
,,,,,6595,9755.855265,8334.750912,6819.478076,21214.09056,0,2451.2088
,,,,,6596,10033.46658,8207.553429,7076.035044,21553.12773,0,2451.2088
,,,,,6597,9641.242288,8069.634635,6893.506929,21698.66074,0,2451.2088
,,,,,6598,8916.455209,7979.700714,6505.962634,22886.42071,0,2451.2088
,,,,,6599,8176.346666,7418.473335,5948.493375,21663.37941,0,2451.2088
,,,,,6600,7467.111844,7018.945662,5474.161163,20542.94066,0,2451.2088
,,,,,6601,7280.22799,6800.086603,5257.396463,20219.0589,0,2388.0019
,,,,,6602,7198.032774,6703.645897,5136.012832,19908.51018,0,2269.5504
,,,,,6603,7145.919729,6715.601924,5068.7221,19527.65123,0,2269.5504
,,,,,6604,7145.919729,6630.482745,5068.7221,19527.65123,0,2269.5504
,,,,,6605,7470.793933,6729.01278,5134.440707,19527.65123,0,2269.5504
,,,,,6606,8636.333438,7185.974793,5869.38028,20047.42346,0,2269.5504
,,,,,6607,9376.109588,7833.106389,6308.520109,20785.87336,0,2388.0019
,,,,,6608,9238.764265,7720.784709,6411.317114,20573.15786,0,2388.0019
,,,,,6609,9563.124786,7662.371128,6835.876044,21419.39983,0,2388.0019
,,,,,6610,9759.656726,7756.043061,7151.706854,22319.64315,0,2388.0019
,,,,,6611,10271.74085,8164.222602,7927.676343,22676.2944,0,2388.0019
,,,,,6612,10133.80609,8264.234683,7091.627507,22147.00733,0,2388.0019
,,,,,6613,9359.852212,7846.454067,6967.663007,21804.94634,0,2269.5504
,,,,,6614,9468.31126,7648.807602,7123.199284,22254.47168,0,2269.5504
,,,,,6615,9451.039164,7864.201679,7052.063027,22307.56407,0,2269.5504
,,,,,6616,9652.288801,7849.657132,7223.712902,22427.74528,0,2388.0019
,,,,,6617,10939.96782,8032.85039,7373.832541,22343.67622,0,2525.4253
,,,,,6618,10446.91881,8673.550505,7237.993151,21790.56949,0,2525.4253
,,,,,6619,9773.652145,8464.087493,6928.834892,21532.84207,0,2525.4253
,,,,,6620,10051.76872,8334.917259,7189.490825,21866.61501,0,2525.4253
,,,,,6621,9658.830572,8194.859433,7004.046491,22009.88832,0,2525.4253
,,,,,6622,8932.724379,8103.530695,6610.31047,23184.79922,0,2525.4253
,,,,,6623,8191.268836,7533.599042,6043.934626,21975.1548,0,2525.4253
,,,,,6624,7480.743205,7127.874952,5562.024093,20872.11311,0,2525.4253
,,,,,6625,7382.70664,6961.465675,5376.874997,20454.29168,0,2399.3064
,,,,,6626,7299.358007,6862.737764,5252.746006,20126.6693,0,2288.9155
,,,,,6627,7215.211757,6874.977342,5207.831181,19719.79145,0,2288.9155
,,,,,6628,7178.148492,6829.380348,5207.831181,19719.79145,0,2288.9155
,,,,,6629,7575.946731,6888.706252,5251.138325,19719.79145,0,2288.9155
,,,,,6630,8757.841859,7356.505659,6002.700187,20273.21989,0,2288.9155
,,,,,6631,9507.999039,8018.984745,6451.772139,21052.26903,0,2399.3064
,,,,,6632,9368.726395,7903.999224,6556.894125,20827.85865,0,2399.3064
,,,,,6633,9697.638559,7844.200295,6991.055398,21720.62616,0,2399.3064
,,,,,6634,9896.928365,7940.093769,7314.029424,22670.36397,0,2399.3064
,,,,,6635,10416.19839,8357.953769,8062.905688,23046.62354,0,2399.3064
,,,,,6636,10276.32804,8460.337755,7252.591248,22488.23679,0,2399.3064
,,,,,6637,9491.513528,8032.648979,7125.823016,22127.36964,0,2288.9155
,,,,,6638,9601.494546,7830.315094,7284.877092,22601.60943,0,2288.9155
,,,,,6639,9583.980076,8050.817496,7212.131929,22657.62079,0,2288.9155
,,,,,6640,9788.053781,8035.928008,7387.664048,22784.40944,0,2399.3064
,,,,,6641,11154.76424,8223.46591,7541.178976,22695.71835,0,2528.1777
,,,,,6642,10593.83457,8844.54543,7402.267277,22112.20236,0,2528.1777
,,,,,6643,9911.120177,8664.930311,7086.116717,21840.30534,0,2528.1777
,,,,,6644,10193.13947,8532.696652,7352.667963,22192.42878,0,2528.1777
,,,,,6645,9794.687351,8389.31719,7163.029393,22343.57912,0,2528.1777
,,,,,6646,9058.391954,8295.822482,6760.388158,23563.28043,0,2528.1777
,,,,,6647,8306.531816,7712.374227,6181.202467,22306.93599,0,2528.1777
,,,,,6648,7586.035618,7297.027912,5688.392458,21143.25017,0,2528.1777
,,,,,6649,7534.140217,7013.78225,5438.752416,20606.7896,0,2385.9376
,,,,,6650,7449.087168,6935.361162,5313.201614,20270.85434,0,2283.0175
,,,,,6651,7363.220192,6935.361162,5231.235138,19840.15487,0,2283.0175
,,,,,6652,7265.915198,6935.361162,5237.17437,19840.15487,0,2283.0175
,,,,,6653,7731.331918,6945.892166,5311.575518,19840.15487,0,2283.0175
,,,,,6654,8937.39589,7382.384645,6071.745993,20421.12341,0,2283.0175
,,,,,6655,9702.893206,8000.528094,6525.961748,21219.93966,0,2385.9376
,,,,,6656,9560.772544,7893.237843,6632.287833,20989.83522,0,2385.9376
,,,,,6657,9896.410708,7837.440888,7071.422118,21905.25526,0,2385.9376
,,,,,6658,10099.77584,7926.916803,7398.095584,22879.0911,0,2385.9376
,,,,,6659,10629.66454,8316.812012,8195.418801,23264.89765,0,2385.9376
,,,,,6660,10486.93394,8412.34407,7335.953677,22692.34275,0,2385.9376
,,,,,6661,9686.070579,8013.277864,7207.733404,22322.31918,0,2283.0175
,,,,,6662,9798.300624,7824.484938,7368.609332,22808.59203,0,2283.0175
,,,,,6663,9780.427997,8030.230475,7295.030925,22866.02459,0,2283.0175
,,,,,6664,9988.674852,8016.337449,7472.573641,22996.03029,0,2385.9376
,,,,,6665,11414.09627,8191.324596,7627.846974,22905.08881,0,2506.7483
,,,,,6666,10810.93324,8729.703252,7487.344139,22306.76706,0,2506.7483
,,,,,6667,10114.25786,8603.244508,7167.572298,22027.9711,0,2506.7483
,,,,,6668,10402.04423,8479.860432,7437.1767,22389.0291,0,2506.7483
,,,,,6669,9995.444073,8346.076472,7245.365954,22544.01463,0,2506.7483
,,,,,6670,9244.092003,8258.838789,6838.112747,23813.75382,0,2506.7483
,,,,,6671,8476.856905,7714.437126,6252.292891,22506.44174,0,2506.7483
,,,,,6672,7741.627115,7326.887376,5753.83809,21313.22929,0,2506.7483
,,,,,6673,7742.218934,6840.730765,5561.623894,20818.81152,0,2347.3057
,,,,,6674,7654.823917,6757.464717,5433.24977,20479.42429,0,2245.172
,,,,,6675,7566.592562,6757.464717,5325.46027,20029.29047,0,2245.172
,,,,,6676,7377.002549,6757.464717,5355.512863,20029.29047,0,2245.172
,,,,,6677,7944.840383,6769.404453,5431.587107,20029.29047,0,2245.172
,,,,,6678,9184.113781,7227.989816,6208.85191,20631.23748,0,2245.172
,,,,,6679,9970.689354,7877.420335,6673.281839,21438.26211,0,2347.3057
,,,,,6680,9824.655346,7764.699634,6781.998931,21205.7932,0,2347.3057
,,,,,6681,10169.53543,7706.07854,7231.008245,22130.61981,0,2347.3057
,,,,,6682,10378.5003,7800.083241,7565.027779,23114.46249,0,2347.3057
,,,,,6683,10922.97968,8209.712832,8384.796819,23504.23347,0,2347.3057
,,,,,6684,10776.31895,8310.080204,7501.488456,22925.79517,0,2347.3057
,,,,,6685,9953.40351,7890.81543,7370.384831,22551.96935,0,2245.172
,,,,,6686,10068.72385,7692.46683,7534.878455,23043.23899,0,2245.172
,,,,,6687,10050.35909,7908.62609,7459.645454,23101.26171,0,2245.172
,,,,,6688,10264.34011,7894.029874,7641.180661,23232.60331,0,2347.3057
,,,,,6689,11776.87319,8077.873922,7799.945702,23140.72734,0,2467.33
,,,,,6690,11109.23968,8640.649453,7656.28331,22536.25742,0,2467.33
,,,,,6691,10393.38109,8510.642988,7329.320602,22254.59664,0,2467.33
,,,,,6692,10689.09176,8381.013879,7604.987731,22619.36476,0,2467.33
,,,,,6693,10271.29572,8240.4585,7408.863642,22775.94287,0,2467.33
,,,,,6694,9499.254887,8148.805318,6992.452332,24090.61278,0,2467.33
,,,,,6695,8710.893681,7576.848993,6393.458855,22737.98389,0,2467.33
,,,,,6696,7955.419062,7169.683576,5883.795055,21532.51036,0,2467.33
,,,,,6697,7956.37053,6613.333317,5723.658465,21126.61418,0,2344.8482
,,,,,6698,7866.565194,6519.539442,5591.561134,20782.21557,0,2243.8941
,,,,,6699,7775.900454,6531.167333,5479.228478,20332.84513,0,2243.8941
,,,,,6700,7463.027386,6445.348477,5511.56964,20332.84513,0,2243.8941
,,,,,6701,8164.580197,6544.210127,5589.850249,20332.84513,0,2243.8941
,,,,,6702,9438.032254,6988.630744,6389.657893,20936.27043,0,2243.8941
,,,,,6703,10246.30126,7618.001709,6867.557582,21755.21158,0,2344.8482
,,,,,6704,10096.2397,7508.762715,6979.427772,21519.31003,0,2344.8482
,,,,,6705,10450.63144,7451.952304,7441.459605,22457.79263,0,2344.8482
,,,,,6706,10665.35947,7543.053396,7785.166634,23456.16273,0,2344.8482
,,,,,6707,11224.85537,7940.030383,8614.356471,23851.68906,0,2344.8482
,,,,,6708,11074.1498,8037.297617,7719.784494,23264.70955,0,2344.8482
,,,,,6709,10228.53868,7630.983058,7584.878499,22885.36382,0,2243.8941
,,,,,6710,10347.03951,7438.761032,7754.142896,23383.88755,0,2243.8941
,,,,,6711,10328.16826,7648.243584,7676.727929,23442.76703,0,2243.8941
,,,,,6712,10548.05078,7634.098214,7863.528161,23576.04802,0,2344.8482
,,,,,6713,12169.40472,7812.263703,8026.89783,23482.81541,0,2463.6929
,,,,,6714,11416.25235,8440.420815,7879.06883,22869.41988,0,2463.6929
,,,,,6715,10680.65066,8231.665435,7542.623293,22583.6001,0,2463.6929
,,,,,6716,10984.51692,8106.040298,7826.285536,22953.75439,0,2463.6929
,,,,,6717,10555.19823,7969.826382,7624.473303,23112.64453,0,2463.6929
,,,,,6718,9761.864824,7881.004176,7195.984906,24419.19927,0,2463.6929
,,,,,6719,8951.760935,7326.714389,6579.618953,23074.12505,0,2463.6929
,,,,,6720,8175.450632,6932.125462,6055.173485,21850.8515,0,2463.6929
,,,,,6721,8220.561914,6593.63585,5876.972021,21431.56655,0,2343.1771
,,,,,6722,8127.783051,6500.121146,5741.351873,21082.20295,0,2241.24
,,,,,6723,8034.116328,6511.714427,5598.097286,20616.70089,0,2241.24
,,,,,6724,7794.449262,6405.991045,5659.22714,20616.70089,0,2241.24
,,,,,6725,8435.66557,6524.7184,5739.595362,20616.70089,0,2241.24
,,,,,6726,9751.282651,6967.816236,6560.732548,21238.47873,0,2241.24
,,,,,6727,10586.3141,7595.31393,7051.377027,22069.22606,0,2343.1771
,,,,,6728,10431.28387,7486.400077,7166.23061,21829.92366,0,2343.1771
,,,,,6729,10797.40981,7429.758758,7640.584065,22781.93578,0,2343.1771
,,,,,6730,11019.24766,7520.588695,7993.457189,23794.69877,0,2343.1771
,,,,,6731,11597.26893,7916.384113,8849.765748,24195.92717,0,2343.1771
,,,,,6732,11441.57336,8013.361839,7926.331416,23600.48553,0,2343.1771
,,,,,6733,10567.96338,7608.256641,7787.827703,23215.671,0,2241.24
,,,,,6734,10690.38787,7416.606748,7961.6061,23721.38164,0,2241.24
,,,,,6735,10670.89178,7625.465792,7882.126604,23781.10995,0,2241.24
,,,,,6736,10898.05479,7611.362525,8073.908488,23916.31238,0,2343.1771
,,,,,6737,12501.09575,7788.99772,8241.634955,23821.73569,0,2463.0048
,,,,,6738,11795.00321,8431.352676,8089.863601,23199.49722,0,2463.0048
,,,,,6739,11035.04516,8207.151137,7744.44562,22909.55694,0,2463.0048
,,,,,6740,11348.97267,8081.899913,8035.672664,23285.04752,0,2463.0048
,,,,,6741,10905.43889,7946.091427,7828.478434,23446.22829,0,2463.0048
,,,,,6742,10085.83758,7857.533592,7388.562963,24787.48756,0,2463.0048
,,,,,6743,9248.910497,7304.893603,6755.759554,23407.15349,0,2463.0048
,,,,,6744,8446.895934,6911.479137,6217.327996,22166.24475,0,2463.0048
,,,,,6745,8435.51636,6640.744643,6022.710079,21625.57167,0,2339.8349
,,,,,6746,8340.318141,6546.562271,5883.741184,21273.04944,0,2235.9318
,,,,,6747,8244.20891,6558.238325,5750.574609,20817.2454,0,2235.9318
,,,,,6748,8057.655311,6497.157556,5799.588618,20817.2454,0,2235.9318
,,,,,6749,8656.229184,6571.335142,5881.941301,20817.2454,0,2235.9318
,,,,,6750,10006.15306,7017.596564,6723.354098,21430.73812,0,2235.9318
,,,,,6751,10862.95927,7649.574404,7226.113625,22268.99632,0,2339.8349
,,,,,6752,10703.88639,7539.882939,7343.803185,22027.53036,0,2339.8349
,,,,,6753,11079.55963,7482.837217,7829.869429,22988.14973,0,2339.8349
,,,,,6754,11307.18226,7574.315653,8191.455735,24010.06921,0,2339.8349
,,,,,6755,11900.27634,7972.936932,9046.545277,24414.92515,0,2339.8349
,,,,,6756,11740.52077,8070.60705,8122.672486,23814.10007,0,2339.8349
,,,,,6757,10844.13003,7662.609522,7980.748823,23425.80639,0,2235.9318
,,,,,6758,10969.74693,7469.591306,8158.818175,23936.08921,0,2235.9318
,,,,,6759,10949.74245,7679.941541,8077.376163,23996.35753,0,2235.9318
,,,,,6760,11182.82909,7665.737581,8273.893547,24132.78234,0,2339.8349
,,,,,6761,12775.33722,7844.641038,8445.761535,24037.35057,0,2461.8252
,,,,,6762,12103.16686,8455.35796,8290.242625,23409.48638,0,2461.8252
,,,,,6763,11323.3917,8265.779945,7936.295545,23116.92472,0,2461.8252
,,,,,6764,11645.50537,8139.634465,8234.7136,23495.81015,0,2461.8252
,,,,,6765,11190.40575,8002.856347,8022.403307,23658.44817,0,2461.8252
,,,,,6766,10349.43203,7913.666236,7571.625394,24971.26397,0,2461.8252
,,,,,6767,9490.680757,7357.080563,6923.196732,23619.02009,0,2461.8252
,,,,,6768,8667.752397,6960.857236,6371.470163,22366.89217,0,2461.8252
,,,,,6769,8558.923868,6671.076644,6113.220847,21819.30871,0,2339.54
,,,,,6770,8462.336674,6576.464381,5972.172208,21467.13026,0,2233.2777
,,,,,6771,8364.825174,6588.19373,5850.276536,21022.83089,0,2233.2777
,,,,,6772,8279.6135,6514.075927,5886.760254,21022.83089,0,2233.2777
,,,,,6773,8782.856972,6601.350327,5970.345389,21022.83089,0,2233.2777
,,,,,6774,10152.47672,7049.648691,6824.350374,21624.66516,0,2233.2777
,,,,,6775,11021.78405,7684.511168,7334.633964,22462.10589,0,2339.54
,,,,,6776,10860.39023,7574.31902,7454.084811,22220.87541,0,2339.54
,,,,,6777,11241.54469,7517.012916,7947.425293,23180.55798,0,2339.54
,,,,,6778,11472.4884,7608.908901,8314.42293,24201.48089,0,2339.54
,,,,,6779,12074.23595,8009.349671,9165.332487,24605.94201,0,2339.54
,,,,,6780,11912.14949,8107.4656,8244.610303,24005.70285,0,2339.54
,,,,,6781,11002.68008,7697.605784,8100.562677,23617.78784,0,2233.2777
,,,,,6782,11130.12978,7503.706544,8281.296932,24127.57304,0,2233.2777
,,,,,6783,11109.83342,7715.016915,8198.636097,24187.78258,0,2233.2777
,,,,,6784,11346.32088,7700.748121,8398.094468,24324.07434,0,2339.54
,,,,,6785,12884.80592,7880.468175,8572.534551,24228.73564,0,2463.9878
,,,,,6786,12280.08671,8503.514858,8414.688218,23601.48374,0,2463.9878
,,,,,6787,11488.93435,8303.529354,8055.444133,23309.20739,0,2463.9878
,,,,,6788,11815.74777,8176.808088,8358.328172,23687.72333,0,2463.9878
,,,,,6789,11354.00809,8039.405652,8142.840543,23850.20274,0,2463.9878
,,,,,6790,10500.76426,7949.808436,7685.3165,25134.32356,0,2463.9878
,,,,,6791,9629.483494,7390.68225,7027.183759,23810.81312,0,2463.9878
,,,,,6792,8794.548313,6992.650378,6467.20031,22559.90627,0,2463.9878
,,,,,6793,8572.072406,6686.79114,6109.087568,21882.22557,0,2355.3663
,,,,,6794,8475.337222,6591.956157,5968.133904,21538.64743,0,2249.2023
,,,,,6795,8377.676317,6603.713118,5891.052191,21107.45425,0,2249.2023
,,,,,6796,8354.735251,6463.314484,5891.052191,21107.45425,0,2249.2023
,,,,,6797,8796.348616,6616.900685,5966.308314,21107.45425,0,2249.2023
,,,,,6798,10168.06688,7066.254355,6819.738263,21692.33528,0,2249.2023
,,,,,6799,11038.70614,7702.611314,7329.678258,22509.32543,0,2355.3663
,,,,,6800,10877.06504,7592.159771,7449.048674,22273.98588,0,2355.3663
,,,,,6801,11258.8035,7534.718767,7942.056969,23210.23269,0,2355.3663
,,,,,6802,11490.10106,7626.831077,8308.807492,24206.22433,0,2355.3663
,,,,,6803,12092.77059,8028.214494,9123.25157,24600.80839,0,2355.3663
,,,,,6804,11930.43578,8126.56139,8239.041872,24015.22726,0,2355.3663
,,,,,6805,11019.57291,7715.736754,8095.09124,23636.78526,0,2249.2023
,,,,,6806,11147.21788,7521.381071,8275.703799,24134.12133,0,2249.2023
,,,,,6807,11126.89042,7733.188872,8193.098623,24192.86054,0,2249.2023
,,,,,6808,11363.74023,7718.886489,8392.42269,24325.82401,0,2355.3663
,,,,,6809,12861.61383,7899.029608,8566.745315,24232.81352,0,2479.5192
,,,,,6810,12298.93676,8575.053424,8409.005267,23620.87931,0,2479.5192
,,,,,6811,11506.57221,8323.086683,8050.003076,23335.74045,0,2479.5192
,,,,,6812,11833.88636,8196.067112,8352.68317,23705.0129,0,2479.5192
,,,,,6813,11371.43921,8058.341227,8137.340638,23863.52452,0,2479.5192
,,,,,6814,10516.88806,7968.533098,7680.124665,25125.08359,0,2479.5192
,,,,,6815,9644.272327,7408.090715,7022.435072,23825.0968,0,2479.5192
,,,,,6816,8808.057871,7009.121866,6462.828682,22604.7375,0,2479.5192
,,,,,6817,8562.856296,6674.036775,6060.714076,21814.00272,0,2379.2532
,,,,,6818,8466.224841,6579.382558,5920.871931,21482.35519,0,2275.7433
,,,,,6819,8402.919147,6591.117108,5892.467851,21069.34331,0,2275.7433
,,,,,6820,8402.919147,6451.324687,5892.467851,21069.34331,0,2275.7433
,,,,,6821,8786.892015,6604.279539,5919.060737,21069.34331,0,2275.7433
,,,,,6822,10157.13938,7052.77669,6765.760789,21630.70629,0,2275.7433
,,,,,6823,11026.84506,7687.920682,7271.679548,22419.32681,0,2379.2532
,,,,,6824,10865.37729,7577.679672,7390.108643,22192.15932,0,2379.2532
,,,,,6825,11246.7064,7520.348157,7879.229221,23095.89535,0,2379.2532
,,,,,6826,11477.75595,7612.284891,8243.087657,24057.3016,0,2379.2532
,,,,,6827,12079.77924,8012.903226,8989.513444,24438.18389,0,2379.2532
,,,,,6828,11917.6185,8111.062663,8173.872189,23872.93682,0,2379.2532
,,,,,6829,11007.73234,7701.021104,8031.056708,23507.63606,0,2275.7433
,,,,,6830,11135.24044,7507.035885,8210.24501,23987.70235,0,2275.7433
,,,,,6831,11114.93478,7718.439956,8128.291234,24044.40186,0,2275.7433
,,,,,6832,11351.53061,7704.164835,8326.04349,24172.74823,0,2379.2532
,,,,,6833,12786.39042,7883.964581,8498.991459,24082.96749,0,2500.8503
,,,,,6834,12285.72433,8558.61991,8342.495302,23492.28244,0,2500.8503
,,,,,6835,11494.20943,8307.213356,7986.324096,23217.0449,0,2500.8503
,,,,,6836,11821.17261,8180.435899,8286.617345,23573.49452,0,2500.8503
,,,,,6837,11359.22134,8042.972535,8072.97294,23726.50189,0,2500.8503
,,,,,6838,10505.58652,7953.33559,7619.362437,24956.76265,0,2500.8503
,,,,,6839,9633.906497,7393.961472,6966.859191,23689.40856,0,2500.8503
,,,,,6840,8798.588714,6995.753103,6411.665692,22511.42573,0,2500.8503
,,,,,6841,8567.173232,6653.126918,6016.338642,21676.63391,0,2387.6087
,,,,,6842,8470.493189,6558.769054,5877.516149,21338.47503,0,2286.8512
,,,,,6843,8384.8527,6570.466864,5827.779601,20915.54037,0,2286.8512
,,,,,6844,8384.8527,6453.968655,5827.779601,20915.54037,0,2286.8512
,,,,,6845,8791.321601,6583.588085,5875.718162,20915.54037,0,2286.8512
,,,,,6846,10162.25795,7030.681037,6716.244541,21489.73876,0,2286.8512
,,,,,6847,11032.40093,7663.836457,7218.474418,22293.84254,0,2387.6087
,,,,,6848,10870.85197,7553.940601,7336.039993,22062.215,0,2387.6087
,,,,,6849,11252.37283,7496.788585,7821.594172,22983.69439,0,2387.6087
,,,,,6850,11483.53855,7588.437474,8182.799552,23963.97627,0,2387.6087
,,,,,6851,12085.86454,7987.801515,8957.102658,24352.33655,0,2387.6087
,,,,,6852,11923.62227,8085.653624,8114.088764,23775.99179,0,2387.6087
,,,,,6853,11013.2786,7676.895864,7972.314616,23403.51895,0,2286.8512
,,,,,6854,11140.85081,7483.517992,8150.196375,23893.01055,0,2286.8512
,,,,,6855,11120.53495,7694.260178,8068.840161,23950.82327,0,2286.8512
,,,,,6856,11357.24974,7680.029752,8265.150516,24081.6895,0,2387.6087
,,,,,6857,12822.80395,7859.266563,8436.837443,23990.14606,0,2506.2568
,,,,,6858,12291.91319,8514.224661,8281.482371,23387.86389,0,2506.2568
,,,,,6859,11500.0003,8281.190189,7927.90817,23107.22252,0,2506.2568
,,,,,6860,11827.12789,8154.80966,8226.011845,23470.67044,0,2506.2568
,,,,,6861,11364.94433,8017.776679,8013.925218,23626.68185,0,2506.2568
,,,,,6862,10510.8803,7928.420378,7563.622194,24874.02425,0,2506.2568
,,,,,6863,9638.761976,7370.797604,6915.876644,23588.86026,0,2506.2568
,,,,,6864,8803.02418,6973.835985,6364.731311,22387.74967,0,2506.2568
,,,,,6865,8616.834325,6660.362651,6012.829776,21708.6609,0,2377.4838
,,,,,6866,8519.595337,6565.902236,5874.087909,21359.78066,0,2279.0855
,,,,,6867,8421.425806,6577.61276,5769.119859,20920.50749,0,2279.0855
,,,,,6868,8352.873309,6486.912583,5790.072819,20920.50749,0,2279.0855
,,,,,6869,8842.278584,6590.748241,5872.290966,20920.50749,0,2279.0855
,,,,,6870,10221.14086,7038.327108,6712.329179,21515.84022,0,2279.0855
,,,,,6871,11096.31448,7672.170662,7214.267367,22345.43819,0,2377.4838
,,,,,6872,10933.83154,7562.155367,7331.764662,22106.46687,0,2377.4838
,,,,,6873,11317.55812,7504.941236,7817.036838,23057.16186,0,2377.4838
,,,,,6874,11550.0603,7596.689733,8178.032435,24068.52368,0,2377.4838
,,,,,6875,12155.86858,7996.487815,9013.45485,24469.19696,0,2377.4838
,,,,,6876,11992.68832,8094.446272,8109.361553,23874.57913,0,2377.4838
,,,,,6877,11077.0816,7685.244262,7967.669746,23490.297,0,2279.0855
,,,,,6878,11205.39136,7491.656221,8145.448193,23995.30798,0,2279.0855
,,,,,6879,11184.95804,7702.627448,8064.13923,24054.95366,0,2279.0855
,,,,,6880,11423.04137,7688.381556,8260.335571,24189.96902,0,2377.4838
,,,,,6881,12957.09746,7867.813168,8431.922784,24095.52318,0,2493.5761
,,,,,6882,12363.10848,8503.087271,8276.65794,23474.14559,0,2493.5761
,,,,,6883,11566.61723,8290.195354,7923.28909,23184.60646,0,2493.5761
,,,,,6884,11895.63607,8163.677469,8221.21963,23559.57753,0,2493.5761
,,,,,6885,11430.78045,8026.495557,8009.256181,23720.5353,0,2493.5761
,,,,,6886,10571.77873,7937.042141,7559.214686,24996.00373,0,2493.5761
,,,,,6887,9694.618347,7378.813325,6911.845338,23681.51457,0,2493.5761
,,,,,6888,8854.048821,6981.420275,6361.020103,22442.32266,0,2493.5761
,,,,,6889,8692.534737,6731.874076,6113.27708,21911.09486,0,2356.7425
,,,,,6890,8594.443725,6637.252821,5972.227149,21561.87191,0,2255.4935
,,,,,6891,8495.414018,6648.236312,5849.289659,21122.07649,0,2255.4935
,,,,,6892,8357.425664,6637.252821,5886.814413,21122.07649,0,2255.4935
,,,,,6893,8919.954374,6661.512731,5970.400313,21122.07649,0,2255.4935
,,,,,6894,10310.89846,7113.89394,6824.413122,21718.08477,0,2255.4935
,,,,,6895,11193.74049,7754.538381,7334.701387,22548.49766,0,2356.7425
,,,,,6896,11029.83385,7643.342667,7454.153328,22309.2916,0,2356.7425
,,,,,6897,11416.9227,7585.514651,7947.498329,23260.92046,0,2356.7425
,,,,,6898,11651.4621,7678.247572,8314.499329,24273.27574,0,2356.7425
,,,,,6899,12262.57857,8082.335327,9166.12347,24674.3426,0,2356.7425
,,,,,6900,12097.9685,8181.34484,8244.686062,24079.14068,0,2356.7425
,,,,,6901,11174.33908,7767.752255,8100.637116,23694.48107,0,2255.4935
,,,,,6902,11303.77311,7572.087092,8281.373027,24199.98812,0,2255.4935
,,,,,6903,11283.16075,7785.321957,8198.711435,24259.69239,0,2255.4935
,,,,,6904,11523.33021,7770.923211,8398.171632,24394.84038,0,2356.7425
,,,,,6905,13113.36239,7952.280052,8572.613314,24300.30177,0,2475.8821
,,,,,6906,12471.63433,8529.505779,8414.765535,23678.31379,0,2475.8821
,,,,,6907,11668.1641,8379.19423,8055.518159,23388.49025,0,2475.8821
,,,,,6908,12000.06585,8251.318859,8358.404972,23763.82965,0,2475.8821
,,,,,6909,11531.1371,8112.66504,8142.915369,23924.94554,0,2475.8821
,,,,,6910,10664.60867,8022.251825,7685.387135,25201.313,0,2475.8821
,,,,,6911,9779.762472,7458.033438,7027.248366,23885.88647,0,2475.8821
,,,,,6912,8931.827743,7056.376519,6467.259786,22645.4773,0,2475.8821
,,,,,6913,8767.697048,6773.490661,6290.08342,22023.39137,0,2359.0034
,,,,,6914,8668.76007,6688.309409,6144.970859,21679.81981,0,2256.2799
,,,,,6915,8568.8763,6689.336192,6010.50614,21248.63667,0,2256.2799
,,,,,6916,8452.812536,6688.309409,6057.097998,21248.63667,0,2256.2799
,,,,,6917,8997.078021,6702.694632,6143.091405,21248.63667,0,2256.2799
,,,,,6918,10400.01803,7157.870598,7021.702157,21833.50472,0,2256.2799
,,,,,6919,11290.47396,7802.472864,7546.688143,22650.47923,0,2359.0034
,,,,,6920,11125.15374,7690.590196,7669.580632,22415.14418,0,2359.0034
,,,,,6921,11515.58097,7632.404926,8177.135341,23351.37306,0,2359.0034
,,,,,6922,11752.14311,7725.710739,8554.70699,24347.34563,0,2359.0034
,,,,,6923,12368.53003,8132.2949,9421.103256,24741.92212,0,2359.0034
,,,,,6924,12202.50031,8231.916082,8482.882906,24156.35221,0,2359.0034
,,,,,6925,11270.90524,7815.768372,8334.684951,23777.91746,0,2256.2799
,,,,,6926,11401.45554,7618.894413,8520.626558,24275.24401,0,2256.2799
,,,,,6927,11380.66541,7833.446617,8435.584082,24333.98209,0,2256.2799
,,,,,6928,11622.90617,7818.958918,8640.789288,24466.94301,0,2359.0034
,,,,,6929,13206.98512,8001.43616,8820.255375,24373.9343,0,2479.7158
,,,,,6930,12579.38875,8565.909372,8657.861141,23762.01181,0,2479.7158
,,,,,6931,11768.98915,8430.987762,8288.266442,23476.87841,0,2479.7158
,,,,,6932,12103.75333,8302.322393,8599.877238,23846.14379,0,2479.7158
,,,,,6933,11630.78039,8162.811987,8378.180935,24004.65237,0,2479.7158
,,,,,6934,10756.77875,8071.840209,7907.474615,25266.19418,0,2479.7158
,,,,,6935,9864.301368,7504.136148,7230.379619,23966.22539,0,2479.7158
,,,,,6936,9009.053791,7099.997841,6654.261812,22745.88947,0,2479.7158
,,,,,6937,8818.047556,6822.881918,6367.363822,22054.08341,0,2360.5762
,,,,,6938,8718.543872,6742.944688,6220.475524,21708.80539,0,2258.7374
,,,,,6939,8618.087974,6742.944688,6134.470946,21275.02173,0,2258.7374
,,,,,6940,8590.785811,6742.944688,6134.470946,21275.02173,0,2258.7374
,,,,,6941,9048.742409,6753.916529,6218.573071,21275.02173,0,2258.7374
,,,,,6942,10459.71838,7197.322576,7107.935355,21863.25362,0,2258.7374
,,,,,6943,11355.27478,7825.256747,7639.345578,22684.28592,0,2360.5762
,,,,,6944,11189.00762,7716.267135,7763.741898,22447.782,0,2360.5762
,,,,,6945,11581.67119,7659.586417,8277.507538,23388.66098,0,2360.5762
,,,,,6946,11819.58834,7750.479533,8659.699519,24389.58038,0,2360.5762
,,,,,6947,12439.50589,8146.55026,9493.95612,24786.11668,0,2360.5762
,,,,,6948,12272.52517,8243.595442,8586.996527,24197.63833,0,2360.5762
,,,,,6949,11335.59397,7838.20846,8436.985078,23817.32396,0,2258.7374
,,,,,6950,11466.89206,7646.425259,8625.202046,24317.12065,0,2258.7374
,,,,,6951,11445.98285,7855.429582,8539.118908,24376.15047,0,2258.7374
,,,,,6952,11689.61114,7841.316505,8746.835204,24509.77179,0,2360.5762
,,,,,6953,13219.54177,8019.075259,8928.497411,24416.30112,0,2480.4039
,,,,,6954,12651.5724,8565.088475,8764.115965,23801.33931,0,2480.4039
,,,,,6955,11836.53088,8437.519535,8389.998547,23514.78969,0,2480.4039
,,,,,6956,12173.21256,8312.181189,8705.422514,23885.88916,0,2480.4039
,,,,,6957,11697.53046,8176.278237,8481.013321,24045.18502,0,2480.4039
,,,,,6958,10818.5226,8087.658803,8004.546983,25311.20351,0,2480.4039
,,,,,6959,9920.933159,7534.634408,7319.166397,24006.56718,0,2480.4039
,,,,,6960,9060.786775,7140.946291,6735.998654,22780.17004,0,2480.4039
,,,,,6961,8806.984975,6837.777249,6399.2475,21988.61732,0,2345.5363
,,,,,6962,8707.605803,6760.031301,6251.626583,21639.14694,0,2244.2873
,,,,,6963,8607.275608,6760.031301,6203.120561,21198.97446,0,2244.2873
,,,,,6964,8598.156728,6760.031301,6203.120561,21198.97446,0,2244.2873
,,,,,6965,9037.391154,6770.366,6249.714641,21198.97446,0,2244.2873
,,,,,6966,10446.60153,7203.779861,7143.512699,21795.47048,0,2244.2873
,,,,,6967,11341.0373,7817.563492,7677.573377,22626.47172,0,2345.5363
,,,,,6968,11174.97819,7711.029969,7802.590135,22387.09618,0,2345.5363
,,,,,6969,11567.15041,7655.626554,8318.918227,23339.39928,0,2345.5363
,,,,,6970,11804.76986,7744.471388,8703.016425,24352.47181,0,2345.5363
,,,,,6971,12423.91169,8131.616633,9486.911712,24753.82284,0,2345.5363
,,,,,6972,12257.13991,8226.474895,8629.95082,24158.19921,0,2345.5363
,,,,,6973,11321.38112,7830.223337,8479.191175,23773.26707,0,2244.2873
,,,,,6974,11452.51491,7642.761984,8668.346893,24279.13227,0,2244.2873
,,,,,6975,11431.63186,7847.05638,8581.834408,24338.87884,0,2244.2873
,,,,,6976,11674.9553,7833.261342,8790.586707,24474.12259,0,2345.5363
,,,,,6977,13191.264,8007.01429,8973.154971,24379.51699,0,2464.6759
,,,,,6978,12635.71283,8541.99327,8807.953657,23757.08834,0,2464.6759
,,,,,6979,11821.69119,8416.028897,8431.970295,23467.05945,0,2464.6759
,,,,,6980,12157.95158,8293.515059,8748.967467,23842.66478,0,2464.6759
,,,,,6981,11682.86471,8160.674689,8523.439013,24003.89482,0,2464.6759
,,,,,6982,10804.95677,8074.0523,8044.596257,25280.91138,0,2464.6759
,,,,,6983,9908.490509,7533.490347,7355.797274,23964.80808,0,2464.6759
,,,,,6984,9049.420449,7148.674019,6769.72093,22723.52007,0,2464.6759
,,,,,6985,8783.941288,6765.203833,6380.966118,21839.19486,0,2338.6553
,,,,,6986,8684.821477,6683.575447,6233.765268,21493.31116,0,2236.6199
,,,,,6987,8594.972375,6683.575447,6200.822128,21058.6045,0,2236.6199
,,,,,6988,8594.972375,6683.575447,6200.822128,21058.6045,0,2236.6199
,,,,,6989,9013.746149,6695.039013,6231.858767,21058.6045,0,2236.6199
,,,,,6990,10419.27875,7146.156685,7123.113452,21648.03032,0,2236.6199
,,,,,6991,11311.38021,7785.011755,7655.654419,22470.50283,0,2338.6553
,,,,,6992,11145.75448,7674.126619,7780.315432,22233.58405,0,2338.6553
,,,,,6993,11536.9032,7616.460122,8295.174271,23176.11347,0,2338.6553
,,,,,6994,11773.9025,7708.934033,8678.179487,24178.78865,0,2338.6553
,,,,,6995,12391.42849,8111.893138,9440.245512,24576.02053,0,2338.6553
,,,,,6996,12225.09195,8210.62611,8605.321796,23986.5099,0,2338.6553
,,,,,6997,11291.77532,7798.188722,8454.99115,23605.52839,0,2236.6199
,,,,,6998,11422.56688,7603.070068,8643.60861,24106.2018,0,2236.6199
,,,,,6999,11401.73833,7815.70935,8557.342303,24165.33518,0,2236.6199
,,,,,7000,11644.42674,7801.350822,8765.500581,24299.19089,0,2338.6553
,,,,,7001,13137.9931,7982.201119,8947.549333,24205.55625,0,2458.5813
,,,,,7002,12602.67687,8536.730179,8782.818112,23589.51571,0,2458.5813
,,,,,7003,11790.77968,8407.922891,8407.904641,23302.46344,0,2458.5813
,,,,,7004,12126.16248,8280.404687,8723.999772,23674.21387,0,2458.5813
,,,,,7005,11652.31551,8142.138139,8499.113077,23833.78916,0,2458.5813
,,,,,7006,10776.69875,8051.977454,8021.632906,25101.39655,0,2458.5813
,,,,,7007,9882.572095,7489.334974,7334.793955,23795.10358,0,2458.5813
,,,,,7008,9025.744049,7088.799915,6750.385337,22566.55515,0,2458.5813
,,,,,7009,8793.007257,6727.477836,6341.779449,21661.30628,0,2338.6553
,,,,,7010,8693.785406,6648.562996,6195.479024,21318.35843,0,2236.6199
,,,,,7011,8597.027937,6648.562996,6147.104907,20888.12578,0,2236.6199
,,,,,7012,8597.027937,6648.562996,6147.104907,20888.12578,0,2236.6199
,,,,,7013,9023.048692,6659.237565,6193.584185,20888.12578,0,2236.6199
,,,,,7014,10430.02822,7097.981541,7079.387078,21471.76434,0,2236.6199
,,,,,7015,11323.04806,7719.31347,7608.670499,22287.25573,0,2338.6553
,,,,,7016,11157.25183,7611.4698,7732.568962,22052.34791,0,2338.6553
,,,,,7017,11548.80322,7555.385036,8244.278418,22986.87717,0,2338.6553
,,,,,7018,11786.0465,7645.322482,8624.940796,23981.04167,0,2338.6553
,,,,,7019,12404.2082,8037.228831,9406.963354,24374.90186,0,2338.6553
,,,,,7020,12237.70043,8133.253658,8552.528775,23790.39498,0,2338.6553
,,,,,7021,11303.42299,7732.129006,8403.117699,23412.64723,0,2236.6199
,,,,,7022,11434.34919,7542.362257,8590.581389,23909.07094,0,2236.6199
,,,,,7023,11413.4992,7749.169061,8504.842771,23967.7024,0,2236.6199
,,,,,7024,11656.43744,7735.204373,8711.727748,24100.42194,0,2338.6553
,,,,,7025,13160.2936,7911.094131,8892.66291,24007.58207,0,2458.5813
,,,,,7026,12615.67405,8451.959085,8728.939348,23396.77046,0,2458.5813
,,,,,7027,11802.94105,8325.138791,8356.319217,23112.15468,0,2458.5813
,,,,,7028,12138.66912,8201.11828,8670.480799,23480.7497,0,2458.5813
,,,,,7029,11664.33433,8066.644242,8446.969733,23638.97053,0,2458.5813
,,,,,7030,10787.81617,7978.956573,7972.410301,24898.87612,0,2458.5813
,,,,,7031,9892.769054,7431.7468,7289.772734,23600.61331,0,2458.5813
,,,,,7032,9035.058943,7042.198008,6708.938936,22382.49276,0,2458.5813
,,,,,7033,8781.971875,6649.327245,6327.556649,21561.46838,0,2345.6346
,,,,,7034,8682.87423,6555.405194,6181.583034,21209.98983,0,2239.8638
,,,,,7035,8582.828257,6566.714368,6108.438086,20762.99749,0,2239.8638
,,,,,7036,8540.392489,6555.405194,6108.438086,20762.99749,0,2239.8638
,,,,,7037,9011.725345,6579.8281,6179.692428,20762.99749,0,2239.8638
,,,,,7038,10416.94362,7026.665885,7063.516592,21367.21166,0,2239.8638
,,,,,7039,11308.84558,7659.459949,7591.617687,22202.98811,0,2345.6346
,,,,,7040,11143.2569,7549.626813,7715.239383,21962.23704,0,2345.6346
,,,,,7041,11534.31814,7492.507415,8225.80577,22920.01239,0,2345.6346
,,,,,7042,11771.26445,7584.103998,8605.617815,23938.90639,0,2345.6346
,,,,,7043,12388.65233,7983.240111,9421.109483,24342.56371,0,2345.6346
,,,,,7044,12222.353,8081.036374,8533.367549,23743.51742,0,2345.6346
,,,,,7045,11289.24508,7672.511902,8384.290232,23356.37333,0,2239.8638
,,,,,7046,11420.00739,7479.244396,8571.335161,23865.14541,0,2239.8638
,,,,,7047,11399.1835,7689.866306,8485.788068,23925.2353,0,2239.8638
,,,,,7048,11641.81763,7675.644001,8692.2109,24061.2562,0,2345.6346
,,,,,7049,13177.72765,7854.778518,8872.741885,23966.10697,0,2469.5909
,,,,,7050,12599.85348,8426.842641,8709.384053,23340.10163,0,2469.5909
,,,,,7051,11788.13785,8276.461342,8337.596289,23048.40614,0,2469.5909
,,,,,7052,12123.44565,8150.152941,8651.05609,23426.16983,0,2469.5909
,,,,,7053,11649.70464,8013.198168,8428.044308,23588.32635,0,2469.5909
,,,,,7054,10774.28369,7923.892865,7954.544958,24880.1268,0,2469.5909
,,,,,7055,9880.356996,7366.58834,7273.432284,23549.01501,0,2469.5909
,,,,,7056,9023.720563,6969.853276,6693.895966,22300.59413,0,2469.5909
,,,,,7057,8825.38047,6673.552668,6393.454658,21611.4453,0,2345.6346
,,,,,7058,8725.794252,6578.905312,6245.966848,21259.15307,0,2239.8638
,,,,,7059,8625.255031,6590.639012,6163.907176,20770.78273,0,2239.8638
,,,,,7060,8584.135338,6501.712227,6163.907176,20770.78273,0,2239.8638
,,,,,7061,9056.266673,6603.800489,6244.056631,20770.78273,0,2239.8638
,,,,,7062,10468.41298,7052.26513,7137.048767,21416.73887,0,2239.8638
,,,,,7063,11364.7122,7687.363082,7670.627893,22254.45017,0,2345.6346
,,,,,7064,11198.30713,7577.130063,7795.531925,22013.14175,0,2345.6346
,,,,,7065,11591.29639,7519.802704,8311.394454,22973.13438,0,2345.6346
,,,,,7066,11829.41089,7611.732773,8695.146317,23994.38715,0,2345.6346
,,,,,7067,12449.84263,8012.32207,9524.774362,24398.97895,0,2345.6346
,,,,,7068,12282.7234,8110.474391,8622.146594,23798.54585,0,2345.6346
,,,,,7069,11345.01506,7700.462555,8471.522887,23410.50551,0,2239.8638
,,,,,7070,11476.42206,7506.491396,8660.508046,23920.45541,0,2239.8638
,,,,,7071,11455.4955,7717.880144,8574.073568,23980.68441,0,2239.8638
,,,,,7072,11699.32588,7703.606058,8782.637638,24117.02021,0,2345.6346
,,,,,7073,13239.48081,7883.392771,8965.041284,24021.6507,0,2469.5909
,,,,,7074,12662.08504,8518.203468,8799.988929,23394.19614,0,2469.5909
,,,,,7075,11846.36748,8306.610866,8424.344584,23101.82536,0,2469.5909
,,,,,7076,12183.32842,8179.842599,8741.055926,23480.46359,0,2469.5909
,,,,,7077,11707.25177,8042.389199,8515.730827,23642.99551,0,2469.5909
,,,,,7078,10827.51481,7952.758751,8037.319834,25038.52268,0,2469.5909
,,,,,7079,9929.180863,7393.425181,7349.141929,23603.59316,0,2469.5909
,,,,,7080,9068.321029,6995.245676,6763.59404,22352.28215,0,2469.5909
,,,,,7081,8858.952686,6695.461795,6497.534761,21732.26662,0,2345.6346
,,,,,7082,8758.988607,6600.503924,6347.655413,21378.00726,0,2239.8638
,,,,,7083,8658.067907,6612.276119,6289.777816,20889.89561,0,2239.8638
,,,,,7084,8601.963821,6562.177313,6289.777816,20889.89561,0,2239.8638
,,,,,7085,9090.714946,6625.480775,6345.714221,20889.89561,0,2239.8638
,,,,,7086,10508.21939,7075.416721,7253.186361,21536.47299,0,2239.8638
,,,,,7087,11407.91946,7712.598278,7795.417554,22378.86186,0,2345.6346
,,,,,7088,11240.88299,7602.003611,7922.346925,22136.20604,0,2345.6346
,,,,,7089,11635.36338,7544.488174,8446.574243,23101.55903,0,2345.6346
,,,,,7090,11874.38136,7636.719844,8836.548701,24128.51422,0,2345.6346
,,,,,7091,12497.16722,8038.623378,9636.159136,24535.36517,0,2345.6346
,,,,,7092,12329.41388,8137.097713,8762.365276,23931.5794,0,2345.6346
,,,,,7093,11388.14758,7725.740727,8609.299183,23541.37234,0,2239.8638
,,,,,7094,11520.05318,7531.133196,8801.348765,24054.16967,0,2239.8638
,,,,,7095,11499.04722,7743.215459,8713.512738,24114.73498,0,2239.8638
,,,,,7096,11743.80276,7728.894543,8925.458708,24251.83204,0,2345.6346
,,,,,7097,13298.07681,7909.271093,9110.820056,24155.93001,0,2469.5909
,,,,,7098,12710.21494,8515.228271,8943.091352,23524.9719,0,2469.5909
,,,,,7099,11891.40229,8333.877665,8561.355877,23230.96859,0,2469.5909
,,,,,7100,12229.64177,8206.693502,8883.202741,23611.72105,0,2469.5909
,,,,,7101,11751.75873,8068.78915,8654.223961,23775.1605,0,2469.5909
,,,,,7102,10868.68377,7978.864646,8168.055462,25167.60593,0,2469.5909
,,,,,7103,9966.941251,7417.696037,7468.718647,23735.53814,0,2469.5909
,,,,,7104,9102.81504,7018.2102,6873.676008,22477.24011,0,2469.5909
,,,,,7105,8871.129553,6683.996931,6504.03387,21782.51165,0,2264.6354
,,,,,7106,8771.02842,6612.157047,6354.005187,21427.43425,0,2156.8986
,,,,,7107,8669.969356,6612.157047,6327.917563,20942.70385,0,2156.8986
,,,,,7108,8603.039562,6612.157047,6327.917563,20942.70385,0,2156.8986
,,,,,7109,9103.209564,6620.774485,6352.062061,20942.70385,0,2156.8986
,,,,,7110,10522.65744,7027.256861,7260.438381,21586.2659,0,2156.8986
,,,,,7111,11423.59102,7602.901182,7803.209837,22430.6,0,2264.6354
,,,,,7112,11256.32554,7502.987443,7930.265677,22187.38384,0,2264.6354
,,,,,7113,11651.34677,7451.026688,8455.01532,23154.96601,0,2264.6354
,,,,,7114,11890.69245,7534.350879,8845.378338,24184.29263,0,2264.6354
,,,,,7115,12514.33216,7897.439679,9601.689626,24592.08306,0,2264.6354
,,,,,7116,12346.34883,7986.403635,8771.120999,23986.90305,0,2264.6354
,,,,,7117,11403.79203,7614.77437,8617.902395,23595.79493,0,2156.8986
,,,,,7118,11535.87848,7438.961497,8810.14333,24109.7764,0,2156.8986
,,,,,7119,11514.84372,7630.561441,8722.219786,24170.48156,0,2156.8986
,,,,,7120,11759.93483,7617.623599,8934.376932,24307.8952,0,2264.6354
,,,,,7121,13322.98038,7780.579881,9119.92297,24211.77173,0,2390.5577
,,,,,7122,12727.67198,8285.818784,8952.027145,23579.35662,0,2390.5577
,,,,,7123,11907.73672,8164.179123,8569.91132,23284.6744,0,2390.5577
,,,,,7124,12246.43993,8049.278054,8892.078863,23666.30608,0,2390.5577
,,,,,7125,11767.9017,7924.692124,8662.871935,23830.12294,0,2390.5577
,,,,,7126,10883.61602,7843.45228,8176.219031,25213.0009,0,2390.5577
,,,,,7127,9980.637196,7336.479785,7476.185416,23790.40909,0,2390.5577
,,,,,7128,9115.326248,6975.575187,6880.549894,22529.20543,0,2390.5577
,,,,,7129,8885.166418,6566.205227,6527.182643,21779.10982,0,2284.7869
,,,,,7130,8784.907297,6496.682973,6376.622051,21424.08781,0,2174.1994
,,,,,7131,8683.688734,6496.682973,6358.889496,20919.18242,0,2174.1994
,,,,,7132,8640.93223,6496.682973,6358.889496,20903.91589,0,2174.1994
,,,,,7133,9117.612716,6504.626532,6374.672036,20903.91589,0,2174.1994
,,,,,7134,10539.30088,6900.540577,7286.268898,21582.89468,0,2174.1994
,,,,,7135,11441.65638,7461.218445,7830.964687,22427.09708,0,2284.7869
,,,,,7136,11274.12691,7363.902411,7958.470988,22183.91886,0,2284.7869
,,,,,7137,11669.7716,7313.292609,8485.08107,23151.3501,0,2284.7869
,,,,,7138,11909.49503,7394.450413,8876.828075,24180.51616,0,2284.7869
,,,,,7139,12534.11902,7748.099093,9622.390811,24588.24299,0,2284.7869
,,,,,7140,12365.87057,7834.750033,8802.307465,23983.15737,0,2284.7869
,,,,,7141,11421.82615,7472.782936,8648.545642,23592.11025,0,2174.1994
,,,,,7142,11554.12106,7301.541106,8841.468145,24106.01156,0,2174.1994
,,,,,7143,11533.05311,7488.159551,8753.232878,24166.70725,0,2174.1994
,,,,,7144,11778.53104,7475.558087,8966.142203,24304.09946,0,2284.7869
,,,,,7145,13326.86825,7634.277589,9152.346072,24207.99097,0,2413.6582
,,,,,7146,12747.79555,8127.846027,8983.854993,23575.67451,0,2413.6582
,,,,,7147,11926.5662,8007.90345,8600.38442,23281.03826,0,2413.6582
,,,,,7148,12265.80398,7895.98975,8923.694171,23662.61041,0,2413.6582
,,,,,7149,11786.51048,7774.642989,8693.674617,23826.40172,0,2413.6582
,,,,,7150,10900.82915,7695.515339,8205.296341,25286.15064,0,2413.6582
,,,,,7151,9996.425176,7201.723866,7502.78084,23786.69406,0,2413.6582
,,,,,7152,9129.748524,6850.2026,6905.033561,22525.68713,0,2413.6582
,,,,,7153,8881.092478,6471.750519,6565.120782,21909.03242,0,2296.8778
,,,,,7154,8780.879211,6396.284817,6413.688453,21551.89512,0,2190.3206
,,,,,7155,8679.706939,6396.284817,6380.65221,21055.78926,0,2190.3206
,,,,,7156,8590.945343,6396.284817,6380.65221,21055.78926,0,2190.3206
,,,,,7157,9113.432469,6405.956507,6411.727147,21055.78926,0,2190.3206
,,,,,7158,10534.47043,6828.97251,7328.602101,21711.64819,0,2190.3206
,,,,,7159,11436.41325,7428.031105,7876.451647,22560.88052,0,2296.8778
,,,,,7160,11268.96039,7324.053385,8004.696202,22316.2534,0,2296.8778
,,,,,7161,11664.42413,7269.979131,8534.355325,23289.44879,0,2296.8778
,,,,,7162,11904.03793,7356.692525,8928.370522,24324.74683,0,2296.8778
,,,,,7163,12528.37625,7734.549924,9695.986765,24734.90298,0,2296.8778
,,,,,7164,12360.20475,7827.13248,8853.418442,24126.21213,0,2296.8778
,,,,,7165,11416.59208,7440.387233,8698.766347,23732.83508,0,2190.3206
,,,,,7166,11548.82649,7257.42319,8892.80586,24249.79831,0,2190.3206
,,,,,7167,11527.76817,7456.816441,8804.059716,24310.85564,0,2190.3206
,,,,,7168,11773.13383,7443.352355,9018.201773,24449.06646,0,2296.8778
,,,,,7169,13352.14183,7612.936866,9205.483752,24352.38534,0,2421.6205
,,,,,7170,12741.95506,8136.433632,9036.017119,23716.30141,0,2421.6205
,,,,,7171,11921.10129,8012.138967,8650.326275,23419.90966,0,2421.6205
,,,,,7172,12260.18393,7892.56431,8975.50797,23803.75529,0,2421.6205
,,,,,7173,11781.10963,7762.910859,8744.156616,23968.5225,0,2421.6205
,,,,,7174,10895.83336,7678.366594,8252.950659,25377.65105,0,2421.6205
,,,,,7175,9991.843008,7150.773045,7546.367634,23928.57826,0,2421.6205
,,,,,7176,9125.562726,6775.18869,6945.159434,22660.05799,0,2421.6205
,,,,,7177,8916.351108,6507.035924,6597.740651,22049.8872,0,2312.6058
,,,,,7178,8815.740998,6414.748589,6445.558788,21690.45661,0,2204.0826
,,,,,7179,8714.168086,6426.18971,6367.188718,21179.28142,0,2204.0826
,,,,,7180,8516.222557,6386.210384,6367.188718,21141.19361,0,2204.0826
,,,,,7181,9149.611161,6439.023007,6443.587774,21141.19361,0,2204.0826
,,,,,7182,10576.27641,6876.305235,7365.000923,21851.2355,0,2204.0826
,,,,,7183,11481.79091,7495.567094,7915.562124,22705.921,0,2312.6058
,,,,,7184,11313.67494,7388.082723,8044.441443,22459.72305,0,2312.6058
,,,,,7185,11710.70471,7332.184814,8576.722185,23439.16762,0,2312.6058
,,,,,7186,11951.26738,7421.822618,8972.687612,24481.1136,0,2312.6058
,,,,,7187,12578.07807,7812.423267,9803.283726,24893.90348,0,2312.6058
,,,,,7188,12409.24061,7908.128172,8897.364547,24281.30406,0,2312.6058
,,,,,7189,11461.89125,7508.339933,8741.946981,23885.40102,0,2204.0826
,,,,,7190,11594.64931,7319.205423,8936.946919,24405.68382,0,2204.0826
,,,,,7191,11573.50759,7525.323216,8847.761514,24467.13322,0,2204.0826
,,,,,7192,11819.8449,7511.405053,9062.963496,24606.23153,0,2312.6058
,,,,,7193,13476.95971,7686.708805,9251.172451,24508.92959,0,2439.5111
,,,,,7194,12792.50264,8271.537973,9080.867021,23868.76118,0,2439.5111
,,,,,7195,11968.39831,8099.374007,8693.267148,23570.46621,0,2439.5111
,,,,,7196,12308.8237,7975.766691,9020.058374,23956.77663,0,2439.5111
,,,,,7197,11827.85228,7841.740676,8787.561915,24122.60186,0,2439.5111
,,,,,7198,10939.07033,7754.345152,8293.924669,25631.25593,0,2439.5111
,,,,,7199,10031.50019,7208.9585,7583.844316,24082.40112,0,2439.5111
,,,,,7200,9161.789454,6820.707554,6979.660356,22805.73531,0,2439.5111
,,,,,7201,9011.796752,6588.702465,6669.496935,22311.93081,0,2326.1712
,,,,,7202,8910.112382,6495.25768,6515.666266,21948.23384,0,2218.2378
,,,,,7203,8807.454929,6506.842294,6412.513916,21430.99109,0,2218.2378
,,,,,7204,8576.087725,6447.315614,6422.514157,21346.93387,0,2218.2378
,,,,,7205,9247.547429,6519.836543,6513.673897,21387.15893,0,2218.2378
,,,,,7206,10689.44583,6962.603078,7445.070043,22110.92115,0,2218.2378
,,,,,7207,11604.62892,7589.631598,8001.596266,22975.75162,0,2326.1712
,,,,,7208,11434.7179,7480.799179,8131.87192,22726.63134,0,2326.1712
,,,,,7209,11835.98694,7424.200209,8669.919627,23717.70175,0,2326.1712
,,,,,7210,12079.1182,7514.962233,9070.175118,24772.01545,0,2326.1712
,,,,,7211,12712.62164,7910.461718,9929.945093,25189.70507,0,2326.1712
,,,,,7212,12541.98142,8007.366935,8994.03597,24569.8342,0,2326.1712
,,,,,7213,11584.51679,7602.564631,8836.934541,24169.23186,0,2218.2378
,,,,,7214,11718.69236,7411.058033,9034.047194,24695.69033,0,2218.2378
,,,,,7215,11697.32491,7619.760915,8943.895515,24757.86912,0,2218.2378
,,,,,7216,11946.29247,7605.668193,9161.42909,24898.6185,0,2326.1712
,,,,,7217,13637.33226,7783.170571,9351.677185,24800.16161,0,2452.4867
,,,,,7218,12929.33572,8389.023226,9179.52659,24152.39451,0,2452.4867
,,,,,7219,12096.43205,8201.011338,8787.727289,23850.55883,0,2452.4867
,,,,,7220,12440.49232,8075.853764,9118.059115,24241.45469,0,2452.4867
,,,,,7221,11954.38535,7940.14682,8883.043687,24409.24823,0,2452.4867
,,,,,7222,11056.11347,7851.6552,8384.058157,25971.57082,0,2452.4867
,,,,,7223,10138.85279,7299.428415,7666.284481,24368.57032,0,2452.4867
,,,,,7224,9259.855755,6906.308103,7055.554526,23076.75071,0,2452.4867
,,,,,7225,9061.996477,6709.152996,6753.589447,22624.92246,0,2308.7721
,,,,,7226,8959.747099,6614.001081,6597.826512,22256.12962,0,2207.2282
,,,,,7227,8856.519232,6625.797333,6506.989511,21731.63962,0,2207.2282
,,,,,7228,8714.416957,6586.580697,6506.989511,21706.82351,0,2207.2282
,,,,,7229,9299.0571,6639.028972,6595.809118,21706.82351,0,2207.2282
,,,,,7230,10748.96739,7089.884349,7538.904521,22421.0964,0,2207.2282
,,,,,7231,11669.23568,7728.367968,8102.421264,23298.04428,0,2308.7721
,,,,,7232,11498.38056,7617.547304,8234.333309,23045.4335,0,2308.7721
,,,,,7233,11901.87924,7559.914336,8779.139427,24050.3901,0,2308.7721
,,,,,7234,12146.36146,7652.334479,9184.422524,25119.47613,0,2308.7721
,,,,,7235,12783.38495,8055.059291,10036.66344,25543.01814,0,2308.7721
,,,,,7236,12611.79658,8153.734856,9107.326992,24914.46206,0,2308.7721
,,,,,7237,11649.0118,7741.537273,8948.252214,24508.24675,0,2207.2282
,,,,,7238,11783.93291,7546.532067,9147.840797,25042.0816,0,2207.2282
,,,,,7239,11762.44674,7759.047714,9056.556724,25105.13159,0,2207.2282
,,,,,7240,12012.79768,7744.697534,9276.822736,25247.85306,0,2308.7721
,,,,,7241,13649.33047,7925.442679,9469.460535,25148.01665,0,2428.1083
,,,,,7242,13001.3032,8523.842469,9295.147558,24491.17348,0,2428.1083
,,,,,7243,12163.77151,8350.916922,8898.426871,24185.10869,0,2428.1083
,,,,,7244,12509.74355,8223.472861,9232.907991,24581.48151,0,2428.1083
,,,,,7245,12020.93553,8085.286706,8994.940537,24751.62607,0,2428.1083
,,,,,7246,11117.67242,7995.178444,8489.687255,26260.05468,0,2428.1083
,,,,,7247,10195.31499,7432.863103,7762.897631,24710.3782,0,2428.1083
,,,,,7248,9311.433817,7032.560928,7144.496303,23400.4585,0,2428.1083
,,,,,7249,9044.636108,6879.907151,6833.760553,22747.71928,0,2308.7721
,,,,,7250,8942.582125,6782.335159,6676.155459,22376.92716,0,2207.2282
,,,,,7251,8839.551522,6794.431434,6617.500718,21859.44538,0,2207.2282
,,,,,7252,8773.41256,6765.015704,6617.500718,21859.44538,0,2207.2282
,,,,,7253,9281.243718,6807.999605,6674.114205,21859.44538,0,2207.2282
,,,,,7254,10728.38329,7270.321958,7628.363305,22542.78825,0,2207.2282
,,,,,7255,11646.89299,7925.044657,8198.544586,23424.49018,0,2308.7721
,,,,,7256,11476.36436,7811.4054,8332.016714,23170.50997,0,2308.7721
,,,,,7257,11879.09197,7752.306605,8883.266085,24180.91458,0,2308.7721
,,,,,7258,12123.107,7847.077346,9293.342339,25255.79627,0,2308.7721
,,,,,7259,12758.91316,8260.044989,10103.91688,25681.63436,0,2308.7721
,,,,,7260,12587.65268,8361.230251,9215.335023,25049.67079,0,2308.7721
,,,,,7261,11626.70775,7938.548908,9054.378917,24641.25333,0,2207.2282
,,,,,7262,11761.37104,7738.583974,9256.327972,25177.98217,0,2207.2282
,,,,,7263,11739.92592,7956.504706,9163.964311,25241.37397,0,2207.2282
,,,,,7264,11989.79845,7941.789546,9386.83534,25384.86915,0,2308.7721
,,,,,7265,13572.83784,8127.131731,9581.751407,25284.49152,0,2428.1083
,,,,,7266,12976.41498,8729.829851,9405.376885,24624.08751,0,2428.1083
,,,,,7267,12140.48378,8563.427411,9003.964304,24316.3635,0,2428.1083
,,,,,7268,12485.79468,8432.74196,9342.401229,24714.88511,0,2428.1083
,,,,,7269,11997.92075,8291.041203,9101.619408,24885.95204,0,2428.1083
,,,,,7270,11096.38373,8198.641143,8590.390652,26332.33743,0,2428.1083
,,,,,7271,10175.78889,7622.023973,7855.005513,24844.48056,0,2428.1083
,,,,,7272,9293.596783,7211.540583,7229.290544,23527.45961,0,2428.1083
,,,,,7273,9022.223594,7000.426395,6811.423427,22725.0742,0,2308.7721
,,,,,7274,8920.421868,6915.925151,6654.331592,22357.15954,0,2207.2282
,,,,,7275,8817.645936,6915.925151,6641.569881,21888.87945,0,2207.2282
,,,,,7276,8793.860691,6915.925151,6641.569881,21888.87945,0,2207.2282
,,,,,7277,9258.246356,6928.224036,6652.296986,21888.87945,0,2207.2282
,,,,,7278,10701.80888,7392.44186,7603.438463,22521.73349,0,2207.2282
,,,,,7279,11618.04821,8049.848848,8171.762883,23396.59315,0,2308.7721
,,,,,7280,11447.94109,7935.743683,8304.800344,23144.5839,0,2308.7721
,,,,,7281,11849.67324,7876.40259,8854.254508,24147.14746,0,2308.7721
,,,,,7282,12093.08511,7971.56188,9262.995301,25213.68773,0,2308.7721
,,,,,7283,12727.31968,8386.222645,10010.12774,25636.22118,0,2308.7721
,,,,,7284,12556.48253,8487.822755,9185.242025,25009.16185,0,2308.7721
,,,,,7285,11597.91286,8063.408465,9024.81009,24603.91384,0,2207.2282
,,,,,7286,11732.24329,7862.623697,9226.101475,25136.47749,0,2207.2282
,,,,,7287,11710.85118,8081.43788,9134.038607,25199.37735,0,2207.2282
,,,,,7288,11960.10608,8066.66239,9356.183831,25341.75897,0,2308.7721
,,,,,7289,13511.81336,8252.764457,9550.465131,25242.1603,0,2428.1083
,,,,,7290,12944.28388,8821.759838,9374.664993,24586.88123,0,2428.1083
,,,,,7291,12110.41894,8690.848901,8974.559659,24281.54525,0,2428.1083
,,,,,7292,12454.8763,8559.627655,9311.894425,24676.97421,0,2428.1083
,,,,,7293,11968.2083,8417.34594,9071.896738,24846.71361,0,2428.1083
,,,,,7294,11068.8997,8324.56705,8562.332857,26172.11621,0,2428.1083
,,,,,7295,10150.58039,7745.585813,7829.342585,24805.56396,0,2428.1083
,,,,,7296,9270.568887,7333.419488,7205.665329,23498.7635,0,2428.1083
,,,,,7297,9148.705967,7629.563421,6758.779872,23855.6036,0,2516.2834
,,,,,7298,9045.460881,7539.009949,6618.087261,23493.44971,0,2405.5976
,,,,,7299,8958.451498,7539.009949,6618.087261,23038.41221,0,2405.5976
,,,,,7300,8958.451498,7539.009949,6618.087261,23038.41221,0,2405.5976
,,,,,7301,9388.075096,7552.630426,6618.087261,23038.41221,0,2405.5976
,,,,,7302,10852.10467,8047.2634,7545.25979,23655.44679,0,2405.5976
,,,,,7303,11781.33457,8747.743127,8109.612387,24516.60799,0,2516.2834
,,,,,7304,11608.81565,8626.16189,8241.720095,24268.54467,0,2516.2834
,,,,,7305,12016.24362,8562.93282,8787.334314,25255.4102,0,2516.2834
,,,,,7306,12263.10662,8664.326864,9193.21856,26305.25071,0,2516.2834
,,,,,7307,12906.33347,9106.155845,9979.74257,26721.16817,0,2516.2834
,,,,,7308,12733.07416,9214.412706,9116.008674,26103.92726,0,2516.2834
,,,,,7309,11760.91375,8762.191159,8956.697943,25705.02458,0,2405.5976
,,,,,7310,11897.14873,8548.251146,9156.582572,26229.24941,0,2405.5976
,,,,,7311,11875.45332,8781.401845,9065.163099,26291.16439,0,2405.5976
,,,,,7312,12128.24219,8765.658278,9285.755828,26431.31661,0,2516.2834
,,,,,7313,13691.81211,8963.953591,9478.679363,26333.27745,0,2646.3343
,,,,,7314,13126.37381,9568.548722,9304.107831,25688.25866,0,2646.3343
,,,,,7315,12280.68621,9430.74095,8906.798695,25387.7036,0,2646.3343
,,,,,7316,12630.02734,9290.922201,9241.775945,25776.94098,0,2646.3343
,,,,,7317,12136.45928,9139.318311,9003.455518,25944.02262,0,2646.3343
,,,,,7318,11224.40016,9040.460628,8497.452803,27271.71589,0,2646.3343
,,,,,7319,10293.06078,8423.545041,7769.585145,25903.51729,0,2646.3343
,,,,,7320,9400.572337,7984.373934,7150.266554,24617.17856,0,2646.3343
,,,,,7321,9078.517641,7551.674854,6655.593189,23906.3399,0,2337.2791
,,,,,7322,8976.062538,7464.268783,6520.856144,23576.84177,0,2219.8106
,,,,,7323,8872.626977,7464.268783,6520.856144,23171.56906,0,2219.8106
,,,,,7324,8857.518279,7464.268783,6520.856144,23171.56906,0,2219.8106
,,,,,7325,9316.055227,7476.974114,6520.856144,23171.56906,0,2219.8106
,,,,,7326,10768.88272,7957.255028,7430.119115,23724.23141,0,2219.8106
,,,,,7327,11691.00259,8637.409931,7985.893915,24507.74089,0,2337.2791
,,,,,7328,11519.8037,8519.356444,8115.99367,24282.04568,0,2337.2791
,,,,,7329,11924.11422,8457.962001,8653.314903,25179.92461,0,2337.2791
,,,,,7330,12169.08834,8556.414039,9053.029968,26135.1,0,2337.2791
,,,,,7331,12807.39351,8985.423097,9826.657192,26513.5138,0,2337.2791
,,,,,7332,12635.4599,9090.538823,8976.993623,25951.93008,0,2337.2791
,,,,,7333,11670.73801,8651.438744,8820.104313,25588.99683,0,2219.8106
,,,,,7334,11805.93059,8443.706325,9016.950824,26065.95182,0,2219.8106
,,,,,7335,11784.40118,8670.092022,8926.920868,26122.28387,0,2219.8106
,,,,,7336,12035.25583,8654.805263,9144.160728,26249.79842,0,2337.2791
,,,,,7337,13624.07971,8847.346924,9334.151949,26160.59955,0,2474.9974
,,,,,7338,13025.75021,9436.093266,9162.233793,25573.74272,0,2474.9974
,,,,,7339,12186.53342,9300.590178,8770.963501,25300.28899,0,2474.9974
,,,,,7340,12533.20155,9164.82835,9100.849312,25654.42847,0,2474.9974
,,,,,7341,12043.41005,9017.623334,8866.151203,25806.4442,0,2474.9974
,,,,,7342,11138.32958,8921.634065,8367.839405,27048.46955,0,2474.9974
,,,,,7343,10214.11638,8322.618639,7651.034869,25769.59127,0,2474.9974
,,,,,7344,9328.456846,7896.190335,7041.129524,24599.24293,0,2474.9974
,,,,,7345,9093.396054,7438.944046,6661.585496,23800.07092,0,2347.9938
,,,,,7346,8990.773492,7350.654751,6517.405322,23459.93579,0,2233.5726
,,,,,7347,8887.168869,7350.654751,6517.405322,23038.45313,0,2233.5726
,,,,,7348,8802.297408,7350.654751,6517.405322,23038.45313,0,2233.5726
,,,,,7349,9331.321888,7363.616891,6517.405322,23038.45313,0,2233.5726
,,,,,7350,10786.52398,7847.925281,7436.805621,23612.08352,0,2233.5726
,,,,,7351,11710.15102,8533.783738,7993.078555,24420.88659,0,2347.9938
,,,,,7352,11538.67232,8414.740294,8123.294917,24187.90538,0,2347.9938
,,,,,7353,11943.64367,8352.831018,8661.097744,25114.77003,0,2347.9938
,,,,,7354,12189.01819,8452.108642,9061.171069,26100.7808,0,2347.9938
,,,,,7355,12828.36665,8884.715227,9860.620578,26491.41071,0,2347.9938
,,,,,7356,12656.15202,8990.712419,8985.066573,25911.69771,0,2347.9938
,,,,,7357,11689.85332,8547.930193,8828.036645,25537.0481,0,2233.5726
,,,,,7358,11825.26687,8338.455798,9025.059587,26029.40035,0,2233.5726
,,,,,7359,11803.70227,8566.739891,8934.948939,26087.55093,0,2233.5726
,,,,,7360,12054.96694,8551.324942,9152.383509,26219.18197,0,2347.9938
,,,,,7361,13692.79179,8745.481193,9342.545016,26127.10353,0,2482.2716
,,,,,7362,13047.08025,9338.675024,9170.472772,25521.30154,0,2482.2716
,,,,,7363,12206.49178,9202.525195,8778.851789,25239.02006,0,2482.2716
,,,,,7364,12553.72653,9065.624914,9109.033272,25604.59202,0,2482.2716
,,,,,7365,12063.13448,8917.185486,8874.124806,25761.51519,0,2482.2716
,,,,,7366,11156.57469,8820.391282,8375.366378,27031.44525,0,2482.2716
,,,,,7367,10230.85089,8216.352711,7657.919379,25723.47256,0,2482.2716
,,,,,7368,9343.743777,7786.34852,7047.467383,24515.34253,0,2482.2716
,,,,,7369,9191.475921,7340.748565,6740.067768,23701.33748,0,2359.4949
,,,,,7370,9087.74945,7252.549105,6584.503757,23334.14134,0,2246.155
,,,,,7371,8983.030355,7252.549105,6572.581907,22871.41985,0,2246.155
,,,,,7372,8843.445802,7252.549105,6572.581907,22871.41985,0,2246.155
,,,,,7373,9431.961118,7265.485124,6582.488939,22871.41985,0,2246.155
,,,,,7374,10902.81679,7749.383868,7524.379922,23498.39389,0,2246.155
,,,,,7375,11836.37926,8434.662201,8087.177003,24371.545,0,2359.4949
,,,,,7376,11663.05597,8315.719447,8218.920584,24120.02791,0,2359.4949
,,,,,7377,12072.38359,8253.862536,8763.030935,25120.63352,0,2359.4949
,,,,,7378,12320.39759,8353.056188,9167.796447,26185.09091,0,2359.4949
,,,,,7379,12966.62351,8785.296859,10013.65389,26606.79918,0,2359.4949
,,,,,7380,12792.55638,8891.204394,9090.799374,25980.96445,0,2359.4949
,,,,,7381,11815.86322,8448.79669,8931.927749,25576.50786,0,2246.155
,,,,,7382,11952.73341,8239.499476,9131.261439,26108.03146,0,2246.155
,,,,,7383,11930.93684,8467.590478,9040.093944,26170.80848,0,2246.155
,,,,,7384,12184.90435,8452.188567,9260.078656,26312.91203,0,2359.4949
,,,,,7385,13871.38357,8646.180594,9452.470439,26213.50787,0,2492.6914
,,,,,7386,13187.68981,9238.922058,9278.380076,25559.50852,0,2492.6914
,,,,,7387,12338.05915,9102.838011,8882.166037,25254.76884,0,2492.6914
,,,,,7388,12689.02909,8966.053525,9216.219994,25649.42556,0,2492.6914
,,,,,7389,12193.15976,8817.739653,8978.556447,25818.83347,0,2492.6914
,,,,,7390,11276.84812,8721.027321,8473.94842,27159.7544,0,2492.6914
,,,,,7391,10341.16633,8117.499669,7748.086973,25777.76418,0,2492.6914
,,,,,7392,9444.516629,7687.859191,7130.475401,24473.51582,0,2492.6914
,,,,,7393,9302.112989,7279.205876,6824.515969,23932.68915,0,2367.064
,,,,,7394,9197.141276,7175.972391,6667.01152,23573.59999,0,2253.3309
,,,,,7395,9091.165021,7188.770537,6649.960526,23123.23288,0,2253.3309
,,,,,7396,8963.030583,7143.056619,6649.960526,23123.23288,0,2253.3309
,,,,,7397,9545.485225,7203.125984,6664.97157,23123.23288,0,2253.3309
,,,,,7398,11033.9986,7692.274017,7618.611295,23734.22616,0,2253.3309
,,,,,7399,11978.76855,8384.986186,8188.428464,24588.0998,0,2367.064
,,,,,7400,11803.3645,8264.753152,8321.815358,24342.13571,0,2367.064
,,,,,7401,12217.60612,8202.225223,8872.712706,25320.64991,0,2367.064
,,,,,7402,12468.59755,8302.494918,9282.527089,26361.60616,0,2367.064
,,,,,7403,13122.58145,8739.424496,10137.88827,26774.00393,0,2367.064
,,,,,7404,12946.42463,8846.480907,9204.569588,26161.98641,0,2367.064
,,,,,7405,11958.00622,8399.274004,9043.716267,25766.45944,0,2253.3309
,,,,,7406,12096.51954,8187.706354,9245.536359,26286.24803,0,2253.3309
,,,,,7407,12074.4613,8418.271665,9153.23168,26347.63905,0,2253.3309
,,,,,7408,12331.47771,8402.702676,9375.960387,26486.60523,0,2367.064
,,,,,7409,14023.29398,8598.799111,9570.751981,26389.39573,0,2500.752
,,,,,7410,13346.30166,9245.721163,9394.490091,25749.8354,0,2500.752
,,,,,7411,12486.47113,9060.410305,8993.333849,25451.82379,0,2500.752
,,,,,7412,12841.65449,8922.141994,9331.554651,25837.76725,0,2500.752
,,,,,7413,12339.83222,8772.219226,9090.926591,26003.43496,0,2500.752
,,,,,7414,11412.52021,8674.457768,8580.024301,27323.08836,0,2500.752
,,,,,7415,10465.6055,8064.383104,7845.108772,25963.27241,0,2500.752
,,,,,7416,9558.191465,7630.081926,7219.793378,24687.8193,0,2500.752
,,,,,7417,9342.795211,7308.730395,6846.047246,24046.49711,0,2347.9938
,,,,,7418,9237.365611,7205.078462,6701.039936,23706.19153,0,2233.5726
,,,,,7419,9130.927088,7217.928484,6701.039936,23284.44913,0,2233.5726
,,,,,7420,9054.568915,7108.626943,6701.039936,23284.44913,0,2233.5726
,,,,,7421,9587.229036,7232.34212,6701.039936,23284.44913,0,2233.5726
,,,,,7422,11082.23531,7723.472868,7642.636931,23858.41551,0,2233.5726
,,,,,7423,12031.12634,8418.992881,8214.243972,24667.62389,0,2347.9938
,,,,,7424,11854.95718,8298.272494,8348.049852,24434.52593,0,2347.9938
,,,,,7425,12271.00573,8235.491114,8900.677642,25361.85505,0,2347.9938
,,,,,7426,12523.09198,8336.167243,9311.779307,26348.35993,0,2347.9938
,,,,,7427,13179.92855,8774.867873,10107.22033,26739.1856,0,2347.9938
,,,,,7428,13003.00333,8882.358227,9233.576931,26159.18209,0,2347.9938
,,,,,7429,12010.27344,8433.338614,9072.218348,25784.34473,0,2233.5726
,,,,,7430,12149.39096,8220.913393,9274.672384,26276.94371,0,2233.5726
,,,,,7431,12127.2365,8452.41328,9182.077764,26335.12343,0,2233.5726
,,,,,7432,12385.37402,8436.781184,9405.506091,26466.82043,0,2347.9938
,,,,,7433,14046.943,8633.672477,9600.909552,26374.69585,0,2482.2716
,,,,,7434,13404.62463,9332.43181,9424.093999,25768.59028,0,2482.2716
,,,,,7435,12541.04352,9097.154769,9021.677672,25486.16735,0,2482.2716
,,,,,7436,12897.7762,8958.326,9360.960871,25851.9225,0,2482.2716
,,,,,7437,12393.76497,8807.795534,9119.576966,26008.92431,0,2482.2716
,,,,,7438,11462.40802,8709.637809,8607.069863,27279.30152,0,2482.2716
,,,,,7439,10511.36288,8097.090264,7869.845866,25970.86261,0,2482.2716
,,,,,7440,9599.990701,7661.028688,7242.566274,24762.12716,0,2482.2716
,,,,,7441,9337.038359,7406.000918,6838.869976,23932.88429,0,2359.4949
,,,,,7442,9231.673553,7300.970383,6696.820197,23596.205,0,2246.155
,,,,,7443,9125.300445,7313.991314,6696.820197,23179.98875,0,2246.155
,,,,,7444,9074.337718,7277.998402,6696.820197,23179.98875,0,2246.155
,,,,,7445,9581.321961,7328.596655,6696.820197,23179.98875,0,2246.155
,,,,,7446,11075.40944,7826.259595,7634.628188,23746.80689,0,2246.155
,,,,,7447,12023.71731,8531.030239,8205.63859,24547.39238,0,2359.4949
,,,,,7448,11847.65641,8408.704234,8339.304805,24316.7783,0,2359.4949
,,,,,7449,12263.44927,8345.087842,8891.355767,25234.22584,0,2359.4949
,,,,,7450,12515.38059,8447.102995,9302.028327,26210.21858,0,2359.4949
,,,,,7451,13171.81349,8891.63848,10089.56266,26596.87962,0,2359.4949
,,,,,7452,12994.99701,9000.558488,9223.907577,26023.05661,0,2359.4949
,,,,,7453,12002.87722,8545.566775,9062.717419,25652.21349,0,2246.155
,,,,,7454,12141.90924,8330.316233,9264.960136,26139.56336,0,2246.155
,,,,,7455,12119.7684,8564.89514,9172.462165,26197.12312,0,2246.155
,,,,,7456,12377.74727,8549.055132,9395.657279,26327.41677,0,2359.4949
,,,,,7457,14021.43832,8748.56514,9590.85678,26236.27386,0,2492.6914
,,,,,7458,13396.37147,9396.766709,9414.225786,25636.62693,0,2492.6914
,,,,,7459,12533.3211,9218.211891,9012.229497,25357.21348,0,2492.6914
,,,,,7460,12889.83454,9077.536656,9351.158555,25719.07116,0,2492.6914
,,,,,7461,12386.13307,8925.004088,9110.026605,25874.39996,0,2492.6914
,,,,,7462,11455.34851,8825.540835,8598.054453,27135.26413,0,2492.6914
,,,,,7463,10504.88785,8204.846218,7861.599964,25836.74385,0,2492.6914
,,,,,7464,9594.075783,7762.984888,7234.975121,24640.88863,0,2492.6914
,,,,,7465,9299.867931,7476.59087,6803.304787,23893.19641,0,2367.064
,,,,,7466,9194.921486,7387.540413,6646.287725,23557.28172,0,2253.3309
,,,,,7467,9088.970742,7387.540413,6645.32804,23142.23067,0,2253.3309
,,,,,7468,9050.912443,7387.540413,6645.32804,23142.23067,0,2253.3309
,,,,,7469,9543.181583,7400.72387,6645.32804,23142.23067,0,2253.3309
,,,,,7470,11031.33665,7888.503136,7594.942836,23707.54159,0,2253.3309
,,,,,7471,11975.87918,8579.276912,8162.996742,24506.30894,0,2367.064
,,,,,7472,11800.51735,8459.380323,8295.970878,24276.21859,0,2367.064
,,,,,7473,12214.65925,8397.027364,8845.16351,25191.58259,0,2367.064
,,,,,7474,12465.59026,8497.016477,9253.709749,26165.35883,0,2367.064
,,,,,7475,13119.41674,8932.72341,10085.68722,26551.14176,0,2367.064
,,,,,7476,12943.30232,9039.480248,9175.993482,25978.62191,0,2367.064
,,,,,7477,11955.12184,8593.52475,9015.637911,25608.62099,0,2253.3309
,,,,,7478,12093.60181,8382.549121,9216.833484,26094.86408,0,2253.3309
,,,,,7479,12071.54889,8612.46925,9124.814436,26152.29312,0,2253.3309
,,,,,7480,12328.50343,8596.943827,9346.853923,26282.29087,0,2367.064
,,,,,7481,13959.0581,8792.491532,9541.042747,26191.35495,0,2500.752
,,,,,7482,13343.08309,9389.518205,9365.326288,25593.06982,0,2500.752
,,,,,7483,12483.45954,9252.811016,8965.411398,25314.29092,0,2500.752
,,,,,7484,12838.55741,9114.929616,9302.585598,25675.32682,0,2500.752
,,,,,7485,12336.85593,8965.426372,9062.702146,25830.30287,0,2500.752
,,,,,7486,11409.76714,8867.938476,8553.38081,27089.1612,0,2500.752
,,,,,7487,10463.08037,8259.570963,7820.73943,25792.73228,0,2500.752
,,,,,7488,9555.884764,7826.485075,7197.359035,24599.59286,0,2500.752
,,,,,7489,9244.809708,7457.753285,6764.254052,24018.91107,0,2419.8511
,,,,,7490,9140.482954,7352.237675,6608.134292,23703.50438,0,2308.2806
,,,,,7491,9035.157832,7365.101133,6604.045745,23319.70591,0,2308.2806
,,,,,7492,9000.697499,7352.237675,6604.045745,23319.70591,0,2308.2806
,,,,,7493,9486.686632,7379.808471,6606.112277,23319.70591,0,2308.2806
,,,,,7494,10966.05439,7880.946835,7551.368144,23844.5907,0,2308.2806
,,,,,7495,11905.01955,8590.639238,8116.175804,24594.59232,0,2419.8511
,,,,,7496,11730.6932,8467.45897,8248.390036,24378.54927,0,2419.8511
,,,,,7497,12142.38967,8403.398314,8794.444209,25238.02918,0,2419.8511
,,,,,7498,12391.83897,8506.125888,9200.655737,26152.35518,0,2419.8511
,,,,,7499,13041.80471,8953.765783,10036.50899,26514.58559,0,2419.8511
,,,,,7500,12866.73022,9063.446433,9123.383593,25977.01878,0,2419.8511
,,,,,7501,11884.38478,8605.277289,8963.944403,25629.60687,0,2308.2806
,,,,,7502,12022.04705,8388.523548,9163.990208,26086.16421,0,2308.2806
,,,,,7503,12000.12435,8624.740634,9072.497019,26140.08714,0,2308.2806
,,,,,7504,12255.56161,8608.790008,9293.267621,26262.14837,0,2419.8511
,,,,,7505,13877.16538,8809.693292,9486.346719,26176.7642,0,2551.2782
,,,,,7506,13264.15035,9443.224809,9311.634423,25615.00511,0,2551.2782
,,,,,7507,12409.60274,9282.619816,8914.004918,25353.24601,0,2551.2782
,,,,,7508,12762.60381,9140.962177,9249.252276,25692.24023,0,2551.2782
,,,,,7509,12263.86479,8987.3644,9010.73968,25837.75479,0,2551.2782
,,,,,7510,11342.25031,8887.206546,8504.328953,27042.81318,0,2551.2782
,,,,,7511,10401.15357,8262.177314,7775.874383,25802.47793,0,2551.2782
,,,,,7512,9499.314804,7817.230249,7156.056407,24682.18114,0,2551.2782
,,,,,7513,9226.932484,7537.776268,6724.428509,23870.32715,0,2416.0174
,,,,,7514,9122.806943,7430.878097,6569.223855,23547.96518,0,2306.6095
,,,,,7515,9017.684957,7444.130565,6552.127216,23153.56741,0,2306.6095
,,,,,7516,8946.929118,7383.65544,6552.127216,23153.56741,0,2306.6095
,,,,,7517,9468.342909,7458.995616,6567.213691,23153.56741,0,2306.6095
,,,,,7518,10944.85746,7965.507915,7506.928883,23692.16271,0,2306.6095
,,,,,7519,11882.01166,8682.810672,8068.425889,24458.7032,0,2416.0174
,,,,,7520,11708.02153,8558.309486,8199.865139,24237.89601,0,2416.0174
,,,,,7521,12118.92398,8493.561879,8742.718582,25116.32898,0,2416.0174
,,,,,7522,12367.89217,8597.391047,9146.549076,26050.81749,0,2416.0174
,,,,,7523,13016.60434,9049.831188,9999.025396,26421.03572,0,2416.0174
,,,,,7524,12841.86751,9160.687994,9069.729868,25871.61461,0,2416.0174
,,,,,7525,11861.41669,8697.605694,8911.22524,25516.54165,0,2306.6095
,,,,,7526,11998.81346,8478.527603,9110.098465,25983.1669,0,2306.6095
,,,,,7527,11976.93303,8717.277753,9019.141569,26038.27892,0,2306.6095
,,,,,7528,12231.87765,8701.156081,9238.618111,26163.03181,0,2416.0174
,,,,,7529,13875.94404,8904.213742,9430.565464,26075.76477,0,2545.0853
,,,,,7530,13238.52115,9580.813551,9256.877254,25501.6179,0,2545.0853
,,,,,7531,12385.62168,9382.211672,8861.578479,25234.08655,0,2545.0853
,,,,,7532,12737.94193,9239.034974,9194.860764,25580.55618,0,2545.0853
,,,,,7533,12240.16481,9083.790098,8957.746225,25729.27961,0,2545.0853
,,,,,7534,11320.32782,8982.558206,8454.303854,26952.58421,0,2545.0853
,,,,,7535,10381.04614,8350.826501,7730.119165,25693.22483,0,2545.0853
,,,,,7536,9480.946725,7901.108067,7113.93429,24548.22351,0,2545.0853
,,,,,7537,9300.833418,7678.415568,6736.473428,23700.17159,0,2392.1305
,,,,,7538,9195.876106,7589.848283,6580.992008,23347.45452,0,2282.4277
,,,,,7539,9089.914391,7589.848283,6531.213805,22906.798,0,2282.4277
,,,,,7540,8994.848551,7589.848283,6531.213805,22906.798,0,2282.4277
,,,,,7541,9544.172263,7602.891252,6578.978259,22906.798,0,2282.4277
,,,,,7542,11032.48142,8088.467266,7520.369185,23505.23036,0,2282.4277
,,,,,7543,11977.12175,8776.120883,8082.867472,24343.95184,0,2392.1305
,,,,,7544,11801.74177,8656.765855,8214.541109,24102.35244,0,2392.1305
,,,,,7545,12215.92656,8594.694538,8758.362587,25063.50271,0,2392.1305
,,,,,7546,12466.88355,8694.23201,9162.913206,26085.987,0,2392.1305
,,,,,7547,13120.77772,9127.970896,10060.45449,26491.06669,0,2392.1305
,,,,,7548,12944.64507,9234.245524,9085.957011,25889.90954,0,2392.1305
,,,,,7549,11956.36226,8790.304364,8927.169733,25501.40127,0,2282.4277
,,,,,7550,12094.85658,8580.281693,9126.397595,26011.96611,0,2282.4277
,,,,,7551,12072.80137,8809.163294,9035.278501,26072.26774,0,2282.4277
,,,,,7552,12329.78252,8793.707998,9255.146422,26208.76794,0,2392.1305
,,,,,7553,13999.05466,8988.372433,9447.436062,26113.28343,0,2521.4933
,,,,,7554,13344.46724,9582.966084,9273.438125,25485.07223,0,2521.4933
,,,,,7555,12484.75468,9446.612697,8877.43444,25192.34888,0,2521.4933
,,,,,7556,12839.88931,9309.354094,9211.311045,25571.44371,0,2521.4933
,,,,,7557,12338.13588,9160.526142,8973.773675,25734.17162,0,2521.4933
,,,,,7558,11410.95109,9063.47859,8469.433548,27037.10866,0,2521.4933
,,,,,7559,10464.1663,8457.859015,7743.957468,25694.72175,0,2521.4933
,,,,,7560,9556.876761,8026.729335,7126.67379,24441.9018,0,2521.4933
,,,,,7561,9373.766702,7682.668992,6795.399149,23845.46343,0,2379.1549
,,,,,7562,9267.988512,7600.891518,6638.563742,23484.70623,0,2266.5031
,,,,,7563,9161.198063,7600.891518,6592.087279,23031.79717,0,2266.5031
,,,,,7564,9096.250152,7600.891518,6592.087279,23031.79717,0,2266.5031
,,,,,7565,9619.008719,7611.960265,6636.532458,23031.79717,0,2266.5031
,,,,,7566,11118.95805,8066.574932,7586.121344,23646.07854,0,2266.5031
,,,,,7567,12070.98648,8710.382308,8153.518063,24503.91858,0,2379.1549
,,,,,7568,11894.23484,8598.637608,8286.338361,24256.81194,0,2379.1549
,,,,,7569,12311.659,8540.524089,8834.895626,25239.87151,0,2379.1549
,,,,,7570,12564.57874,8633.714842,9242.969214,26285.66319,0,2379.1549
,,,,,7571,13223.58707,9039.797625,10137.72873,26699.97662,0,2379.1549
,,,,,7572,13046.07687,9139.295959,9165.342857,26085.11617,0,2379.1549
,,,,,7573,12050.06463,8723.661421,9005.172803,25687.7519,0,2266.5031
,,,,,7574,12189.64212,8527.030236,9206.135611,26209.95501,0,2266.5031
,,,,,7575,12167.41442,8741.317866,9114.223021,26271.6312,0,2266.5031
,,,,,7576,12426.40543,8726.848032,9336.005628,26411.24291,0,2379.1549
,,,,,7577,14083.9124,8909.100253,9529.969794,26313.58184,0,2511.6633
,,,,,7578,13449.02607,9469.503705,9354.456622,25671.05065,0,2511.6633
,,,,,7579,12582.58964,9338.122154,8955.004398,25371.65471,0,2511.6633
,,,,,7580,12940.50181,9209.615449,9291.788518,25759.39095,0,2511.6633
,,,,,7581,12434.82413,9070.27708,9052.182589,25925.82822,0,2511.6633
,,,,,7582,11500.38776,8979.417484,8543.450492,27249.85747,0,2511.6633
,,,,,7583,10546.1981,8412.413486,7811.656712,25885.47911,0,2511.6633
,,,,,7584,9631.812579,8008.773541,7188.997513,24604.10129,0,2511.6633
,,,,,7585,9435.117178,7425.980978,6857.660799,24015.62487,0,2373.5518
,,,,,7586,9328.648476,7335.359509,6699.394753,23653.25967,0,2255.7884
,,,,,7587,9221.160907,7335.359509,6683.636927,23197.90014,0,2255.7884
,,,,,7588,9138.31556,7335.359509,6683.636927,23197.90014,0,2255.7884
,,,,,7589,9681.960116,7348.999757,6697.344939,23197.90014,0,2255.7884
,,,,,7590,11191.701,7843.942799,7655.595893,23815.35126,0,2255.7884
,,,,,7591,12149.9442,8544.861632,8228.168356,24677.01495,0,2373.5518
,,,,,7592,11972.03873,8423.20418,8362.200229,24428.80688,0,2373.5518
,,,,,7593,12392.18781,8359.935473,8915.761387,25416.24825,0,2373.5518
,,,,,7594,12646.75859,8461.393078,9327.557386,26466.70133,0,2373.5518
,,,,,7595,13310.06888,8903.499026,10182.12546,26882.86149,0,2373.5518
,,,,,7596,13131.3999,9011.823749,9249.222929,26265.26042,0,2373.5518
,,,,,7597,12128.88578,8559.31872,9087.591818,25866.12498,0,2255.7884
,,,,,7598,12269.37442,8345.244596,9290.387791,26390.6557,0,2255.7884
,,,,,7599,12247.00161,8578.54145,9197.636782,26452.6068,0,2255.7884
,,,,,7600,12507.6833,8562.788013,9421.442471,26592.8408,0,2373.5518
,,,,,7601,14184.56871,8761.207631,9617.175961,26494.74443,0,2511.565
,,,,,7602,13536.97953,9366.145165,9440.061773,25849.34928,0,2511.565
,,,,,7603,12664.88707,9228.287602,9036.965781,25548.61885,0,2511.565
,,,,,7604,13025.13566,9088.381205,9376.822016,25938.08335,0,2511.565
,,,,,7605,12516.15695,8936.68228,9135.030422,26105.26248,0,2511.565
,,,,,7606,11575.62066,8837.762627,8621.657715,27433.51011,0,2511.565
,,,,,7607,10615.20212,8220.460317,7883.188576,26064.73351,0,2511.565
,,,,,7608,9694.847558,7781.013909,7254.849532,24777.64421,0,2511.565
,,,,,7609,9458.737492,7265.96291,6887.491583,24121.45805,0,2369.9147
,,,,,7610,9352.002939,7163.422035,6734.569038,23776.25391,0,2255.5918
,,,,,7611,9244.246974,7175.691994,6734.569038,23347.04648,0,2255.5918
,,,,,7612,9177.100054,7163.422035,6734.569038,23347.04648,0,2255.5918
,,,,,7613,9706.196794,7190.021341,6734.569038,23347.04648,0,2255.5918
,,,,,7614,11219.70749,7678.280044,7688.88252,23930.66909,0,2255.5918
,,,,,7615,12180.34341,8369.732778,8263.934784,24751.5257,0,2369.9147
,,,,,7616,12001.99372,8249.718343,8398.547147,24515.07239,0,2369.9147
,,,,,7617,12423.1919,8187.304097,8954.505768,25455.75004,0,2369.9147
,,,,,7618,12678.39834,8287.39149,9368.085248,26456.45527,0,2369.9147
,,,,,7619,13343.36491,8723.526677,10183.92893,26852.90671,0,2369.9147
,,,,,7620,13164.2498,8830.388446,9289.411526,26264.55429,0,2369.9147
,,,,,7621,12159.23241,8383.99462,9127.080393,25884.32129,0,2255.5918
,,,,,7622,12300.07185,8172.811624,9330.754672,26384.01104,0,2255.5918
,,,,,7623,12277.64317,8402.957741,9237.60196,26443.02824,0,2255.5918
,,,,,7624,12538.97578,8387.417058,9462.376947,26576.62096,0,2369.9147
,,,,,7625,14208.0256,8583.156966,9658.958156,26483.17029,0,2504.2908
,,,,,7626,13570.84216,9202.578826,9481.07689,25868.34007,0,2504.2908
,,,,,7627,12696.57209,9043.928896,9076.235095,25581.85177,0,2504.2908
,,,,,7628,13057.72021,8905.911973,9417.563242,25952.87182,0,2504.2908
,,,,,7629,12547.4706,8756.261782,9174.724454,26112.13361,0,2504.2908
,,,,,7630,11604.58579,8658.678066,8659.128339,27395.36153,0,2504.2908
,,,,,7631,10641.76909,8049.712591,7917.460902,26073.52403,0,2504.2908
,,,,,7632,9719.116417,7616.201026,7286.400534,24847.38931,0,2504.2908
,,,,,7633,9437.592944,7181.074361,6927.260458,24159.89905,0,2368.3419
,,,,,7634,9331.096377,7079.231681,6784.228234,23825.51776,0,2258.0493
,,,,,7635,9223.580676,7091.857405,6784.228234,23412.80349,0,2258.0493
,,,,,7636,9171.853677,7046.545991,6784.228234,23412.80349,0,2258.0493
,,,,,7637,9684.500486,7106.01945,6784.228234,23412.80349,0,2258.0493
,,,,,7638,11194.63651,7588.577471,7733.258548,23975.09171,0,2258.0493
,,,,,7639,12153.1305,8271.957126,8311.616756,24770.2128,0,2368.3419
,,,,,7640,11975.17847,8153.343923,8447.002997,24541.17278,0,2368.3419
,,,,,7641,12395.4375,8091.658397,9006.157794,25452.35827,0,2368.3419
,,,,,7642,12650.07492,8190.577216,9422.11492,26421.68936,0,2368.3419
,,,,,7643,13313.5588,8621.620292,10209.34383,26805.71125,0,2368.3419
,,,,,7644,13134.84307,8727.234393,9342.988907,26235.80487,0,2368.3419
,,,,,7645,12132.06656,8286.052453,9179.724541,25867.49295,0,2258.0493
,,,,,7646,12272.59197,8077.335132,9384.569732,26351.5164,0,2258.0493
,,,,,7647,12250.21331,8304.794169,9290.881491,26408.68329,0,2258.0493
,,,,,7648,12510.96322,8289.434933,9516.948697,26538.08762,0,2368.3419
,,,,,7649,14167.06946,8482.889472,9714.66004,26447.56681,0,2498.2945
,,,,,7650,13540.52885,9122.617894,9535.756144,25852.01277,0,2498.2945
,,,,,7651,12668.20814,8938.281644,9128.586937,25574.50646,0,2498.2945
,,,,,7652,13028.55101,8801.876142,9471.87736,25933.89428,0,2498.2945
,,,,,7653,12519.4391,8653.973198,9227.642505,26088.16288,0,2498.2945
,,,,,7654,11578.65664,8557.528823,8709.082256,27342.99854,0,2498.2945
,,,,,7655,10617.98674,7955.673345,7963.151015,26050.76379,0,2498.2945
,,,,,7656,9697.391302,7527.223259,7328.462715,24863.07089,0,2498.2945
,,,,,7657,9416.840022,7180.355971,6936.454165,24044.6159,0,2375.2229
,,,,,7658,9310.577033,7078.523473,6797.351557,23709.38071,0,2265.815
,,,,,7659,9203.297146,7091.147935,6797.351557,23295.36517,0,2265.815
,,,,,7660,9157.47381,7058.405149,6797.351557,23295.36517,0,2265.815
,,,,,7661,9663.206023,7105.308564,6797.351557,23295.36517,0,2265.815
,,,,,7662,11170.02987,7587.818342,7743.517329,23859.33663,0,2265.815
,,,,,7663,12126.4216,8271.129676,8322.6398,24656.48818,0,2375.2229
,,,,,7664,11948.85988,8152.528332,8458.204945,24426.86327,0,2375.2229
,,,,,7665,12368.19716,8090.848973,9018.098629,25340.37563,0,2375.2229
,,,,,7666,12622.27608,8189.757902,9434.605415,26312.18206,0,2375.2229
,,,,,7667,13284.30475,8620.757885,10210.69035,26697.18461,0,2375.2229
,,,,,7668,13105.98099,8726.361427,9355.374842,26125.82288,0,2375.2229
,,,,,7669,12105.40387,8285.223594,9191.894733,25756.57042,0,2265.815
,,,,,7670,12245.62106,8076.527139,9397.010614,26241.8299,0,2265.815
,,,,,7671,12223.29148,8303.963437,9303.19857,26299.14278,0,2265.815
,,,,,7672,12483.4695,8288.605735,9529.564509,26428.87755,0,2375.2229
,,,,,7673,14133.12252,8482.040935,9727.537115,26338.12559,0,2504.2908
,,,,,7674,13510.77698,9111.881989,9548.396809,25741.0507,0,2504.2908
,,,,,7675,12640.36953,8937.387579,9140.689554,25462.83574,0,2504.2908
,,,,,7676,12999.92206,8800.995714,9484.433613,25823.14131,0,2504.2908
,,,,,7677,12491.92678,8653.107556,9239.876017,25977.80386,0,2504.2908
,,,,,7678,11553.20774,8556.672824,8720.630525,27234.8796,0,2504.2908
,,,,,7679,10594.64487,7954.877516,7973.713584,25940.30927,0,2504.2908
,,,,,7680,9676.068565,7526.470263,7338.186584,24749.5834,0,2504.2908
,,,,,7681,9423.726662,7218.379004,6886.167476,23856.70748,0,2381.809
,,,,,7682,9317.386162,7116.007611,6738.648025,23510.47794,0,2269.4521
,,,,,7683,9210.028023,7128.698881,6738.648025,23079.7079,0,2269.4521
,,,,,7684,9162.116684,7075.804267,6738.648025,23079.7079,0,2269.4521
,,,,,7685,9670.272367,7142.934447,6738.648025,23079.7079,0,2269.4521
,,,,,7686,11178.19533,7627.997658,7687.405017,23665.3518,0,2269.4521
,,,,,7687,12135.28467,8314.925063,8262.347209,24488.64668,0,2381.809
,,,,,7688,11957.59343,8195.696083,8396.933806,24251.49101,0,2381.809
,,,,,7689,12377.23658,8133.690317,8952.78601,25194.96284,0,2381.809
,,,,,7690,12631.50083,8233.122671,9366.286326,26198.64056,0,2381.809
,,,,,7691,13294.0124,8666.403497,10167.28348,26596.26963,0,2381.809
,,,,,7692,13115.55857,8772.565892,9287.627663,26006.16956,0,2381.809
,,,,,7693,12114.2516,8329.093565,9125.327602,25624.80712,0,2269.4521
,,,,,7694,12254.57108,8119.292693,9328.962896,26125.98114,0,2269.4521
,,,,,7695,12232.22521,8347.932579,9235.828014,26185.17365,0,2269.4521
,,,,,7696,12492.593,8332.493605,9460.559977,26319.1632,0,2381.809
,,,,,7697,14144.47476,8526.95246,9657.103558,26225.43494,0,2513.9242
,,,,,7698,13520.64982,9175.230877,9479.25634,25608.77843,0,2513.9242
,,,,,7699,12649.60748,8984.708789,9074.492037,25321.43915,0,2513.9242
,,,,,7700,13009.42228,8847.595142,9415.754849,25693.56127,0,2513.9242
,,,,,7701,12501.05645,8698.924363,9172.962543,25853.29613,0,2513.9242
,,,,,7702,11561.65269,8601.9793,8657.465119,27139.21403,0,2513.9242
,,,,,7703,10602.39062,7996.999302,7915.939647,25814.57187,0,2513.9242
,,,,,7704,9683.144292,7566.324927,7285.000071,24584.79504,0,2513.9242
,,,,,7705,9461.489789,7279.713792,6874.559918,23950.01527,0,2361.6575
,,,,,7706,9354.724258,7176.473108,6715.905566,23591.7941,0,2242.6162
,,,,,7707,9246.937019,7189.272147,6706.067786,23142.74975,0,2242.6162
,,,,,7708,9164.751318,7175.515836,6706.067786,23142.74975,0,2242.6162
,,,,,7709,9709.020912,7203.628595,6713.850723,23142.74975,0,2242.6162
,,,,,7710,11222.97088,7692.810737,7674.452745,23752.032,0,2242.6162
,,,,,7711,12183.8856,8385.571209,8248.430013,24603.84163,0,2361.6575
,,,,,7712,12005.48415,8265.329792,8382.790733,24358.4721,0,2361.6575
,,,,,7713,12426.80457,8202.797503,8937.710052,25334.621,0,2361.6575
,,,,,7714,12682.08509,8303.074189,9350.516392,26373.06103,0,2361.6575
,,,,,7715,13347.24464,8740.034235,10197.48313,26784.46194,0,2361.6575
,,,,,7716,13168.07755,8847.098111,9271.989741,26173.92381,0,2361.6575
,,,,,7717,12162.76847,8399.860024,9109.962068,25779.35291,0,2242.6162
,,,,,7718,12303.64878,8188.27762,9313.255601,26297.88505,0,2242.6162
,,,,,7719,12281.2136,8418.85901,9220.277028,26359.12768,0,2242.6162
,,,,,7720,12542.62206,8403.288935,9444.631823,26497.75795,0,2361.6575
,,,,,7721,14222.1812,8599.399044,9640.845545,26400.78342,0,2500.9486
,,,,,7722,13574.78791,9221.344632,9463.296808,25762.76906,0,2500.9486
,,,,,7723,12700.2641,9061.042427,9059.21182,25465.4778,0,2500.9486
,,,,,7724,13061.51705,8922.764474,9399.901892,25850.48835,0,2500.9486
,,,,,7725,12551.11934,8772.831252,9157.517064,26015.75561,0,2500.9486
,,,,,7726,11607.96088,8675.062977,8642.884797,27333.13193,0,2500.9486
,,,,,7727,10644.86474,8064.945771,7902.603825,25975.69014,0,2500.9486
,,,,,7728,9721.944284,7630.614309,7272.723153,24703.32009,0,2500.9486
,,,,,7729,9504.476622,7337.96291,6959.300852,24191.13078,0,2344.3567
,,,,,7730,9397.227265,7250.523198,6798.699335,23824.43239,0,2219.614
,,,,,7731,9288.951571,7250.523198,6780.575395,23362.46943,0,2219.614
,,,,,7732,9209.699597,7250.523198,6780.575395,23362.46943,0,2219.614
,,,,,7733,9753.129472,7263.238311,6796.619273,23362.46943,0,2219.614
,,,,,7734,11273.94015,7743.672624,7769.010763,23988.46229,0,2219.614
,,,,,7735,12239.20942,8424.044765,8350.032454,24860.4298,0,2344.3567
,,,,,7736,12059.99951,8305.953572,8486.042183,24609.25365,0,2344.3567
,,,,,7737,12483.22921,8244.539521,9047.772026,25608.5029,0,2344.3567
,,,,,7738,12739.66657,8343.023004,9465.644738,26671.51737,0,2344.3567
,,,,,7739,13407.84041,8772.169085,10326.44281,27092.654,0,2344.3567
,,,,,7740,13227.86139,8877.318384,9386.15433,26467.66761,0,2344.3567
,,,,,7741,12217.99659,8438.07806,9222.138092,26063.75929,0,2219.614
,,,,,7742,12359.51533,8230.279291,9427.926646,26594.56238,0,2219.614
,,,,,7743,12336.97848,8456.737295,9333.806947,26657.2543,0,2219.614
,,,,,7744,12599.57155,8441.445653,9560.915249,26799.16522,0,2344.3567
,,,,,7745,14282.2303,8634.048811,9759.537101,26699.89581,0,2489.6441
,,,,,7746,13636.41483,9222.96455,9579.809309,26046.78298,0,2489.6441
,,,,,7747,12757.92797,9087.436829,9170.764986,25742.4564,0,2489.6441
,,,,,7748,13120.81799,8951.63164,9515.636347,26136.57813,0,2489.6441
,,,,,7749,12608.10733,8804.379607,9270.276729,26305.7564,0,2489.6441
,,,,,7750,11660.67479,8708.359679,8749.328382,27645.37155,0,2489.6441
,,,,,7751,10693.21423,8109.152931,7999.961941,26264.74279,0,2489.6441
,,,,,7752,9766.111409,7682.588427,7362.350744,24962.26239,0,2489.6441
,,,,,7753,9553.330032,7292.872595,7132.34195,24554.5935,0,2352.1224
,,,,,7754,9445.530821,7198.946642,6983.342691,24183.80819,0,2226.3967
,,,,,7755,9336.70001,7202.267572,6983.342691,23715.61709,0,2226.3967
,,,,,7756,9270.287009,7198.946642,6983.342691,23715.61709,0,2226.3967
,,,,,7757,9803.257697,7216.649954,6983.342691,23715.61709,0,2226.3967
,,,,,7758,11331.86539,7706.715774,7962.09836,24349.66623,0,2226.3967
,,,,,7759,12302.08348,8400.727676,8557.504771,25231.35199,0,2352.1224
,,,,,7760,12121.95478,8280.26905,8696.881779,24977.37643,0,2352.1224
,,,,,7761,12547.35434,8217.6238,9272.518722,25987.7625,0,2352.1224
,,,,,7762,12805.10642,8318.081631,9700.736973,27062.62446,0,2352.1224
,,,,,7763,13476.70591,8755.831018,10497.42074,27488.45473,0,2352.1224
,,,,,7764,13295.80416,8863.088298,9619.278571,26856.50276,0,2352.1224
,,,,,7765,12280.7619,8415.042303,9451.201679,26448.0928,0,2226.3967
,,,,,7766,12423.00619,8203.077689,9662.08507,26984.81178,0,2226.3967
,,,,,7767,12400.35379,8434.075609,9565.63519,27048.20242,0,2226.3967
,,,,,7768,12664.29315,8418.477409,9798.366155,27191.69496,0,2352.1224
,,,,,7769,14344.03821,8614.941778,10001.90541,27091.31918,0,2498.3928
,,,,,7770,13706.4522,9222.180576,9817.727988,26430.92729,0,2498.3928
,,,,,7771,12823.46145,9077.419092,9398.556696,26123.20893,0,2498.3928
,,,,,7772,13188.21196,8938.891348,9751.966255,26521.72322,0,2498.3928
,,,,,7773,12672.87269,8788.687281,9500.532115,26692.78702,0,2498.3928
,,,,,7774,11720.58278,8690.742393,8966.68632,28043.12364,0,2498.3928
,,,,,7775,10748.16216,8079.523048,8198.767342,26651.3163,0,2498.3928
,,,,,7776,9816.30619,7644.406993,7545.370403,25334.31952,0,2498.3928
,,,,,7777,9623.087331,7268.116228,7288.924813,24825.10224,0,2376.1076
,,,,,7778,9514.502987,7165.039915,7146.258743,24470.81982,0,2250.2836
,,,,,7779,9404.87953,7177.818576,7146.258743,24027.77782,0,2250.2836
,,,,,7780,9332.514729,7148.841378,7146.258743,24027.77782,0,2250.2836
,,,,,7781,9874.83529,7192.152167,7146.258743,24027.77782,0,2250.2836
,,,,,7782,11414.57627,7680.555476,8118.525937,24629.29586,0,2250.2836
,,,,,7783,12391.86074,8372.212995,8713.82092,25471.73958,0,2376.1076
,,,,,7784,12210.42011,8252.163016,8853.171844,25229.06796,0,2376.1076
,,,,,7785,12638.91797,8189.730285,9428.701058,26194.48381,0,2376.1076
,,,,,7786,12898.54734,8289.84732,9856.839169,27221.50587,0,2376.1076
,,,,,7787,13575.03828,8726.111676,10636.1135,27628.3833,0,2376.1076
,,,,,7788,13392.81897,8833.005094,9775.396011,27024.55822,0,2376.1076
,,,,,7789,12370.38386,8386.479061,9607.350574,26634.32575,0,2250.2836
,,,,,7790,12513.66415,8175.23352,9818.1945,27147.15648,0,2250.2836
,,,,,7791,12490.84678,8405.447798,9721.76267,27207.72573,0,2250.2836
,,,,,7792,12756.70848,8389.902513,9954.45008,27344.83171,0,2376.1076
,,,,,7793,14448.73757,8585.700392,10157.95125,27248.92345,0,2522.6729
,,,,,7794,13806.45788,9218.74588,9973.808289,26617.92425,0,2522.6729
,,,,,7795,12917.03605,9046.608787,9554.715445,26323.9018,0,2522.6729
,,,,,7796,13284.44314,8908.550988,9908.058864,26704.67904,0,2522.6729
,,,,,7797,12765.35051,8758.856476,9656.671779,26868.12914,0,2522.6729
,,,,,7798,11806.1248,8661.243859,9122.925892,28175.17268,0,2522.6729
,,,,,7799,10826.62176,8052.098029,8355.150628,26828.50419,0,2522.6729
,,,,,7800,9887.978819,7618.458072,7701.875969,25570.12424,0,2522.6729
,,,,,7801,9658.037679,7231.097389,7377.28564,24782.52742,0,2391.5407
,,,,,7802,9549.059962,7143.884694,7237.959429,24442.00497,0,2262.866
,,,,,7803,9439.039367,7143.884694,7237.959429,24019.93208,0,2262.866
,,,,,7804,9391.51581,7143.884694,7237.959429,24019.93208,0,2262.866
,,,,,7805,9910.697656,7156.533799,7237.959429,24019.93208,0,2262.866
,,,,,7806,11456.01672,7635.93292,8194.110979,24594.32596,0,2262.866
,,,,,7807,12436.84164,8314.839064,8780.238471,25404.05003,0,2391.5407
,,,,,7808,12254.7437,8197.002322,8917.443402,25170.80352,0,2391.5407
,,,,,7809,12684.7939,8135.720599,9484.109517,26098.7236,0,2391.5407
,,,,,7810,12945.36384,8233.99188,9905.654339,27085.85716,0,2391.5407
,,,,,7811,13624.30553,8662.21328,10679.48295,27476.93188,0,2391.5407
,,,,,7812,13441.42608,8767.136014,9825.465398,26896.55876,0,2391.5407
,,,,,7813,12415.28696,8328.84212,9660.007847,26521.48252,0,2262.866
,,,,,7814,12559.08632,8121.491096,9867.604794,27014.39542,0,2262.866
,,,,,7815,12536.18628,8347.461151,9772.658006,27072.61222,0,2262.866
,,,,,7816,12803.01113,8332.202458,10001.76205,27204.39315,0,2391.5407
,,,,,7817,14482.35406,8524.390614,10202.12932,27112.20986,0,2541.055
,,,,,7818,13856.5635,9112.163205,10020.82214,26505.71804,0,2541.055
,,,,,7819,12963.91952,8976.801716,9608.183293,26223.11512,0,2541.055
,,,,,7820,13332.65764,8841.289147,9956.085255,26589.10336,0,2541.055
,,,,,7821,12811.68447,8694.354398,9708.569509,26746.20522,0,2541.055
,,,,,7822,11848.98373,8598.541364,9183.043262,28017.15136,0,2541.055
,,,,,7823,10865.93221,8000.625727,8427.09167,26708.11927,0,2541.055
,,,,,7824,9923.8888,7574.980342,7783.877384,25498.61352,0,2541.055
,,,,,7825,9647.34602,7212.293681,7300.655835,24561.82671,0,2431.7454
,,,,,7826,9538.48864,7129.104148,7163.823194,24220.68758,0,2302.7758
,,,,,7827,9433.553962,7129.104148,7163.823194,23797.67491,0,2302.7758
,,,,,7828,9433.553962,7129.104148,7163.823194,23797.67491,0,2302.7758
,,,,,7829,9899.727002,7140.583469,7163.823194,23797.67491,0,2302.7758
,,,,,7830,11443.33968,7601.637082,8107.942652,24373.28443,0,2302.7758
,,,,,7831,12423.08154,8254.563041,8687.225609,25184.47489,0,2431.7454
,,,,,7832,12241.18467,8141.235642,8822.828323,24950.80598,0,2431.7454
,,,,,7833,12670.76,8082.29903,9382.877164,25880.40651,0,2431.7454
,,,,,7834,12931.0422,8176.809694,9799.499373,26869.32776,0,2431.7454
,,,,,7835,13609.23418,8588.644041,10569.26216,27261.11071,0,2431.7454
,,,,,7836,13426.55668,8689.551622,9720.246843,26679.68654,0,2431.7454
,,,,,7837,12401.55066,8268.030233,9556.721431,26303.93105,0,2302.7758
,,,,,7838,12545.19123,8068.614058,9761.894154,26797.7366,0,2302.7758
,,,,,7839,12522.31648,8285.936756,9668.056112,26856.05883,0,2302.7758
,,,,,7840,12788.84669,8271.261978,9894.484782,26988.07842,0,2431.7454
,,,,,7841,14428.01974,8456.095533,10092.51225,26895.72819,0,2581.6529
,,,,,7842,13841.23569,9023.609427,9913.322301,26288.13801,0,2581.6529
,,,,,7843,12949.5774,8891.193898,9505.502061,26005.02331,0,2581.6529
,,,,,7844,13317.90835,8760.867084,9849.341379,26371.67435,0,2581.6529
,,,,,7845,12797.51045,8619.555192,9604.716011,26529.06071,0,2581.6529
,,,,,7846,11835.87276,8527.408704,9085.326626,27801.62463,0,2581.6529
,,,,,7847,10853.90675,7952.37393,8338.202699,26490.90579,0,2581.6529
,,,,,7848,9912.90358,7543.01702,7702.499582,25279.20964,0,2581.6529
,,,,,7849,9622.084484,7185.013924,7125.65802,24420.89739,0,2487.1866
,,,,,7850,9513.511427,7102.505713,6993.732907,24089.45994,0,2357.8238
,,,,,7851,9445.246538,7102.505713,6993.732907,23681.23187,0,2357.8238
,,,,,7852,9445.246538,7102.505713,6993.732907,23681.23187,0,2357.8238
,,,,,7853,9873.806274,7113.786931,6993.732907,23681.23187,0,2357.8238
,,,,,7854,11413.3872,7571.733736,7914.172334,24237.71707,0,2357.8238
,,,,,7855,12390.57008,8220.259954,8479.984749,25025.83802,0,2487.1866
,,,,,7856,12209.14831,8107.696211,8612.434182,24798.81444,0,2487.1866
,,,,,7857,12637.60163,8049.156744,9159.459747,25701.97798,0,2487.1866
,,,,,7858,12897.20401,8143.030548,9566.393898,26662.77521,0,2487.1866
,,,,,7859,13573.62463,8552.089749,10328.15484,27043.41623,0,2487.1866
,,,,,7860,13391.42426,8652.317365,9488.984293,26478.52722,0,2487.1866
,,,,,7861,12369.09544,8233.636397,9329.261471,26113.45787,0,2357.8238
,,,,,7862,12512.36083,8035.563988,9529.663144,26593.22005,0,2357.8238
,,,,,7863,12489.54583,8251.422257,9438.007195,26649.88365,0,2357.8238
,,,,,7864,12755.37989,8236.846365,9659.170533,26778.14871,0,2487.1866
,,,,,7865,14342.28752,8420.434419,9852.593106,26688.42484,0,2637.4873
,,,,,7866,13805.02017,8984.517506,9677.570008,26098.11397,0,2637.4873
,,,,,7867,12915.6908,8852.600875,9279.233147,25823.05079,0,2637.4873
,,,,,7868,13283.0597,8723.152268,9615.076887,26179.27461,0,2637.4873
,,,,,7869,12764.02103,8582.792606,9376.139994,26332.18505,0,2637.4873
,,,,,7870,11804.89503,8491.267046,8868.828396,27579.29793,0,2637.4873
,,,,,7871,10825.49381,7920.107143,8139.077955,26295.11522,0,2637.4873
,,,,,7872,9886.948437,7513.508684,7518.157365,25117.8786,0,2637.4873
,,,,,7873,9544.841059,7150.585598,7000.669019,24475.49759,0,2510.0905
,,,,,7874,9437.137392,7068.244201,6867.88969,24153.46601,0,2384.5614
,,,,,7875,9365.459104,7068.244201,6867.88969,23759.57172,0,2384.5614
,,,,,7876,9365.459104,7068.244201,6867.88969,23759.57172,0,2384.5614
,,,,,7877,9794.547206,7079.476915,6867.88969,23759.57172,0,2384.5614
,,,,,7878,11321.80006,7536.663058,7792.450922,24297.51575,0,2384.5614
,,,,,7879,12291.15822,8184.112056,8360.608053,25063.27062,0,2510.0905
,,,,,7880,12111.18917,8071.735285,8493.606353,24842.68974,0,2510.0905
,,,,,7881,12536.21169,8013.293053,9042.898782,25720.22241,0,2510.0905
,,,,,7882,12793.73532,8107.01093,9451.51926,26653.75318,0,2510.0905
,,,,,7883,13464.73955,8515.390673,10214.67303,27023.59198,0,2510.0905
,,,,,7884,13283.99814,8615.451808,9373.788871,26474.73396,0,2510.0905
,,,,,7885,12269.85554,8197.466281,9213.404161,26120.02491,0,2384.5614
,,,,,7886,12411.97375,7999.722875,9414.636294,26586.17192,0,2384.5614
,,,,,7887,12389.34143,8215.222597,9322.600525,26641.22747,0,2384.5614
,,,,,7888,12653.04685,8200.670917,9544.68036,26765.8525,0,2510.0905
,,,,,7889,14236.62685,8383.954026,9738.904472,26678.6749,0,2656.1643
,,,,,7890,13694.28222,8947.197124,9563.156082,26105.11646,0,2656.1643
,,,,,7891,12812.07408,8815.402641,9163.168521,25837.85929,0,2656.1643
,,,,,7892,13176.5013,8686.169052,9500.403991,26183.97384,0,2656.1643
,,,,,7893,12661.61879,8546.042531,9260.476948,26332.54484,0,2656.1643
,,,,,7894,11710.17292,8454.668998,8751.06306,27554.98273,0,2656.1643
,,,,,7895,10738.61418,7884.457807,8018.288547,26296.52701,0,2656.1643
,,,,,7896,9807.584134,7478.53472,7394.794874,25152.69918,0,2656.1643
,,,,,7897,9514.872983,7129.648096,7018.935665,24593.07386,0,2506.1585
,,,,,7898,9407.506614,7046.397391,6886.768286,24268.91501,0,2376.3042
,,,,,7899,9328.552246,7046.397391,6886.768286,23871.77894,0,2376.3042
,,,,,7900,9328.552246,7046.397391,6886.768286,23871.77894,0,2376.3042
,,,,,7901,9763.797123,7057.894498,6886.768286,23871.77894,0,2376.3042
,,,,,7902,11286.26706,7519.227056,7808.376709,24413.91631,0,2376.3042
,,,,,7903,12252.58948,8172.548045,8374.854114,25184.72957,0,2506.1585
,,,,,7904,12073.18404,8059.152081,8507.459213,24962.69159,0,2506.1585
,,,,,7905,12496.87551,8000.179812,9055.127689,25846.02103,0,2506.1585
,,,,,7906,12753.59265,8094.747656,9462.540104,26785.71848,0,2506.1585
,,,,,7907,13422.49549,8506.831168,10224.69607,27158.00035,0,2506.1585
,,,,,7908,13242.32011,8607.799801,9385.03952,26605.5167,0,2506.1585
,,,,,7909,12231.3535,8186.023385,9225.128978,26248.46453,0,2376.3042
,,,,,7910,12373.02664,7986.48656,9425.76618,26717.69079,0,2376.3042
,,,,,7911,12350.4652,8203.940741,9334.00251,26773.11002,0,2376.3042
,,,,,7912,12613.34477,8189.257085,9555.425778,26898.5583,0,2506.1585
,,,,,7913,14203.6948,8374.202467,9749.075677,26810.80482,0,2656.8524
,,,,,7914,13651.31929,8942.024396,9573.846877,26233.45759,0,2656.8524
,,,,,7915,12771.87397,8809.564073,9175.041857,25964.43499,0,2656.8524
,,,,,7916,13135.15992,8679.158409,9511.280309,26312.83589,0,2656.8524
,,,,,7917,12621.88987,8537.761022,9272.062597,26462.38831,0,2656.8524
,,,,,7918,11673.42365,8445.558783,8764.154763,27690.40678,0,2656.8524
,,,,,7919,10704.90755,7870.176104,8033.546658,26426.13256,0,2656.8524
,,,,,7920,9776.793223,7460.571528,7411.896309,25274.74888,0,2656.8524
,,,,,7921,9540.954219,7105.8554,7208.459534,24657.25692,0,2503.5044
,,,,,7922,9433.2943,7010.396239,7082.561906,24324.26574,0,2375.0263
,,,,,7923,9331.653256,7017.57235,7082.561906,23913.6699,0,2375.0263
,,,,,7924,9331.653256,7010.396239,7082.561906,23913.6699,0,2375.0263
,,,,,7925,9790.558941,7031.586149,7082.561906,23913.6699,0,2375.0263
,,,,,7926,11317.19145,7509.09285,7973.91723,24473.21788,0,2375.0263
,,,,,7927,12286.15588,8185.319023,8523.18496,25265.03343,0,2503.5044
,,,,,7928,12106.25993,8067.947439,8651.761494,25036.9456,0,2503.5044
,,,,,7929,12531.10981,8006.907625,9182.791713,25944.34305,0,2503.5044
,,,,,7930,12788.52884,8104.790981,9577.826873,26909.64437,0,2503.5044
,,,,,7931,13459.26053,8531.321984,10329.75986,27292.06977,0,2503.5044
,,,,,7932,13278.59253,8635.830538,9502.680769,26724.53264,0,2503.5044
,,,,,7933,12264.86185,8199.266802,9347.628336,26357.7519,0,2375.0263
,,,,,7934,12406.92233,7992.734293,9542.170147,26839.76314,0,2375.0263
,,,,,7935,12384.29921,8217.812334,9453.194272,26896.69237,0,2375.0263
,,,,,7936,12647.89752,8202.613875,9667.890665,27025.55872,0,2503.5044
,,,,,7937,14271.65874,8394.043371,9855.657449,26935.41424,0,2652.7238
,,,,,7938,13688.70995,8994.476088,9685.752128,26342.33607,0,2652.7238
,,,,,7939,12806.86015,8844.668588,9299.06287,26065.98343,0,2652.7238
,,,,,7940,13171.13935,8709.690952,9625.086343,26423.87718,0,2652.7238
,,,,,7941,12656.46598,8563.336226,9393.136104,26577.50445,0,2652.7238
,,,,,7942,11705.40656,8467.901413,8900.658592,27828.69333,0,2652.7238
,,,,,7943,10734.24245,7872.346037,8192.246479,26540.26084,0,2652.7238
,,,,,7944,9803.590573,7448.380881,7589.481969,25357.50549,0,2652.7238
,,,,,7945,9611.82446,7142.571229,7309.60514,24756.46379,0,2492.1999
,,,,,7946,9503.366882,7046.748399,7178.518077,24420.23524,0,2369.2266
,,,,,7947,9401.472047,7053.832321,7178.518077,24004.7059,0,2369.2266
,,,,,7948,9401.472047,7046.748399,7178.518077,24004.7059,0,2369.2266
,,,,,7949,9863.278518,7067.918482,7178.518077,24004.7059,0,2369.2266
,,,,,7950,11401.22194,7547.89083,8094.913708,24570.63551,0,2369.2266
,,,,,7951,12377.36549,8227.608756,8658.425784,25370.14917,0,2492.1999
,,,,,7952,12196.13668,8109.631114,8790.336736,25139.84384,0,2492.1999
,,,,,7953,12624.1343,8048.276115,9335.138341,26056.06309,0,2492.1999
,,,,,7954,12883.46056,8146.664901,9740.41808,27030.74916,0,2492.1999
,,,,,7955,13559.16173,8575.398334,10500.81257,27416.89254,0,2492.1999
,,,,,7956,13377.15515,8680.446527,9663.323187,26843.83777,0,2492.1999
,,,,,7957,12355.91368,8241.628556,9504.249727,26473.49114,0,2369.2266
,,,,,7958,12499.0267,8034.029598,9703.836656,26960.18854,0,2369.2266
,,,,,7959,12476.23597,8260.269849,9612.55334,27017.67124,0,2369.2266
,,,,,7960,12741.78729,8244.992911,9832.817527,27147.79045,0,2492.1999
,,,,,7961,14373.18695,8437.410871,10025.45373,27056.76957,0,2635.6196
,,,,,7962,13790.31117,9040.221995,9851.142198,26457.92544,0,2635.6196
,,,,,7963,12901.92768,8890.36293,9454.424796,26178.88607,0,2635.6196
,,,,,7964,13268.90585,8754.688325,9788.903146,26540.2593,0,2635.6196
,,,,,7965,12750.41923,8607.577884,9550.937663,26695.38015,0,2635.6196
,,,,,7966,11792.31336,8511.650284,9045.688567,27955.06183,0,2635.6196
,,,,,7967,10813.95384,7913.019707,8318.904964,26657.77445,0,2635.6196
,,,,,7968,9876.406703,7486.86537,7700.508758,25463.52025,0,2635.6196
,,,,,7969,9632.490225,7141.51985,7261.19002,24803.11537,0,2469.8858
,,,,,7970,9523.800049,7055.936842,7122.335024,24483.66691,0,2354.9731
,,,,,7971,9428.829791,7055.936842,7122.335024,24093.7091,0,2354.9731
,,,,,7972,9428.829791,7055.936842,7122.335024,24093.7091,0,2354.9731
,,,,,7973,9884.483549,7068.112095,7122.335024,24093.7091,0,2354.9731
,,,,,7974,11425.72523,7540.07989,8076.212847,24626.56118,0,2354.9731
,,,,,7975,12403.96221,8208.462084,8661.046915,25386.17367,0,2469.8858
,,,,,7976,12222.34474,8092.451968,8797.949072,25167.36215,0,2469.8858
,,,,,7977,12651.26024,8032.120194,9363.364709,26037.85583,0,2469.8858
,,,,,7978,12911.14265,8128.868139,9783.979295,26963.89844,0,2469.8858
,,,,,7979,13588.29293,8550.451536,10557.03958,27330.77064,0,2469.8858
,,,,,7980,13405.89602,8653.747828,9703.96731,26786.31519,0,2469.8858
,,,,,7981,12382.4644,8222.248074,9538.874878,26434.45138,0,2354.9731
,,,,,7982,12525.88434,8018.111267,9746.013715,26896.85927,0,2354.9731
,,,,,7983,12503.04473,8240.578485,9651.276449,26951.4732,0,2354.9731
,,,,,7984,12769.16555,8225.556322,9879.874923,27075.09857,0,2469.8858
,,,,,7985,14393.31376,8414.765305,10079.80003,26988.62025,0,2604.7534
,,,,,7986,13819.93808,8994.331583,9898.892957,26419.66251,0,2604.7534
,,,,,7987,12929.64938,8860.163432,9487.164688,26154.54911,0,2604.7534
,,,,,7988,13297.41457,8726.751488,9834.298924,26497.88735,0,2604.7534
,,,,,7989,12777.816,8582.094424,9587.329378,26645.26661,0,2604.7534
,,,,,7990,11817.65539,8487.76662,9062.962825,27860.92803,0,2604.7534
,,,,,7991,10837.19768,7899.119472,8308.679413,26609.5377,0,2604.7534
,,,,,7992,9897.639888,7480.072159,7666.884527,25474.8849,0,2604.7534
,,,,,7993,9573.916135,7100.36443,7238.280961,24696.30036,0,2585.4866
,,,,,7994,9465.885223,7010.67193,7100.9428,24385.2197,0,2460.7439
,,,,,7995,9383.42345,7012.149554,7100.9428,24008.01375,0,2460.7439
,,,,,7996,9383.42345,7010.67193,7100.9428,24008.01375,0,2460.7439
,,,,,7997,9824.380987,7026.152531,7100.9428,24008.01375,0,2460.7439
,,,,,7998,11356.27423,7503.290487,8047.501519,24524.37092,0,2460.7439
,,,,,7999,12328.57768,8178.994457,8628.172065,25264.08573,0,2585.4866
,,,,,8000,12148.06182,8061.713511,8764.099596,25051.00587,0,2585.4866
,,,,,8001,12574.37572,8000.720834,9325.489953,25898.69739,0,2585.4866
,,,,,8002,12832.68181,8098.528602,9743.110121,26800.48275,0,2585.4866
,,,,,8003,13505.72481,8524.730224,10513.69717,27157.74491,0,2585.4866
,,,,,8004,13324.43424,8629.158073,9663.667754,26627.55122,0,2585.4866
,,,,,8005,12307.21027,8192.931466,9499.75064,26284.90431,0,2460.7439
,,,,,8006,12449.76029,7986.558447,9705.414824,26735.19965,0,2460.7439
,,,,,8007,12427.05921,8211.462676,9611.352007,26788.38298,0,2460.7439
,,,,,8008,12691.56587,8196.275954,9838.323054,26908.77005,0,2585.4866
,,,,,8009,14292.74364,8387.557622,10036.82487,26824.55699,0,2731.9536
,,,,,8010,13735.96492,8978.677727,9857.205696,26270.50283,0,2731.9536
,,,,,8011,12851.07628,8837.834852,9448.408582,26012.33394,0,2731.9536
,,,,,8012,13216.61078,8702.96145,9793.071517,26346.67861,0,2731.9536
,,,,,8013,12700.16386,8556.719744,9547.860184,26490.19734,0,2731.9536
,,,,,8014,11745.82712,8461.358628,9027.226676,27683.90698,0,2731.9536
,,,,,8015,10771.3164,7866.263159,8278.31312,26455.40432,0,2731.9536
,,,,,8016,9837.457526,7442.625402,7641.087268,25350.47321,0,2731.9536
,,,,,8017,9138.213146,6764.686809,6671.979374,22930.3398,0,2486.6951
,,,,,8018,9035.087376,6689.954086,6551.402159,22641.14296,0,2363.2303
,,,,,8019,8995.167506,6689.954086,6551.402159,22294.43652,0,2363.2303
,,,,,8020,8995.167506,6689.954086,6551.402159,22294.43652,0,2363.2303
,,,,,8021,9377.305643,6699.166943,6551.402159,22294.43652,0,2363.2303
,,,,,8022,10839.64328,7120.420347,7410.48632,22770.50521,0,2363.2303
,,,,,8023,11767.7993,7716.982818,7940.415062,23458.18277,0,2486.6951
,,,,,8024,11595.47976,7613.438346,8064.464587,23260.09259,0,2486.6951
,,,,,8025,12002.43688,7559.589406,8576.797936,24048.15094,0,2486.6951
,,,,,8026,12249.01458,7645.941487,8957.924431,24886.49775,0,2486.6951
,,,,,8027,12891.49807,8022.224451,9688.474725,25218.62733,0,2486.6951
,,,,,8028,12718.43899,8114.421239,8885.424122,24725.73155,0,2486.6951
,,,,,8029,11747.40208,7729.287461,8735.83088,24407.18908,0,2363.2303
,,,,,8030,11883.47962,7547.085782,8923.523132,24825.80716,0,2363.2303
,,,,,8031,11861.80928,7745.648213,8837.679979,24875.24917,0,2363.2303
,,,,,8032,12114.30601,7732.240228,9044.817197,24987.16728,0,2486.6951
,,,,,8033,13610.78168,7901.118123,9225.972961,24908.87842,0,2631.2944
,,,,,8034,13111.28413,8423.797133,9062.049782,24393.80071,0,2631.2944
,,,,,8035,12266.57386,8298.656852,8688.975339,24153.79342,0,2631.2944
,,,,,8036,12615.51126,8179.580431,9003.519958,24464.61769,0,2631.2944
,,,,,8037,12122.51361,8050.467214,8779.736379,24598.04021,0,2631.2944
,,,,,8038,11211.50852,7966.275222,8304.598348,25723.23003,0,2631.2944
,,,,,8039,10281.24546,7440.880021,7621.128486,24565.69481,0,2631.2944
,,,,,8040,9389.788442,7066.86063,7039.586515,23538.49308,0,2631.2944
,,,,,8041,9096.654157,6804.95679,6574.902989,22845.50608,0,2508.5177
,,,,,8042,8993.996142,6732.584558,6448.995184,22539.97701,0,2384.3648
,,,,,8043,8908.012384,6732.584558,6448.995184,22168.38155,0,2384.3648
,,,,,8044,8908.012384,6732.584558,6448.995184,22168.38155,0,2384.3648
,,,,,8045,9334.662185,6741.111073,6448.995184,22168.38155,0,2384.3648
,,,,,8046,10790.367,7151.600703,7333.800752,22676.64492,0,2384.3648
,,,,,8047,11714.31312,7732.91994,7878.361287,23403.15867,0,2508.5177
,,,,,8048,11542.77518,7632.021214,8005.835926,23193.88146,0,2508.5177
,,,,,8049,11947.88643,7579.548211,8532.315244,24026.44495,0,2508.5177
,,,,,8050,12193.34571,7663.693842,8923.964973,24912.13693,0,2508.5177
,,,,,8051,12832.91505,8030.362107,9663.206917,25263.02333,0,2508.5177
,,,,,8052,12660.64092,8120.203103,8849.462867,24742.29155,0,2508.5177
,,,,,8053,11694.00841,7744.910178,8695.739225,24405.75957,0,2384.3648
,,,,,8054,11829.46873,7567.364076,8888.613823,24848.01887,0,2384.3648
,,,,,8055,11807.89668,7760.852884,8800.400467,24900.25309,0,2384.3648
,,,,,8056,12059.24815,7747.787496,9013.256923,25018.49171,0,2508.5177
,,,,,8057,13613.83467,7912.350261,9199.414555,24935.78153,0,2653.7068
,,,,,8058,13051.7042,8423.14298,9030.965315,24391.6151,0,2653.7068
,,,,,8059,12210.82534,8299.731168,8647.589963,24138.05353,0,2653.7068
,,,,,8060,12558.18005,8183.697362,8970.819432,24466.43143,0,2653.7068
,,,,,8061,12067.41852,8057.883217,8740.856994,24607.38891,0,2653.7068
,,,,,8062,11160.54554,7975.84248,8252.599989,25775.42409,0,2653.7068
,,,,,8063,10234.50194,7463.872062,7550.258931,24573.21681,0,2653.7068
,,,,,8064,9347.088365,7099.409532,6952.660081,23488.00446,0,2653.7068
,,,,,8065,9164.803243,6794.465825,6660.619633,22929.0009,0,2436.857
,,,,,8066,9061.378197,6717.437259,6532.454773,22590.46625,0,2436.857
,,,,,8067,8956.96341,6717.437259,6532.454773,22168.57291,0,2436.857
,,,,,8068,8890.982563,6717.437259,6532.454773,22168.57291,0,2436.857
,,,,,8069,9404.5896,6727.31766,6532.454773,22168.57291,0,2436.857
,,,,,8070,10871.17103,7159.040046,7428.151188,22741.89807,0,2436.857
,,,,,8071,11802.02061,7770.428276,7978.907052,23546.89538,0,2436.857
,,,,,8072,11629.20099,7664.310519,8107.831939,23315.01045,0,2436.857
,,,,,8073,12037.33912,7609.123326,8640.300881,24237.51381,0,2436.857
,,,,,8074,12284.6324,7697.621427,9036.406311,25218.88499,0,2436.857
,,,,,8075,12928.98042,8083.255769,9779.328437,25607.67683,0,2436.857
,,,,,8076,12755.41911,8177.743829,8961.056614,25030.69162,0,2436.857
,,,,,8077,11781.56419,7783.038714,8805.584096,24657.80489,0,2436.857
,,,,,8078,11918.03663,7596.308962,9000.652981,25147.84041,0,2436.857
,,,,,8079,11896.30341,7799.806063,8911.436042,25205.71737,0,2436.857
,,,,,8080,12149.5329,7786.064862,9126.714114,25336.72903,0,2436.857
,,,,,8081,13780.77646,7959.139709,9314.989615,25245.08386,0,2436.857
,,,,,8082,13149.4043,8493.379473,9144.623969,24642.13242,0,2436.857
,,,,,8083,12302.24263,8366.558062,8756.887052,24361.1792,0,2436.857
,,,,,8084,12652.19268,8244.522356,9083.793822,24725.03099,0,2436.857
,,,,,8085,12157.76432,8112.20042,8851.215159,24881.21577,0,2436.857
,,,,,8086,11244.11544,8025.916091,8357.403375,26135.83658,0,2436.857
,,,,,8087,10311.1527,7487.463778,7647.071958,24843.35214,0,2436.857
,,,,,8088,9417.108625,7104.149264,7042.674374,23640.90687,0,2436.857
,,,,,8089,9315.323762,6794.883898,6860.798358,23226.8745,0,2436.857
,,,,,8090,9210.204577,6698.51565,6732.934476,22871.36324,0,2436.857
,,,,,8091,9104.07944,6710.462693,6732.934476,22423.5989,0,2436.857
,,,,,8092,9014.775596,6664.775205,6732.934476,22423.5989,0,2436.857
,,,,,8093,9559.037904,6723.863474,6732.934476,22423.5989,0,2436.857
,,,,,8094,11049.64245,7180.482166,7627.178597,23030.38896,0,2436.857
,,,,,8095,11995.73968,7827.127565,8177.108315,23875.75473,0,2436.857
,,,,,8096,11820.08921,7714.890273,8305.839812,23632.24139,0,2436.857
,,,,,8097,12234.91279,7656.520579,8837.510038,24601.00582,0,2436.857
,,,,,8098,12486.25682,7750.122135,9233.021301,25631.59014,0,2436.857
,,,,,8099,13141.15948,8157.995006,9975.452674,26039.87884,0,2436.857
,,,,,8100,12964.75518,8257.931947,9157.78463,25433.95937,0,2436.857
,,,,,8101,11974.94817,7840.465214,9002.545324,25042.37337,0,2436.857
,,,,,8102,12113.65609,7642.967243,9197.321601,25556.98287,0,2436.857
,,,,,8103,12091.56686,7858.199492,9108.23849,25617.7622,0,2436.857
,,,,,8104,12348.94434,7843.665873,9323.193639,25755.34374,0,2436.857
,,,,,8105,14013.79094,8026.721495,9511.186723,25659.10281,0,2436.857
,,,,,8106,13365.19399,8638.145941,9341.07663,25025.91498,0,2436.857
,,,,,8107,12504.15552,8457.634605,8953.921326,24730.8727,0,2436.857
,,,,,8108,12859.83786,8328.561418,9280.337729,25112.97068,0,2436.857
,,,,,8109,12357.31059,8188.60882,9048.107939,25276.98771,0,2436.857
,,,,,8110,11428.69583,8097.348698,8555.036885,26576.14432,0,2436.857
,,,,,8111,10480.45083,7527.845241,7845.770981,25237.22533,0,2436.857
,,,,,8112,9571.761995,7122.425976,7242.280008,23974.48064,0,2436.857
,,,,,8113,9436.867662,6960.407379,6969.16645,23604.10515,0,2436.857
,,,,,8114,9330.380476,6861.693188,6839.613332,23243.977,0,2436.857
,,,,,8115,9222.874246,6873.931064,6839.613332,22789.17689,0,2436.857
,,,,,8116,9179.592449,6761.696946,6839.613332,22789.17689,0,2436.857
,,,,,8117,9683.753453,6887.658067,6839.613332,22789.17689,0,2436.857
,,,,,8118,11193.75644,7355.392471,7742.008432,23405.06793,0,2436.857
,,,,,8119,12152.166,8017.779502,8296.574887,24261.41214,0,2436.857
,,,,,8120,11974.22965,7902.809958,8426.391785,24014.73638,0,2436.857
,,,,,8121,12394.45166,7843.019339,8962.544794,24996.08178,0,2436.857
,,,,,8122,12649.06664,7938.899487,9361.390814,26040.0499,0,2436.857
,,,,,8123,13312.49208,8356.701424,10106.57653,26453.64089,0,2436.857
,,,,,8124,13133.79209,8459.071183,9285.519784,25839.85258,0,2436.857
,,,,,8125,12131.10392,8031.441836,9128.971577,25443.1812,0,2436.857
,,,,,8126,12271.61695,7829.136068,9325.390111,25964.47373,0,2436.857
,,,,,8127,12249.24026,8049.607829,9235.555896,26026.04239,0,2436.857
,,,,,8128,12509.9672,8034.72041,9452.323441,26165.41065,0,2436.857
,,,,,8129,14158.03062,8222.232253,9641.901591,26067.91987,0,2436.857
,,,,,8130,13539.44213,8897.342841,9470.357212,25426.50907,0,2436.857
,,,,,8131,12667.19826,8663.635309,9079.937605,25127.63519,0,2436.857
,,,,,8132,13027.50939,8531.420025,9409.106191,25514.69533,0,2436.857
,,,,,8133,12518.44233,8388.060486,9174.918353,25680.84239,0,2436.857
,,,,,8134,11577.74275,8294.578771,8677.689966,26992.11077,0,2436.857
,,,,,8135,10617.15747,7711.211589,7962.443879,25640.56362,0,2436.857
,,,,,8136,9696.643133,7295.922988,7353.864566,24361.42016,0,2436.857
,,,,,8137,9493.677586,7059.300554,7101.796263,24127.89266,0,2436.857
,,,,,8138,9386.550994,6959.184762,6970.167095,23782.43179,0,2436.857
,,,,,8139,9304.695079,6971.596399,6970.167095,23349.98343,0,2436.857
,,,,,8140,9304.695079,6915.535092,6970.167095,23349.98343,0,2436.857
,,,,,8141,9742.045815,6985.518306,6970.167095,23349.98343,0,2436.857
,,,,,8142,11261.11569,7459.893869,7882.579652,23936.96181,0,2436.857
,,,,,8143,12225.28005,8131.685849,8442.844605,24758.4289,0,2436.857
,,,,,8144,12046.27528,8015.083902,8573.995447,24521.79974,0,2436.857
,,,,,8145,12469.02053,7954.444342,9115.657745,25463.17698,0,2436.857
,,,,,8146,12725.16436,8051.685852,9518.602143,26464.62645,0,2436.857
,,,,,8147,13392.57337,8475.419979,10267.17291,26861.37274,0,2436.857
,,,,,8148,13212.80036,8579.243242,9441.951494,26272.58275,0,2436.857
,,,,,8149,12204.09151,8145.54217,9283.794661,25892.06697,0,2436.857
,,,,,8150,12345.44825,7940.363948,9482.231512,26392.12834,0,2436.857
,,,,,8151,12322.9372,8163.966094,9391.474197,26451.18943,0,2436.857
,,,,,8152,12585.22969,8148.867295,9610.469157,26584.88151,0,2436.857
,,,,,8153,14175.09131,8339.041537,9801.995334,26491.36133,0,2436.857
,,,,,8154,13620.88615,8977.119687,9628.688236,25876.07386,0,2436.857
,,,,,8155,12743.40485,8786.711886,9234.256837,25589.37249,0,2436.857
,,,,,8156,13105.87949,8652.619334,9566.807824,25960.66848,0,2436.857
,,,,,8157,12593.75571,8507.224295,9330.213568,26120.04871,0,2436.857
,,,,,8158,11647.40765,8412.415272,8827.875866,27392.83951,0,2436.857
,,,,,8159,10681.0545,7820.76511,8105.280204,26081.41042,0,2436.857
,,,,,8160,9755.012891,7399.580005,7490.447379,24854.36381,0,2436.857
,,,,,8161,9486.851598,7148.210314,7186.856846,24472.41518,0,2436.857
,,,,,8162,9379.801833,7046.834416,7058.390419,24143.64607,0,2436.857
,,,,,8163,9329.945404,7059.402272,7058.390419,23736.63464,0,2436.857
,,,,,8164,9329.945404,7023.485731,7058.390419,23736.63464,0,2436.857
,,,,,8165,9735.041704,7073.499406,7058.390419,23736.63464,0,2436.857
,,,,,8166,11253.02215,7553.845695,7955.541972,24290.70961,0,2436.857
,,,,,8167,12216.49505,8234.093181,8507.125602,25072.48555,0,2436.857
,,,,,8168,12037.61864,8116.023624,8636.244258,24847.28969,0,2436.857
,,,,,8169,12460.06072,8054.620824,9169.513481,25743.18204,0,2436.857
,,,,,8170,12716.02085,8153.086264,9566.214243,26696.24409,0,2436.857
,,,,,8171,13382.95121,8582.153717,10309.62808,27073.82063,0,2436.857
,,,,,8172,13203.30713,8687.283752,9490.751298,26513.47944,0,2436.857
,,,,,8173,12195.32169,8248.123904,9335.045111,26151.34919,0,2436.857
,,,,,8174,12336.57706,8040.363207,9530.407177,26627.2489,0,2436.857
,,,,,8175,12314.08215,8266.77972,9441.056149,26683.45631,0,2436.857
,,,,,8176,12576.18654,8251.49088,9656.657775,26810.68874,0,2436.857
,,,,,8177,14122.00572,8444.05875,9845.216248,26721.68721,0,2436.857
,,,,,8178,13611.10025,9072.602517,9674.594548,26136.12882,0,2436.857
,,,,,8179,12734.24826,8897.363699,9286.274876,25863.28012,0,2436.857
,,,,,8180,13096.46294,8761.583391,9613.672975,26216.63605,0,2436.857
,,,,,8181,12584.70644,8614.358338,9380.744755,26368.31544,0,2436.857
,,,,,8182,11639.03708,8518.356003,8886.190791,27597.31768,0,2436.857
,,,,,8183,10673.37696,7919.25904,8174.791772,26331.54405,0,2436.857
,,,,,8184,9747.999481,7492.772691,7569.485801,25163.78513,0,2436.857
,,,,,8185,9454.156277,7186.983642,7181.964768,24463.78282,0,2436.857
,,,,,8186,9347.474504,7085.058214,7055.10083,24134.0509,0,2436.857
,,,,,8187,9264.436896,7097.694197,7055.10083,23725.57222,0,2436.857
,,,,,8188,9264.436896,7063.644944,7055.10083,23725.57222,0,2436.857
,,,,,8189,9701.493209,7111.867748,7055.10083,23725.57222,0,2436.857
,,,,,8190,11214.25547,7594.817855,7944.519978,24281.54512,0,2436.857
,,,,,8191,12174.41635,8278.752766,8491.704977,25065.61052,0,2436.857
,,,,,8192,11996.15485,8160.043188,8619.793971,24839.75517,0,2436.857
,,,,,8193,12417.14474,8098.307542,9148.810613,25738.27117,0,2436.857
,,,,,8194,12672.22499,8197.306734,9542.347866,26694.12429,0,2436.857
,,,,,8195,13336.86272,8628.700039,10283.14881,27072.80658,0,2436.857
,,,,,8196,13157.83619,8734.399953,9467.486704,26510.82441,0,2436.857
,,,,,8197,12153.31578,8292.859546,9313.022203,26147.63365,0,2436.857
,,,,,8198,12294.08557,8083.972639,9506.826344,26624.92705,0,2436.857
,,,,,8199,12271.66799,8311.61649,9418.18785,26681.29906,0,2436.857
,,,,,8200,12532.87137,8296.244774,9632.070151,26808.9041,0,2436.857
,,,,,8201,14120.52212,8489.856498,9819.124955,26719.64193,0,2436.857
,,,,,8202,13564.22748,9119.656653,9649.863887,26132.36871,0,2436.857
,,,,,8203,12690.38975,8945.618682,9264.640889,25858.72096,0,2436.857
,,,,,8204,13051.35928,8809.102349,9589.428136,26213.11171,0,2436.857
,,,,,8205,12541.36198,8661.079231,9358.357413,26365.2353,0,2436.857
,,,,,8206,11598.94344,8564.556495,8867.747293,27596.76334,0,2436.857
,,,,,8207,10636.60286,7962.212,8162.021359,26328.35622,0,2436.857
,,,,,8208,9714.406442,7533.413792,7561.54243,25157.17748,0,2436.857
,,,,,8209,9470.901318,7270.422256,7179.052314,24416.21102,0,2436.857
,,,,,8210,9364.031076,7167.49571,7052.788944,24055.85624,0,2436.857
,,,,,8211,9256.241049,7180.096851,7052.788944,23600.71075,0,2436.857
,,,,,8212,9256.241049,7167.49571,7052.788944,23600.71075,0,2436.857
,,,,,8213,9718.675206,7194.434847,7052.788944,23600.71075,0,2436.857
,,,,,8214,11234.10998,7682.988266,7939.3102,24217.04854,0,2436.857
,,,,,8215,12195.96712,8374.858364,8484.846714,25073.93166,0,2436.857
,,,,,8216,12017.3907,8254.771488,8612.549818,24827.10067,0,2436.857
,,,,,8217,12439.12433,8192.319568,9139.97271,25809.06364,0,2436.857
,,,,,8218,12694.65521,8292.467374,9532.324367,26853.68874,0,2436.857
,,,,,8219,13360.46713,8728.865815,10272.14607,27267.54001,0,2436.857
,,,,,8220,13181.12432,8835.792086,9457.688736,26653.36544,0,2436.857
,,,,,8221,12174.82928,8389.128814,9303.689585,26256.44443,0,2436.857
,,,,,8222,12315.84776,8177.818348,9496.90986,26778.06501,0,2436.857
,,,,,8223,12293.39058,8408.103382,9408.538404,26839.67241,0,2436.857
,,,,,8224,12555.05541,8392.553319,9621.776349,26979.12838,0,2436.857
,,,,,8225,14177.69759,8588.411376,9808.267619,26881.57626,0,2436.857
,,,,,8226,13588.23356,9207.131063,9639.516478,26239.7618,0,2436.857
,,,,,8227,12712.85206,9049.46143,9255.454028,25940.69984,0,2436.857
,,,,,8228,13074.4593,8911.361199,9579.2628,26328.00356,0,2436.857
,,,,,8229,12563.56102,8761.620679,9348.888216,26494.25517,0,2436.857
,,,,,8230,11619.47756,8663.978061,8859.75614,27806.1181,0,2436.857
,,,,,8231,10655.43687,8054.645011,8156.156322,26453.95106,0,2436.857
,,,,,8232,9731.611253,7620.871776,7557.486436,25174.00262,0,2436.857
,,,,,8233,9528.893456,7341.424173,7266.368365,24645.30547,0,2436.857
,,,,,8234,9421.370501,7258.608047,7139.714061,24268.54524,0,2436.857
,,,,,8235,9315.623481,7258.608047,7139.714061,23788.39916,0,2436.857
,,,,,8236,9315.623481,7258.608047,7139.714061,23788.39916,0,2436.857
,,,,,8237,9778.180631,7270.171254,7139.714061,23788.39916,0,2436.857
,,,,,8238,11302.87097,7728.284753,8028.121672,24437.07595,0,2436.857
,,,,,8239,12270.60268,8377.047037,8574.731252,25332.96938,0,2436.857
,,,,,8240,12090.9356,8264.44232,8702.685547,25074.90121,0,2436.857
,,,,,8241,12515.24498,8205.881545,9231.145876,26101.56885,0,2436.857
,,,,,8242,12772.33652,8299.789519,9624.269285,27193.75137,0,2436.857
,,,,,8243,13442.2149,8708.997619,10364.72841,27626.44355,0,2436.857
,,,,,8244,13261.77675,8809.261719,9549.486847,26984.30818,0,2436.857
,,,,,8245,12249.33574,8390.428349,9395.184781,26569.31701,0,2436.857
,,,,,8246,12391.21549,8192.28384,9588.785118,27114.6848,0,2436.857
,,,,,8247,12368.62115,8408.220683,9500.239836,27179.09693,0,2436.857
,,,,,8248,12631.88411,8393.639486,9713.897218,27324.90174,0,2436.857
,,,,,8249,14257.72842,8577.294366,9900.755316,27222.90848,0,2436.857
,,,,,8250,13671.37243,9140.677482,9731.672242,26551.87489,0,2436.857
,,,,,8251,12790.64451,9009.618132,9346.854345,26239.19789,0,2436.857
,,,,,8252,13154.46028,8880.122405,9671.300046,26644.13394,0,2436.857
,,,,,8253,12640.44167,8739.711652,9440.472316,26817.95429,0,2436.857
,,,,,8254,11690.59219,8648.152777,8950.378122,28172.85466,0,2436.857
,,,,,8255,10720.66359,8076.784969,8245.394329,26775.8153,0,2436.857
,,,,,8256,9791.195685,7670.038507,7645.546864,25437.59615,0,2436.857
,,,,,8257,9575.292396,7329.590243,7349.537087,25050.44124,0,2436.857
,,,,,8258,9467.247212,7248.893556,7222.337363,24694.76803,0,2436.857
,,,,,8259,9390.954185,7248.893556,7222.337363,24246.75688,0,2436.857
,,,,,8260,9390.954185,7248.893556,7222.337363,24246.75688,0,2436.857
,,,,,8261,9825.790337,7259.840509,7222.337363,24246.75688,0,2436.857
,,,,,8262,11357.88596,7708.289422,8113.376758,24853.8662,0,2436.857
,,,,,8263,12330.31786,8343.365102,8661.483446,25699.61708,0,2436.857
,,,,,8264,12149.77815,8233.135949,8789.788195,25455.9928,0,2436.857
,,,,,8265,12576.14837,8175.8106,9319.695922,26425.19856,0,2436.857
,,,,,8266,12834.48858,8267.737445,9713.896056,27456.25236,0,2436.857
,,,,,8267,13507.6205,8668.312693,10455.2445,27864.72706,0,2436.857
,,,,,8268,13326.30597,8766.461571,9638.908796,27258.53156,0,2436.857
,,,,,8269,12308.94762,8356.464115,9484.184113,26866.76717,0,2436.857
,,,,,8270,12451.51648,8162.499759,9678.314701,27381.6111,0,2436.857
,,,,,8271,12428.8124,8373.881093,9589.526903,27442.41812,0,2436.857
,,,,,8272,12693.354,8359.607508,9803.769471,27580.06234,0,2436.857
,,,,,8273,14284.08194,8539.387916,9991.139353,27483.77757,0,2436.857
,,,,,8274,13737.89102,9092.09856,9821.593179,26850.30128,0,2436.857
,,,,,8275,12852.88548,8962.591168,9435.721304,26555.1246,0,2436.857
,,,,,8276,13218.46827,8835.827347,9761.055629,26937.39664,0,2436.857
,,,,,8277,12701.95312,8698.378767,9529.595686,27101.48839,0,2436.857
,,,,,8278,11747.49031,8608.751463,9038.159174,28401.06986,0,2436.857
,,,,,8279,10772.85085,8049.437509,8331.244503,27061.70789,0,2436.857
,,,,,8280,9838.868604,7651.271968,7729.754116,25798.38796,0,2436.857
,,,,,8281,9598.309704,7280.201587,7355.245069,25258.80452,0,2436.857
,,,,,8282,9490.005455,7176.954993,7225.276013,24911.35061,0,2436.857
,,,,,8283,9397.538303,7189.754764,7225.276013,24475.86503,0,2436.857
,,,,,8284,9397.538303,7173.854365,7225.276013,24475.86503,0,2436.857
,,,,,8285,9849.408273,7204.112034,7225.276013,24475.86503,0,2436.857
,,,,,8286,11385.17746,7693.322182,8129.67812,25066.77215,0,2436.857
,,,,,8287,12359.941,8386.122316,8685.386275,25892.97845,0,2436.857
,,,,,8288,12178.9684,8265.874014,8815.47043,25654.98412,0,2436.857
,,,,,8289,12606.36095,8203.338145,9352.72723,26601.79236,0,2436.857
,,,,,8290,12865.3206,8303.620573,9752.394364,27609.01939,0,2436.857
,,,,,8291,13540.06651,8740.605635,10498.25827,28008.05458,0,2436.857
,,,,,8292,13358.31724,8847.67564,9676.367137,27415.86775,0,2436.857
,,,,,8293,12338.51953,8400.411948,9519.49664,27033.1567,0,2436.857
,,,,,8294,12481.43023,8188.817432,9716.319547,27536.10302,0,2436.857
,,,,,8295,12458.67171,8419.412022,9626.300387,27595.50484,0,2436.857
,,,,,8296,12723.84761,8403.841056,9843.514197,27729.96822,0,2436.857
,,,,,8297,14338.85083,8599.962392,10033.48264,27635.90851,0,2436.857
,,,,,8298,13770.88916,9222.092279,9861.585095,27017.07132,0,2436.857
,,,,,8299,12883.76161,9061.632205,9470.361721,26728.71592,0,2436.857
,,,,,8300,13250.22097,8923.346335,9800.207974,27102.15398,0,2436.857
,,,,,8301,12732.46735,8773.404529,9565.538009,27262.45371,0,2436.857
,,,,,8302,11775.71598,8675.630657,9067.285965,28540.47296,0,2436.857
,,,,,8303,10798.73959,8065.478521,8350.567384,27223.5925,0,2436.857
,,,,,8304,9862.517899,7631.122194,7740.735173,25989.46682,0,2436.857
,,,,,8305,9605.889377,7490.319587,7347.579224,25288.01749,0,2436.857
,,,,,8306,9497.499818,7384.095017,7218.697794,24954.7507,0,2436.857
,,,,,8307,9420.178847,7397.263977,7218.697794,24540.88515,0,2436.857
,,,,,8308,9420.178847,7274.943537,7218.697794,24540.88515,0,2436.857
,,,,,8309,9857.185736,7412.035358,7218.697794,24540.88515,0,2436.857
,,,,,8310,11394.16464,7915.355957,8117.851835,25103.82612,0,2436.857
,,,,,8311,12369.696,8628.138755,8670.574594,25896.29707,0,2436.857
,,,,,8312,12188.58085,8504.422092,8799.959905,25668.02044,0,2436.857
,,,,,8313,12616.31005,8440.08248,9334.330434,26576.16895,0,2436.857
,,,,,8314,12875.47368,8543.257387,9731.850461,27542.26925,0,2436.857
,,,,,8315,13550.75109,8992.846555,10475.94097,27925.01119,0,2436.857
,,,,,8316,13368.85865,9103.004816,9656.23167,27357.00431,0,2436.857
,,,,,8317,12348.25765,8642.840549,9500.203919,26989.91997,0,2436.857
,,,,,8318,12491.28092,8425.142941,9695.969446,27472.33018,0,2436.857
,,,,,8319,12468.50447,8662.388648,9606.43389,27529.30653,0,2436.857
,,,,,8320,12733.88926,8646.368563,9822.480776,27658.27955,0,2436.857
,,,,,8321,14329.1588,8848.146692,10011.42866,27568.06045,0,2436.857
,,,,,8322,13781.75556,9568.296088,9840.454592,26974.49139,0,2436.857
,,,,,8323,12893.92922,9323.132601,9451.332964,26697.91001,0,2436.857
,,,,,8324,13260.67724,9180.858106,9779.407204,27056.09999,0,2436.857
,,,,,8325,12742.51579,9026.591479,9545.997942,27209.85441,0,2436.857
,,,,,8326,11785.01079,8925.997482,9050.422627,28450.65572,0,2436.857
,,,,,8327,10807.26484,8298.246525,8337.554429,27172.57998,0,2436.857
,,,,,8328,9870.305687,7851.361914,7730.998383,25988.84566,0,2436.857
,,,,,8329,9561.80344,7617.987528,7242.022941,25080.32599,0,2436.857
,,,,,8330,9453.910077,7509.953536,7116.98768,24760.9326,0,2436.857
,,,,,8331,9440.04466,7523.346815,7116.98768,24368.20903,0,2436.857
,,,,,8332,9440.04466,7360.79353,7116.98768,24368.20903,0,2436.857
,,,,,8333,9811.949391,7538.369811,7116.98768,24368.20903,0,2436.857
,,,,,8334,11341.89217,8050.263936,7997.583006,24903.80224,0,2436.857
,,,,,8335,12312.95765,8775.188224,8539.748516,25663.28377,0,2436.857
,,,,,8336,12132.67162,8649.364181,8666.662511,25444.50997,0,2436.857
,,,,,8337,12558.44272,8583.928612,9190.826328,26314.85358,0,2436.857
,,,,,8338,12816.41993,8688.860994,9580.753547,27240.73654,0,2436.857
,,,,,8339,13488.60599,9146.10843,10318.57279,27607.54549,0,2436.857
,,,,,8340,13307.54624,9258.143119,9506.579108,27063.18391,0,2436.857
,,,,,8341,12291.61744,8790.140447,9353.531556,26711.38076,0,2436.857
,,,,,8342,12433.98596,8568.734594,9545.557875,27173.70893,0,2436.857
,,,,,8343,12411.31378,8810.021527,9457.732488,27228.31344,0,2436.857
,,,,,8344,12675.48366,8793.728558,9669.652783,27351.9175,0,2436.857
,,,,,8345,14180.27176,8998.943761,9854.991678,27265.45409,0,2436.857
,,,,,8346,13718.55294,9759.530936,9687.283292,26696.59444,0,2436.857
,,,,,8347,12834.79098,9482.020545,9305.594058,26431.52674,0,2436.857
,,,,,8348,13199.86007,9337.322556,9627.401936,26774.8058,0,2436.857
,,,,,8349,12684.0707,9180.428163,9398.450893,26922.15965,0,2436.857
,,,,,8350,11730.94906,9078.120655,8912.341285,28126.56597,0,2436.857
,,,,,8351,10757.67913,8439.676634,8213.089183,26886.43689,0,2436.857
,,,,,8352,9825.00928,7985.179823,7618.118625,25751.9797,0,2436.857
,,,,,8353,9470.531142,7698.706704,7080.995296,24777.45946,0,2436.857
,,,,,8354,9374.761623,7589.52869,6962.027625,24447.70831,0,2436.857
,,,,,8355,9374.761623,7603.063796,6962.027625,24039.20032,0,2436.857
,,,,,8356,9374.761623,7501.303643,6962.027625,24039.20032,0,2436.857
,,,,,8357,9718.295371,7618.245878,6962.027625,24039.20032,0,2436.857
,,,,,8358,11233.67106,8135.560691,7813.345335,24595.21113,0,2436.857
,,,,,8359,12195.49071,8868.161543,8338.856079,25379.32228,0,2436.857
,,,,,8360,12016.92125,8741.005089,8461.871407,25153.45375,0,2436.857
,,,,,8361,12438.63844,8674.876593,8969.933452,26052.02217,0,2436.857
,,,,,8362,12694.15936,8780.920152,9347.882508,27007.93105,0,2436.857
,,,,,8363,13359.94532,9243.009596,10075.8084,27386.63543,0,2436.857
,,,,,8364,13180.6095,9356.230673,9275.986632,26824.62048,0,2436.857
,,,,,8365,12174.35369,8883.272102,9127.640543,26461.40853,0,2436.857
,,,,,8366,12315.36667,8659.521678,9313.768011,26938.72977,0,2436.857
,,,,,8367,12292.91037,8903.363712,9228.64053,26995.10507,0,2436.857
,,,,,8368,12554.565,8886.898208,9434.050852,27122.71755,0,2436.857
,,,,,8369,14008.54781,9094.286531,9613.696327,27033.45018,0,2436.857
,,,,,8370,13587.70287,9812.95119,9451.139769,26446.1427,0,2436.857
,,,,,8371,12712.3555,9582.478842,9081.175636,26172.47898,0,2436.857
,,,,,8372,13073.94864,9436.248579,9393.097907,26526.8904,0,2436.857
,,,,,8373,12563.07028,9277.692757,9171.180004,26679.02287,0,2436.857
,,,,,8374,11619.02362,9174.301867,8700.003182,27910.60137,0,2436.857
,,,,,8375,10655.02051,8529.097063,8022.231385,26642.14164,0,2436.857
,,,,,8376,9731.230914,8069.787371,7445.537709,25470.89457,0,2436.857
,,,,,8377,9399.781953,7628.199244,6979.327959,24692.20632,0,2436.857
,,,,,8378,9293.712175,7543.706375,6861.515922,24353.32624,0,2436.857
,,,,,8379,9271.013845,7543.706375,6861.515922,23930.90649,0,2436.857
,,,,,8380,9271.013845,7543.706375,6861.515922,23930.90649,0,2436.857
,,,,,8381,9645.700005,7555.757115,6861.515922,23930.90649,0,2436.857
,,,,,8382,11149.7841,8021.516519,7707.257414,24504.91258,0,2436.857
,,,,,8383,12104.4369,8681.106633,8229.596089,25310.73128,0,2436.857
,,,,,8384,11927.19802,8566.622546,8351.868877,25078.60974,0,2436.857
,,,,,8385,12345.77285,8507.084392,8856.864176,26002.05439,0,2436.857
,,,,,8386,12599.38979,8602.559688,9232.53187,26984.42693,0,2436.857
,,,,,8387,13260.21475,9018.597464,9958.573474,27373.61548,0,2436.857
,,,,,8388,13082.21522,9120.534969,9161.069969,26796.04153,0,2436.857
,,,,,8389,12083.45738,8694.711279,9013.619321,26422.77432,0,2436.857
,,,,,8390,12223.41963,8493.259742,9198.623294,26913.30986,0,2436.857
,,,,,8391,12201.13065,8712.800566,9114.009655,26971.24588,0,2436.857
,,,,,8392,12460.8356,8697.976009,9318.180087,27102.39122,0,2436.857
,,,,,8393,13960.90997,8884.696087,9496.741193,27010.65254,0,2436.857
,,,,,8394,13486.2752,9456.522472,9335.165853,26407.08587,0,2436.857
,,,,,8395,12617.45035,9324.235327,8967.434883,26125.84597,0,2436.857
,,,,,8396,12976.34913,9192.578319,9277.474341,26490.06902,0,2436.857
,,,,,8397,12469.2775,9049.824113,9056.895971,26646.41316,0,2436.857
,,,,,8398,11532.26526,8956.737122,8588.563249,27901.94016,0,2436.857
,,,,,8399,10575.44528,8375.833198,7914.882593,26608.5109,0,2436.857
,,,,,8400,9658.53916,7962.298145,7341.669934,25404.83869,0,2436.857
,,,,,8401,9371.80862,7450.653905,7007.209356,24824.41127,0,2436.857
,,,,,8402,9266.053687,7377.680269,6887.573775,24491.65727,0,2436.857
,,,,,8403,9257.0593,7377.680269,6887.573775,24078.57317,0,2436.857
,,,,,8404,9257.0593,7377.680269,6887.573775,24078.57317,0,2436.857
,,,,,8405,9616.996716,7386.38165,6887.573775,24078.57317,0,2436.857
,,,,,8406,11116.61626,7799.613669,7742.114315,24640.50331,0,2436.857
,,,,,8407,12068.43537,8384.816571,8269.458388,25431.75489,0,2436.857
,,,,,8408,11891.72259,8283.243763,8392.902875,25203.82951,0,2436.857
,,,,,8409,12309.05497,8230.4202,8902.737375,26110.58066,0,2436.857
,,,,,8410,12561.91911,8315.127989,9282.004967,27075.19444,0,2436.857
,,,,,8411,13220.78254,8684.245883,10011.0199,27457.34746,0,2436.857
,,,,,8412,13043.31137,8774.687086,9209.858271,26890.21457,0,2436.857
,,,,,8413,12047.51813,8396.886913,9060.994652,26523.69506,0,2436.857
,,,,,8414,12187.06493,8218.154665,9247.771456,27005.36298,0,2436.857
,,,,,8415,12164.84211,8412.936128,9162.346994,27062.25167,0,2436.857
,,,,,8416,12423.77618,8399.783454,9368.473923,27191.02624,0,2436.857
,,,,,8417,13902.41074,8565.445626,9548.74612,27100.94595,0,2436.857
,,,,,8418,13446.17198,9079.266729,9385.622458,26508.29021,0,2436.857
,,,,,8419,12579.92605,8955.414538,9014.367645,26232.13441,0,2436.857
,,,,,8420,12937.75952,8838.605536,9327.378107,26589.77324,0,2436.857
,,,,,8421,12432.19303,8711.950855,9104.686008,26743.29109,0,2436.857
,,,,,8422,11497.96211,8629.362023,8631.86541,27982.74716,0,2436.857
,,,,,8423,10543.98224,8113.971244,7951.729097,26706.074,0,2436.857
,,,,,8424,9629.797761,7747.073821,7373.023533,25524.16108,0,2436.857
,,,,,8425,9360.318195,7244.141496,7041.106565,24883.96482,0,2436.857
,,,,,8426,9270.578067,7168.169854,6923.081174,24574.40683,0,2436.857
,,,,,8427,9270.578067,7168.169854,6923.081174,24196.67163,0,2436.857
,,,,,8428,9270.578067,7168.169854,6923.081174,24196.67163,0,2436.857
,,,,,8429,9603.979277,7177.742942,6923.081174,24196.67163,0,2436.857
,,,,,8430,11094.2593,7604.645783,7769.852155,24712.87694,0,2436.857
,,,,,8431,12040.15055,8209.208763,8292.776463,25448.971,0,2436.857
,,,,,8432,11864.53832,8104.275655,8415.18634,25236.93412,0,2436.857
,,,,,8433,12279.27158,8049.704546,8920.747826,26080.47636,0,2436.857
,,,,,8434,12530.5609,8137.214696,9296.836709,26977.84768,0,2436.857
,,,,,8435,13185.32098,8518.543998,10023.22619,27333.36111,0,2436.857
,,,,,8436,13008.95508,8611.977239,9225.294687,26805.7626,0,2436.857
,,,,,8437,12019.36357,8221.678425,9077.678721,26464.79288,0,2436.857
,,,,,8438,12158.04128,8037.033235,9262.890115,26912.88412,0,2436.857
,,,,,8439,12135.95687,8238.25859,9178.18161,26965.80713,0,2436.857
,,,,,8440,12393.27831,8224.670791,9382.580953,27085.60493,0,2436.857
,,,,,8441,13822.38879,8395.813511,9561.342256,27001.80407,0,2436.857
,,,,,8442,13409.30671,8924.731118,9399.585763,26450.46189,0,2436.857
,,,,,8443,12548.45569,8798.683638,9031.442502,26193.55669,0,2436.857
,,,,,8444,12904.06061,8678.010282,9341.829568,26526.26481,0,2436.857
,,,,,8445,12401.64274,8547.165525,9121.003891,26669.08104,0,2436.857
,,,,,8446,11473.23015,8461.844433,8652.146087,27847.68553,0,2436.857
,,,,,8447,10525.1916,7929.403147,7977.710118,26634.45833,0,2436.857
,,,,,8448,9616.700597,7550.367776,7403.854789,25534.93563,0,2436.857
,,,,,8449,9275.854295,7123.900354,7020.258588,24740.08485,0,2436.857
,,,,,8450,9186.208142,7040.020089,6904.757889,24438.20778,0,2436.857
,,,,,8451,9186.208142,7040.020089,6904.757889,24072.17768,0,2436.857
,,,,,8452,9186.208142,7040.020089,6904.757889,24072.17768,0,2436.857
,,,,,8453,9518.538494,7051.892707,6904.757889,24072.17768,0,2436.857
,,,,,8454,11002.8437,7514.858652,7739.346607,24573.24209,0,2436.857
,,,,,8455,11944.94269,8170.492779,8255.340953,25291.07179,0,2436.857
,,,,,8456,11770.03453,8056.695326,8376.128615,25084.29608,0,2436.857
,,,,,8457,12183.10505,7997.514261,8874.990237,25906.90791,0,2436.857
,,,,,8458,12433.3869,8092.41693,9246.09507,26782.01318,0,2436.857
,,,,,8459,13085.52192,8505.95946,9968.367984,27128.70543,0,2436.857
,,,,,8460,12909.86311,8607.28558,9175.501145,26614.19797,0,2436.857
,,,,,8461,11924.23906,8184.015829,9029.841434,26281.68857,0,2436.857
,,,,,8462,12062.36078,7983.772527,9212.598347,26718.66153,0,2436.857
,,,,,8463,12040.36491,8201.996623,9129.012427,26770.27139,0,2436.857
,,,,,8464,12296.65471,8187.260978,9330.703003,26887.0967,0,2436.857
,,,,,8465,13722.57955,8372.861175,9507.095304,26805.37516,0,2436.857
,,,,,8466,13308.60965,8941.602781,9347.48246,26267.71317,0,2436.857
,,,,,8467,12451.20995,8809.764215,8984.217953,26017.18243,0,2436.857
,,,,,8468,12805.38917,8678.896839,9290.491669,26341.63522,0,2436.857
,,,,,8469,12304.9856,8536.998823,9072.592445,26480.90783,0,2436.857
,,,,,8470,11380.29519,8444.470134,8609.948096,27639.36248,0,2436.857
,,,,,8471,10436.0575,7867.050265,7944.449969,26447.14419,0,2436.857
,,,,,8472,9531.208812,7455.995448,7378.199555,25374.90342,0,2436.857
,,,,,8473,9193.03938,7136.841522,6998.522196,24652.70323,0,2436.857
,,,,,8474,9089.29653,7057.540701,6885.573279,24355.94176,0,2436.857
,,,,,8475,9057.684279,7057.540701,6885.573279,23997.70742,0,2436.857
,,,,,8476,9057.684279,7057.540701,6885.573279,23997.70742,0,2436.857
,,,,,8477,9433.56255,7068.081789,6885.573279,23997.70742,0,2436.857
,,,,,8478,10904.65047,7510.165596,7708.035171,24488.68779,0,2436.857
,,,,,8479,11838.36036,8136.227262,8217.158775,25194.35318,0,2436.857
,,,,,8480,11665.0097,8027.562658,8336.338084,24991.08148,0,2436.857
,,,,,8481,12074.40195,7971.050963,8828.557096,25799.75338,0,2436.857
,,,,,8482,12322.45512,8061.673035,9194.720467,26660.02915,0,2436.857
,,,,,8483,12968.78308,8456.562675,9912.915104,27000.84637,0,2436.857
,,,,,8484,12794.68846,8553.318468,9125.066539,26495.05773,0,2436.857
,,,,,8485,11817.84108,8149.140353,8981.346365,26168.18302,0,2436.857
,,,,,8486,11954.73288,7957.929051,9161.669772,26597.75105,0,2436.857
,,,,,8487,11932.93287,8166.310121,9079.196843,26648.48634,0,2436.857
,,,,,8488,12186.94048,8152.23913,9278.201801,26763.33193,0,2436.857
,,,,,8489,13677.80768,8329.467806,9452.245344,26682.99524,0,2436.857
,,,,,8490,13189.88428,8875.149548,9294.75783,26154.44444,0,2436.857
,,,,,8491,12340.11946,8746.664279,8936.330385,25908.15919,0,2436.857
,,,,,8492,12691.14483,8621.699693,9238.525902,26227.11382,0,2436.857
,,,,,8493,12195.19719,8486.202004,9023.528124,26364.02631,0,2436.857
,,,,,8494,11278.74087,8397.846834,8567.044133,27509.06091,0,2436.857
,,,,,8495,10342.91133,7846.471561,7910.407472,26330.83484,0,2436.857
,,,,,8496,9446.120043,7453.957425,7351.696987,25276.76421,0,2436.857
,,,,,8497,9141.74882,7100.083851,6979.743893,24571.08124,0,2436.857
,,,,,8498,9038.583256,7026.565722,6870.796435,24269.52129,0,2436.857
,,,,,8499,9028.929826,7026.565722,6870.796435,23903.97447,0,2436.857
,,,,,8500,9028.929826,7026.565722,6870.796435,23903.97447,0,2436.857
,,,,,8501,9380.933579,7035.425421,6870.796435,23903.97447,0,2436.857
,,,,,8502,10843.83551,7451.14031,7673.764149,24404.41375,0,2436.857
,,,,,8503,11772.3497,8039.859355,8171.770678,25121.48937,0,2436.857
,,,,,8504,11599.96366,7937.676256,8288.347622,24914.93087,0,2436.857
,,,,,8505,12007.07782,7884.535306,8769.818682,25736.67854,0,2436.857
,,,,,8506,12253.75067,7969.752055,9127.986617,26610.8645,0,2436.857
,,,,,8507,12896.48209,8341.087763,9839.574317,26957.19254,0,2436.857
,,,,,8508,12723.35623,8432.072375,9059.853631,26443.22558,0,2436.857
,,,,,8509,11751.9446,8052.002221,8919.271689,26111.06549,0,2436.857
,,,,,8510,11888.07465,7872.196075,9095.657606,26547.5794,0,2436.857
,,,,,8511,11866.39595,8068.147866,9014.985532,26599.13505,0,2436.857
,,,,,8512,12118.99012,8054.916165,9209.645076,26715.83763,0,2436.857
,,,,,8513,13574.83711,8221.573705,9379.888255,26634.20193,0,2436.857
,,,,,8514,13116.35295,8738.136608,9225.839593,26097.10477,0,2436.857
,,,,,8515,12271.31672,8613.885713,8875.238665,25846.83722,0,2436.857
,,,,,8516,12620.38877,8496.374873,9170.835529,26170.94916,0,2436.857
,,,,,8517,12127.20088,8368.959198,8960.532379,26310.07546,0,2436.857
,,,,,8518,11215.84425,8285.874138,8514.01604,27467.69818,0,2436.857
,,,,,8519,10285.22222,7767.386676,7871.717507,26276.3473,0,2436.857
,,,,,8520,9393.421195,7398.284781,7325.206861,25205.23293,0,2436.857
,,,,,8521,9139.392381,7077.881622,6945.31439,24555.34419,0,2436.857
,,,,,8522,9036.253339,7007.936095,6834.475044,24243.56016,0,2436.857
,,,,,8523,9016.733473,7007.936095,6834.475044,23862.43263,0,2436.857
,,,,,8524,9016.733473,7007.936095,6834.475044,23862.43263,0,2436.857
,,,,,8525,9378.51565,7015.757016,6834.475044,23862.43263,0,2436.857
,,,,,8526,10841.0415,7415.180942,7646.571584,24383.02601,0,2436.857
,,,,,8527,11769.31697,7980.829366,8149.771107,25124.41337,0,2436.857
,,,,,8528,11596.97525,7882.6506,8267.563664,24910.85171,0,2436.857
,,,,,8529,12003.98475,7831.592129,8754.055293,25760.45993,0,2436.857
,,,,,8530,12250.59418,7913.469419,9115.958046,26664.28429,0,2436.857
,,,,,8531,12893.16037,8270.253287,9830.630514,27022.35425,0,2436.857
,,,,,8532,12720.07901,8357.67241,9047.114599,26490.96174,0,2436.857
,,,,,8533,11748.91712,7992.49638,8905.066731,26147.54009,0,2436.857
,,,,,8534,11885.01217,7819.736446,9083.291922,26598.85358,0,2436.857
,,,,,8535,11863.33905,8008.009312,9001.778636,26652.15717,0,2436.857
,,,,,8536,12115.86828,7995.296133,9198.468003,26772.81644,0,2436.857
,,,,,8537,13584.83574,8155.422725,9370.486403,26688.41296,0,2436.857
,,,,,8538,13112.97471,8653.995737,9214.831389,26133.10605,0,2436.857
,,,,,8539,12268.15572,8532.360877,8860.57455,25874.35342,0,2436.857
,,,,,8540,12617.13803,8419.455033,9159.253767,26209.45406,0,2436.857
,,,,,8541,12124.07693,8297.032501,8946.757669,26353.2973,0,2436.857
,,,,,8542,11212.9546,8217.203364,8495.585253,27537.74153,0,2436.857
,,,,,8543,10282.57181,7719.0343,7846.589113,26318.42562,0,2436.857
,,,,,8544,9391.000056,7364.396706,7294.379695,25210.99617,0,2436.857
,,,,,8545,9188.746773,6866.822691,6961.370963,24606.00085,0,2436.857
,,,,,8546,9085.052238,6783.430495,6845.353105,24281.13321,0,2436.857
,,,,,8547,9020.557899,6783.430495,6845.353105,23880.06731,0,2436.857
,,,,,8548,9020.557899,6783.430495,6845.353105,23880.06731,0,2436.857
,,,,,8549,9429.157929,6795.161201,6845.353105,23880.06731,0,2436.857
,,,,,8550,10899.56075,7255.901564,7682.437242,24426.45156,0,2436.857
,,,,,8551,11832.8358,7908.383909,8199.851124,25198.95025,0,2436.857
,,,,,8552,11659.56587,7795.133507,8320.971081,24976.42676,0,2436.857
,,,,,8553,12068.76746,7736.236938,8821.205106,25861.68765,0,2436.857
,,,,,8554,12316.70511,7830.683389,9193.330873,26803.43979,0,2436.857
,,,,,8555,12962.73207,8242.237926,9916.447026,27176.53568,0,2436.857
,,,,,8556,12788.71852,8343.076948,9122.54274,26622.844,0,2436.857
,,,,,8557,11812.32608,7921.841951,8976.482308,26265.01111,0,2436.857
,,,,,8558,11949.15412,7722.561264,9159.741998,26735.26336,0,2436.857
,,,,,8559,11927.36426,7939.736307,9075.926127,26790.80377,0,2436.857
,,,,,8560,12181.25359,7925.0715,9278.171568,26916.52634,0,2436.857
,,,,,8561,13716.21416,8109.779475,9455.049137,26828.58099,0,2436.857
,,,,,8562,13183.7303,8676.063401,9294.997187,26249.97136,0,2436.857
,,,,,8563,12334.36123,8544.582223,8930.733314,25980.36053,0,2436.857
,,,,,8564,12685.22312,8414.343956,9237.84961,26329.52322,0,2436.857
,,,,,8565,12189.50645,8273.128075,9019.350931,26479.40265,0,2436.857
,,,,,8566,11273.47693,8181.044193,8555.433815,27698.16991,0,2436.857
,,,,,8567,10338.08322,7606.400112,7888.104858,26443.06762,0,2436.857
,,,,,8568,9441.709574,7197.321329,7320.29665,25289.16638,0,2436.857
,,,,,8569,9243.601061,6854.363788,7053.96361,24830.76495,0,2436.857
,,,,,8570,9139.28913,6757.152539,6934.64663,24490.49901,0,2436.857
,,,,,8571,9034.591714,6769.204092,6934.64663,24065.96733,0,2436.857
,,,,,8572,9034.591714,6697.036361,6934.64663,24065.96733,0,2436.857
,,,,,8573,9485.443622,6782.722098,6934.64663,24065.96733,0,2436.857
,,,,,8574,10964.6012,7243.335157,7787.649847,24642.70526,0,2436.857
,,,,,8575,11903.43296,7895.637218,8314.119403,25451.81937,0,2436.857
,,,,,8576,11729.13138,7782.418108,8437.359177,25218.74857,0,2436.857
,,,,,8577,12140.76936,7723.537812,8946.348197,26145.96965,0,2436.857
,,,,,8578,12390.18322,7817.958167,9324.986835,27132.35962,0,2436.857
,,,,,8579,13040.05662,8229.39899,10053.48229,27523.13976,0,2436.857
,,,,,8580,12865.007,8330.21015,9252.959782,26943.20382,0,2436.857
,,,,,8581,11882.80112,7909.091541,9104.34303,26568.41012,0,2436.857
,,,,,8582,12020.44384,7709.865916,9290.810094,27060.95172,0,2436.857
,,,,,8583,11998.52425,7926.980954,9205.527295,27119.12466,0,2436.857
,,,,,8584,12253.92522,7912.320198,9411.312395,27250.80632,0,2436.857
,,,,,8585,13848.98267,8096.977137,9591.28564,27158.69247,0,2436.857
,,,,,8586,13262.37067,8733.296002,9428.432492,26552.65751,0,2436.857
,,,,,8587,12407.94447,8531.659748,9057.793346,26270.26748,0,2436.857
,,,,,8588,12760.89538,8401.457467,9370.28473,26635.98002,0,2436.857
,,,,,8589,12262.22722,8260.280604,9147.961931,26792.96354,0,2436.857
,,,,,8590,11340.74367,8168.222165,8675.925431,28052.12613,0,2436.857
,,,,,8591,10399.78064,7593.736861,7996.917016,26754.90628,0,2436.857
,,,,,8592,9498.069999,7184.771108,7419.171143,25546.31163,0,2436.857
,,,,,8593,9298.946824,6917.810857,7196.056024,25237.04604,0,2436.857
,,,,,8594,9194.011965,6819.700381,7075.179552,24906.10695,0,2436.857
,,,,,8595,9092.365344,6831.863413,7075.179552,24495.78864,0,2436.857
,,,,,8596,9092.365344,6766.029311,7075.179552,24495.78864,0,2436.857
,,,,,8597,9542.233615,6845.506464,7075.179552,24495.78864,0,2436.857
,,,,,8598,11030.2244,7310.380303,7935.707697,25054.14115,0,2436.857
,,,,,8599,11974.66265,7968.716315,8466.457858,25841.07707,0,2436.857
,,,,,8600,11799.32018,7854.449901,8590.699666,25614.39485,0,2436.857
,,,,,8601,12213.41637,7795.024949,9103.827161,26516.20037,0,2436.857
,,,,,8602,12464.31968,7890.318714,9485.544424,27475.55293,0,2436.857
,,,,,8603,13118.07397,8305.565463,10216.58266,27855.6216,0,2436.857
,,,,,8604,12941.97899,8407.30915,9412.931736,27291.58197,0,2436.857
,,,,,8605,11953.9076,7982.295094,9263.106615,26927.06155,0,2436.857
,,,,,8606,12092.37229,7781.226584,9451.0898,27406.10235,0,2436.857
,,,,,8607,12070.3218,8000.349988,9365.113586,27462.68075,0,2436.857
,,,,,8608,12327.24797,7985.553617,9572.571878,27590.75295,0,2436.857
,,,,,8609,13923.87022,8171.918676,9754.008444,27501.16399,0,2436.857
,,,,,8610,13341.71563,8807.72781,9589.831175,26911.74072,0,2436.857
,,,,,8611,12482.18698,8610.622205,9216.178446,26637.09113,0,2436.857
,,,,,8612,12837.24564,8479.215522,9531.210626,26992.77933,0,2436.857
,,,,,8613,12335.59955,8336.732739,9307.080171,27145.45985,0,2436.857
,,,,,8614,11408.61311,8243.822738,8831.205649,28380.15474,0,2436.857
,,,,,8615,10462.03085,7664.023307,8146.67637,27108.44576,0,2436.857
,,,,,8616,9554.935394,7251.274523,7564.232976,25932.97926,0,2436.857
,,,,,8617,9379.92162,7022.95791,7299.811521,25540.94456,0,2436.857
,,,,,8618,9274.075373,6923.357198,7176.146874,25220.91476,0,2436.857
,,,,,8619,9167.216217,6935.704979,7176.146874,24827.22133,0,2436.857
,,,,,8620,9162.498629,6909.532022,7176.146874,24827.22133,0,2436.857
,,,,,8621,9625.321423,6949.55526,7176.146874,24827.22133,0,2436.857
,,,,,8622,11126.23581,7421.490237,8050.128652,25364.06907,0,2436.857
,,,,,8623,12078.87676,8089.825955,8588.532001,26125.06393,0,2436.857
,,,,,8624,11902.0114,7973.823907,8714.565323,25905.8542,0,2436.857
,,,,,8625,12319.70412,7913.496327,9235.091895,26777.93204,0,2436.857
,,,,,8626,12572.78659,8010.237545,9622.313355,27705.65988,0,2436.857
,,,,,8627,13232.21892,8431.791628,10357.89778,28073.19973,0,2436.857
,,,,,8628,13054.59451,8535.080737,9548.653623,27527.75347,0,2436.857
,,,,,8629,12057.94145,8103.610987,9396.668089,27175.24932,0,2436.857
,,,,,8630,12197.60874,7899.488374,9587.361911,27638.49872,0,2436.857
,,,,,8631,12175.36674,8121.940123,9500.145956,27693.21203,0,2436.857
,,,,,8632,12434.52438,8106.919005,9710.595708,27817.06238,0,2436.857
,,,,,8633,14049.73578,8296.114832,9894.648511,27730.42668,0,2436.857
,,,,,8634,13457.80297,8908.252983,9728.103876,27160.43354,0,2436.857
,,,,,8635,12590.80908,8741.481988,9349.063236,26894.83768,0,2436.857
,,,,,8636,12948.95152,8608.079321,9668.638045,27238.80074,0,2436.857
,,,,,8637,12442.9485,8463.432316,9441.275724,27386.4482,0,2436.857
,,,,,8638,11507.91092,8369.11107,8958.539297,28592.52407,0,2436.857
,,,,,8639,10553.10735,7780.504854,8264.139402,27350.65427,0,2436.857
,,,,,8640,9638.13352,7361.486678,7673.297426,26213.93659,0,2436.857
,,,,,8641,9456.30476,7092.548999,7390.173651,25747.99229,0,2436.857
,,,,,8642,9349.598806,6991.961981,7265.34878,25434.36689,0,2436.857
,,,,,8643,9241.871714,7004.432037,7265.34878,25050.43326,0,2436.857
,,,,,8644,9238.147496,6990.448949,7265.34878,25050.43326,0,2436.857
,,,,,8645,9703.697756,7018.419472,7265.34878,25050.43326,0,2436.857
,,,,,8646,11216.80291,7495.027831,8144.928929,25574.65641,0,2436.857
,,,,,8647,12177.18144,8169.981808,8686.516949,26320.42233,0,2436.857
,,,,,8648,11998.87953,8052.831038,8813.295761,26105.5994,0,2436.857
,,,,,8649,12419.96485,7991.906059,9336.901262,26960.22532,0,2436.857
,,,,,8650,12675.10291,8089.605266,9726.413149,27869.38759,0,2436.857
,,,,,8651,13339.8913,8515.333829,10463.88935,28229.57227,0,2436.857
,,,,,8652,13160.82419,8619.645769,9652.317718,27695.04142,0,2436.857
,,,,,8653,12156.07608,8183.903348,9499.433185,27349.59154,0,2436.857
,,,,,8654,12296.87779,7977.759391,9691.254966,27803.57045,0,2436.857
,,,,,8655,12274.45512,8202.41399,9603.523127,27857.18884,0,2436.857
,,,,,8656,12535.71771,8187.244124,9815.217694,27978.56071,0,2436.857
,,,,,8657,14159.29412,8378.31348,10000.35917,27893.65876,0,2436.857
,,,,,8658,13567.3076,8985.789103,9832.829423,27335.07225,0,2436.857
,,,,,8659,12693.27179,8828.090929,9451.546747,27074.79146,0,2436.857
,,,,,8660,13054.32314,8693.367228,9773.01185,27411.87118,0,2436.857
,,,,,8661,12544.21025,8547.287842,9544.304675,27556.56394,0,2436.857
,,,,,8662,11601.57808,8452.032571,9058.712849,28745.83874,0,2436.857
,,,,,8663,10639.01937,7857.597625,8360.205559,27521.48631,0,2436.857
,,,,,8664,9716.613917,7434.430081,7765.868736,26407.51649,0,2436.857
,,,,,8665,9444.111551,7168.029001,7351.919694,25520.38613,0,2436.857
,,,,,8666,9337.542834,7080.251849,7224.764476,25195.20152,0,2436.857
,,,,,8667,9233.280822,7080.251849,7224.764476,24793.65258,0,2436.857
,,,,,8668,9233.280822,7080.251849,7224.764476,24793.65258,0,2436.857
,,,,,8669,9691.186369,7093.257535,7224.764476,24793.65258,0,2436.857
,,,,,8670,11202.34549,7573.993179,8115.589122,25340.66166,0,2436.857
,,,,,8671,12161.48884,8254.792056,8663.573649,26113.91408,0,2436.857
,,,,,8672,11983.41625,8136.626795,8791.849802,25891.17348,0,2436.857
,,,,,8673,12403.96001,8075.174224,9321.639424,26777.29811,0,2436.857
,,,,,8674,12658.76993,8173.719476,9715.751699,27719.96913,0,2436.857
,,,,,8675,13322.70332,8603.134721,10457.02758,28093.42904,0,2436.857
,,,,,8676,13143.86651,8708.349971,9640.781153,27539.19712,0,2436.857
,,,,,8677,12140.41064,8268.834152,9486.090954,27181.0151,0,2436.857
,,,,,8678,12281.03125,8060.90505,9680.178275,27651.72618,0,2436.857
,,,,,8679,12258.63743,8287.50509,9591.410266,27707.32077,0,2436.857
,,,,,8680,12519.564,8272.203857,9805.605084,27833.16601,0,2436.857
,,,,,8681,14134.67038,8464.927817,9992.933205,27745.13485,0,2436.857
,,,,,8682,13549.82713,9053.292264,9823.424819,27165.96068,0,2436.857
,,,,,8683,12676.91544,8918.600203,9437.638947,26896.08678,0,2436.857
,,,,,8684,13037.50244,8782.709836,9762.900762,27245.59015,0,2436.857
,,,,,8685,12528.04561,8635.365446,9531.492406,27395.61582,0,2436.857
,,,,,8686,11586.62579,8539.285294,9040.165425,28615.21462,0,2436.857
,,,,,8687,10625.30504,7939.702719,8333.408309,27359.24534,0,2436.857
,,,,,8688,9704.085918,7512.870671,7732.051982,26204.21824,0,2436.857
,,,,,8689,9416.789804,7245.089918,7259.00149,25146.22718,0,2436.857
,,,,,8690,9310.528599,7157.94433,7134.314068,24805.764,0,2436.857
,,,,,8691,9246.355319,7157.94433,7134.314068,24380.93173,0,2436.857
,,,,,8692,9246.355319,7157.94433,7134.314068,24380.93173,0,2436.857
,,,,,8693,9663.15167,7170.766381,7134.314068,24380.93173,0,2436.857
,,,,,8694,11169.95023,7648.62211,8013.230989,24958.05848,0,2436.857
,,,,,8695,12126.32591,8325.342564,8554.441728,25767.64162,0,2436.857
,,,,,8696,11948.76716,8207.885189,8681.132224,25534.43571,0,2436.857
,,,,,8697,12368.09741,8146.800758,9204.37297,26462.1943,0,2436.857
,,,,,8698,12622.17206,8244.755662,9593.613515,27449.15606,0,2436.857
,,,,,8699,13284.18962,8671.598433,10330.8656,27840.16272,0,2436.857
,,,,,8700,13105.86885,8776.183376,9519.5697,27259.8906,0,2436.857
,,,,,8701,12105.30852,8339.300539,9366.79167,26884.87965,0,2436.857
,,,,,8702,12245.52337,8132.617066,9558.479824,27377.70676,0,2436.857
,,,,,8703,12223.19416,8357.859626,9470.8091,27435.91343,0,2436.857
,,,,,8704,12483.36781,8342.650058,9682.356197,27567.67142,0,2436.857
,,,,,8705,14041.36612,8534.219478,9867.368704,27475.50418,0,2436.857
,,,,,8706,13510.65805,9119.403673,9699.955658,26869.1179,0,2436.857
,,,,,8707,12640.2652,8985.174075,9318.938591,26586.56417,0,2436.857
,,,,,8708,12999.8117,8850.097778,9640.179755,26952.48872,0,2436.857
,,,,,8709,12491.82495,8703.636076,9411.631902,27109.56323,0,2436.857
,,,,,8710,11553.12166,8608.131505,8926.378349,28369.24328,0,2436.857
,,,,,8711,10594.57488,8012.140814,8228.357653,27071.48391,0,2436.857
,,,,,8712,9676.013996,7587.865765,7634.434858,25862.18866,0,2436.857
,,,,,8713,9408.805364,7310.866104,7158.680698,24914.2919,0,2436.857
,,,,,8714,9302.634025,7227.268957,7041.651011,24570.47403,0,2436.857
,,,,,8715,9245.910248,7227.268957,7041.651011,24140.52948,0,2436.857
,,,,,8716,9245.910248,7227.268957,7041.651011,24140.52948,0,2436.857
,,,,,8717,9654.958878,7239.059254,7041.651011,24140.52948,0,2436.857
,,,,,8718,11160.48312,7700.734191,7883.617471,24724.26912,0,2436.857
,,,,,8719,12116.04998,8354.540044,8403.808695,25541.82932,0,2436.857
,,,,,8720,11938.64139,8241.059922,8525.578792,25306.32557,0,2436.857
,,,,,8721,12357.61701,8182.043887,9028.497941,26243.22564,0,2436.857
,,,,,8722,12611.47678,8276.681915,9402.621182,27239.91223,0,2436.857
,,,,,8723,13272.93447,8689.071256,10127.38715,27634.7716,0,2436.857
,,,,,8724,13094.76451,8790.114822,9331.453077,27048.78189,0,2436.857
,,,,,8725,12095.05037,8368.025384,9184.608631,26670.07583,0,2436.857
,,,,,8726,12235.14663,8168.340472,9368.852011,27167.75892,0,2436.857
,,,,,8727,12212.83631,8385.956038,9284.586239,27226.53911,0,2436.857
,,,,,8728,12472.78992,8371.261484,9487.91728,27359.59536,0,2436.857
,,,,,8729,14019.87685,8556.344124,9665.744281,27266.51996,0,2436.857
,,,,,8730,13499.21137,9123.660087,9504.833214,26654.15878,0,2436.857
,,,,,8731,12629.55463,8992.028834,9138.614068,26368.82097,0,2436.857
,,,,,8732,12988.79705,8861.526389,9447.378884,26738.35107,0,2436.857
,,,,,8733,12481.23991,8720.024064,9227.707361,26896.97329,0,2436.857
,,,,,8734,11543.3305,8627.753397,8761.30006,28165.4539,0,2436.857
,,,,,8735,10585.59437,8051.943697,8090.389056,26858.51876,0,2436.857
,,,,,8736,9667.810326,7642.035131,7519.533004,25637.30797,0,2436.857
,,,,,8737,9422.063871,7490.068911,6741.020338,24060.60992,0,2436.857
,,,,,8738,9315.743305,7418.18371,6585.450519,23668.43484,0,2436.857
,,,,,8739,9264.102124,7418.18371,6577.477764,23110.69108,0,2436.857
,,,,,8740,9264.102124,7418.18371,6577.477764,22483.91225,0,2436.857
,,,,,8741,9668.563362,7426.568615,6583.435626,23063.42677,0,2436.857
,,,,,8742,11176.20366,7834.8374,7525.361775,23843.86086,0,2436.857
,,,,,8743,12133.1136,8413.011566,8088.179868,24776.40907,0,2436.857
,,,,,8744,11955.45567,8312.658726,8219.928369,24507.78224,0,2436.857
,,,,,8745,12375.02016,8260.469613,8764.059034,25576.4552,0,2436.857
,,,,,8746,12629.23675,8344.159997,9168.839659,26713.32352,0,2436.857
,,,,,8747,13291.62413,8708.844502,9994.65254,27163.71898,0,2436.857
,,,,,8748,13113.20375,8798.199437,9091.839711,26495.31113,0,2436.857
,,,,,8749,12112.08448,8424.936934,8932.962154,26063.34092,0,2436.857
,,,,,8750,12252.37765,8248.351398,9132.303286,26631.02201,0,2436.857
,,,,,8751,12230.03597,8440.793386,9041.132388,26698.06951,0,2436.857
,,,,,8752,12490.35496,8427.798685,9261.125313,26849.83982,0,2436.857
,,,,,8753,14031.92276,8591.471127,9453.524279,26743.67358,0,2436.857
,,,,,8754,13518.21907,9099.811398,9279.427416,26045.18517,0,2436.857
,,,,,8755,12647.34,8976.756213,8883.198584,25719.71523,0,2436.857
,,,,,8756,13007.08735,8861.350177,9217.265014,26141.21892,0,2436.857
,,,,,8757,12498.81682,8736.216716,8979.592593,26322.151,0,2436.857
,,,,,8758,11559.58915,8654.619839,8474.965726,28422.37318,0,2436.857
,,,,,8759,10600.50689,8145.419299,7749.077179,26278.28792,0,2436.857
,,,,,8760,9681.432874,7782.928596,7131.442547,24885.31657,0,2436.857