HL_to_IME,HL_to_JL,IME_to_JL,IME_to_LN,JL_to_LN,IME_to_SD,LN_to_JB,
68.91111111,1272.557143,-108.55,4658.166667,2210.1,0,2290.4,
68.91111111,1272.557143,-107.24,4658.166667,2210.1,0,2295.2,
68.91111111,1272.557143,-107.24,4658.166667,2210.1,0,2230.6,
68.91111111,1272.557143,-107.24,4658.166667,2210.1,0,2251.5,
68.91111111,1272.557143,-107.24,4658.166667,2210.1,0,2159.9,
76.7,1272.557143,-118.6,4913.0625,2331,0,2257.9,
79.925,1525.5625,-125.81,4913.0625,2331,0,2335.2,
79.925,1525.5625,-127.5,4913.0625,2331,0,2363.3,
79.925,1525.5625,-134.47,4940.271429,2343.957143,0,2405.3,
76.7,1630.566667,-139.66,4940.271429,2343.957143,0,2481.2,
76.7,1630.566667,-151.54,4913.0625,2331,0,2564.4,
68.91111111,1525.5625,-138.67,4658.166667,2210.1,0,2612.3,
68.91111111,1525.5625,-136.64,4658.166667,2210.1,0,2486.8,
68.91111111,1525.5625,-139.19,4913.0625,2331,0,2513.4,
68.91111111,1630.566667,-138.03,4913.0625,2331,0,2534.6,
76.7,1630.566667,-140.84,4913.0625,2331,0,2577.6,
76.7,1630.566667,-143.31,4940.271429,2343.957143,0,2621.2,
79.925,1630.566667,-141.08,4940.271429,2343.957143,0,2621.2,
79.925,1630.566667,-136,4940.271429,2343.957143,0,2621.2,
79.925,1630.566667,-140.28,4940.271429,2343.957143,0,2621.2,
79.925,1630.566667,-137.24,4940.271429,2343.957143,0,2621.2,
79.925,1525.5625,-130.77,4913.0625,2331,0,2561.5,
76.7,1525.5625,-121.47,4658.166667,2210.1,0,2459.8,
76.7,1272.557143,-113.55,4658.166667,2210.1,0,2379.7,
69.2,1287.857143,-109.88,4693.344444,2226.766667,0,2283.7,
69.2,1287.857143,-108.62,4693.344444,2226.766667,0,2288.6,
69.2,1287.857143,-108.62,4693.344444,2226.766667,0,2224.1,
69.2,1287.857143,-108.62,4693.344444,2226.766667,0,2245,
69.2,1287.857143,-108.62,4693.344444,2226.766667,0,2169.9,
77,1287.857143,-119.77,4951.325,2349.175,0,2251.3,
80.2125,1536.7625,-126.87,4951.325,2349.175,0,2328.5,
80.2125,1536.7625,-128.53,4951.325,2349.175,0,2356.5,
80.2125,1536.7625,-135.4,4978.985714,2362.3,0,2398.4,
77,1640.244444,-140.51,4978.985714,2362.3,0,2474.2,
77,1640.244444,-152.32,4951.325,2349.175,0,2557.3,
69.2,1536.7625,-139.53,4693.344444,2226.766667,0,2605,
69.2,1536.7625,-137.53,4693.344444,2226.766667,0,2479.8,
69.2,1536.7625,-140.04,4951.325,2349.175,0,2506.3,
69.2,1640.244444,-138.89,4951.325,2349.175,0,2527.5,
77,1640.244444,-141.67,4951.325,2349.175,0,2570.4,
77,1640.244444,-144.1,4978.985714,2362.3,0,2621.2,
80.2125,1640.244444,-141.9,4978.985714,2362.3,0,2621.2,
80.2125,1640.244444,-136.9,4978.985714,2362.3,0,2620.3,
80.2125,1640.244444,-141.12,4978.985714,2362.3,0,2620.6,
80.2125,1640.244444,-138.12,4978.985714,2362.3,0,2621.2,
80.2125,1536.7625,-131.75,4951.325,2349.175,0,2554.3,
77,1536.7625,-122.6,4693.344444,2226.766667,0,2452.8,
77,1287.857143,-114.8,4693.344444,2226.766667,0,2372.9,
69.13333333,1297.114286,-110.7,4675.822222,2218.477778,0,2271.8,
69.13333333,1297.114286,-109.51,4675.822222,2218.477778,0,2276.3,
69.13333333,1297.114286,-109.51,4675.822222,2218.477778,0,2215.4,
69.13333333,1297.114286,-109.51,4675.822222,2218.477778,0,2235.1,
69.13333333,1297.114286,-109.51,4675.822222,2218.477778,0,2164.1,
76.9,1297.114286,-120.31,4923.5,2335.975,0,2241.1,
80.125,1538.6625,-127.21,4923.5,2335.975,0,2314,
80.125,1538.6625,-128.82,4923.5,2335.975,0,2340.5,
80.125,1538.6625,-135.49,4949.742857,2348.414286,0,2380.1,
76.9,1639.477778,-140.45,4949.742857,2348.414286,0,2451.6,
76.9,1639.477778,-152.14,4923.5,2335.975,0,2530.1,
69.13333333,1538.6625,-139.51,4675.822222,2218.477778,0,2575.1,
69.13333333,1538.6625,-137.56,4675.822222,2218.477778,0,2456.9,
69.13333333,1538.6625,-140,4923.5,2335.975,0,2482,
69.13333333,1639.477778,-138.88,4923.5,2335.975,0,2501.9,
76.9,1639.477778,-141.58,4923.5,2335.975,0,2542.5,
76.9,1639.477778,-143.94,4949.742857,2348.414286,0,2590.4,
80.125,1639.477778,-141.8,4949.742857,2348.414286,0,2590.4,
80.125,1639.477778,-136.95,4949.742857,2348.414286,0,2589.6,
80.125,1639.477778,-141.04,4949.742857,2348.414286,0,2589.9,
80.125,1639.477778,-138.13,4949.742857,2348.414286,0,2590.4,
80.125,1538.6625,-131.95,4923.5,2335.975,0,2527.3,
76.9,1538.6625,-123.05,4675.822222,2218.477778,0,2431.4,
76.9,1297.114286,-115.49,4675.822222,2218.477778,0,2355.9,
68.55555556,1294.571429,-110.5,4626.766667,2195.188889,0,2221.4,
68.55555556,1294.571429,-109.41,4626.766667,2195.188889,0,2225.8,
68.55555556,1294.571429,-109.41,4626.766667,2195.188889,0,2168.3,
68.55555556,1294.571429,-109.41,4626.766667,2195.188889,0,2186.9,
68.55555556,1294.571429,-109.41,4626.766667,2195.188889,0,2119.4,
76.35714286,1294.571429,-119.74,4863.3125,2307.425,0,2192.6,
79.5375,1526.3375,-126.37,4863.3125,2307.425,0,2261.3,
79.5375,1526.3375,-127.92,4863.3125,2307.425,0,2286.2,
79.5375,1526.3375,-134.33,4888,2319.142857,0,2323.6,
76.35714286,1623.633333,-139.09,4888,2319.142857,0,2391.1,
76.35714286,1623.633333,-150.63,4863.3125,2307.425,0,2465,
68.55555556,1526.3375,-138.19,4626.766667,2195.188889,0,2507.5,
68.55555556,1526.3375,-136.31,4626.766667,2195.188889,0,2396,
68.55555556,1526.3375,-138.66,4863.3125,2307.425,0,2419.7,
68.55555556,1623.633333,-137.59,4863.3125,2307.425,0,2438.5,
76.35714286,1623.633333,-140.18,4863.3125,2307.425,0,2476.8,
76.35714286,1623.633333,-142.45,4888,2319.142857,0,2521.7,
79.5375,1623.633333,-140.4,4888,2319.142857,0,2521.7,
79.5375,1623.633333,-135.73,4888,2319.142857,0,2521.1,
79.5375,1623.633333,-139.66,4888,2319.142857,0,2521.5,
79.5375,1623.633333,-136.86,4888,2319.142857,0,2521.7,
79.5375,1526.3375,-130.92,4863.3125,2307.425,0,2462.4,
76.35714286,1526.3375,-122.37,4626.766667,2195.188889,0,2372,
76.35714286,1294.571429,-115.1,4626.766667,2195.188889,0,2300.8,
68.15555556,1271.085714,-108.47,4574.688889,2170.477778,0,2167.2,
68.15555556,1271.085714,-107.34,4574.688889,2170.477778,0,2171.7,
68.15555556,1271.085714,-107.34,4574.688889,2170.477778,0,2111.3,
68.15555556,1271.085714,-107.34,4574.688889,2170.477778,0,2130.8,
68.15555556,1271.085714,-107.34,4574.688889,2170.477778,0,2060.2,
76,1271.085714,-117.84,4806.9125,2280.6625,0,2136.8,
79.1125,1506.4125,-124.56,4806.9125,2280.6625,0,2209.1,
79.1125,1506.4125,-126.14,4806.9125,2280.6625,0,2235.4,
79.1125,1506.4125,-132.64,4831,2292.1,0,2274.7,
76,1604.988889,-137.48,4831,2292.1,0,2345.6,
76,1604.988889,-149.07,4806.9125,2280.6625,0,2423.5,
68.15555556,1506.4125,-136.56,4574.688889,2170.477778,0,2468.2,
68.15555556,1506.4125,-134.66,4574.688889,2170.477778,0,2350.9,
68.15555556,1506.4125,-137.04,4806.9125,2280.6625,0,2375.8,
68.15555556,1604.988889,-135.95,4806.9125,2280.6625,0,2395.6,
76,1604.988889,-138.58,4806.9125,2280.6625,0,2435.8,
76,1604.988889,-140.88,4831,2292.1,0,2483.3,
79.1125,1604.988889,-138.8,4831,2292.1,0,2483.3,
79.1125,1604.988889,-134.06,4831,2292.1,0,2482.5,
79.1125,1604.988889,-138.06,4831,2292.1,0,2482.9,
79.1125,1604.988889,-135.22,4831,2292.1,0,2483.3,
79.1125,1506.4125,-129.19,4806.9125,2280.6625,0,2420.7,
76,1506.4125,-120.51,4574.688889,2170.477778,0,2325.6,
76,1271.085714,-113.13,4574.688889,2170.477778,0,2250.7,
68.61111111,1255.542857,-107.1,4561.455556,2164.2,0,2150.8,
68.61111111,1255.542857,-105.91,4561.455556,2164.2,0,2155.4,
68.61111111,1255.542857,-105.91,4561.455556,2164.2,0,2094.6,
68.61111111,1255.542857,-105.91,4561.455556,2164.2,0,2114.3,
68.61111111,1255.542857,-105.91,4561.455556,2164.2,0,2029.2,
76.41428571,1255.542857,-116.73,4799.5125,2277.15,0,2120.3,
79.5875,1497.4375,-123.64,4799.5125,2277.15,0,2193,
79.5875,1497.4375,-125.25,4799.5125,2277.15,0,2219.4,
79.5875,1497.4375,-131.93,4824.385714,2288.957143,0,2258.9,
76.41428571,1598.377778,-136.9,4824.385714,2288.957143,0,2330.2,
76.41428571,1598.377778,-148.6,4799.5125,2277.15,0,2408.4,
68.61111111,1497.4375,-135.95,4561.455556,2164.2,0,2453.4,
68.61111111,1497.4375,-134,4561.455556,2164.2,0,2335.5,
68.61111111,1497.4375,-136.45,4799.5125,2277.15,0,2360.5,
68.61111111,1598.377778,-135.33,4799.5125,2277.15,0,2380.4,
76.41428571,1598.377778,-138.03,4799.5125,2277.15,0,2420.8,
76.41428571,1598.377778,-140.39,4824.385714,2288.957143,0,2472.6,
79.5875,1598.377778,-138.26,4824.385714,2288.957143,0,2472.6,
79.5875,1598.377778,-133.39,4824.385714,2288.957143,0,2467.8,
79.5875,1598.377778,-137.49,4824.385714,2288.957143,0,2468.1,
79.5875,1598.377778,-134.58,4824.385714,2288.957143,0,2472.6,
79.5875,1497.4375,-128.38,4799.5125,2277.15,0,2405.7,
76.41428571,1497.4375,-119.47,4561.455556,2164.2,0,2310,
76.41428571,1255.542857,-111.9,4561.455556,2164.2,0,2234.8,
69.3,1246.914286,-106.35,4582.111111,2173.977778,0,2147.9,
69.3,1246.914286,-105.13,4582.111111,2173.977778,0,2152.4,
69.3,1246.914286,-105.13,4582.111111,2173.977778,0,2091.8,
69.3,1246.914286,-105.13,4582.111111,2173.977778,0,2111.4,
69.3,1246.914286,-105.13,4582.111111,2173.977778,0,2021.7,
77.01428571,1246.914286,-116.1,4825.175,2289.325,0,2117.4,
80.2125,1491.925,-123.09,4825.175,2289.325,0,2190,
80.2125,1491.925,-124.73,4825.175,2289.325,0,2216.3,
80.2125,1491.925,-131.48,4850.785714,2301.471429,0,2255.8,
77.01428571,1593.977778,-136.51,4850.785714,2301.471429,0,2327,
77.01428571,1593.977778,-148.26,4825.175,2289.325,0,2405.1,
69.3,1491.925,-135.56,4582.111111,2173.977778,0,2450,
69.3,1491.925,-133.58,4582.111111,2173.977778,0,2332.3,
69.3,1491.925,-136.06,4825.175,2289.325,0,2357.3,
69.3,1593.977778,-134.93,4825.175,2289.325,0,2377.1,
77.01428571,1593.977778,-137.66,4825.175,2289.325,0,2417.5,
77.01428571,1593.977778,-140.05,4850.785714,2301.471429,0,2469.4,
80.2125,1593.977778,-137.89,4850.785714,2301.471429,0,2471.9,
80.2125,1593.977778,-132.96,4850.785714,2301.471429,0,2464.4,
80.2125,1593.977778,-137.11,4850.785714,2301.471429,0,2464.7,
80.2125,1593.977778,-134.16,4850.785714,2301.471429,0,2470.1,
80.2125,1491.925,-127.89,4825.175,2289.325,0,2402.4,
77.01428571,1491.925,-118.88,4582.111111,2173.977778,0,2306.9,
77.01428571,1246.914286,-111.2,4582.111111,2173.977778,0,2231.7,
69.82222222,1254.542857,-107.05,4596.488889,2180.822222,0,2161.5,
69.82222222,1254.542857,-105.98,4596.488889,2180.822222,0,2166.1,
69.82222222,1254.542857,-105.98,4596.488889,2180.822222,0,2105.1,
69.82222222,1254.542857,-105.98,4596.488889,2180.822222,0,2124.8,
69.82222222,1254.542857,-105.98,4596.488889,2180.822222,0,2032.1,
77.25714286,1254.542857,-116.2,4831.4125,2292.2875,0,2130.9,
80.3375,1484,-122.76,4831.4125,2292.2875,0,2203.9,
80.3375,1484,-124.3,4831.4125,2292.2875,0,2230.4,
80.3375,1484,-130.64,4855.885714,2303.9,0,2270.1,
77.25714286,1580.4,-135.36,4855.885714,2303.9,0,2341.8,
77.25714286,1580.4,-146.86,4831.4125,2292.2875,0,2420.4,
69.82222222,1484,-134.46,4596.488889,2180.822222,0,2465.6,
69.82222222,1484,-132.61,4596.488889,2180.822222,0,2347.1,
69.82222222,1484,-134.94,4831.4125,2292.2875,0,2372.2,
69.82222222,1580.4,-133.87,4831.4125,2292.2875,0,2392.2,
77.25714286,1580.4,-136.44,4831.4125,2292.2875,0,2432.9,
77.25714286,1580.4,-138.68,4855.885714,2303.9,0,2485.1,
80.3375,1580.4,-136.65,4855.885714,2303.9,0,2489.8,
80.3375,1580.4,-132.03,4855.885714,2303.9,0,2480.1,
80.3375,1580.4,-135.93,4855.885714,2303.9,0,2480.4,
80.3375,1580.4,-133.16,4855.885714,2303.9,0,2485.8,
80.3375,1484,-127.27,4831.4125,2292.2875,0,2417.7,
77.25714286,1484,-118.81,4596.488889,2180.822222,0,2321.6,
77.25714286,1254.542857,-111.6,4596.488889,2180.822222,0,2245.9,
69.73333333,1254.071429,-107.02,4578.644444,2172.355556,0,2184.7,
69.73333333,1254.071429,-105.99,4578.644444,2172.355556,0,2189.4,
69.73333333,1254.071429,-105.99,4578.644444,2172.355556,0,2127.6,
69.73333333,1254.071429,-105.99,4578.644444,2172.355556,0,2147.6,
69.73333333,1254.071429,-105.99,4578.644444,2172.355556,0,2048.8,
77.1,1254.071429,-116.01,4813.0375,2283.575,0,2153.7,
80.175,1479.575,-122.47,4813.0375,2283.575,0,2227.6,
80.175,1479.575,-123.98,4813.0375,2283.575,0,2254.3,
80.175,1479.575,-130.22,4837.4,2295.114286,0,2294.5,
77.1,1574.544444,-134.86,4837.4,2295.114286,0,2366.9,
77.1,1574.544444,-146.29,4813.0375,2283.575,0,2446.4,
69.73333333,1479.575,-133.98,4578.644444,2172.355556,0,2492,
69.73333333,1479.575,-132.16,4578.644444,2172.355556,0,2372.3,
69.73333333,1479.575,-134.44,4813.0375,2283.575,0,2397.7,
69.73333333,1574.544444,-133.4,4813.0375,2283.575,0,2417.9,
77.1,1574.544444,-135.92,4813.0375,2283.575,0,2459,
77.1,1574.544444,-138.13,4837.4,2295.114286,0,2511.7,
80.175,1574.544444,-136.13,4837.4,2295.114286,0,2520.9,
80.175,1574.544444,-131.59,4837.4,2295.114286,0,2506.7,
80.175,1574.544444,-135.42,4837.4,2295.114286,0,2507,
80.175,1574.544444,-132.69,4837.4,2295.114286,0,2512.4,
80.175,1479.575,-126.91,4813.0375,2283.575,0,2443.6,
77.1,1479.575,-118.58,4578.644444,2172.355556,0,2346.5,
77.1,1254.071429,-111.5,4578.644444,2172.355556,0,2270,
69.12222222,1244.3,-106.18,4560.077778,2163.544444,0,2206.8,
69.12222222,1244.3,-105.16,4560.077778,2163.544444,0,2211.5,
69.12222222,1244.3,-105.16,4560.077778,2163.544444,0,2149.2,
69.12222222,1244.3,-105.16,4560.077778,2163.544444,0,2169.3,
69.12222222,1244.3,-105.16,4560.077778,2163.544444,0,2083.3,
76.7,1244.3,-115.13,4783.7875,2269.7,0,2175.5,
79.825,1468.7875,-121.56,4783.7875,2269.7,0,2250.1,
79.825,1468.7875,-123.06,4783.7875,2269.7,0,2277.1,
79.825,1468.7875,-129.28,4806.7,2280.557143,0,2317.7,
76.7,1563.388889,-133.9,4806.7,2280.557143,0,2390.9,
76.7,1563.388889,-145.31,4783.7875,2269.7,0,2471.1,
69.12222222,1468.7875,-133.02,4560.077778,2163.544444,0,2517.2,
69.12222222,1468.7875,-131.2,4560.077778,2163.544444,0,2396.3,
69.12222222,1468.7875,-133.48,4783.7875,2269.7,0,2421.9,
69.12222222,1563.388889,-132.44,4783.7875,2269.7,0,2442.3,
76.7,1563.388889,-134.95,4783.7875,2269.7,0,2483.8,
76.7,1563.388889,-137.15,4806.7,2280.557143,0,2536.7,
79.825,1563.388889,-135.16,4806.7,2280.557143,0,2536.7,
79.825,1563.388889,-130.64,4806.7,2280.557143,0,2532,
79.825,1563.388889,-134.45,4806.7,2280.557143,0,2532.4,
79.825,1563.388889,-131.74,4806.7,2280.557143,0,2536.7,
79.825,1468.7875,-125.98,4783.7875,2269.7,0,2468.3,
76.7,1468.7875,-117.69,4560.077778,2163.544444,0,2370.2,
76.7,1244.3,-110.64,4560.077778,2163.544444,0,2292.9,
69.04444444,1241.314286,-105.93,4541.033333,2154.533333,0,2218.9,
69.04444444,1241.314286,-104.95,4541.033333,2154.533333,0,2223.7,
69.04444444,1241.314286,-104.95,4541.033333,2154.533333,0,2161,
69.04444444,1241.314286,-104.95,4541.033333,2154.533333,0,2181.3,
69.04444444,1241.314286,-104.95,4541.033333,2154.533333,0,2104.1,
76.5,1241.314286,-114.73,4770.5125,2263.3625,0,2187.4,
79.5875,1461.6375,-121.04,4770.5125,2263.3625,0,2262.4,
79.5875,1461.6375,-122.52,4770.5125,2263.3625,0,2289.6,
79.5875,1461.6375,-128.62,4794.2,2274.642857,0,2330.4,
76.5,1554.733333,-133.16,4794.2,2274.642857,0,2404,
76.5,1554.733333,-144.5,4770.5125,2263.3625,0,2484.7,
69.04444444,1461.6375,-132.29,4541.033333,2154.533333,0,2531.1,
69.04444444,1461.6375,-130.51,4541.033333,2154.533333,0,2409.4,
69.04444444,1461.6375,-132.75,4770.5125,2263.3625,0,2435.2,
69.04444444,1554.733333,-131.73,4770.5125,2263.3625,0,2455.8,
76.5,1554.733333,-134.19,4770.5125,2263.3625,0,2497.5,
76.5,1554.733333,-136.35,4794.2,2274.642857,0,2548.1,
79.5875,1554.733333,-134.4,4794.2,2274.642857,0,2548.1,
79.5875,1554.733333,-129.95,4794.2,2274.642857,0,2545.9,
79.5875,1554.733333,-133.7,4794.2,2274.642857,0,2546.3,
79.5875,1554.733333,-131.04,4794.2,2274.642857,0,2548.1,
79.5875,1461.6375,-125.38,4770.5125,2263.3625,0,2481.9,
76.5,1461.6375,-117.23,4541.033333,2154.533333,0,2383.2,
76.5,1241.314286,-110.31,4541.033333,2154.533333,0,2305.5,
69.12222222,1233.171429,-105.19,4548.644444,2158.111111,0,2243.7,
69.12222222,1233.171429,-104.09,4548.644444,2158.111111,0,2248.5,
69.12222222,1233.171429,-104.09,4548.644444,2158.111111,0,2185.1,
69.12222222,1233.171429,-104.09,4548.644444,2158.111111,0,2205.6,
69.12222222,1233.171429,-104.09,4548.644444,2158.111111,0,2114.7,
76.47142857,1233.171429,-114.5,4794.2125,2274.6625,0,2211.9,
79.4875,1466.8125,-121.18,4794.2125,2274.6625,0,2287.7,
79.4875,1466.8125,-122.74,4794.2125,2274.6625,0,2315.2,
79.4875,1466.8125,-129.2,4820.157143,2286.971429,0,2356.4,
76.47142857,1564.711111,-134,4820.157143,2286.971429,0,2430.9,
76.47142857,1564.711111,-145.56,4794.2125,2274.6625,0,2512.5,
69.12222222,1466.8125,-133.09,4548.644444,2158.111111,0,2559.4,
69.12222222,1466.8125,-131.2,4548.644444,2158.111111,0,2436.4,
69.12222222,1466.8125,-133.57,4794.2125,2274.6625,0,2462.5,
69.12222222,1564.711111,-132.49,4794.2125,2274.6625,0,2483.2,
76.47142857,1564.711111,-135.1,4794.2125,2274.6625,0,2525.4,
76.47142857,1564.711111,-137.38,4820.157143,2286.971429,0,2579.6,
79.4875,1564.711111,-135.31,4820.157143,2286.971429,0,2580.9,
79.4875,1564.711111,-130.61,4820.157143,2286.971429,0,2574.4,
79.4875,1564.711111,-134.58,4820.157143,2286.971429,0,2574.7,
79.4875,1564.711111,-131.76,4820.157143,2286.971429,0,2580.3,
79.4875,1466.8125,-125.77,4794.2125,2274.6625,0,2509.6,
76.47142857,1466.8125,-117.16,4548.644444,2158.111111,0,2409.8,
76.47142857,1233.171429,-109.83,4548.644444,2158.111111,0,2331.3,
69.71111111,1243.285714,-106,4603.655556,2184.211111,0,2272.1,
69.71111111,1243.285714,-104.64,4603.655556,2184.211111,0,2276.9,
69.71111111,1243.285714,-104.64,4603.655556,2184.211111,0,2212.7,
69.71111111,1243.285714,-104.64,4603.655556,2184.211111,0,2233.5,
69.71111111,1243.285714,-104.64,4603.655556,2184.211111,0,2131.8,
77.12857143,1243.285714,-116.28,4858.5375,2305.1625,0,2239.8,
80.2,1502.1625,-123.66,4858.5375,2305.1625,0,2316.6,
80.2,1502.1625,-125.38,4858.5375,2305.1625,0,2344.5,
80.2,1502.1625,-132.51,4885.757143,2318.071429,0,2386.2,
77.12857143,1609.277778,-137.81,4885.757143,2318.071429,0,2461.6,
77.12857143,1609.277778,-149.79,4858.5375,2305.1625,0,2544.2,
69.71111111,1502.1625,-136.81,4603.655556,2184.211111,0,2591.7,
69.71111111,1502.1625,-134.72,4603.655556,2184.211111,0,2467.1,
69.71111111,1502.1625,-137.34,4858.5375,2305.1625,0,2493.6,
69.71111111,1609.277778,-136.14,4858.5375,2305.1625,0,2514.6,
77.12857143,1609.277778,-139.02,4858.5375,2305.1625,0,2557.3,
77.12857143,1609.277778,-141.54,4885.757143,2318.071429,0,2612.2,
80.2,1609.277778,-139.26,4885.757143,2318.071429,0,2621.2,
80.2,1609.277778,-134.07,4885.757143,2318.071429,0,2606.9,
80.2,1609.277778,-138.45,4885.757143,2318.071429,0,2607.3,
80.2,1609.277778,-135.34,4885.757143,2318.071429,0,2612.9,
80.2,1502.1625,-128.72,4858.5375,2305.1625,0,2541.3,
77.12857143,1502.1625,-119.21,4603.655556,2184.211111,0,2440.3,
77.12857143,1243.285714,-111.12,4603.655556,2184.211111,0,2360.7,
70.47777778,1281.042857,-109.25,4685.422222,2223.033333,0,2294.1,
70.47777778,1281.042857,-107.78,4685.422222,2223.033333,0,2299,
70.47777778,1281.042857,-107.78,4685.422222,2223.033333,0,2234.3,
70.47777778,1281.042857,-107.78,4685.422222,2223.033333,0,2255.2,
70.47777778,1281.042857,-107.78,4685.422222,2223.033333,0,2158.1,
77.9,1281.042857,-119.9,4947.55,2347.3875,0,2261.6,
80.9625,1549.825,-127.55,4947.55,2347.3875,0,2339.1,
80.9625,1549.825,-129.34,4947.55,2347.3875,0,2367.1,
80.9625,1549.825,-136.73,4975.785714,2360.785714,0,2409.2,
77.9,1660.533333,-142.23,4975.785714,2360.785714,0,2485.2,
77.9,1660.533333,-154.37,4947.55,2347.3875,0,2568.5,
70.47777778,1549.825,-141.18,4685.422222,2223.033333,0,2616.4,
70.47777778,1549.825,-139.02,4685.422222,2223.033333,0,2490.8,
70.47777778,1549.825,-141.73,4947.55,2347.3875,0,2517.5,
70.47777778,1660.533333,-140.49,4947.55,2347.3875,0,2538.6,
77.9,1660.533333,-143.48,4947.55,2347.3875,0,2581.7,
77.9,1660.533333,-146.1,4975.785714,2360.785714,0,2621.2,
80.9625,1660.533333,-143.73,4975.785714,2360.785714,0,2621.2,
80.9625,1660.533333,-138.35,4975.785714,2360.785714,0,2621.2,
80.9625,1660.533333,-142.89,4975.785714,2360.785714,0,2621.2,
80.9625,1660.533333,-139.66,4975.785714,2360.785714,0,2621.2,
80.9625,1549.825,-132.8,4947.55,2347.3875,0,2565.6,
77.9,1549.825,-122.94,4685.422222,2223.033333,0,2463.7,
77.9,1281.042857,-114.55,4685.422222,2223.033333,0,2383.5,
70.93333333,1308.657143,-111.62,4725.788889,2242.2,0,2312.6,
70.93333333,1308.657143,-110.15,4725.788889,2242.2,0,2317.5,
70.93333333,1308.657143,-110.15,4725.788889,2242.2,0,2252.4,
70.93333333,1308.657143,-110.15,4725.788889,2242.2,0,2273.5,
70.93333333,1308.657143,-110.15,4725.788889,2242.2,0,2187.7,
78.52857143,1308.657143,-122.34,5004.075,2374.2,0,2279.9,
81.6625,1578.9125,-130.03,5004.075,2374.2,0,2357.8,
81.6625,1578.9125,-131.83,5004.075,2374.2,0,2386,
81.6625,1578.9125,-139.26,5034.557143,2388.685714,0,2428.4,
78.52857143,1690.188889,-144.79,5034.557143,2388.685714,0,2504.8,
78.52857143,1690.188889,-156.95,5004.075,2374.2,0,2588.7,
70.93333333,1578.9125,-143.74,4725.788889,2242.2,0,2621.2,
70.93333333,1578.9125,-141.57,4725.788889,2242.2,0,2510.5,
70.93333333,1578.9125,-144.29,5004.075,2374.2,0,2537.3,
70.93333333,1690.188889,-143.05,5004.075,2374.2,0,2558.6,
78.52857143,1690.188889,-146.05,5004.075,2374.2,0,2601.9,
78.52857143,1690.188889,-148.68,5034.557143,2388.685714,0,2621.2,
81.6625,1690.188889,-146.3,5034.557143,2388.685714,0,2621.2,
81.6625,1690.188889,-140.89,5034.557143,2388.685714,0,2621.2,
81.6625,1690.188889,-145.45,5034.557143,2388.685714,0,2621.2,
81.6625,1690.188889,-142.2,5034.557143,2388.685714,0,2621.2,
81.6625,1578.9125,-135.31,5004.075,2374.2,0,2585.7,
78.52857143,1578.9125,-125.39,4725.788889,2242.2,0,2483.2,
78.52857143,1308.657143,-116.96,4725.788889,2242.2,0,2402.5,
70.95555556,1315.185714,-112.18,4774.777778,2265.411111,0,2296.9,
70.95555556,1315.185714,-110.64,4774.777778,2265.411111,0,2301.6,
70.95555556,1315.185714,-110.64,4774.777778,2265.411111,0,2238.6,
70.95555556,1315.185714,-110.64,4774.777778,2265.411111,0,2259,
70.95555556,1315.185714,-110.64,4774.777778,2265.411111,0,2185.9,
78.6,1315.185714,-123.11,5051.575,2396.75,0,2265.2,
81.7625,1591.1125,-130.95,5051.575,2396.75,0,2340.5,
81.7625,1591.1125,-132.79,5051.575,2396.75,0,2367.8,
81.7625,1591.1125,-140.37,5081.842857,2411.1,0,2408.8,
78.6,1704.433333,-146.01,5081.842857,2411.1,0,2482.7,
78.6,1704.433333,-158.27,5051.575,2396.75,0,2563.7,
70.95555556,1591.1125,-144.94,4774.777778,2265.411111,0,2610.3,
70.95555556,1591.1125,-142.72,4774.777778,2265.411111,0,2488.1,
70.95555556,1591.1125,-145.5,5051.575,2396.75,0,2514.1,
70.95555556,1704.433333,-144.23,5051.575,2396.75,0,2534.7,
78.6,1704.433333,-147.3,5051.575,2396.75,0,2576.6,
78.6,1704.433333,-149.98,5081.842857,2411.1,0,2621.2,
81.7625,1704.433333,-147.55,5081.842857,2411.1,0,2621.2,
81.7625,1704.433333,-142.03,5081.842857,2411.1,0,2621.2,
81.7625,1704.433333,-146.69,5081.842857,2411.1,0,2621.2,
81.7625,1704.433333,-143.37,5081.842857,2411.1,0,2621.2,
81.7625,1591.1125,-136.34,5051.575,2396.75,0,2560.9,
78.6,1591.1125,-126.22,4774.777778,2265.411111,0,2461.8,
78.6,1315.185714,-117.62,4774.777778,2265.411111,0,2383.8,
70.95555556,1320.457143,-112.64,4796.511111,2275.744444,0,2269.7,
70.95555556,1320.457143,-111.17,4796.511111,2275.744444,0,2274.2,
70.95555556,1320.457143,-111.17,4796.511111,2275.744444,0,2213.4,
70.95555556,1320.457143,-111.17,4796.511111,2275.744444,0,2233.1,
70.95555556,1320.457143,-111.17,4796.511111,2275.744444,0,2162.1,
78.45714286,1320.457143,-123.36,5057.225,2399.425,0,2239.1,
81.6,1590.7875,-131.05,5057.225,2399.425,0,2311.9,
81.6,1590.7875,-132.85,5057.225,2399.425,0,2338.3,
81.6,1590.7875,-140.28,5085.271429,2412.714286,0,2377.9,
78.45714286,1702.044444,-145.81,5085.271429,2412.714286,0,2449.3,
78.45714286,1702.044444,-157.98,5057.225,2399.425,0,2527.7,
70.95555556,1590.7875,-144.76,4796.511111,2275.744444,0,2572.7,
70.95555556,1590.7875,-142.59,4796.511111,2275.744444,0,2454.6,
70.95555556,1590.7875,-145.31,5057.225,2399.425,0,2479.6,
70.95555556,1702.044444,-144.07,5057.225,2399.425,0,2499.6,
78.45714286,1702.044444,-147.07,5057.225,2399.425,0,2540.1,
78.45714286,1702.044444,-149.7,5085.271429,2412.714286,0,2588,
81.6,1702.044444,-147.32,5085.271429,2412.714286,0,2588,
81.6,1702.044444,-141.91,5085.271429,2412.714286,0,2587.1,
81.6,1702.044444,-146.48,5085.271429,2412.714286,0,2587.5,
81.6,1702.044444,-143.23,5085.271429,2412.714286,0,2588,
81.6,1590.7875,-136.33,5057.225,2399.425,0,2524.9,
78.45714286,1590.7875,-126.42,4796.511111,2275.744444,0,2429.1,
78.45714286,1320.457143,-117.98,4796.511111,2275.744444,0,2353.7,
70.72222222,1328.014286,-113.33,4770.088889,2263.177778,0,2241,
70.72222222,1328.014286,-112.01,4770.088889,2263.177778,0,2245.8,
70.72222222,1328.014286,-112.01,4770.088889,2263.177778,0,2182.4,
70.72222222,1328.014286,-112.01,4770.088889,2263.177778,0,2202.9,
70.72222222,1328.014286,-112.01,4770.088889,2263.177778,0,2126.6,
78.07142857,1328.014286,-123.48,5024.6375,2383.975,0,2209.2,
81.0875,1583.4625,-130.76,5024.6375,2383.975,0,2284.9,
81.0875,1583.4625,-132.46,5024.6375,2383.975,0,2312.4,
81.0875,1583.4625,-139.5,5051.842857,2396.871429,0,2353.6,
78.07142857,1689.333333,-144.74,5051.842857,2396.871429,0,2427.9,
78.07142857,1689.333333,-156.66,5024.6375,2383.975,0,2509.4,
70.72222222,1583.4625,-143.74,4770.088889,2263.177778,0,2556.2,
70.72222222,1583.4625,-141.69,4770.088889,2263.177778,0,2433.4,
70.72222222,1583.4625,-144.26,5024.6375,2383.975,0,2459.4,
70.72222222,1689.333333,-143.09,5024.6375,2383.975,0,2480.2,
78.07142857,1689.333333,-145.93,5024.6375,2383.975,0,2522.3,
78.07142857,1689.333333,-148.42,5051.842857,2396.871429,0,2573.1,
81.0875,1689.333333,-146.17,5051.842857,2396.871429,0,2573.1,
81.0875,1689.333333,-141.04,5051.842857,2396.871429,0,2571.2,
81.0875,1689.333333,-145.36,5051.842857,2396.871429,0,2571.6,
81.0875,1689.333333,-142.29,5051.842857,2396.871429,0,2573.1,
81.0875,1583.4625,-135.76,5024.6375,2383.975,0,2506.5,
78.07142857,1583.4625,-126.37,4770.088889,2263.177778,0,2406.9,
78.07142857,1328.014286,-118.38,4770.088889,2263.177778,0,2328.4,
70.43333333,1341.214286,-114.52,4742.633333,2250.166667,0,2238.1,
70.43333333,1341.214286,-113.38,4742.633333,2250.166667,0,2242.8,
70.43333333,1341.214286,-113.38,4742.633333,2250.166667,0,2179.6,
70.43333333,1341.214286,-113.38,4742.633333,2250.166667,0,2200.1,
70.43333333,1341.214286,-113.38,4742.633333,2250.166667,0,2103.1,
77.64285714,1341.214286,-123.93,4991.6125,2368.2875,0,2206.3,
80.6125,1577.5375,-130.68,4991.6125,2368.2875,0,2281.9,
80.6125,1577.5375,-132.27,4991.6125,2368.2875,0,2309.4,
80.6125,1577.5375,-138.79,5018.014286,2380.828571,0,2350.5,
77.64285714,1676.455556,-143.65,5018.014286,2380.828571,0,2424.7,
77.64285714,1676.455556,-155.26,4991.6125,2368.2875,0,2506.1,
70.43333333,1577.5375,-142.73,4742.633333,2250.166667,0,2552.9,
70.43333333,1577.5375,-140.82,4742.633333,2250.166667,0,2430.2,
70.43333333,1577.5375,-143.21,4991.6125,2368.2875,0,2456.2,
70.43333333,1676.455556,-142.12,4991.6125,2368.2875,0,2476.9,
77.64285714,1676.455556,-144.76,4991.6125,2368.2875,0,2519,
77.64285714,1676.455556,-147.07,5018.014286,2380.828571,0,2573.1,
80.6125,1676.455556,-144.98,5018.014286,2380.828571,0,2579.5,
80.6125,1676.455556,-140.22,5018.014286,2380.828571,0,2567.9,
80.6125,1676.455556,-144.23,5018.014286,2380.828571,0,2568.2,
80.6125,1676.455556,-141.38,5018.014286,2380.828571,0,2573.8,
80.6125,1577.5375,-135.33,4991.6125,2368.2875,0,2503.3,
77.64285714,1577.5375,-126.62,4742.633333,2250.166667,0,2403.8,
77.64285714,1341.214286,-119.2,4742.633333,2250.166667,0,2325.4,
69.93333333,1336.471429,-114.1,4737.711111,2247.822222,0,2233.5,
69.93333333,1336.471429,-112.91,4737.711111,2247.822222,0,2238.2,
69.93333333,1336.471429,-112.91,4737.711111,2247.822222,0,2175.1,
69.93333333,1336.471429,-112.91,4737.711111,2247.822222,0,2195.6,
69.93333333,1336.471429,-112.91,4737.711111,2247.822222,0,2112.7,
77.07142857,1336.471429,-123.73,4981.35,2363.4125,0,2201.8,
80,1578.625,-130.65,4981.35,2363.4125,0,2277.3,
80,1578.625,-132.27,4981.35,2363.4125,0,2304.7,
80,1578.625,-138.95,5007,2375.6,0,2345.7,
77.07142857,1679.633333,-143.92,5007,2375.6,0,2419.8,
77.07142857,1679.633333,-155.62,4981.35,2363.4125,0,2501,
69.93333333,1578.625,-142.97,4737.711111,2247.822222,0,2547.7,
69.93333333,1578.625,-141.02,4737.711111,2247.822222,0,2425.2,
69.93333333,1578.625,-143.47,4981.35,2363.4125,0,2451.2,
69.93333333,1679.633333,-142.35,4981.35,2363.4125,0,2471.9,
77.07142857,1679.633333,-145.05,4981.35,2363.4125,0,2513.9,
77.07142857,1679.633333,-147.42,5007,2375.6,0,2566.3,
80,1679.633333,-145.28,5007,2375.6,0,2566.3,
80,1679.633333,-140.41,5007,2375.6,0,2562.6,
80,1679.633333,-144.51,5007,2375.6,0,2563,
80,1679.633333,-141.6,5007,2375.6,0,2566.3,
80,1578.625,-135.4,4981.35,2363.4125,0,2498.1,
77.07142857,1578.625,-126.48,4737.711111,2247.822222,0,2398.8,
77.07142857,1336.471429,-118.9,4737.711111,2247.822222,0,2320.7,
69.42222222,1311,-111.84,4737.988889,2247.955556,0,2220.1,
69.42222222,1311,-110.42,4737.988889,2247.955556,0,2224.4,
69.42222222,1311,-110.42,4737.988889,2247.955556,0,2168.3,
69.42222222,1311,-110.42,4737.988889,2247.955556,0,2186.4,
69.42222222,1311,-110.42,4737.988889,2247.955556,0,2120.3,
76.54285714,1311,-122.33,4965.075,2355.7125,0,2192,
79.4875,1575.35,-129.85,4965.075,2355.7125,0,2259.1,
79.4875,1575.35,-131.61,4965.075,2355.7125,0,2283.4,
79.4875,1575.35,-138.89,4988.457143,2366.785714,0,2319.9,
76.54285714,1684.455556,-144.3,4988.457143,2366.785714,0,2385.7,
76.54285714,1684.455556,-156.37,4965.075,2355.7125,0,2457.9,
69.42222222,1575.35,-143.27,4737.988889,2247.955556,0,2499.4,
69.42222222,1575.35,-141.15,4737.988889,2247.955556,0,2390.6,
69.42222222,1575.35,-143.81,4965.075,2355.7125,0,2413.7,
69.42222222,1684.455556,-142.59,4965.075,2355.7125,0,2432,
76.54285714,1684.455556,-145.54,4965.075,2355.7125,0,2469.4,
76.54285714,1684.455556,-148.11,4988.457143,2366.785714,0,2513.1,
79.4875,1684.455556,-145.78,4988.457143,2366.785714,0,2513.1,
79.4875,1684.455556,-140.48,4988.457143,2366.785714,0,2512.7,
79.4875,1684.455556,-144.95,4988.457143,2366.785714,0,2513,
79.4875,1684.455556,-141.77,4988.457143,2366.785714,0,2513.1,
79.4875,1575.35,-135.02,4965.075,2355.7125,0,2455.4,
76.54285714,1575.35,-125.32,4737.988889,2247.955556,0,2367.1,
76.54285714,1311,-117.06,4737.988889,2247.955556,0,2297.6,
68.82222222,1296.985714,-110.63,4728,2243.233333,0,2188.7,
68.82222222,1296.985714,-109.22,4728,2243.233333,0,2192.9,
68.82222222,1296.985714,-109.22,4728,2243.233333,0,2137.7,
68.82222222,1296.985714,-109.22,4728,2243.233333,0,2155.5,
68.82222222,1296.985714,-109.22,4728,2243.233333,0,2090.2,
75.85714286,1296.985714,-121.11,4952.5875,2349.75,0,2161,
78.7625,1561.1375,-128.63,4952.5875,2349.75,0,2227.1,
78.7625,1561.1375,-130.39,4952.5875,2349.75,0,2251,
78.7625,1561.1375,-137.66,4975.6,2360.685714,0,2286.9,
75.85714286,1670.166667,-143.07,4975.6,2360.685714,0,2351.8,
75.85714286,1670.166667,-155.13,4952.5875,2349.75,0,2422.9,
68.82222222,1561.1375,-142.04,4728,2243.233333,0,2463.8,
68.82222222,1561.1375,-139.92,4728,2243.233333,0,2356.6,
68.82222222,1561.1375,-142.58,4952.5875,2349.75,0,2379.3,
68.82222222,1670.166667,-141.36,4952.5875,2349.75,0,2397.4,
75.85714286,1670.166667,-144.3,4952.5875,2349.75,0,2434.2,
75.85714286,1670.166667,-146.87,4975.6,2360.685714,0,2477.2,
78.7625,1670.166667,-144.55,4975.6,2360.685714,0,2477.2,
78.7625,1670.166667,-139.25,4975.6,2360.685714,0,2476.8,
78.7625,1670.166667,-143.72,4975.6,2360.685714,0,2477.2,
78.7625,1670.166667,-140.54,4975.6,2360.685714,0,2477.2,
78.7625,1561.1375,-133.8,4952.5875,2349.75,0,2420.4,
75.85714286,1561.1375,-124.1,4728,2243.233333,0,2333.5,
75.85714286,1296.985714,-115.85,4728,2243.233333,0,2265,
68.2,1294.385714,-110.44,4687.8,2224.133333,0,2157,
68.2,1294.385714,-109.17,4687.8,2224.133333,0,2161.1,
68.2,1294.385714,-109.17,4687.8,2224.133333,0,2106.6,
68.2,1294.385714,-109.17,4687.8,2224.133333,0,2124.2,
68.2,1294.385714,-109.17,4687.8,2224.133333,0,2059.7,
75.22857143,1294.385714,-120.37,4911.625,2330.3625,0,2129.6,
78.1125,1544.0625,-127.49,4911.625,2330.3625,0,2194.8,
78.1125,1544.0625,-129.15,4911.625,2330.3625,0,2218.4,
78.1125,1544.0625,-136.04,4934.557143,2341.228571,0,2253.9,
75.22857143,1647.833333,-141.16,4934.557143,2341.228571,0,2317.8,
75.22857143,1647.833333,-152.98,4911.625,2330.3625,0,2388,
68.2,1544.0625,-140.18,4687.8,2224.133333,0,2428.3,
68.2,1544.0625,-138.17,4687.8,2224.133333,0,2322.6,
68.2,1544.0625,-140.7,4911.625,2330.3625,0,2345,
68.2,1647.833333,-139.54,4911.625,2330.3625,0,2362.8,
75.22857143,1647.833333,-142.33,4911.625,2330.3625,0,2399.1,
75.22857143,1647.833333,-144.76,4934.557143,2341.228571,0,2441.5,
78.1125,1647.833333,-142.56,4934.557143,2341.228571,0,2441.5,
78.1125,1647.833333,-137.54,4934.557143,2341.228571,0,2441.2,
78.1125,1647.833333,-141.77,4934.557143,2341.228571,0,2441.5,
78.1125,1647.833333,-138.76,4934.557143,2341.228571,0,2441.5,
78.1125,1544.0625,-132.38,4911.625,2330.3625,0,2385.5,
75.22857143,1544.0625,-123.2,4687.8,2224.133333,0,2299.8,
75.22857143,1294.385714,-115.38,4687.8,2224.133333,0,2232.2,
68.2,1317.4,-112.44,4600.655556,2182.777778,0,2117.2,
68.2,1317.4,-111.22,4600.655556,2182.777778,0,2121.3,
68.2,1317.4,-111.22,4600.655556,2182.777778,0,2066.9,
68.2,1317.4,-111.22,4600.655556,2182.777778,0,2084.5,
68.2,1317.4,-111.22,4600.655556,2182.777778,0,2020.1,
75.22857143,1317.4,-122.19,4827.8125,2290.575,0,2089.9,
78.125,1562.45,-129.18,4827.8125,2290.575,0,2154.9,
78.125,1562.45,-130.82,4827.8125,2290.575,0,2178.5,
78.125,1562.45,-137.58,4851.214286,2301.657143,0,2213.8,
75.22857143,1664.544444,-142.61,4851.214286,2301.657143,0,2277.6,
75.22857143,1664.544444,-154.36,4827.8125,2290.575,0,2347.5,
68.2,1562.45,-141.65,4600.655556,2182.777778,0,2387.7,
68.2,1562.45,-139.68,4600.655556,2182.777778,0,2282.3,
68.2,1562.45,-142.16,4827.8125,2290.575,0,2304.7,
68.2,1664.544444,-141.02,4827.8125,2290.575,0,2322.4,
75.22857143,1664.544444,-143.76,4827.8125,2290.575,0,2358.6,
75.22857143,1664.544444,-146.15,4851.214286,2301.657143,0,2400.9,
78.125,1664.544444,-143.98,4851.214286,2301.657143,0,2400.9,
78.125,1664.544444,-139.06,4851.214286,2301.657143,0,2400.6,
78.125,1664.544444,-143.21,4851.214286,2301.657143,0,2400.9,
78.125,1664.544444,-140.26,4851.214286,2301.657143,0,2400.9,
78.125,1562.45,-133.99,4827.8125,2290.575,0,2345.1,
75.22857143,1562.45,-124.97,4600.655556,2182.777778,0,2259.6,
75.22857143,1317.4,-117.29,4600.655556,2182.777778,0,2192.2,
68.3,1309.028571,-111.72,4594.044444,2179.655556,0,2126.3,
68.3,1309.028571,-110.48,4594.044444,2179.655556,0,2130.5,
68.3,1309.028571,-110.48,4594.044444,2179.655556,0,2075.4,
68.3,1309.028571,-110.48,4594.044444,2179.655556,0,2093.2,
68.3,1309.028571,-110.48,4594.044444,2179.655556,0,2028,
75.07142857,1309.028571,-121.52,4816.45,2285.2,0,2098.6,
77.8625,1555.6,-128.56,4816.45,2285.2,0,2164.6,
77.8625,1555.6,-130.2,4816.45,2285.2,0,2188.5,
77.8625,1555.6,-137,4839.185714,2295.971429,0,2224.3,
75.07142857,1658.2,-142.06,4839.185714,2295.971429,0,2289,
75.07142857,1658.2,-153.84,4816.45,2285.2,0,2360,
68.3,1555.6,-141.1,4594.044444,2179.655556,0,2400.7,
68.3,1555.6,-139.11,4594.044444,2179.655556,0,2293.8,
68.3,1555.6,-141.6,4816.45,2285.2,0,2316.5,
68.3,1658.2,-140.47,4816.45,2285.2,0,2334.5,
75.07142857,1658.2,-143.21,4816.45,2285.2,0,2371.2,
75.07142857,1658.2,-145.62,4839.185714,2295.971429,0,2414.1,
77.8625,1658.2,-143.44,4839.185714,2295.971429,0,2414.1,
77.8625,1658.2,-138.49,4839.185714,2295.971429,0,2413.8,
77.8625,1658.2,-142.67,4839.185714,2295.971429,0,2414.1,
77.8625,1658.2,-139.7,4839.185714,2295.971429,0,2414.1,
77.8625,1555.6,-133.39,4816.45,2285.2,0,2357.5,
75.07142857,1555.6,-124.32,4594.044444,2179.655556,0,2270.7,
75.07142857,1309.028571,-116.6,4594.044444,2179.655556,0,2202.5,
67.94444444,1301.685714,-111.07,4567.588889,2167.1,0,2131,
67.94444444,1301.685714,-109.78,4567.588889,2167.1,0,2135,
67.94444444,1301.685714,-109.78,4567.588889,2167.1,0,2081.8,
67.94444444,1301.685714,-109.78,4567.588889,2167.1,0,2099,
67.94444444,1301.685714,-109.78,4567.588889,2167.1,0,2035.9,
74.65714286,1301.685714,-121.05,4796.5,2275.725,0,2104.3,
77.4,1552.975,-128.22,4796.5,2275.725,0,2167.9,
77.4,1552.975,-129.9,4796.5,2275.725,0,2190.9,
77.4,1552.975,-136.83,4820.128571,2286.942857,0,2225.5,
74.65714286,1657.344444,-141.98,4820.128571,2286.942857,0,2287.9,
74.65714286,1657.344444,-153.83,4796.5,2275.725,0,2356.3,
67.94444444,1552.975,-141,4567.588889,2167.1,0,2395.6,
67.94444444,1552.975,-138.98,4567.588889,2167.1,0,2292.5,
67.94444444,1552.975,-141.51,4796.5,2275.725,0,2314.4,
67.94444444,1657.344444,-140.35,4796.5,2275.725,0,2331.8,
74.65714286,1657.344444,-143.15,4796.5,2275.725,0,2367.2,
74.65714286,1657.344444,-145.6,4820.128571,2286.942857,0,2408.4,
77.4,1657.344444,-143.39,4820.128571,2286.942857,0,2408.4,
77.4,1657.344444,-138.34,4820.128571,2286.942857,0,2408.2,
77.4,1657.344444,-142.6,4820.128571,2286.942857,0,2408.4,
77.4,1657.344444,-139.57,4820.128571,2286.942857,0,2408.4,
77.4,1552.975,-133.15,4796.5,2275.725,0,2353.9,
74.65714286,1552.975,-123.9,4567.588889,2167.1,0,2270.3,
74.65714286,1301.685714,-116.04,4567.588889,2167.1,0,2204.4,
67.56666667,1291.585714,-110.16,4557.433333,2162.3,0,2120.5,
67.56666667,1291.585714,-108.75,4557.433333,2162.3,0,2124.4,
67.56666667,1291.585714,-108.75,4557.433333,2162.3,0,2072.3,
67.56666667,1291.585714,-108.75,4557.433333,2162.3,0,2089.2,
67.56666667,1291.585714,-108.75,4557.433333,2162.3,0,2027,
74.5,1291.585714,-120.64,4802.325,2278.475,0,2094.3,
77.3625,1555.7625,-128.17,4802.325,2278.475,0,2156.7,
77.3625,1555.7625,-129.93,4802.325,2278.475,0,2179.3,
77.3625,1555.7625,-137.2,4828.157143,2290.742857,0,2213.2,
74.5,1664.8,-142.6,4828.157143,2290.742857,0,2274.4,
74.5,1664.8,-154.67,4802.325,2278.475,0,2341.5,
67.56666667,1555.7625,-141.58,4557.433333,2162.3,0,2380,
67.56666667,1555.7625,-139.45,4557.433333,2162.3,0,2278.9,
67.56666667,1555.7625,-142.12,4802.325,2278.475,0,2300.3,
67.56666667,1664.8,-140.9,4802.325,2278.475,0,2317.4,
74.5,1664.8,-143.84,4802.325,2278.475,0,2352.1,
74.5,1664.8,-146.41,4828.157143,2290.742857,0,2392.5,
77.3625,1664.8,-144.08,4828.157143,2290.742857,0,2392.5,
77.3625,1664.8,-138.79,4828.157143,2290.742857,0,2392.4,
77.3625,1664.8,-143.25,4828.157143,2290.742857,0,2392.5,
77.3625,1664.8,-140.08,4828.157143,2290.742857,0,2392.5,
77.3625,1555.7625,-133.33,4802.325,2278.475,0,2339.1,
74.5,1555.7625,-123.63,4557.433333,2162.3,0,2257.1,
74.5,1291.585714,-115.38,4557.433333,2162.3,0,2192.5,
67.55555556,1298.357143,-110.76,4560.888889,2163.933333,0,2088.6,
67.55555556,1298.357143,-109.36,4560.888889,2163.933333,0,2092.5,
67.55555556,1298.357143,-109.36,4560.888889,2163.933333,0,2040.6,
67.55555556,1298.357143,-109.36,4560.888889,2163.933333,0,2057.4,
67.55555556,1298.357143,-109.36,4560.888889,2163.933333,0,1995.6,
74.55714286,1298.357143,-121.16,4810.225,2282.225,0,2062.5,
77.425,1560.5,-128.62,4810.225,2282.225,0,2124.5,
77.425,1560.5,-130.37,4810.225,2282.225,0,2147,
77.425,1560.5,-137.58,4836.7,2294.8,0,2180.7,
74.55714286,1668.8,-142.95,4836.7,2294.8,0,2241.6,
74.55714286,1668.8,-154.98,4810.225,2282.225,0,2308.3,
67.55555556,1560.5,-141.93,4560.888889,2163.933333,0,2346.7,
67.55555556,1560.5,-139.82,4560.888889,2163.933333,0,2246.1,
67.55555556,1560.5,-142.47,4810.225,2282.225,0,2267.4,
67.55555556,1668.8,-141.26,4810.225,2282.225,0,2284.4,
74.55714286,1668.8,-144.18,4810.225,2282.225,0,2318.9,
74.55714286,1668.8,-146.73,4836.7,2294.8,0,2359,
77.425,1668.8,-144.42,4836.7,2294.8,0,2359,
77.425,1668.8,-139.16,4836.7,2294.8,0,2359,
77.425,1668.8,-143.6,4836.7,2294.8,0,2359,
77.425,1668.8,-140.44,4836.7,2294.8,0,2359,
77.425,1560.5,-133.75,4810.225,2282.225,0,2306,
74.55714286,1560.5,-124.12,4560.888889,2163.933333,0,2224.4,
74.55714286,1298.357143,-115.93,4560.888889,2163.933333,0,2160.2,
67.18888889,1303.457143,-111.22,4528.755556,2148.711111,0,2055.3,
67.18888889,1303.457143,-109.91,4528.755556,2148.711111,0,2059,
67.18888889,1303.457143,-109.91,4528.755556,2148.711111,0,2010.6,
67.18888889,1303.457143,-109.91,4528.755556,2148.711111,0,2026.2,
67.18888889,1303.457143,-109.91,4528.755556,2148.711111,0,1967.9,
73.94285714,1303.457143,-121.27,4777.6875,2266.775,0,2031,
76.725,1556.3375,-128.48,4777.6875,2266.775,0,2088.9,
76.725,1556.3375,-130.16,4777.6875,2266.775,0,2109.9,
76.725,1556.3375,-137.13,4804.085714,2279.314286,0,2141.3,
73.94285714,1661.3,-142.32,4804.085714,2279.314286,0,2198.1,
73.94285714,1661.3,-154.2,4777.6875,2266.775,0,2260.4,
67.18888889,1556.3375,-141.33,4528.755556,2148.711111,0,2296.2,
67.18888889,1556.3375,-139.3,4528.755556,2148.711111,0,2202.3,
67.18888889,1556.3375,-141.85,4777.6875,2266.775,0,2222.3,
67.18888889,1661.3,-140.68,4777.6875,2266.775,0,2238.1,
73.94285714,1661.3,-143.5,4777.6875,2266.775,0,2270.3,
73.94285714,1661.3,-145.97,4804.085714,2279.314286,0,2307.6,
76.725,1661.3,-143.74,4804.085714,2279.314286,0,2307.6,
76.725,1661.3,-138.66,4804.085714,2279.314286,0,2307.6,
76.725,1661.3,-142.94,4804.085714,2279.314286,0,2307.6,
76.725,1661.3,-139.89,4804.085714,2279.314286,0,2307.6,
76.725,1556.3375,-133.43,4777.6875,2266.775,0,2258.2,
73.94285714,1556.3375,-124.13,4528.755556,2148.711111,0,2182.1,
73.94285714,1303.457143,-116.22,4528.755556,2148.711111,0,2122.1,
66.5,1301.371429,-111.07,4488.577778,2129.633333,0,2019,
66.5,1301.371429,-109.9,4488.577778,2129.633333,0,2022.7,
66.5,1301.371429,-109.9,4488.577778,2129.633333,0,1973.7,
66.5,1301.371429,-109.9,4488.577778,2129.633333,0,1989.6,
66.5,1301.371429,-109.9,4488.577778,2129.633333,0,1930.6,
73.27142857,1301.371429,-120.62,4721.4,2240.075,0,1994.4,
76.025,1541.2875,-127.47,4721.4,2240.075,0,2053,
76.025,1541.2875,-129.07,4721.4,2240.075,0,2074.3,
76.025,1541.2875,-135.7,4745.585714,2251.557143,0,2106.1,
73.27142857,1641.5,-140.63,4745.585714,2251.557143,0,2163.7,
73.27142857,1641.5,-152.29,4721.4,2240.075,0,2226.7,
66.5,1541.2875,-139.69,4488.577778,2129.633333,0,2263,
66.5,1541.2875,-137.76,4488.577778,2129.633333,0,2167.9,
66.5,1541.2875,-140.18,4721.4,2240.075,0,2188.1,
66.5,1641.5,-139.07,4721.4,2240.075,0,2204.1,
73.27142857,1641.5,-141.75,4721.4,2240.075,0,2236.7,
73.27142857,1641.5,-144.09,4745.585714,2251.557143,0,2274.5,
76.025,1641.5,-141.97,4745.585714,2251.557143,0,2274.5,
76.025,1641.5,-137.15,4745.585714,2251.557143,0,2274.5,
76.025,1641.5,-141.22,4745.585714,2251.557143,0,2274.5,
76.025,1641.5,-138.32,4745.585714,2251.557143,0,2274.5,
76.025,1541.2875,-132.18,4721.4,2240.075,0,2224.5,
73.27142857,1541.2875,-123.34,4488.577778,2129.633333,0,2147.4,
73.27142857,1301.371429,-115.82,4488.577778,2129.633333,0,2086.7,
65.73333333,1299.728571,-110.96,4437.711111,2105.511111,0,1986.1,
65.73333333,1299.728571,-109.89,4437.711111,2105.511111,0,1990.2,
65.73333333,1299.728571,-109.89,4437.711111,2105.511111,0,1936.7,
65.73333333,1299.728571,-109.89,4437.711111,2105.511111,0,1954,
65.73333333,1299.728571,-109.89,4437.711111,2105.511111,0,1890.4,
72.44285714,1299.728571,-120.1,4668.1125,2214.8125,0,1959.3,
75.1875,1528.975,-126.65,4668.1125,2214.8125,0,2023.3,
75.1875,1528.975,-128.19,4668.1125,2214.8125,0,2046.5,
75.1875,1528.975,-134.53,4691.942857,2226.114286,0,2081.3,
72.44285714,1625.3,-139.24,4691.942857,2226.114286,0,2144.1,
72.44285714,1625.3,-150.74,4668.1125,2214.8125,0,2213,x
65.73333333,1528.975,-138.35,4437.711111,2105.511111,0,2252.6,x
65.73333333,1528.975,-136.5,4437.711111,2105.511111,0,2148.8,x
65.73333333,1528.975,-138.82,4668.1125,2214.8125,0,2170.8,x
65.73333333,1625.3,-137.76,4668.1125,2214.8125,0,2188.3,x
72.44285714,1625.3,-140.32,4668.1125,2214.8125,0,2224,
72.44285714,1625.3,-142.56,4691.942857,2226.114286,0,2265.5,
75.1875,1625.3,-140.53,4691.942857,2226.114286,0,2265.5,
75.1875,1625.3,-135.92,4691.942857,2226.114286,0,2265.3,
75.1875,1625.3,-139.81,4691.942857,2226.114286,0,2265.5,
75.1875,1625.3,-137.04,4691.942857,2226.114286,0,2265.5,
75.1875,1528.975,-131.16,4668.1125,2214.8125,0,2210.6,
72.44285714,1528.975,-122.7,4437.711111,2105.511111,0,2126.4,
72.44285714,1299.728571,-115.51,4437.711111,2105.511111,0,2060.1,
72.24444444,1324.642857,-156.7,4544.3,3042.244444,0,2237.3,
72.24444444,1324.642857,-155.28,4544.3,3042.244444,0,2241.6,
72.24444444,1324.642857,-155.28,4544.3,3042.244444,0,2204.8,
72.24444444,1324.642857,-155.28,4544.3,3042.244444,0,2204.8,
72.24444444,1324.642857,-155.28,4544.3,3042.244444,0,2204.8,
79.18571429,1324.642857,-169.54,4761.2875,3187.4625,0,2208.5,
81.3875,1556.6375,-178.75,4761.2875,3187.4625,0,2277,
81.3875,1556.6375,-180.9,4761.2875,3187.4625,0,2301.8,
81.3875,1556.6375,-189.81,4763.385714,3188.9,0,2339.1,
79.18571429,1654.622222,-196.43,4763.385714,3188.9,0,2406.3,
79.18571429,1654.622222,-212.98,4761.2875,3187.4625,0,2480,
72.24444444,1556.6375,-195.17,4544.3,3042.244444,0,2522.4,
72.24444444,1556.6375,-192.57,4544.3,3042.244444,0,2411.3,
72.24444444,1556.6375,-195.83,4761.2875,3187.4625,0,2434.8,
72.24444444,1654.622222,-194.34,4761.2875,3187.4625,0,2453.6,
79.18571429,1654.622222,-197.94,4761.2875,3187.4625,0,2491.7,
79.18571429,1654.622222,-201.09,4763.385714,3188.9,0,2540.7,
81.3875,1654.622222,-198.24,4763.385714,3188.9,0,2660.8,
81.3875,1654.622222,-191.76,4763.385714,3188.9,0,2535.9,
81.3875,1654.622222,-197.22,4763.385714,3188.9,0,2536.3,
81.3875,1654.622222,-193.33,4763.385714,3188.9,0,2541.3,
81.3875,1556.6375,-185.08,4761.2875,3187.4625,0,2477.4,
79.18571429,1556.6375,-173.2,4544.3,3042.244444,0,2387.3,
79.18571429,1324.642857,-163.09,4544.3,3042.244444,0,2316.4,
72.21111111,1314.528571,-155.47,4503.288889,3014.755556,0,2228.7,
72.21111111,1314.528571,-153.96,4503.288889,3014.755556,0,2232.5,
72.21111111,1314.528571,-153.96,4503.288889,3014.755556,0,2202.3,
72.21111111,1314.528571,-153.96,4503.288889,3014.755556,0,2202.3,
72.21111111,1314.528571,-153.96,4503.288889,3014.755556,0,2202.3,
79.07142857,1314.528571,-168.6,4715.25,3156.65,0,2202.7,
81.2875,1552.1,-178.02,4715.25,3156.65,0,2264.5,
81.2875,1552.1,-180.23,4715.25,3156.65,0,2286.8,
81.2875,1552.1,-189.34,4716.671429,3157.628571,0,2320.4,
79.07142857,1652.111111,-196.12,4716.671429,3157.628571,0,2380.9,
79.07142857,1652.111111,-212.8,4715.25,3156.65,0,2447.4,
72.21111111,1552.1,-194.83,4503.288889,3014.755556,0,2485.5,
72.21111111,1552.1,-192.17,4503.288889,3014.755556,0,2385.4,
72.21111111,1552.1,-195.51,4715.25,3156.65,0,2406.7,
72.21111111,1652.111111,-193.98,4715.25,3156.65,0,2423.5,
79.07142857,1652.111111,-197.67,4715.25,3156.65,0,2457.9,
79.07142857,1652.111111,-200.89,4716.671429,3157.628571,0,2502,
81.2875,1652.111111,-197.97,4716.671429,3157.628571,0,2621.6,
81.2875,1652.111111,-191.34,4716.671429,3157.628571,0,2497.7,
81.2875,1652.111111,-196.93,4716.671429,3157.628571,0,2498,
81.2875,1652.111111,-192.95,4716.671429,3157.628571,0,2502.6,
81.2875,1552.1,-184.5,4715.25,3156.65,0,2445,
79.07142857,1552.1,-172.35,4503.288889,3014.755556,0,2363.8,
79.07142857,1314.528571,-162,4503.288889,3014.755556,0,2299.9,
71.72222222,1303.028571,-154.08,4432.422222,2967.311111,0,2173.5,
71.72222222,1303.028571,-152.55,4432.422222,2967.311111,0,2177.3,
71.72222222,1303.028571,-152.55,4432.422222,2967.311111,0,2147.5,
71.72222222,1303.028571,-152.55,4432.422222,2967.311111,0,2147.5,
71.72222222,1303.028571,-152.55,4432.422222,2967.311111,0,2147.5,
78.62857143,1303.028571,-167.33,4636.35,3103.8375,0,2147.7,
80.7875,1542.65,-176.83,4636.35,3103.8375,0,2209,
80.7875,1542.65,-179.05,4636.35,3103.8375,0,2231.2,
80.7875,1542.65,-188.24,4636.642857,3104.014286,0,2264.5,
78.62857143,1643.4,-195.07,4636.642857,3104.014286,0,2324.7,
78.62857143,1643.4,-211.8,4636.35,3103.8375,0,2390.6,
71.72222222,1542.65,-193.77,4432.422222,2967.311111,0,2428.5,
71.72222222,1542.65,-191.09,4432.422222,2967.311111,0,2329.1,
71.72222222,1542.65,-194.45,4636.35,3103.8375,0,2350.2,
71.72222222,1643.4,-192.92,4636.35,3103.8375,0,2366.9,
78.62857143,1643.4,-196.63,4636.35,3103.8375,0,2401.1,
78.62857143,1643.4,-199.88,4636.642857,3104.014286,0,2444.8,
80.7875,1643.4,-196.94,4636.642857,3104.014286,0,2564.4,
80.7875,1643.4,-190.25,4636.642857,3104.014286,0,2440.6,
80.7875,1643.4,-195.89,4636.642857,3104.014286,0,2440.9,
80.7875,1643.4,-191.88,4636.642857,3104.014286,0,2445.4,
80.7875,1542.65,-183.36,4636.35,3103.8375,0,2388.3,
78.62857143,1542.65,-171.1,4432.422222,2967.311111,0,2307.7,
78.62857143,1303.028571,-160.68,4432.422222,2967.311111,0,2244.2,
71.1,1282.257143,-151.61,4342.144444,2906.866667,0,2082.6,
71.1,1282.257143,-150.12,4342.144444,2906.866667,0,2086.5,
71.1,1282.257143,-150.12,4342.144444,2906.866667,0,2056,
71.1,1282.257143,-150.12,4342.144444,2906.866667,0,2056,
71.1,1282.257143,-150.12,4342.144444,2906.866667,0,2056,
77.8,1282.257143,-164.67,4545.5375,3043.05,0,2056.6,
79.9375,1518.55,-174.05,4545.5375,3043.05,0,2118.6,
79.9375,1518.55,-176.24,4545.5375,3043.05,0,2141.1,
79.9375,1518.55,-185.31,4545.771429,3043.2,0,2174.9,
77.8,1618.111111,-192.05,4545.771429,3043.2,0,2235.8,
77.8,1618.111111,-208.7,4545.5375,3043.05,0,2302.6,
71.1,1518.55,-190.77,4342.144444,2906.866667,0,2341,
71.1,1518.55,-188.12,4342.144444,2906.866667,0,2240.3,
71.1,1518.55,-191.44,4545.5375,3043.05,0,2261.7,
71.1,1618.111111,-189.92,4545.5375,3043.05,0,2278.6,
77.8,1618.111111,-193.59,4545.5375,3043.05,0,2313.2,
77.8,1618.111111,-196.79,4545.771429,3043.2,0,2357.5,
79.9375,1618.111111,-193.89,4545.771429,3043.2,0,2477.2,
79.9375,1618.111111,-187.29,4545.771429,3043.2,0,2353.3,
79.9375,1618.111111,-192.86,4545.771429,3043.2,0,2353.6,
79.9375,1618.111111,-188.9,4545.771429,3043.2,0,2358.1,
79.9375,1518.55,-180.49,4545.5375,3043.05,0,2300.2,
77.8,1518.55,-168.4,4342.144444,2906.866667,0,2218.6,
77.8,1282.257143,-158.11,4342.144444,2906.866667,0,2154.3,
69.82222222,1249.9,-147.79,4173.444444,2793.944444,0,1995.8,
69.82222222,1249.9,-146.55,4173.444444,2793.944444,0,1999.2,
69.82222222,1249.9,-146.55,4173.444444,2793.944444,0,1976,
69.82222222,1249.9,-146.55,4173.444444,2793.944444,0,1976,
69.82222222,1249.9,-146.55,4173.444444,2793.944444,0,1976,
76.27142857,1249.9,-159.93,4385.15,2935.675,0,1976,
78.275,1468.6625,-168.63,4385.15,2935.675,0,2026.8,
78.275,1468.6625,-170.67,4385.15,2935.675,0,2046.3,
78.275,1468.6625,-179.09,4386.542857,2936.6,0,2075.3,
76.27142857,1561.844444,-185.35,4386.542857,2936.6,0,2127.9,
76.27142857,1561.844444,-201.6,4385.15,2935.675,0,2185.5,
69.82222222,1468.6625,-184.16,4173.444444,2793.944444,0,2218.6,
69.82222222,1468.6625,-181.7,4173.444444,2793.944444,0,2131.8,
69.82222222,1468.6625,-184.78,4385.15,2935.675,0,2150.2,
69.82222222,1561.844444,-183.37,4385.15,2935.675,0,2164.8,
76.27142857,1561.844444,-186.78,4385.15,2935.675,0,2194.6,
76.27142857,1561.844444,-189.75,4386.542857,2936.6,0,2232.9,
78.275,1561.844444,-187.06,4386.542857,2936.6,0,2351.6,
78.275,1561.844444,-180.93,4386.542857,2936.6,0,2229.2,
78.275,1561.844444,-186.1,4386.542857,2936.6,0,2229.4,
78.275,1561.844444,-182.42,4386.542857,2936.6,0,2233.4,
78.275,1468.6625,-174.62,4385.15,2935.675,0,2183.5,
76.27142857,1468.6625,-163.39,4173.444444,2793.944444,0,2113,
76.27142857,1249.9,-153.83,4173.444444,2793.944444,0,2057.6,
67.97777778,1209.885714,-143.08,3990.955556,2671.766667,0,1925,
67.97777778,1209.885714,-142.17,3990.955556,2671.766667,0,1928.7,
67.97777778,1209.885714,-142.17,3990.955556,2671.766667,0,1901.3,
67.97777778,1209.885714,-142.17,3990.955556,2671.766667,0,1901.3,
67.97777778,1209.885714,-142.17,3990.955556,2671.766667,0,1901.3,
73.74285714,1209.885714,-153.96,4214.8125,2821.6625,0,1901.3,
75.425,1405.0375,-161.76,4214.8125,2821.6625,0,1959,
75.425,1405.0375,-163.59,4214.8125,2821.6625,0,1980.2,
75.425,1405.0375,-171.14,4217.9,2823.728571,0,2012,
73.74285714,1489.644444,-176.75,4217.9,2823.728571,0,2069.4,
73.74285714,1489.644444,-192.47,4214.8125,2821.6625,0,2132.4,
67.97777778,1405.0375,-175.68,3990.955556,2671.766667,0,2168.6,
67.97777778,1405.0375,-173.48,3990.955556,2671.766667,0,2073.7,
67.97777778,1405.0375,-176.24,4214.8125,2821.6625,0,2093.8,
67.97777778,1489.644444,-174.98,4214.8125,2821.6625,0,2109.8,
73.74285714,1489.644444,-178.03,4214.8125,2821.6625,0,2142.4,
73.74285714,1489.644444,-180.7,4217.9,2823.728571,0,2184.2,
75.425,1489.644444,-178.28,4217.9,2823.728571,0,2303.5,
75.425,1489.644444,-172.79,4217.9,2823.728571,0,2180.2,
75.425,1489.644444,-177.42,4217.9,2823.728571,0,2180.4,
75.425,1489.644444,-174.13,4217.9,2823.728571,0,2184.7,
75.425,1405.0375,-167.13,4214.8125,2821.6625,0,2130.2,
73.74285714,1405.0375,-157.06,3990.955556,2671.766667,0,2053.2,
73.74285714,1209.885714,-148.5,3990.955556,2671.766667,0,1992.6,
67,1175.471429,-139.01,3856.755556,2581.933333,0,1849.9,
67,1175.471429,-138.28,3856.755556,2581.933333,0,1853.8,
67,1175.471429,-138.28,3856.755556,2581.933333,0,1823.6,
67,1175.471429,-138.28,3856.755556,2581.933333,0,1823.6,
67,1175.471429,-138.28,3856.755556,2581.933333,0,1823.6,
71.95714286,1175.471429,-149.18,4089.9375,2738.0375,0,1824,
73.275,1357.3,-156.47,4089.9375,2738.0375,0,1885.6,
73.275,1357.3,-158.18,4089.9375,2738.0375,0,1908,
73.275,1357.3,-165.23,4094.285714,2740.942857,0,1941.5,
71.95714286,1437.055556,-170.48,4094.285714,2740.942857,0,2002,
71.95714286,1437.055556,-185.89,4089.9375,2738.0375,0,2068.4,
67,1357.3,-169.48,3856.755556,2581.933333,0,2106.5,
67,1357.3,-167.42,3856.755556,2581.933333,0,2006.5,
67,1357.3,-170,4089.9375,2738.0375,0,2027.7,
67,1437.055556,-168.82,4089.9375,2738.0375,0,2044.6,
71.95714286,1437.055556,-171.67,4089.9375,2738.0375,0,2078.9,
71.95714286,1437.055556,-174.17,4094.285714,2740.942857,0,2122.9,
73.275,1437.055556,-171.91,4094.285714,2740.942857,0,2242.5,
73.275,1437.055556,-166.78,4094.285714,2740.942857,0,2118.7,
73.275,1437.055556,-171.11,4094.285714,2740.942857,0,2119,
73.275,1437.055556,-168.03,4094.285714,2740.942857,0,2123.5,
73.275,1357.3,-161.48,4089.9375,2738.0375,0,2066,
71.95714286,1357.3,-152.08,3856.755556,2581.933333,0,1984.9,
71.95714286,1175.471429,-144.07,3856.755556,2581.933333,0,1921.1,
66.03333333,1167.942857,-138.21,3830.411111,2564.255556,0,1812.4,
66.03333333,1167.942857,-137.92,3830.411111,2564.255556,0,1816,
66.03333333,1167.942857,-137.92,3830.411111,2564.255556,0,1789.6,
66.03333333,1167.942857,-137.92,3830.411111,2564.255556,0,1789.6,
66.03333333,1167.942857,-137.92,3830.411111,2564.255556,0,1789.6,
70.22857143,1167.942857,-146.73,4040.2625,2704.7875,0,1789.6,
71.2625,1318.7375,-152.84,4040.2625,2704.7875,0,1845.7,
71.2625,1318.7375,-154.27,4040.2625,2704.7875,0,1866.6,
71.2625,1318.7375,-160.18,4041.371429,2705.542857,0,1897.8,
70.22857143,1387.222222,-164.57,4041.371429,2705.542857,0,1954.1,
70.22857143,1387.222222,-179.28,4040.2625,2704.7875,0,2015.9,
66.03333333,1318.7375,-163.74,3830.411111,2564.255556,0,2051.4,
66.03333333,1318.7375,-162.01,3830.411111,2564.255556,0,1958.3,
66.03333333,1318.7375,-164.18,4040.2625,2704.7875,0,1978,
66.03333333,1387.222222,-163.19,4040.2625,2704.7875,0,1993.8,
70.22857143,1387.222222,-165.57,4040.2625,2704.7875,0,2025.7,
70.22857143,1387.222222,-167.66,4041.371429,2705.542857,0,2066.7,
71.2625,1387.222222,-165.77,4041.371429,2705.542857,0,2185.9,
71.2625,1387.222222,-161.47,4041.371429,2705.542857,0,2062.8,
71.2625,1387.222222,-165.1,4041.371429,2705.542857,0,2063.1,
71.2625,1387.222222,-162.52,4041.371429,2705.542857,0,2067.3,
71.2625,1318.7375,-157.04,4040.2625,2704.7875,0,2013.7,
70.22857143,1318.7375,-149.16,3830.411111,2564.255556,0,1938.2,
70.22857143,1167.942857,-142.45,3830.411111,2564.255556,0,1878.7,
65.43333333,1180.085714,-139.7,3861.177778,2584.888889,0,1805.6,
65.43333333,1180.085714,-139.54,3861.177778,2584.888889,0,1809.2,
65.43333333,1180.085714,-139.54,3861.177778,2584.888889,0,1784,
65.43333333,1180.085714,-139.54,3861.177778,2584.888889,0,1784,
65.43333333,1180.085714,-139.54,3861.177778,2584.888889,0,1784,
69.74285714,1180.085714,-147.71,4059.225,2717.4625,0,1784,
70.775,1321.3125,-153.45,4059.225,2717.4625,0,1838.1,
70.775,1321.3125,-154.8,4059.225,2717.4625,0,1858.3,
70.775,1321.3125,-160.35,4058.7,2717.128571,0,1888.7,
69.74285714,1386.277778,-164.48,4058.7,2717.128571,0,1943.5,
69.74285714,1386.277778,-178.97,4059.225,2717.4625,0,2003.6,
65.43333333,1321.3125,-163.69,3861.177778,2584.888889,0,2038.1,
65.43333333,1321.3125,-162.07,3861.177778,2584.888889,0,1947.5,
65.43333333,1321.3125,-164.11,4059.225,2717.4625,0,1966.8,
65.43333333,1386.277778,-163.18,4059.225,2717.4625,0,1982,
69.74285714,1386.277778,-165.42,4059.225,2717.4625,0,2013.1,
69.74285714,1386.277778,-167.39,4058.7,2717.128571,0,2053,
70.775,1386.277778,-165.61,4058.7,2717.128571,0,2172,
70.775,1386.277778,-161.57,4058.7,2717.128571,0,2049.2,
70.775,1386.277778,-164.97,4058.7,2717.128571,0,2049.5,
70.775,1386.277778,-162.55,4058.7,2717.128571,0,2053.6,
70.775,1321.3125,-157.4,4059.225,2717.4625,0,2001.5,
69.74285714,1321.3125,-149.99,3861.177778,2584.888889,0,1928,
69.74285714,1180.085714,-143.69,3861.177778,2584.888889,0,1870.1,
64.81111111,1173,-138.76,3922.244444,2625.777778,0,1804.2,
64.81111111,1173,-138.24,3922.244444,2625.777778,0,1808,
64.81111111,1173,-138.24,3922.244444,2625.777778,0,1779.6,
64.81111111,1173,-138.24,3922.244444,2625.777778,0,1779.6,
64.81111111,1173,-138.24,3922.244444,2625.777778,0,1779.6,
69.6,1173,-148.13,4114.6875,2754.6,0,1779.6,
70.8875,1339.875,-154.86,4114.6875,2754.6,0,1838.8,
70.8875,1339.875,-156.43,4114.6875,2754.6,0,1860.4,
70.8875,1339.875,-162.94,4113.4,2753.728571,0,1892.9,
69.6,1414.222222,-167.77,4113.4,2753.728571,0,1951.4,
69.6,1414.222222,-182.85,4114.6875,2754.6,0,2015.6,
64.81111111,1339.875,-166.85,3922.244444,2625.777778,0,2052.4,
64.81111111,1339.875,-164.95,3922.244444,2625.777778,0,1955.7,
64.81111111,1339.875,-167.34,4114.6875,2754.6,0,1976.2,
64.81111111,1414.222222,-166.25,4114.6875,2754.6,0,1992.5,
69.6,1414.222222,-168.88,4114.6875,2754.6,0,2025.7,
69.6,1414.222222,-171.17,4113.4,2753.728571,0,2068.4,
70.8875,1414.222222,-169.09,4113.4,2753.728571,0,2187.8,
70.8875,1414.222222,-164.36,4113.4,2753.728571,0,2064.3,
70.8875,1414.222222,-168.35,4113.4,2753.728571,0,2064.5,
70.8875,1414.222222,-165.51,4113.4,2753.728571,0,2068.9,
70.8875,1339.875,-159.48,4114.6875,2754.6,0,2013.3,
69.6,1339.875,-150.81,3922.244444,2625.777778,0,1934.8,
69.6,1173,-143.43,3922.244444,2625.777778,0,1873.1,
65.15555556,1142.685714,-134.99,3986.5,2668.755556,0,1831.9,
65.15555556,1142.685714,-133.88,3986.5,2668.755556,0,1835.8,
65.15555556,1142.685714,-133.88,3986.5,2668.755556,0,1803,
65.15555556,1142.685714,-133.88,3986.5,2668.755556,0,1803,
65.15555556,1142.685714,-133.88,3986.5,2668.755556,0,1803,
70.42857143,1142.685714,-146.63,4182.8125,2800.2,0,1805.7,
71.9,1352.25,-154.98,4182.8125,2800.2,0,1867.9,
71.9,1352.25,-156.94,4182.8125,2800.2,0,1890.5,
71.9,1352.25,-165.01,4182.028571,2799.685714,0,1924.3,
70.42857143,1442.055556,-171.02,4182.028571,2799.685714,0,1985.4,
70.42857143,1442.055556,-187.06,4182.8125,2800.2,0,2052.4,
65.15555556,1352.25,-169.88,3986.5,2668.755556,0,2090.8,
65.15555556,1352.25,-167.52,3986.5,2668.755556,0,1989.9,
65.15555556,1352.25,-170.48,4182.8125,2800.2,0,2011.3,
65.15555556,1442.055556,-169.13,4182.8125,2800.2,0,2028.3,
70.42857143,1442.055556,-172.39,4182.8125,2800.2,0,2063,
70.42857143,1442.055556,-175.25,4182.028571,2799.685714,0,2107.4,
71.9,1442.055556,-172.66,4182.028571,2799.685714,0,2232.3,
71.9,1442.055556,-166.78,4182.028571,2799.685714,0,2103.2,
71.9,1442.055556,-171.74,4182.028571,2799.685714,0,2103.4,
71.9,1442.055556,-168.21,4182.028571,2799.685714,0,2108,
71.9,1352.25,-160.72,4182.8125,2800.2,0,2050,
70.42857143,1352.25,-149.95,3986.5,2668.755556,0,1968.1,
70.42857143,1142.685714,-140.79,3986.5,2668.755556,0,1903.7,
66.18888889,1144.342857,-135.1,4032.233333,2699.377778,0,1866.9,
66.18888889,1144.342857,-133.61,4032.233333,2699.377778,0,1870.9,
66.18888889,1144.342857,-133.61,4032.233333,2699.377778,0,1833.9,
66.18888889,1144.342857,-133.61,4032.233333,2699.377778,0,1835.1,
66.18888889,1144.342857,-133.61,4032.233333,2699.377778,0,1833.9,
71.8,1144.342857,-148.15,4247.8375,2843.75,0,1840.3,
73.4375,1380.4875,-157.52,4247.8375,2843.75,0,1903.7,
73.4375,1380.4875,-159.72,4247.8375,2843.75,0,1926.7,
73.4375,1380.4875,-168.77,4249.757143,2845.042857,0,1961.2,
71.8,1480.011111,-175.51,4249.757143,2845.042857,0,2023.4,
71.8,1480.011111,-192.16,4247.8375,2843.75,0,2091.6,
66.18888889,1380.4875,-174.23,4032.233333,2699.377778,0,2130.8,
66.18888889,1380.4875,-171.59,4032.233333,2699.377778,0,2028,
66.18888889,1380.4875,-174.9,4247.8375,2843.75,0,2049.8,
66.18888889,1480.011111,-173.39,4247.8375,2843.75,0,2067.1,
71.8,1480.011111,-177.05,4247.8375,2843.75,0,2102.4,
71.8,1480.011111,-180.25,4249.757143,2845.042857,0,2147.8,
73.4375,1480.011111,-177.35,4249.757143,2845.042857,0,2279.5,
73.4375,1480.011111,-170.76,4249.757143,2845.042857,0,2143.4,
73.4375,1480.011111,-176.32,4249.757143,2845.042857,0,2143.7,
73.4375,1480.011111,-172.36,4249.757143,2845.042857,0,2148.3,
73.4375,1380.4875,-163.96,4247.8375,2843.75,0,2089.2,
71.8,1380.4875,-151.88,4032.233333,2699.377778,0,2005.8,
71.8,1144.342857,-141.6,4032.233333,2699.377778,0,1940.1,
67.02222222,1169.3,-138.09,4093.388889,2740.355556,0,1917.4,
67.02222222,1169.3,-136.63,4093.388889,2740.355556,0,1921.5,
67.02222222,1169.3,-136.63,4093.388889,2740.355556,0,1883.4,
67.02222222,1169.3,-136.63,4093.388889,2740.355556,0,1884.7,
67.02222222,1169.3,-136.63,4093.388889,2740.355556,0,1883.4,
73.1,1169.3,-151.06,4320.0625,2892.075,0,1890.1,
74.925,1403.8,-160.37,4320.0625,2892.075,0,1955.2,
74.925,1403.8,-162.54,4320.0625,2892.075,0,1978.8,
74.925,1403.8,-171.54,4323.5,2894.4,0,2014.2,
73.1,1502.711111,-178.24,4323.5,2894.4,0,2078.1,
73.1,1502.711111,-194.84,4320.0625,2892.075,0,2148.2,
67.02222222,1403.8,-176.96,4093.388889,2740.355556,0,2188.4,
67.02222222,1403.8,-174.33,4093.388889,2740.355556,0,2082.8,
67.02222222,1403.8,-177.63,4320.0625,2892.075,0,2105.2,
67.02222222,1502.711111,-176.12,4320.0625,2892.075,0,2123,
73.1,1502.711111,-179.76,4320.0625,2892.075,0,2159.3,
73.1,1502.711111,-182.94,4323.5,2894.4,0,2205.8,
74.925,1502.711111,-180.06,4323.5,2894.4,0,2336.2,
74.925,1502.711111,-173.51,4323.5,2894.4,0,2201.3,
74.925,1502.711111,-179.04,4323.5,2894.4,0,2201.6,
74.925,1502.711111,-175.11,4323.5,2894.4,0,2206.4,
74.925,1403.8,-166.76,4320.0625,2892.075,0,2145.7,
73.1,1403.8,-154.76,4093.388889,2740.355556,0,2060,
73.1,1169.3,-144.54,4093.388889,2740.355556,0,1992.6,
68.06666667,1170.185714,-138.18,4207.555556,2816.8,0,1979.8,
68.06666667,1170.185714,-136.64,4207.555556,2816.8,0,1983.9,
68.06666667,1170.185714,-136.64,4207.555556,2816.8,0,1949.9,
68.06666667,1170.185714,-136.64,4207.555556,2816.8,0,1949.9,
68.06666667,1170.185714,-136.64,4207.555556,2816.8,0,1949.9,
74.41428571,1170.185714,-151.44,4428.05,2964.3875,0,1952.2,
76.3875,1410.2,-160.96,4428.05,2964.3875,0,2017.9,
76.3875,1410.2,-163.18,4428.05,2964.3875,0,2041.7,
76.3875,1410.2,-172.39,4430.642857,2966.114286,0,2077.4,
74.41428571,1511.122222,-179.23,4430.642857,2966.114286,0,2141.8,
74.41428571,1511.122222,-195.96,4428.05,2964.3875,0,2212.5,
68.06666667,1410.2,-177.93,4207.555556,2816.8,0,2253.1,
68.06666667,1410.2,-175.24,4207.555556,2816.8,0,2146.6,
68.06666667,1410.2,-178.61,4428.05,2964.3875,0,2169.2,
68.06666667,1511.122222,-177.07,4428.05,2964.3875,0,2187.1,
74.41428571,1511.122222,-180.79,4428.05,2964.3875,0,2223.7,
74.41428571,1511.122222,-184.04,4430.642857,2966.114286,0,2270.6,
76.3875,1511.122222,-181.1,4430.642857,2966.114286,0,2390.5,
76.3875,1511.122222,-174.4,4430.642857,2966.114286,0,2266.1,
76.3875,1511.122222,-180.05,4430.642857,2966.114286,0,2266.4,
76.3875,1511.122222,-176.03,4430.642857,2966.114286,0,2271.2,
76.3875,1410.2,-167.5,4428.05,2964.3875,0,2210,
74.41428571,1410.2,-155.22,4207.555556,2816.8,0,2123.6,
74.41428571,1170.185714,-144.78,4207.555556,2816.8,0,2055.6,
68.95555556,1177.6,-139.06,4320.044444,2892.111111,0,2021,
68.95555556,1177.6,-137.5,4320.044444,2892.111111,0,2024.9,
68.95555556,1177.6,-137.5,4320.044444,2892.111111,0,1993.8,
68.95555556,1177.6,-137.5,4320.044444,2892.111111,0,1993.8,
68.95555556,1177.6,-137.5,4320.044444,2892.111111,0,1993.8,
75.44285714,1177.6,-152.4,4529.6375,3032.4,0,1994.7,
77.4625,1418.9875,-161.97,4529.6375,3032.4,0,2057.3,
77.4625,1418.9875,-164.21,4529.6375,3032.4,0,2080,
77.4625,1418.9875,-173.46,4530.714286,3033.114286,0,2114.1,
75.44285714,1520.422222,-180.34,4530.714286,3033.114286,0,2175.5,
75.44285714,1520.422222,-197.11,4529.6375,3032.4,0,2243,
68.95555556,1418.9875,-179.03,4320.044444,2892.111111,0,2281.7,
68.95555556,1418.9875,-176.33,4320.044444,2892.111111,0,2180.1,
68.95555556,1418.9875,-179.72,4529.6375,3032.4,0,2201.6,
68.95555556,1520.422222,-178.17,4529.6375,3032.4,0,2218.8,
75.44285714,1520.422222,-181.91,4529.6375,3032.4,0,2253.6,
75.44285714,1520.422222,-185.18,4530.714286,3033.114286,0,2298.4,
77.4625,1520.422222,-182.22,4530.714286,3033.114286,0,2418.1,
77.4625,1520.422222,-175.48,4530.714286,3033.114286,0,2294.1,
77.4625,1520.422222,-181.17,4530.714286,3033.114286,0,2294.4,
77.4625,1520.422222,-177.12,4530.714286,3033.114286,0,2299,
77.4625,1418.9875,-168.54,4529.6375,3032.4,0,2240.6,
75.44285714,1418.9875,-156.2,4320.044444,2892.111111,0,2158.2,
75.44285714,1177.6,-145.7,4320.044444,2892.111111,0,2093.3,
69.48888889,1201.5,-141.95,4342.822222,2907.355556,0,2052.5,
69.48888889,1201.5,-140.52,4342.822222,2907.355556,0,2056.2,
69.48888889,1201.5,-140.52,4342.822222,2907.355556,0,2029.8,
69.48888889,1201.5,-140.52,4342.822222,2907.355556,0,2029.8,
69.48888889,1201.5,-140.52,4342.822222,2907.355556,0,2029.8,
76.11428571,1201.5,-154.81,4559.05,3052.0875,0,2029.8,
78.2,1433.8875,-164.04,4559.05,3052.0875,0,2085.8,
78.2,1433.8875,-166.19,4559.05,3052.0875,0,2106.5,
78.2,1433.8875,-175.11,4561.057143,3053.428571,0,2137.7,
76.11428571,1532.033333,-181.75,4561.057143,3053.428571,0,2193.9,
76.11428571,1532.033333,-198.31,4559.05,3052.0875,0,2255.5,
69.48888889,1433.8875,-180.49,4342.822222,2907.355556,0,2290.9,
69.48888889,1433.8875,-177.88,4342.822222,2907.355556,0,2198,
69.48888889,1433.8875,-181.15,4559.05,3052.0875,0,2217.7,
69.48888889,1532.033333,-179.66,4559.05,3052.0875,0,2233.4,
76.11428571,1532.033333,-183.26,4559.05,3052.0875,0,2265.3,
76.11428571,1532.033333,-186.42,4561.057143,3053.428571,0,2306.2,
78.2,1532.033333,-183.56,4561.057143,3053.428571,0,2425.4,
78.2,1532.033333,-177.07,4561.057143,3053.428571,0,2302.3,
78.2,1532.033333,-182.54,4561.057143,3053.428571,0,2302.6,
78.2,1532.033333,-178.65,4561.057143,3053.428571,0,2306.8,
78.2,1433.8875,-170.38,4559.05,3052.0875,0,2253.4,
76.11428571,1433.8875,-158.48,4342.822222,2907.355556,0,2178,
76.11428571,1201.5,-148.35,4342.822222,2907.355556,0,2118.7,
69.74444444,1204.785714,-142.32,4347.011111,2910.133333,0,2051.1,
69.74444444,1204.785714,-140.77,4347.011111,2910.133333,0,2054.9,
69.74444444,1204.785714,-140.77,4347.011111,2910.133333,0,2027.1,
69.74444444,1204.785714,-140.77,4347.011111,2910.133333,0,2027.1,
69.74444444,1204.785714,-140.77,4347.011111,2910.133333,0,2027.1,
76.48571429,1204.785714,-155.61,4578.125,3064.8625,0,2027.1,
78.6,1445.4,-165.15,4578.125,3064.8625,0,2085.3,
78.6,1445.4,-167.39,4578.125,3064.8625,0,2106.7,
78.6,1445.4,-176.61,4582.171429,3067.585714,0,2138.7,
76.48571429,1546.533333,-183.47,4582.171429,3067.585714,0,2196.6,
76.48571429,1546.533333,-200.22,4578.125,3064.8625,0,2260,
69.74444444,1445.4,-182.16,4347.011111,2910.133333,0,2296.4,
69.74444444,1445.4,-179.47,4347.011111,2910.133333,0,2200.8,
69.74444444,1445.4,-182.85,4578.125,3064.8625,0,2221.1,
69.74444444,1546.533333,-181.31,4578.125,3064.8625,0,2237.3,
76.48571429,1546.533333,-185.03,4578.125,3064.8625,0,2270.1,
76.48571429,1546.533333,-188.3,4582.171429,3067.585714,0,2312.2,
78.6,1546.533333,-185.34,4582.171429,3067.585714,0,2431.5,
78.6,1546.533333,-178.63,4582.171429,3067.585714,0,2308.1,
78.6,1546.533333,-184.29,4582.171429,3067.585714,0,2308.4,
78.6,1546.533333,-180.26,4582.171429,3067.585714,0,2312.7,
78.6,1445.4,-171.71,4578.125,3064.8625,0,2257.8,
76.48571429,1445.4,-159.41,4347.011111,2910.133333,0,2180.2,
76.48571429,1204.785714,-148.94,4347.011111,2910.133333,0,2119.2,
69.73333333,1203.014286,-142.07,4370.866667,2926.111111,0,2043.7,
69.73333333,1203.014286,-140.39,4370.866667,2926.111111,0,2048.1,
69.73333333,1203.014286,-140.39,4370.866667,2926.111111,0,2010.5,
69.73333333,1203.014286,-140.39,4370.866667,2926.111111,0,2010.5,
69.73333333,1203.014286,-140.39,4370.866667,2926.111111,0,2010.5,
76.7,1203.014286,-155.9,4598.325,3078.375,0,2014.6,
78.925,1453.5875,-165.82,4598.325,3078.375,0,2084,
78.925,1453.5875,-168.14,4598.325,3078.375,0,2109.1,
78.925,1453.5875,-177.73,4601.885714,3080.757143,0,2146.8,
76.7,1558.366667,-184.87,4601.885714,3080.757143,0,2214.9,
76.7,1558.366667,-201.84,4598.325,3078.375,0,2289.6,
69.73333333,1453.5875,-183.51,4370.866667,2926.111111,0,2332.5,
69.73333333,1453.5875,-180.71,4370.866667,2926.111111,0,2220,
69.73333333,1453.5875,-184.22,4598.325,3078.375,0,2243.8,
69.73333333,1558.366667,-182.62,4598.325,3078.375,0,2262.8,
76.7,1558.366667,-186.49,4598.325,3078.375,0,2301.4,
76.7,1558.366667,-189.89,4601.885714,3080.757143,0,2351,
78.925,1558.366667,-186.82,4601.885714,3080.757143,0,2471.3,
78.925,1558.366667,-179.83,4601.885714,3080.757143,0,2346.2,
78.925,1558.366667,-185.72,4601.885714,3080.757143,0,2346.6,
78.925,1558.366667,-181.53,4601.885714,3080.757143,0,2351.7,
78.925,1453.5875,-172.64,4598.325,3078.375,0,2287,
76.7,1453.5875,-159.84,4370.866667,2926.111111,0,2195.7,
76.7,1203.014286,-148.95,4370.866667,2926.111111,0,2123.8,
69.63333333,1210.028571,-142.91,4400.7,2946.088889,0,2063.5,
69.63333333,1210.028571,-141.19,4400.7,2946.088889,0,2067.9,
69.63333333,1210.028571,-141.19,4400.7,2946.088889,0,2029.2,
69.63333333,1210.028571,-141.19,4400.7,2946.088889,0,2029.2,
69.63333333,1210.028571,-141.19,4400.7,2946.088889,0,2029.2,
76.61428571,1210.028571,-156.84,4625.5625,3096.6125,0,2034.1,
78.8625,1462.7,-166.84,4625.5625,3096.6125,0,2104.1,
78.8625,1462.7,-169.18,4625.5625,3096.6125,0,2129.5,
78.8625,1462.7,-178.85,4628.771429,3098.771429,0,2167.6,
76.61428571,1568.244444,-186.04,4628.771429,3098.771429,0,2236.4,
76.61428571,1568.244444,-203.06,4625.5625,3096.6125,0,2311.8,
69.63333333,1462.7,-184.68,4400.7,2946.088889,0,2355.1,
69.63333333,1462.7,-181.85,4400.7,2946.088889,0,2241.4,
69.63333333,1462.7,-185.4,4625.5625,3096.6125,0,2265.6,
69.63333333,1568.244444,-183.78,4625.5625,3096.6125,0,2284.7,
76.61428571,1568.244444,-187.68,4625.5625,3096.6125,0,2323.7,
76.61428571,1568.244444,-191.1,4628.771429,3098.771429,0,2373.8,
78.8625,1568.244444,-188.01,4628.771429,3098.771429,0,2495.3,
78.8625,1568.244444,-180.97,4628.771429,3098.771429,0,2369,
78.8625,1568.244444,-186.91,4628.771429,3098.771429,0,2369.3,
78.8625,1568.244444,-182.68,4628.771429,3098.771429,0,2374.4,
78.8625,1462.7,-173.72,4625.5625,3096.6125,0,2309.1,
76.61428571,1462.7,-160.82,4400.7,2946.088889,0,2216.9,
76.61428571,1210.028571,-149.84,4400.7,2946.088889,0,2144.4,
69.72222222,1218.671429,-143.96,4454.2,2981.877778,0,2094.6,
69.72222222,1218.671429,-142.34,4454.2,2981.877778,0,2098.5,
69.72222222,1218.671429,-142.34,4454.2,2981.877778,0,2068.3,
69.72222222,1218.671429,-142.34,4454.2,2981.877778,0,2068.3,
69.72222222,1218.671429,-142.34,4454.2,2981.877778,0,2068.3,
76.55714286,1218.671429,-157.55,4665.125,3123.0875,0,2068.7,
78.6875,1464.75,-167.3,4665.125,3123.0875,0,2130.4,
78.6875,1464.75,-169.58,4665.125,3123.0875,0,2152.8,
78.6875,1464.75,-179,4666.385714,3123.957143,0,2186.3,
76.55714286,1567.888889,-186.02,4666.385714,3123.957143,0,2246.8,
76.55714286,1567.888889,-202.89,4665.125,3123.0875,0,2313.2,
69.72222222,1464.75,-184.68,4454.2,2981.877778,0,2351.4,
69.72222222,1464.75,-181.93,4454.2,2981.877778,0,2251.3,
69.72222222,1464.75,-185.38,4665.125,3123.0875,0,2272.5,
69.72222222,1567.888889,-183.8,4665.125,3123.0875,0,2289.4,
76.55714286,1567.888889,-187.62,4665.125,3123.0875,0,2323.7,
76.55714286,1567.888889,-190.95,4666.385714,3123.957143,0,2367.8,
78.6875,1567.888889,-187.93,4666.385714,3123.957143,0,2487.4,
78.6875,1567.888889,-181.07,4666.385714,3123.957143,0,2363.6,
78.6875,1567.888889,-186.86,4666.385714,3123.957143,0,2363.9,
78.6875,1567.888889,-182.74,4666.385714,3123.957143,0,2368.4,
78.6875,1464.75,-174,4665.125,3123.0875,0,2310.9,
76.55714286,1464.75,-161.42,4454.2,2981.877778,0,2229.7,
76.55714286,1218.671429,-150.72,4454.2,2981.877778,0,2165.9,
71.61111111,1235.9,-146.05,4435.1,2969.088889,0,2176.1,
71.61111111,1235.9,-144.52,4435.1,2969.088889,0,2179.6,
71.61111111,1235.9,-144.52,4435.1,2969.088889,0,2155.4,
71.61111111,1235.9,-144.52,4435.1,2969.088889,0,2155.4,
71.61111111,1235.9,-144.52,4435.1,2969.088889,0,2155.4,
78.4,1235.9,-159.27,4627.1875,3097.7125,0,2155.4,
80.575,1475.1375,-168.76,4627.1875,3097.7125,0,2207.9,
80.575,1475.1375,-170.98,4627.1875,3097.7125,0,2227.7,
80.575,1475.1375,-180.15,4625.871429,3096.814286,0,2257.5,
78.4,1575.777778,-186.97,4625.871429,3096.814286,0,2311.2,
78.4,1575.777778,-203.69,4627.1875,3097.7125,0,2370.1,
71.61111111,1475.1375,-185.67,4435.1,2969.088889,0,2403.9,
71.61111111,1475.1375,-183,4435.1,2969.088889,0,2315.1,
71.61111111,1475.1375,-186.36,4627.1875,3097.7125,0,2334,
71.61111111,1575.777778,-184.82,4627.1875,3097.7125,0,2348.9,
78.4,1575.777778,-188.53,4627.1875,3097.7125,0,2379.4,
78.4,1575.777778,-191.77,4625.871429,3096.814286,0,2418.5,
80.575,1575.777778,-188.84,4625.871429,3096.814286,0,2537.3,
80.575,1575.777778,-182.16,4625.871429,3096.814286,0,2414.8,
80.575,1575.777778,-187.79,4625.871429,3096.814286,0,2415,
80.575,1575.777778,-183.78,4625.871429,3096.814286,0,2419,
80.575,1475.1375,-175.28,4627.1875,3097.7125,0,2368,
78.4,1475.1375,-163.04,4435.1,2969.088889,0,2296,
78.4,1235.9,-152.63,4435.1,2969.088889,0,2239.3,
71.48888889,1224.1,-144.65,4420.322222,2959.222222,0,2149.4,
71.48888889,1224.1,-143.17,4420.322222,2959.222222,0,2153.3,
71.48888889,1224.1,-143.17,4420.322222,2959.222222,0,2122.9,
71.48888889,1224.1,-143.17,4420.322222,2959.222222,0,2122.9,
71.48888889,1224.1,-143.17,4420.322222,2959.222222,0,2122.9,
78.38571429,1224.1,-157.69,4615.25,3089.7125,0,2123.4,
80.5875,1459.9125,-167.04,4615.25,3089.7125,0,2185.3,
80.5875,1459.9125,-169.23,4615.25,3089.7125,0,2207.7,
80.5875,1459.9125,-178.28,4614.314286,3089.071429,0,2241.4,
78.38571429,1559.288889,-185.01,4614.314286,3089.071429,0,2302.1,
78.38571429,1559.288889,-201.64,4615.25,3089.7125,0,2368.7,
71.48888889,1459.9125,-183.73,4420.322222,2959.222222,0,2407,
71.48888889,1459.9125,-181.09,4420.322222,2959.222222,0,2306.6,
71.48888889,1459.9125,-184.4,4615.25,3089.7125,0,2327.9,
71.48888889,1559.288889,-182.88,4615.25,3089.7125,0,2344.8,
78.38571429,1559.288889,-186.54,4615.25,3089.7125,0,2379.3,
78.38571429,1559.288889,-189.74,4614.314286,3089.071429,0,2423.5,
80.5875,1559.288889,-186.85,4614.314286,3089.071429,0,2543.1,
80.5875,1559.288889,-180.26,4614.314286,3089.071429,0,2419.2,
80.5875,1559.288889,-185.81,4614.314286,3089.071429,0,2419.5,
80.5875,1559.288889,-181.86,4614.314286,3089.071429,0,2424,
80.5875,1459.9125,-173.47,4615.25,3089.7125,0,2366.4,
78.38571429,1459.9125,-161.41,4420.322222,2959.222222,0,2284.9,
78.38571429,1224.1,-151.14,4420.322222,2959.222222,0,2220.9,
71.72222222,1210.1,-142.95,4411.3,2953.177778,0,2145.9,
71.72222222,1210.1,-141.41,4411.3,2953.177778,0,2150.2,
71.72222222,1210.1,-141.41,4411.3,2953.177778,0,2112.8,
71.72222222,1210.1,-141.41,4411.3,2953.177778,0,2112.8,
71.72222222,1210.1,-141.41,4411.3,2953.177778,0,2112.8,
78.78571429,1210.1,-156.26,4631,3100.2625,0,2116.8,
81.0375,1450.875,-165.8,4631,3100.2625,0,2186,
81.0375,1450.875,-168.04,4631,3100.2625,0,2211.1,
81.0375,1450.875,-177.26,4633.457143,3101.914286,0,2248.7,
78.78571429,1552.055556,-184.13,4633.457143,3101.914286,0,2316.6,
78.78571429,1552.055556,-200.88,4631,3100.2625,0,2391.1,
71.72222222,1450.875,-182.82,4411.3,2953.177778,0,2433.8,
71.72222222,1450.875,-180.13,4411.3,2953.177778,0,2321.6,
71.72222222,1450.875,-183.51,4631,3100.2625,0,2345.4,
71.72222222,1552.055556,-181.96,4631,3100.2625,0,2364.4,
78.78571429,1552.055556,-185.7,4631,3100.2625,0,2402.9,
78.78571429,1552.055556,-188.96,4633.457143,3101.914286,0,2452.3,
81.0375,1552.055556,-186.01,4633.457143,3101.914286,0,2572.5,
81.0375,1552.055556,-179.29,4633.457143,3101.914286,0,2447.5,
81.0375,1552.055556,-184.95,4633.457143,3101.914286,0,2447.9,
81.0375,1552.055556,-180.92,4633.457143,3101.914286,0,2452.9,
81.0375,1450.875,-172.36,4631,3100.2625,0,2388.4,
78.78571429,1450.875,-160.05,4411.3,2953.177778,0,2297.4,
78.78571429,1210.1,-149.58,4411.3,2953.177778,0,2225.8,
71.68888889,1203.514286,-142.11,4455.8,2982.988889,0,2184.5,
71.68888889,1203.514286,-140.36,4455.8,2982.988889,0,2189.1,
71.68888889,1203.514286,-140.36,4455.8,2982.988889,0,2141.3,
71.68888889,1203.514286,-140.36,4455.8,2982.988889,0,2147.2,
71.68888889,1203.514286,-140.36,4455.8,2982.988889,0,2141.3,
79.05714286,1203.514286,-156.23,4686.4375,3137.375,0,2153.3,
81.4625,1459.475,-166.35,4686.4375,3137.375,0,2227.5,
81.4625,1459.475,-168.72,4686.4375,3137.375,0,2254.4,
81.4625,1459.475,-178.51,4690.428571,3140.057143,0,2294.7,
79.05714286,1566.188889,-185.79,4690.428571,3140.057143,0,2367.4,
79.05714286,1566.188889,-202.89,4686.4375,3137.375,0,2447.2,
71.68888889,1459.475,-184.41,4455.8,2982.988889,0,2493.1,
71.68888889,1459.475,-181.55,4455.8,2982.988889,0,2372.8,
71.68888889,1459.475,-185.14,4686.4375,3137.375,0,2398.3,
71.68888889,1566.188889,-183.5,4686.4375,3137.375,0,2418.6,
79.05714286,1566.188889,-187.45,4686.4375,3137.375,0,2459.9,
79.05714286,1566.188889,-190.91,4690.428571,3140.057143,0,2512.9,
81.4625,1566.188889,-187.78,4690.428571,3140.057143,0,2642.9,
81.4625,1566.188889,-180.65,4690.428571,3140.057143,0,2507.8,
81.4625,1566.188889,-186.66,4690.428571,3140.057143,0,2508.1,
81.4625,1566.188889,-182.39,4690.428571,3140.057143,0,2513.6,
81.4625,1459.475,-173.31,4686.4375,3137.375,0,2444.4,
79.05714286,1459.475,-160.25,4455.8,2982.988889,0,2346.9,
79.05714286,1203.514286,-149.14,4455.8,2982.988889,0,2270.1,
72.33333333,1211.742857,-143.07,4518.244444,3024.788889,0,2238.1,
72.33333333,1211.742857,-141.2,4518.244444,3024.788889,0,2242.9,
72.33333333,1211.742857,-141.2,4518.244444,3024.788889,0,2193.6,
72.33333333,1211.742857,-141.2,4518.244444,3024.788889,0,2200,
72.33333333,1211.742857,-141.2,4518.244444,3024.788889,0,2193.6,
79.81428571,1211.742857,-157.6,4748.4,3178.8625,0,2206.2,
82.2625,1475.6,-168.03,4748.4,3178.8625,0,2282.2,
82.2625,1475.6,-170.47,4748.4,3178.8625,0,2309.7,
82.2625,1475.6,-180.55,4752.328571,3181.5,0,2351,
79.81428571,1585.2,-188.05,4752.328571,3181.5,0,2425.6,
79.81428571,1585.2,-205.33,4748.4,3178.8625,0,2507.3,
72.33333333,1475.6,-186.63,4518.244444,3024.788889,0,2554.3,
72.33333333,1475.6,-183.68,4518.244444,3024.788889,0,2431.1,
72.33333333,1475.6,-187.38,4748.4,3178.8625,0,2457.2,
72.33333333,1585.2,-185.69,4748.4,3178.8625,0,2478,
79.81428571,1585.2,-189.76,4748.4,3178.8625,0,2520.3,
79.81428571,1585.2,-193.33,4752.328571,3181.5,0,2574.6,
82.2625,1585.2,-190.1,4752.328571,3181.5,0,2703.6,
82.2625,1585.2,-182.76,4752.328571,3181.5,0,2569.3,
82.2625,1585.2,-188.95,4752.328571,3181.5,0,2569.7,
82.2625,1585.2,-184.55,4752.328571,3181.5,0,2575.3,
82.2625,1475.6,-175.2,4748.4,3178.8625,0,2504.4,
79.81428571,1475.6,-161.75,4518.244444,3024.788889,0,2404.5,
79.81428571,1211.742857,-150.3,4518.244444,3024.788889,0,2325.8,
73.11111111,1229.857143,-145.25,4549.122222,3045.433333,0,2282.7,
73.11111111,1229.857143,-143.45,4549.122222,3045.433333,0,2287.6,
73.11111111,1229.857143,-143.45,4549.122222,3045.433333,0,2241.4,
73.11111111,1229.857143,-143.45,4549.122222,3045.433333,0,2243.8,
73.11111111,1229.857143,-143.45,4549.122222,3045.433333,0,2241.4,
80.67142857,1229.857143,-159.54,4779.3125,3199.55,0,2250.2,
83.15,1489,-169.78,4779.3125,3199.55,0,2327.7,
83.15,1489,-172.18,4779.3125,3199.55,0,2355.8,
83.15,1489,-182.09,4783.257143,3202.2,0,2397.9,
80.67142857,1596.877778,-189.46,4783.257143,3202.2,0,2473.9,
80.67142857,1596.877778,-206.63,4779.3125,3199.55,0,2557.3,
73.11111111,1489,-188.06,4549.122222,3045.433333,0,2605.2,
73.11111111,1489,-185.17,4549.122222,3045.433333,0,2479.5,
73.11111111,1489,-188.8,4779.3125,3199.55,0,2506.2,
73.11111111,1596.877778,-187.14,4779.3125,3199.55,0,2527.4,
80.67142857,1596.877778,-191.14,4779.3125,3199.55,0,2570.5,
80.67142857,1596.877778,-194.65,4783.257143,3202.2,0,2625.8,
83.15,1596.877778,-191.48,4783.257143,3202.2,0,2746.7,
83.15,1596.877778,-184.26,4783.257143,3202.2,0,2620.5,
83.15,1596.877778,-190.34,4783.257143,3202.2,0,2620.9,
83.15,1596.877778,-186.02,4783.257143,3202.2,0,2626.5,
83.15,1489,-176.83,4779.3125,3199.55,0,2554.3,
80.67142857,1489,-163.61,4549.122222,3045.433333,0,2452.4,
80.67142857,1229.857143,-152.36,4549.122222,3045.433333,0,2372.2,
73.65555556,1244.742857,-147.08,4587.666667,3071.244444,0,2315.6,
73.65555556,1244.742857,-145.42,4587.666667,3071.244444,0,2320,
73.65555556,1244.742857,-145.42,4587.666667,3071.244444,0,2282.3,
73.65555556,1244.742857,-145.42,4587.666667,3071.244444,0,2282.3,
73.65555556,1244.742857,-145.42,4587.666667,3071.244444,0,2282.3,
81.05714286,1244.742857,-160.79,4815,3223.4375,0,2286.4,
83.4875,1493.325,-170.64,4815,3223.4375,0,2355.9,
83.4875,1493.325,-172.94,4815,3223.4375,0,2381,
83.4875,1493.325,-182.46,4818.542857,3225.828571,0,2418.8,
81.05714286,1597.355556,-189.54,4818.542857,3225.828571,0,2486.9,
81.05714286,1597.355556,-206.46,4815,3223.4375,0,2561.6,
73.65555556,1493.325,-188.19,4587.666667,3071.244444,0,2604.5,
73.65555556,1493.325,-185.41,4587.666667,3071.244444,0,2491.9,
73.65555556,1493.325,-188.9,4815,3223.4375,0,2515.8,
73.65555556,1597.355556,-187.3,4815,3223.4375,0,2534.8,
81.05714286,1597.355556,-191.15,4815,3223.4375,0,2573.4,
81.05714286,1597.355556,-194.52,4818.542857,3225.828571,0,2623,
83.4875,1597.355556,-191.47,4818.542857,3225.828571,0,2743.3,
83.4875,1597.355556,-184.54,4818.542857,3225.828571,0,2618.3,
83.4875,1597.355556,-190.39,4818.542857,3225.828571,0,2618.6,
83.4875,1597.355556,-186.23,4818.542857,3225.828571,0,2623.7,
83.4875,1493.325,-177.4,4815,3223.4375,0,2559,
81.05714286,1493.325,-164.71,4587.666667,3071.244444,0,2467.6,
81.05714286,1244.742857,-153.9,4587.666667,3071.244444,0,2395.7,
73.58888889,1248.557143,-147.59,4600.366667,3079.766667,0,2301.3,
73.58888889,1248.557143,-146.16,4600.366667,3079.766667,0,2305.2,
73.58888889,1248.557143,-146.16,4600.366667,3079.766667,0,2275.8,
73.58888889,1248.557143,-146.16,4600.366667,3079.766667,0,2275.8,
73.58888889,1248.557143,-146.16,4600.366667,3079.766667,0,2275.8,
80.8,1248.557143,-160.44,4825.675,3230.5875,0,2275.8,
83.125,1480.7625,-169.66,4825.675,3230.5875,0,2336.6,
83.125,1480.7625,-171.81,4825.675,3230.5875,0,2358.6,
83.125,1480.7625,-180.73,4828.914286,3232.771429,0,2391.7,
80.8,1578.844444,-187.36,4828.914286,3232.771429,0,2451.3,
80.8,1578.844444,-203.91,4825.675,3230.5875,0,2516.7,
73.58888889,1480.7625,-186.1,4600.366667,3079.766667,0,2554.3,
73.58888889,1480.7625,-183.49,4600.366667,3079.766667,0,2455.7,
73.58888889,1480.7625,-186.76,4825.675,3230.5875,0,2476.6,
73.58888889,1578.844444,-185.27,4825.675,3230.5875,0,2493.3,
80.8,1578.844444,-188.87,4825.675,3230.5875,0,2527.1,
80.8,1578.844444,-192.02,4828.914286,3232.771429,0,2570.5,
83.125,1578.844444,-189.17,4828.914286,3232.771429,0,2690,
83.125,1578.844444,-182.68,4828.914286,3232.771429,0,2566.3,
83.125,1578.844444,-188.15,4828.914286,3232.771429,0,2566.6,
83.125,1578.844444,-184.26,4828.914286,3232.771429,0,2571.1,
83.125,1480.7625,-175.99,4825.675,3230.5875,0,2514.4,
80.8,1480.7625,-164.1,4600.366667,3079.766667,0,2434.5,
80.8,1248.557143,-153.98,4600.366667,3079.766667,0,2371.5,
69.84444444,1205.314286,-113.25,4322.188889,2158.288889,0,1937.9,
69.84444444,1205.314286,-111.49,4322.188889,2158.288889,0,1941.4,
69.84444444,1205.314286,-111.49,4322.188889,2158.288889,0,1895.2,
69.84444444,1205.314286,-111.49,4322.188889,2158.288889,0,1910.1,
69.84444444,1205.314286,-111.49,4322.188889,2158.288889,0,1893.4,
76.84285714,1205.314286,-124.01,4536.975,2265.5375,0,1914.7,
79.6,1453.7875,-131.73,4536.975,2265.5375,0,1970.1,
79.6,1453.7875,-133.54,4536.975,2265.5375,0,1990.1,
79.6,1453.7875,-141,4557.914286,2276.014286,0,2020.2,
76.84285714,1553.433333,-146.55,4557.914286,2276.014286,0,2074.5,
76.84285714,1553.433333,-157.13,4536.975,2265.5375,0,2134.1,
69.84444444,1453.7875,-145.5,4322.188889,2158.288889,0,2168.4,
69.84444444,1453.7875,-143.32,4322.188889,2158.288889,0,2078.6,
69.84444444,1453.7875,-146.05,4536.975,2265.5375,0,2097.6,
69.84444444,1553.433333,-144.8,4536.975,2265.5375,0,2112.7,
76.84285714,1553.433333,-147.82,4536.975,2265.5375,0,2143.6,
76.84285714,1553.433333,-150.46,4557.914286,2276.014286,0,2183.1,
79.6,1553.433333,-148.07,4557.914286,2276.014286,0,2229.7,
79.6,1553.433333,-142.64,4557.914286,2276.014286,0,2179.3,
79.6,1553.433333,-147.22,4557.914286,2276.014286,0,2179.6,
79.6,1553.433333,-143.96,4557.914286,2276.014286,0,2183.6,
79.6,1453.7875,-137.04,4536.975,2265.5375,0,2132,
76.84285714,1453.7875,-127.08,4322.188889,2158.288889,0,2059.2,
76.84285714,1205.314286,-118.61,4322.188889,2158.288889,0,2001.9,
69.77777778,1193.9,-112.17,4308.055556,2151.244444,0,1917.3,
69.77777778,1193.9,-110.44,4308.055556,2151.244444,0,1921.1,
69.77777778,1193.9,-110.44,4308.055556,2151.244444,0,1870,
69.77777778,1193.9,-110.44,4308.055556,2151.244444,0,1886.6,
69.77777778,1193.9,-110.44,4308.055556,2151.244444,0,1864.9,
76.8,1193.9,-122.79,4525.4875,2259.8125,0,1891.6,
79.6125,1439.0375,-130.41,4525.4875,2259.8125,0,1952.7,
79.6125,1439.0375,-132.2,4525.4875,2259.8125,0,1974.9,
79.6125,1439.0375,-139.56,4546.814286,2270.442857,0,2008.2,
76.8,1537.466667,-145.04,4546.814286,2270.442857,0,2068.2,
76.8,1537.466667,-155.55,4525.4875,2259.8125,0,2134,
69.77777778,1439.0375,-144,4308.055556,2151.244444,0,2171.8,
69.77777778,1439.0375,-141.85,4308.055556,2151.244444,0,2072.6,
69.77777778,1439.0375,-144.55,4525.4875,2259.8125,0,2093.7,
69.77777778,1537.466667,-143.31,4525.4875,2259.8125,0,2110.4,
76.8,1537.466667,-146.29,4525.4875,2259.8125,0,2144.4,
76.8,1537.466667,-148.9,4546.814286,2270.442857,0,2188.1,
79.6125,1537.466667,-146.54,4546.814286,2270.442857,0,2234.8,
79.6125,1537.466667,-141.17,4546.814286,2270.442857,0,2183.9,
79.6125,1537.466667,-145.7,4546.814286,2270.442857,0,2184.2,
79.6125,1537.466667,-142.48,4546.814286,2270.442857,0,2188.7,
79.6125,1439.0375,-135.65,4525.4875,2259.8125,0,2131.7,
76.8,1439.0375,-125.82,4308.055556,2151.244444,0,2051.2,
76.8,1193.9,-117.46,4308.055556,2151.244444,0,1987.9,
69.97777778,1180.3,-110.87,4299.4,2146.911111,0,1920.3,
69.97777778,1180.3,-109.08,4299.4,2146.911111,0,1924.4,
69.97777778,1180.3,-109.08,4299.4,2146.911111,0,1870.1,
69.97777778,1180.3,-109.08,4299.4,2146.911111,0,1887.7,
69.97777778,1180.3,-109.08,4299.4,2146.911111,0,1856.6,
77.15714286,1180.3,-121.69,4540.6125,2267.3625,0,1893,
80.05,1430.25,-129.46,4540.6125,2267.3625,0,1958.1,
80.05,1430.25,-131.27,4540.6125,2267.3625,0,1981.6,
80.05,1430.25,-138.78,4565.185714,2279.628571,0,2017,
77.15714286,1530.455556,-144.37,4565.185714,2279.628571,0,2080.8,
77.15714286,1530.455556,-154.96,4540.6125,2267.3625,0,2150.8,
69.97777778,1430.25,-143.3,4299.4,2146.911111,0,2191,
69.97777778,1430.25,-141.11,4299.4,2146.911111,0,2085.5,
69.97777778,1430.25,-143.86,4540.6125,2267.3625,0,2107.9,
69.97777778,1530.455556,-142.6,4540.6125,2267.3625,0,2125.7,
77.15714286,1530.455556,-145.64,4540.6125,2267.3625,0,2161.9,
77.15714286,1530.455556,-148.29,4565.185714,2279.628571,0,2208.4,
80.05,1530.455556,-145.89,4565.185714,2279.628571,0,2260.1,
80.05,1530.455556,-140.42,4565.185714,2279.628571,0,2203.9,
80.05,1530.455556,-145.03,4565.185714,2279.628571,0,2204.2,
80.05,1530.455556,-141.75,4565.185714,2279.628571,0,2209,
80.05,1430.25,-134.79,4540.6125,2267.3625,0,2148.3,
77.15714286,1430.25,-124.78,4299.4,2146.911111,0,2062.8,
77.15714286,1180.3,-116.26,4299.4,2146.911111,0,1995.4,
69.91111111,1173.942857,-110.22,4342.088889,2168.188889,0,1962.7,
69.91111111,1173.942857,-108.28,4342.088889,2168.188889,0,1966.9,
69.91111111,1173.942857,-108.28,4342.088889,2168.188889,0,1911.3,
69.91111111,1173.942857,-108.28,4342.088889,2168.188889,0,1929.3,
69.91111111,1173.942857,-108.28,4342.088889,2168.188889,0,1882,
77.44285714,1173.942857,-121.67,4593.75,2293.8875,0,1934.8,
80.45,1438.625,-129.88,4593.75,2293.8875,0,2001.3,
80.45,1438.625,-131.8,4593.75,2293.8875,0,2025.4,
80.45,1438.625,-139.74,4619.785714,2306.914286,0,2061.5,
77.44285714,1544.155556,-145.65,4619.785714,2306.914286,0,2126.7,
77.44285714,1544.155556,-156.51,4593.75,2293.8875,0,2198.3,
69.91111111,1438.625,-144.52,4342.088889,2168.188889,0,2239.4,
69.91111111,1438.625,-142.2,4342.088889,2168.188889,0,2131.6,
69.91111111,1438.625,-145.11,4593.75,2293.8875,0,2154.4,
69.91111111,1544.155556,-143.78,4593.75,2293.8875,0,2172.6,
77.44285714,1544.155556,-146.99,4593.75,2293.8875,0,2209.6,
77.44285714,1544.155556,-149.8,4619.785714,2306.914286,0,2257.1,
80.45,1544.155556,-147.26,4619.785714,2306.914286,0,2321.4,
80.45,1544.155556,-141.48,4619.785714,2306.914286,0,2252.5,
80.45,1544.155556,-146.35,4619.785714,2306.914286,0,2252.9,
80.45,1544.155556,-142.88,4619.785714,2306.914286,0,2257.7,
80.45,1438.625,-135.52,4593.75,2293.8875,0,2195.8,
77.44285714,1438.625,-124.93,4342.088889,2168.188889,0,2108.3,
77.44285714,1173.942857,-115.92,4342.088889,2168.188889,0,2039.5,
70.53333333,1181.857143,-110.96,4401.955556,2198.1,0,2009.7,
70.53333333,1181.857143,-108.93,4401.955556,2198.1,0,2014,
70.53333333,1181.857143,-108.93,4401.955556,2198.1,0,1957.1,
70.53333333,1181.857143,-108.93,4401.955556,2198.1,0,1975.5,
70.53333333,1181.857143,-108.93,4401.955556,2198.1,0,1927.9,
78.17142857,1181.857143,-122.73,4653.2,2323.5875,0,1981.1,
81.2625,1454.2875,-131.17,4653.2,2323.5875,0,2049.2,
81.2625,1454.2875,-133.15,4653.2,2323.5875,0,2073.9,
81.2625,1454.2875,-141.31,4679.185714,2336.557143,0,2110.9,
78.17142857,1562.622222,-147.39,4679.185714,2336.557143,0,2177.7,
78.17142857,1562.622222,-158.39,4653.2,2323.5875,0,2250.9,
70.53333333,1454.2875,-146.23,4401.955556,2198.1,0,2293,
70.53333333,1454.2875,-143.85,4401.955556,2198.1,0,2182.6,
70.53333333,1454.2875,-146.84,4653.2,2323.5875,0,2206,
70.53333333,1562.622222,-145.47,4653.2,2323.5875,0,2224.6,
78.17142857,1562.622222,-148.77,4653.2,2323.5875,0,2262.5,
78.17142857,1562.622222,-151.66,4679.185714,2336.557143,0,2311.2,
81.2625,1562.622222,-149.05,4679.185714,2336.557143,0,2374.6,
81.2625,1562.622222,-143.1,4679.185714,2336.557143,0,2306.5,
81.2625,1562.622222,-148.11,4679.185714,2336.557143,0,2306.8,
81.2625,1562.622222,-144.55,4679.185714,2336.557143,0,2311.8,
81.2625,1454.2875,-136.98,4653.2,2323.5875,0,2248.3,
78.17142857,1454.2875,-126.08,4401.955556,2198.1,0,2158.8,
78.17142857,1181.857143,-116.82,4401.955556,2198.1,0,2088.3,
71.31111111,1199.414286,-112.64,4431.566667,2212.888889,0,2047.1,
71.31111111,1199.414286,-110.66,4431.566667,2212.888889,0,2051.5,
71.31111111,1199.414286,-110.66,4431.566667,2212.888889,0,1993.5,
71.31111111,1199.414286,-110.66,4431.566667,2212.888889,0,2012.3,
71.31111111,1199.414286,-110.66,4431.566667,2212.888889,0,1970.1,
78.98571429,1199.414286,-124.22,4682.8375,2338.375,0,2018,
82.0625,1467.2875,-132.52,4682.8375,2338.375,0,2087.3,
82.0625,1467.2875,-134.47,4682.8375,2338.375,0,2112.4,
82.0625,1467.2875,-142.5,4708.828571,2351.357143,0,2150.1,
78.98571429,1573.944444,-148.47,4708.828571,2351.357143,0,2218.2,
78.98571429,1573.944444,-159.39,4682.8375,2338.375,0,2292.8,
71.31111111,1467.2875,-147.34,4431.566667,2212.888889,0,2335.6,
71.31111111,1467.2875,-144.99,4431.566667,2212.888889,0,2223.2,
71.31111111,1467.2875,-147.93,4682.8375,2338.375,0,2247,
71.31111111,1573.944444,-146.59,4682.8375,2338.375,0,2266,
78.98571429,1573.944444,-149.83,4682.8375,2338.375,0,2304.6,
78.98571429,1573.944444,-152.67,4708.828571,2351.357143,0,2354.1,
82.0625,1573.944444,-150.1,4708.828571,2351.357143,0,2412.2,
82.0625,1573.944444,-144.26,4708.828571,2351.357143,0,2349.4,
82.0625,1573.944444,-149.19,4708.828571,2351.357143,0,2349.7,
82.0625,1573.944444,-145.68,4708.828571,2351.357143,0,2354.8,
82.0625,1467.2875,-138.23,4682.8375,2338.375,0,2290.1,
78.98571429,1467.2875,-127.52,4431.566667,2212.888889,0,2198.9,
78.98571429,1199.414286,-118.4,4431.566667,2212.888889,0,2127.1,
71.81111111,1213.914286,-114.04,4468.533333,2231.344444,0,2065.3,
71.81111111,1213.914286,-112.18,4468.533333,2231.344444,0,2069.5,
71.81111111,1213.914286,-112.18,4468.533333,2231.344444,0,2013.2,
71.81111111,1213.914286,-112.18,4468.533333,2231.344444,0,2031.5,
71.81111111,1213.914286,-112.18,4468.533333,2231.344444,0,2004.6,
79.37142857,1213.914286,-125.19,4717.0375,2355.475,0,2037,
82.425,1471.425,-133.18,4717.0375,2355.475,0,2104.4,
82.425,1471.425,-135.05,4717.0375,2355.475,0,2128.8,
82.425,1471.425,-142.78,4742.628571,2368.257143,0,2165.4,
79.37142857,1574.411111,-148.53,4742.628571,2368.257143,0,2231.5,
79.37142857,1574.411111,-159.27,4717.0375,2355.475,0,2304,
71.81111111,1471.425,-147.44,4468.533333,2231.344444,0,2345.6,
71.81111111,1471.425,-145.18,4468.533333,2231.344444,0,2236.4,
71.81111111,1471.425,-148.01,4717.0375,2355.475,0,2259.5,
71.81111111,1574.411111,-146.72,4717.0375,2355.475,0,2278,
79.37142857,1574.411111,-149.84,4717.0375,2355.475,0,2315.4,
79.37142857,1574.411111,-152.57,4742.628571,2368.257143,0,2363.6,
82.425,1574.411111,-150.1,4742.628571,2368.257143,0,2410.3,
82.425,1574.411111,-144.47,4742.628571,2368.257143,0,2358.9,
82.425,1574.411111,-149.22,4742.628571,2368.257143,0,2359.3,
82.425,1574.411111,-145.84,4742.628571,2368.257143,0,2364.2,
82.425,1471.425,-138.67,4717.0375,2355.475,0,2301.4,
79.37142857,1471.425,-128.36,4468.533333,2231.344444,0,2212.8,
79.37142857,1213.914286,-119.59,4468.533333,2231.344444,0,2143.1,
71.74444444,1217.614286,-114.44,4480.7,2237.455556,0,2050.1,
71.74444444,1217.614286,-112.75,4480.7,2237.455556,0,2053.9,
71.74444444,1217.614286,-112.75,4480.7,2237.455556,0,2003.5,
71.74444444,1217.614286,-112.75,4480.7,2237.455556,0,2019.8,
71.74444444,1217.614286,-112.75,4480.7,2237.455556,0,1999,
79.11428571,1217.614286,-124.91,4727.25,2360.575,0,2024.8,
82.075,1459.275,-132.42,4727.25,2360.575,0,2085,
82.075,1459.275,-134.18,4727.25,2360.575,0,2106.9,
82.075,1459.275,-141.45,4752.585714,2373.2,0,2139.6,
79.11428571,1556.455556,-146.85,4752.585714,2373.2,0,2198.8,
79.11428571,1556.455556,-157.3,4727.25,2360.575,0,2263.6,
71.74444444,1459.275,-145.82,4480.7,2237.455556,0,2300.9,
71.74444444,1459.275,-143.7,4480.7,2237.455556,0,2203.1,
71.74444444,1459.275,-146.36,4727.25,2360.575,0,2223.9,
71.74444444,1556.455556,-145.15,4727.25,2360.575,0,2240.3,
79.11428571,1556.455556,-148.08,4727.25,2360.575,0,2273.9,
79.11428571,1556.455556,-150.65,4752.585714,2373.2,0,2316.9,
82.075,1556.455556,-148.33,4752.585714,2373.2,0,2363.6,
82.075,1556.455556,-143.04,4752.585714,2373.2,0,2312.8,
82.075,1556.455556,-147.5,4752.585714,2373.2,0,2313.1,
82.075,1556.455556,-144.32,4752.585714,2373.2,0,2317.5,
82.075,1459.275,-137.59,4727.25,2360.575,0,2261.3,
79.11428571,1459.275,-127.9,4480.7,2237.455556,0,2182.1,
79.11428571,1217.614286,-119.65,4480.7,2237.455556,0,2119.7,
71.25555556,1210.142857,-113.75,4457.055556,2225.622222,0,1990.3,
71.25555556,1210.142857,-112.11,4457.055556,2225.622222,0,1994.3,
71.25555556,1210.142857,-112.11,4457.055556,2225.622222,0,1942.2,
71.25555556,1210.142857,-112.11,4457.055556,2225.622222,0,1959.1,
71.25555556,1210.142857,-112.11,4457.055556,2225.622222,0,1936.5,
78.58571429,1210.142857,-123.99,4688.2375,2341.0625,0,1964.2,
81.55,1446.4625,-131.34,4688.2375,2341.0625,0,2026.5,
81.55,1446.4625,-133.06,4688.2375,2341.0625,0,2049,
81.55,1446.4625,-140.17,4711.442857,2352.671429,0,2082.9,
78.58571429,1541.666667,-145.45,4711.442857,2352.671429,0,2144,
78.58571429,1541.666667,-155.81,4688.2375,2341.0625,0,2211,
71.25555556,1446.4625,-144.45,4457.055556,2225.622222,0,2249.5,
71.25555556,1446.4625,-142.37,4457.055556,2225.622222,0,2148.5,
71.25555556,1446.4625,-144.98,4688.2375,2341.0625,0,2169.9,
71.25555556,1541.666667,-143.79,4688.2375,2341.0625,0,2186.9,
78.58571429,1541.666667,-146.66,4688.2375,2341.0625,0,2221.6,
78.58571429,1541.666667,-149.17,4711.442857,2352.671429,0,2266.1,
81.55,1541.666667,-146.9,4711.442857,2352.671429,0,2312.7,
81.55,1541.666667,-141.72,4711.442857,2352.671429,0,2261.8,
81.55,1541.666667,-146.09,4711.442857,2352.671429,0,2262.1,
81.55,1541.666667,-142.98,4711.442857,2352.671429,0,2266.6,
81.55,1446.4625,-136.39,4688.2375,2341.0625,0,2208.6,
78.58571429,1446.4625,-126.91,4457.055556,2225.622222,0,2126.7,
78.58571429,1210.142857,-118.85,4457.055556,2225.622222,0,2062.2,
70.67777778,1194.342857,-112.24,4412.611111,2203.433333,0,1930.3,
70.67777778,1194.342857,-110.58,4412.611111,2203.433333,0,1934.1,
70.67777778,1194.342857,-110.58,4412.611111,2203.433333,0,1883.7,
70.67777778,1194.342857,-110.58,4412.611111,2203.433333,0,1900,
70.67777778,1194.342857,-110.58,4412.611111,2203.433333,0,1879,
78.05714286,1194.342857,-122.57,4640.1375,2317.05,0,1905,
81.0125,1432.825,-129.99,4640.1375,2317.05,0,1965.4,
81.0125,1432.825,-131.73,4640.1375,2317.05,0,1987.3,
81.0125,1432.825,-138.9,4662.814286,2328.385714,0,2020.1,
78.05714286,1528.844444,-144.23,4662.814286,2328.385714,0,2079.4,
78.05714286,1528.844444,-154.63,4640.1375,2317.05,0,2144.3,
70.67777778,1432.825,-143.22,4412.611111,2203.433333,0,2181.7,
70.67777778,1432.825,-141.12,4412.611111,2203.433333,0,2083.7,
70.67777778,1432.825,-143.75,4640.1375,2317.05,0,2104.5,
70.67777778,1528.844444,-142.55,4640.1375,2317.05,0,2121,
78.05714286,1528.844444,-145.45,4640.1375,2317.05,0,2154.6,
78.05714286,1528.844444,-147.98,4662.814286,2328.385714,0,2197.8,
81.0125,1528.844444,-145.69,4662.814286,2328.385714,0,2244.4,
81.0125,1528.844444,-140.47,4662.814286,2328.385714,0,2193.6,
81.0125,1528.844444,-144.87,4662.814286,2328.385714,0,2193.9,
81.0125,1528.844444,-141.74,4662.814286,2328.385714,0,2198.3,
81.0125,1432.825,-135.09,4640.1375,2317.05,0,2142.1,
78.05714286,1432.825,-125.52,4412.611111,2203.433333,0,2062.6,
78.05714286,1194.342857,-117.38,4412.611111,2203.433333,0,2000.1,
70.2,1179.1,-110.76,4398.766667,2196.511111,0,1865.4,
70.2,1179.1,-109,4398.766667,2196.511111,0,1869.2,
70.2,1179.1,-109,4398.766667,2196.511111,0,1818.4,
70.2,1179.1,-109,4398.766667,2196.511111,0,1834.9,
70.2,1179.1,-109,4398.766667,2196.511111,0,1813.6,
77.58571429,1179.1,-121.52,4612.6625,2303.3375,0,1839.9,
80.575,1427.575,-129.24,4612.6625,2303.3375,0,1900.7,
80.575,1427.575,-131.05,4612.6625,2303.3375,0,1922.7,
80.575,1427.575,-138.51,4633.457143,2313.714286,0,1955.8,
77.58571429,1527.2,-144.06,4633.457143,2313.714286,0,2015.4,
77.58571429,1527.2,-154.63,4612.6625,2303.3375,0,2080.8,
70.2,1427.575,-143,4398.766667,2196.511111,0,2118.4,
70.2,1427.575,-140.82,4398.766667,2196.511111,0,2019.8,
70.2,1427.575,-143.56,4612.6625,2303.3375,0,2040.7,
70.2,1527.2,-142.31,4612.6625,2303.3375,0,2057.4,
77.58571429,1527.2,-145.32,4612.6625,2303.3375,0,2091.2,
77.58571429,1527.2,-147.96,4633.457143,2313.714286,0,2134.6,
80.575,1527.2,-145.58,4633.457143,2313.714286,0,2181.2,
80.575,1527.2,-140.14,4633.457143,2313.714286,0,2130.4,
80.575,1527.2,-144.72,4633.457143,2313.714286,0,2130.7,
80.575,1527.2,-141.46,4633.457143,2313.714286,0,2135.2,
80.575,1427.575,-134.54,4612.6625,2303.3375,0,2078.5,
77.58571429,1427.575,-124.59,4398.766667,2196.511111,0,1998.6,
77.58571429,1179.1,-116.12,4398.766667,2196.511111,0,1935.6,
69.91111111,1164.328571,-109.32,4382.111111,2188.222222,0,1810.9,
69.91111111,1164.328571,-107.42,4382.111111,2188.222222,0,1814.6,
69.91111111,1164.328571,-107.42,4382.111111,2188.222222,0,1764.7,
69.91111111,1164.328571,-107.42,4382.111111,2188.222222,0,1780.8,
69.91111111,1164.328571,-107.42,4382.111111,2188.222222,0,1760.4,
77.31428571,1164.328571,-120.58,4588.05,2291.05,0,1785.8,
80.275,1424.6625,-128.66,4588.05,2291.05,0,1845.6,
80.275,1424.6625,-130.55,4588.05,2291.05,0,1867.2,
80.275,1424.6625,-138.36,4607.742857,2300.9,0,1899.7,
77.31428571,1528.588889,-144.17,4607.742857,2300.9,0,1958.4,
77.31428571,1528.588889,-154.96,4588.05,2291.05,0,2022.7,
69.91111111,1424.6625,-143.07,4382.111111,2188.222222,0,2059.7,
69.91111111,1424.6625,-140.79,4382.111111,2188.222222,0,1962.7,
69.91111111,1424.6625,-143.65,4588.05,2291.05,0,1983.3,
69.91111111,1528.588889,-142.34,4588.05,2291.05,0,1999.6,
77.31428571,1528.588889,-145.5,4588.05,2291.05,0,2032.9,
77.31428571,1528.588889,-148.26,4607.742857,2300.9,0,2075.6,
80.275,1528.588889,-145.76,4607.742857,2300.9,0,2122.2,
80.275,1528.588889,-140.07,4607.742857,2300.9,0,2071.5,
80.275,1528.588889,-144.87,4607.742857,2300.9,0,2071.8,
80.275,1528.588889,-141.46,4607.742857,2300.9,0,2076.2,
80.275,1424.6625,-134.21,4588.05,2291.05,0,2020.4,
77.31428571,1424.6625,-123.79,4382.111111,2188.222222,0,1941.8,
77.31428571,1164.328571,-114.93,4382.111111,2188.222222,0,1879.9,
69.84444444,1164.657143,-109.36,4338.244444,2166.311111,0,1766.9,
69.84444444,1164.657143,-107.49,4338.244444,2166.311111,0,1770.7,
69.84444444,1164.657143,-107.49,4338.244444,2166.311111,0,1720.7,
69.84444444,1164.657143,-107.49,4338.244444,2166.311111,0,1736.9,
69.84444444,1164.657143,-107.49,4338.244444,2166.311111,0,1696.5,
77.21428571,1164.657143,-120.52,4559.925,2276.9875,0,1741.8,
80.175,1422.65,-128.53,4559.925,2276.9875,0,1801.7,
80.175,1422.65,-130.41,4559.925,2276.9875,0,1823.4,
80.175,1422.65,-138.15,4581.785714,2287.928571,0,1855.9,
77.21428571,1525.788889,-143.91,4581.785714,2287.928571,0,1914.6,
77.21428571,1525.788889,-154.65,4559.925,2276.9875,0,1979,
69.84444444,1422.65,-142.81,4338.244444,2166.311111,0,2016.1,
69.84444444,1422.65,-140.55,4338.244444,2166.311111,0,1919,
69.84444444,1422.65,-143.39,4559.925,2276.9875,0,1939.6,
69.84444444,1525.788889,-142.09,4559.925,2276.9875,0,1955.9,
77.21428571,1525.788889,-145.22,4559.925,2276.9875,0,1989.3,
77.21428571,1525.788889,-147.96,4581.785714,2287.928571,0,2032,
80.175,1525.788889,-145.48,4581.785714,2287.928571,0,2095.1,
80.175,1525.788889,-139.84,4581.785714,2287.928571,0,2027.9,
80.175,1525.788889,-144.6,4581.785714,2287.928571,0,2028.2,
80.175,1525.788889,-141.22,4581.785714,2287.928571,0,2032.6,
80.175,1422.65,-134.04,4559.925,2276.9875,0,1976.8,
77.21428571,1422.65,-123.71,4338.244444,2166.311111,0,1898,
77.21428571,1164.657143,-114.92,4338.244444,2166.311111,0,1836.1,
69.78888889,1167.885714,-109.68,4332.044444,2163.211111,0,1783.8,
69.78888889,1167.885714,-107.85,4332.044444,2163.211111,0,1787.6,
69.78888889,1167.885714,-107.85,4332.044444,2163.211111,0,1737.1,
69.78888889,1167.885714,-107.85,4332.044444,2163.211111,0,1753.4,
69.78888889,1167.885714,-107.85,4332.044444,2163.211111,0,1684.2,
77.05714286,1167.885714,-120.67,4563.45,2278.7375,0,1758.4,
79.975,1421.75,-128.55,4563.45,2278.7375,0,1818.8,
79.975,1421.75,-130.4,4563.45,2278.7375,0,1840.8,
79.975,1421.75,-138.02,4586.642857,2290.342857,0,1873.6,
77.05714286,1523.4,-143.69,4586.642857,2290.342857,0,1932.9,
77.05714286,1523.4,-154.36,4563.45,2278.7375,0,1997.9,
69.78888889,1421.75,-142.61,4332.044444,2163.211111,0,2035.3,
69.78888889,1421.75,-140.39,4332.044444,2163.211111,0,1937.3,
69.78888889,1421.75,-143.18,4563.45,2278.7375,0,1958.1,
69.78888889,1523.4,-141.9,4563.45,2278.7375,0,1974.6,
77.05714286,1523.4,-144.98,4563.45,2278.7375,0,2008.2,
77.05714286,1523.4,-147.68,4586.642857,2290.342857,0,2051.4,
79.975,1523.4,-145.24,4586.642857,2290.342857,0,2138,
79.975,1523.4,-139.69,4586.642857,2290.342857,0,2047.2,
79.975,1523.4,-144.37,4586.642857,2290.342857,0,2047.5,
79.975,1523.4,-141.04,4586.642857,2290.342857,0,2052,
79.975,1421.75,-133.97,4563.45,2278.7375,0,1995.6,
77.05714286,1421.75,-123.8,4332.044444,2163.211111,0,1916.1,
77.05714286,1167.885714,-115.15,4332.044444,2163.211111,0,1853.6,
69.3,1179.8,-110.84,4354.977778,2174.644444,0,1844.2,
69.3,1179.8,-109.11,4354.977778,2174.644444,0,1848.1,
69.3,1179.8,-109.11,4354.977778,2174.644444,0,1795.9,
69.3,1179.8,-109.11,4354.977778,2174.644444,0,1812.8,
69.3,1179.8,-109.11,4354.977778,2174.644444,0,1746.7,
76.44285714,1179.8,-121.43,4590.6125,2292.3125,0,1818,
79.3,1424.2375,-129.02,4590.6125,2292.3125,0,1880.4,
79.3,1424.2375,-130.8,4590.6125,2292.3125,0,1903.1,
79.3,1424.2375,-138.15,4614.442857,2304.2,0,1937,
76.44285714,1522.422222,-143.61,4614.442857,2304.2,0,1998.3,
76.44285714,1522.422222,-154.11,4590.6125,2292.3125,0,2065.6,
69.3,1424.2375,-142.57,4354.977778,2174.644444,0,2104.2,
69.3,1424.2375,-140.43,4354.977778,2174.644444,0,2002.9,
69.3,1424.2375,-143.12,4590.6125,2292.3125,0,2024.4,
69.3,1522.422222,-141.89,4590.6125,2292.3125,0,2041.4,
76.44285714,1522.422222,-144.86,4590.6125,2292.3125,0,2076.2,
76.44285714,1522.422222,-147.46,4614.442857,2304.2,0,2120.8,
79.3,1522.422222,-145.11,4614.442857,2304.2,0,2203.5,
79.3,1522.422222,-139.76,4614.442857,2304.2,0,2116.6,
79.3,1522.422222,-144.27,4614.442857,2304.2,0,2116.8,
79.3,1522.422222,-141.06,4614.442857,2304.2,0,2121.4,
79.3,1424.2375,-134.25,4590.6125,2292.3125,0,2063.2,
76.44285714,1424.2375,-124.45,4354.977778,2174.644444,0,1981,
76.44285714,1179.8,-116.11,4354.977778,2174.644444,0,1916.3,
68.44444444,1178.071429,-110.71,4356.388889,2175.355556,0,1918.4,
68.44444444,1178.071429,-109.13,4356.388889,2175.355556,0,1922.5,
68.44444444,1178.071429,-109.13,4356.388889,2175.355556,0,1868.2,
68.44444444,1178.071429,-109.13,4356.388889,2175.355556,0,1885.8,
68.44444444,1178.071429,-109.13,4356.388889,2175.355556,0,1829.5,
75.28571429,1178.071429,-120.73,4594.2625,2294.15,0,1891.2,
78,1409.0625,-127.92,4594.2625,2294.15,0,1956.1,
78,1409.0625,-129.6,4594.2625,2294.15,0,1979.7,
78,1409.0625,-136.56,4618.4,2306.185714,0,2015,
75.28571429,1502.366667,-141.73,4618.4,2306.185714,0,2078.8,
75.28571429,1502.366667,-151.98,4594.2625,2294.15,0,2148.7,
68.44444444,1409.0625,-140.74,4356.388889,2175.355556,0,2188.9,
68.44444444,1409.0625,-138.71,4356.388889,2175.355556,0,2083.5,
68.44444444,1409.0625,-141.26,4594.2625,2294.15,0,2105.8,
68.44444444,1502.366667,-140.1,4594.2625,2294.15,0,2123.6,
75.28571429,1502.366667,-142.91,4594.2625,2294.15,0,2159.8,
75.28571429,1502.366667,-145.36,4618.4,2306.185714,0,2206.2,
78,1502.366667,-143.14,4618.4,2306.185714,0,2279,
78,1502.366667,-138.08,4618.4,2306.185714,0,2201.7,
78,1502.366667,-142.35,4618.4,2306.185714,0,2202.1,
78,1502.366667,-139.31,4618.4,2306.185714,0,2206.8,
78,1409.0625,-132.86,4594.2625,2294.15,0,2146.2,
75.28571429,1409.0625,-123.59,4356.388889,2175.355556,0,2060.8,
75.28571429,1178.071429,-115.7,4356.388889,2175.355556,0,1993.5,
67.56666667,1158.8,-108.85,4351.144444,2172.722222,0,1959.1,
67.56666667,1158.8,-107.17,4351.144444,2172.722222,0,1963.2,
67.56666667,1158.8,-107.17,4351.144444,2172.722222,0,1907.8,
67.56666667,1158.8,-107.17,4351.144444,2172.722222,0,1925.7,
67.56666667,1158.8,-107.17,4351.144444,2172.722222,0,1881.3,
74.25714286,1158.8,-119.3,4591.9125,2292.975,0,1931.2,
76.9,1399.825,-126.79,4591.9125,2292.975,0,1997.6,
76.9,1399.825,-128.54,4591.9125,2292.975,0,2021.6,
76.9,1399.825,-135.79,4616.442857,2305.2,0,2057.7,
74.25714286,1496.766667,-141.18,4616.442857,2305.2,0,2122.8,
74.25714286,1496.766667,-151.62,4591.9125,2292.975,0,2194.2,
67.56666667,1399.825,-140.15,4351.144444,2172.722222,0,2235.2,
67.56666667,1399.825,-138.04,4351.144444,2172.722222,0,2127.6,
67.56666667,1399.825,-140.69,4591.9125,2292.975,0,2150.4,
67.56666667,1496.766667,-139.48,4591.9125,2292.975,0,2168.6,
74.25714286,1496.766667,-142.41,4591.9125,2292.975,0,2205.5,
74.25714286,1496.766667,-144.97,4616.442857,2305.2,0,2252.9,
76.9,1496.766667,-142.65,4616.442857,2305.2,0,2314.9,
76.9,1496.766667,-137.38,4616.442857,2305.2,0,2248.3,
76.9,1496.766667,-141.82,4616.442857,2305.2,0,2248.7,
76.9,1496.766667,-138.66,4616.442857,2305.2,0,2253.5,
76.9,1399.825,-131.94,4591.9125,2292.975,0,2191.7,
74.25714286,1399.825,-122.27,4351.144444,2172.722222,0,2104.4,
74.25714286,1158.8,-114.05,4351.144444,2172.722222,0,2035.7,
66.94444444,1145.028571,-107.5,4379.788889,2187.055556,0,1974.5,
66.94444444,1145.028571,-105.65,4379.788889,2187.055556,0,1978.7,
66.94444444,1145.028571,-105.65,4379.788889,2187.055556,0,1922.8,
66.94444444,1145.028571,-105.65,4379.788889,2187.055556,0,1940.9,
66.94444444,1145.028571,-105.65,4379.788889,2187.055556,0,1903.2,
73.95714286,1145.028571,-118.59,4614.45,2304.2,0,1946.4,
76.725,1401.3375,-126.55,4614.45,2304.2,0,2013.3,
76.725,1401.3375,-128.41,4614.45,2304.2,0,2037.5,
76.725,1401.3375,-136.11,4638.142857,2316.057143,0,2073.9,
73.95714286,1503.855556,-141.83,4638.142857,2316.057143,0,2139.5,
73.95714286,1503.855556,-152.54,4614.45,2304.2,0,2211.5,
66.94444444,1401.3375,-140.74,4379.788889,2187.055556,0,2252.8,
66.94444444,1401.3375,-138.49,4379.788889,2187.055556,0,2144.4,
66.94444444,1401.3375,-141.31,4614.45,2304.2,0,2167.4,
66.94444444,1503.855556,-140.02,4614.45,2304.2,0,2185.7,
73.95714286,1503.855556,-143.13,4614.45,2304.2,0,2222.9,
73.95714286,1503.855556,-145.85,4638.142857,2316.057143,0,2270.7,
76.725,1503.855556,-143.39,4638.142857,2316.057143,0,2326.7,
76.725,1503.855556,-137.79,4638.142857,2316.057143,0,2266.1,
76.725,1503.855556,-142.51,4638.142857,2316.057143,0,2266.4,
76.725,1503.855556,-139.15,4638.142857,2316.057143,0,2271.3,
76.725,1401.3375,-132.02,4614.45,2304.2,0,2208.9,
73.95714286,1401.3375,-121.75,4379.788889,2187.055556,0,2121,
73.95714286,1145.028571,-113.02,4379.788889,2187.055556,0,2051.7,
67.12222222,1143.357143,-107.31,4400.533333,2197.411111,0,2002,
67.12222222,1143.357143,-105.33,4400.533333,2197.411111,0,2006.3,
67.12222222,1143.357143,-105.33,4400.533333,2197.411111,0,1949.6,
67.12222222,1143.357143,-105.33,4400.533333,2197.411111,0,1968,
67.12222222,1143.357143,-105.33,4400.533333,2197.411111,0,1929,
74.32857143,1143.357143,-118.9,4624.55,2309.2625,0,1973.6,
77.2125,1411.4875,-127.22,4624.55,2309.2625,0,2041.4,
77.2125,1411.4875,-129.16,4624.55,2309.2625,0,2065.9,
77.2125,1411.4875,-137.2,4646.757143,2320.342857,0,2102.8,
74.32857143,1518.288889,-143.18,4646.757143,2320.342857,0,2169.3,
74.32857143,1518.288889,-154.11,4624.55,2309.2625,0,2242.3,
67.12222222,1411.4875,-142.04,4400.533333,2197.411111,0,2284.2,
67.12222222,1411.4875,-139.7,4400.533333,2197.411111,0,2174.2,
67.12222222,1411.4875,-142.64,4624.55,2309.2625,0,2197.6,
67.12222222,1518.288889,-141.29,4624.55,2309.2625,0,2216.1,
74.32857143,1518.288889,-144.54,4624.55,2309.2625,0,2253.9,
74.32857143,1518.288889,-147.39,4646.757143,2320.342857,0,2302.3,
77.2125,1518.288889,-144.82,4646.757143,2320.342857,0,2358.7,
77.2125,1518.288889,-138.96,4646.757143,2320.342857,0,2297.6,
77.2125,1518.288889,-143.9,4646.757143,2320.342857,0,2298,
77.2125,1518.288889,-140.39,4646.757143,2320.342857,0,2302.9,
77.2125,1411.4875,-132.93,4624.55,2309.2625,0,2239.7,
74.32857143,1411.4875,-122.21,4400.533333,2197.411111,0,2150.5,
74.32857143,1143.357143,-113.08,4400.533333,2197.411111,0,2080.3,
67.27777778,1151.628571,-108.14,4377.677778,2185.977778,0,2025.4,
67.27777778,1151.628571,-106.31,4377.677778,2185.977778,0,2029.8,
67.27777778,1151.628571,-106.31,4377.677778,2185.977778,0,1972.4,
67.27777778,1151.628571,-106.31,4377.677778,2185.977778,0,1991,
67.27777778,1151.628571,-106.31,4377.677778,2185.977778,0,1961,
74.34285714,1151.628571,-119.13,4617.7375,2305.8875,0,1996.6,
77.1375,1405.7125,-127.02,4617.7375,2305.8875,0,2065.2,
77.1375,1405.7125,-128.87,4617.7375,2305.8875,0,2090.1,
77.1375,1405.7125,-136.5,4642.214286,2318.071429,0,2127.4,
74.34285714,1507.4,-142.17,4642.214286,2318.071429,0,2194.7,
74.34285714,1507.4,-152.84,4617.7375,2305.8875,0,2268.5,
67.27777778,1405.7125,-141.09,4377.677778,2185.977778,0,2310.9,
67.27777778,1405.7125,-138.86,4377.677778,2185.977778,0,2199.7,
67.27777778,1405.7125,-141.66,4617.7375,2305.8875,0,2223.3,
67.27777778,1507.4,-140.38,4617.7375,2305.8875,0,2242,
74.34285714,1507.4,-143.46,4617.7375,2305.8875,0,2280.2,
74.34285714,1507.4,-146.16,4642.214286,2318.071429,0,2329.2,
77.1375,1507.4,-143.72,4642.214286,2318.071429,0,2377.6,
77.1375,1507.4,-138.17,4642.214286,2318.071429,0,2324.5,
77.1375,1507.4,-142.85,4642.214286,2318.071429,0,2324.8,
77.1375,1507.4,-139.52,4642.214286,2318.071429,0,2329.9,
77.1375,1405.7125,-132.44,4617.7375,2305.8875,0,2265.9,
74.34285714,1405.7125,-122.27,4377.677778,2185.977778,0,2175.7,
74.34285714,1151.628571,-113.61,4377.677778,2185.977778,0,2104.6,
66.98888889,1135.257143,-106.59,4357.566667,2175.933333,0,2043.7,
66.98888889,1135.257143,-104.8,4357.566667,2175.933333,0,2047.8,
66.98888889,1135.257143,-104.8,4357.566667,2175.933333,0,1993.5,
66.98888889,1135.257143,-104.8,4357.566667,2175.933333,0,2011.1,
66.98888889,1135.257143,-104.8,4357.566667,2175.933333,0,1986.3,
73.94285714,1135.257143,-117.42,4603.675,2298.8375,0,2016.5,
76.7,1385.5,-125.2,4603.675,2298.8375,0,2081.4,
76.7,1385.5,-127.02,4603.675,2298.8375,0,2104.9,
76.7,1385.5,-134.53,4628.928571,2311.471429,0,2140.2,
73.94285714,1485.822222,-140.12,4628.928571,2311.471429,0,2204,
73.94285714,1485.822222,-150.73,4603.675,2298.8375,0,2273.8,
66.98888889,1385.5,-139.06,4357.566667,2175.933333,0,2314,
66.98888889,1385.5,-136.86,4357.566667,2175.933333,0,2208.7,
66.98888889,1385.5,-139.62,4603.675,2298.8375,0,2231,
66.98888889,1485.822222,-138.36,4603.675,2298.8375,0,2248.8,
73.94285714,1485.822222,-141.4,4603.675,2298.8375,0,2284.9,
73.94285714,1485.822222,-144.05,4628.928571,2311.471429,0,2331.3,
76.7,1485.822222,-141.65,4628.928571,2311.471429,0,2378,
76.7,1485.822222,-136.18,4628.928571,2311.471429,0,2326.8,
76.7,1485.822222,-140.79,4628.928571,2311.471429,0,2327.1,
76.7,1485.822222,-137.51,4628.928571,2311.471429,0,2331.9,
76.7,1385.5,-130.54,4603.675,2298.8375,0,2271.4,
73.94285714,1385.5,-120.51,4357.566667,2175.933333,0,2186,
73.94285714,1135.257143,-111.98,4357.566667,2175.933333,0,2118.7,
66.56666667,1117.171429,-104.89,4353.8,2174.066667,0,2031.5,
66.56666667,1117.171429,-103.16,4353.8,2174.066667,0,2035.5,
66.56666667,1117.171429,-103.16,4353.8,2174.066667,0,1982.4,
66.56666667,1117.171429,-103.16,4353.8,2174.066667,0,1999.6,
66.56666667,1117.171429,-103.16,4353.8,2174.066667,0,1976,
73.5,1117.171429,-115.49,4596.375,2295.2,0,2004.8,
76.275,1362.05,-123.1,4596.375,2295.2,0,2068.3,
76.275,1362.05,-124.88,4596.375,2295.2,0,2091.3,
76.275,1362.05,-132.24,4621.185714,2307.571429,0,2125.8,
73.5,1460.388889,-137.72,4621.185714,2307.571429,0,2188,
73.5,1460.388889,-148.22,4596.375,2295.2,0,2256.3,
66.56666667,1362.05,-136.67,4353.8,2174.066667,0,2295.6,
66.56666667,1362.05,-134.53,4353.8,2174.066667,0,2192.6,
66.56666667,1362.05,-137.22,4596.375,2295.2,0,2214.5,
66.56666667,1460.388889,-135.99,4596.375,2295.2,0,2231.8,
73.5,1460.388889,-138.96,4596.375,2295.2,0,2267.2,
73.5,1460.388889,-141.57,4621.185714,2307.571429,0,2312.5,
76.275,1460.388889,-139.21,4621.185714,2307.571429,0,2359.2,
76.275,1460.388889,-133.85,4621.185714,2307.571429,0,2308.1,
76.275,1460.388889,-138.37,4621.185714,2307.571429,0,2308.4,
76.275,1460.388889,-135.16,4621.185714,2307.571429,0,2313.1,
76.275,1362.05,-128.33,4596.375,2295.2,0,2253.9,
73.5,1362.05,-118.52,4353.8,2174.066667,0,2170.5,
73.5,1117.171429,-110.17,4353.8,2174.066667,0,2104.7,
66.34444444,1101.042857,-103.39,4332.355556,2163.355556,0,2022.5,
66.34444444,1101.042857,-101.8,4332.355556,2163.355556,0,2026.2,
66.34444444,1101.042857,-101.8,4332.355556,2163.355556,0,1976.6,
66.34444444,1101.042857,-101.8,4332.355556,2163.355556,0,1992.7,
66.34444444,1101.042857,-101.8,4332.355556,2163.355556,0,1972.6,
73.28571429,1101.042857,-113.46,4561.75,2277.9,0,1997.6,
76.025,1333.2625,-120.69,4561.75,2277.9,0,2056.9,
76.025,1333.2625,-122.38,4561.75,2277.9,0,2078.4,
76.025,1333.2625,-129.37,4584.714286,2289.385714,0,2110.6,
73.28571429,1426.977778,-134.56,4584.714286,2289.385714,0,2168.8,
73.28571429,1426.977778,-144.84,4561.75,2277.9,0,2232.6,
66.34444444,1333.2625,-133.57,4332.355556,2163.355556,0,2269.3,
66.34444444,1333.2625,-131.53,4332.355556,2163.355556,0,2173.1,
66.34444444,1333.2625,-134.09,4561.75,2277.9,0,2193.5,
66.34444444,1426.977778,-132.92,4561.75,2277.9,0,2209.7,
73.28571429,1426.977778,-135.75,4561.75,2277.9,0,2242.7,
73.28571429,1426.977778,-138.22,4584.714286,2289.385714,0,2285.1,
76.025,1426.977778,-135.98,4584.714286,2289.385714,0,2331.7,
76.025,1426.977778,-130.9,4584.714286,2289.385714,0,2281,
76.025,1426.977778,-135.18,4584.714286,2289.385714,0,2281.3,
76.025,1426.977778,-132.13,4584.714286,2289.385714,0,2285.6,
76.025,1333.2625,-125.65,4561.75,2277.9,0,2230.3,
73.28571429,1333.2625,-116.33,4332.355556,2163.355556,0,2152.3,
73.28571429,1101.042857,-108.4,4332.355556,2163.355556,0,2090.9,
65.9,1072.928571,-100.73,4289.588889,2142.011111,0,1989.1,
65.9,1072.928571,-99.17,4289.588889,2142.011111,0,1992.8,
65.9,1072.928571,-99.17,4289.588889,2142.011111,0,1943.1,
65.9,1072.928571,-99.17,4289.588889,2142.011111,0,1959.2,
65.9,1072.928571,-99.17,4289.588889,2142.011111,0,1939,
72.77142857,1072.928571,-110.65,4509.3875,2251.75,0,1964.1,
75.5,1301.6375,-117.77,4509.3875,2251.75,0,2023.6,
75.5,1301.6375,-119.44,4509.3875,2251.75,0,2045.2,
75.5,1301.6375,-126.32,4531,2262.571429,0,2077.5,
72.77142857,1394.077778,-131.44,4531,2262.571429,0,2135.8,
72.77142857,1394.077778,-141.66,4509.3875,2251.75,0,2199.8,
65.9,1301.6375,-130.47,4289.588889,2142.011111,0,2236.6,
65.9,1301.6375,-128.46,4289.588889,2142.011111,0,2140.1,
65.9,1301.6375,-130.98,4509.3875,2251.75,0,2160.6,
65.9,1394.077778,-129.83,4509.3875,2251.75,0,2176.9,
72.77142857,1394.077778,-132.61,4509.3875,2251.75,0,2210,
72.77142857,1394.077778,-135.04,4531,2262.571429,0,2252.5,
75.5,1394.077778,-132.84,4531,2262.571429,0,2299.1,
75.5,1394.077778,-127.83,4531,2262.571429,0,2248.4,
75.5,1394.077778,-132.05,4531,2262.571429,0,2248.6,
75.5,1394.077778,-129.05,4531,2262.571429,0,2253,
75.5,1301.6375,-122.66,4509.3875,2251.75,0,2197.6,
72.77142857,1301.6375,-113.48,4289.588889,2142.011111,0,2119.3,
72.77142857,1072.928571,-105.67,4289.588889,2142.011111,0,2057.8,
65.18888889,1029.485714,-96.58,4246.888889,2120.677778,0,1937.4,
65.18888889,1029.485714,-94.95,4246.888889,2120.677778,0,1941.4,
65.18888889,1029.485714,-94.95,4246.888889,2120.677778,0,1888.2,
65.18888889,1029.485714,-94.95,4246.888889,2120.677778,0,1905.4,
65.18888889,1029.485714,-94.95,4246.888889,2120.677778,0,1881.6,
72.1,1029.485714,-106.78,4463.9625,2229.075,0,1910.7,
74.875,1264.7875,-114.1,4463.9625,2229.075,0,1974.4,
74.875,1264.7875,-115.81,4463.9625,2229.075,0,1997.5,
74.875,1264.7875,-122.89,4485.228571,2239.685714,0,2032.1,
72.1,1359.644444,-128.16,4485.228571,2239.685714,0,2094.6,
72.1,1359.644444,-138.49,4463.9625,2229.075,0,2163.2,
65.18888889,1264.7875,-127.16,4246.888889,2120.677778,0,2202.5,
65.18888889,1264.7875,-125.09,4246.888889,2120.677778,0,2099.2,
65.18888889,1264.7875,-127.68,4463.9625,2229.075,0,2121.1,
65.18888889,1359.644444,-126.5,4463.9625,2229.075,0,2138.6,
72.1,1359.644444,-129.36,4463.9625,2229.075,0,2174,
72.1,1359.644444,-131.86,4485.228571,2239.685714,0,2219.5,
74.875,1359.644444,-129.6,4485.228571,2239.685714,0,2266.2,
74.875,1359.644444,-124.44,4485.228571,2239.685714,0,2215.2,
74.875,1359.644444,-128.79,4485.228571,2239.685714,0,2215.5,
74.875,1359.644444,-125.7,4485.228571,2239.685714,0,2220.1,
74.875,1264.7875,-119.13,4463.9625,2229.075,0,2160.7,
72.1,1264.7875,-109.69,4246.888889,2120.677778,0,2076.9,
72.1,1029.485714,-101.66,4246.888889,2120.677778,0,2011,
64.28888889,1016.371429,-95.33,4221.011111,2107.766667,0,1908,
64.28888889,1016.371429,-93.68,4221.011111,2107.766667,0,1912,
64.28888889,1016.371429,-93.68,4221.011111,2107.766667,0,1858.8,
64.28888889,1016.371429,-93.68,4221.011111,2107.766667,0,1876,
64.28888889,1016.371429,-93.68,4221.011111,2107.766667,0,1852.3,
71.47142857,1016.371429,-105.64,4430.8625,2212.5625,0,1881.3,
74.3375,1254.275,-113.04,4430.8625,2212.5625,0,1944.9,
74.3375,1254.275,-114.77,4430.8625,2212.5625,0,1968,
74.3375,1254.275,-121.92,4451.1,2222.657143,0,2002.6,
71.47142857,1350.033333,-127.24,4451.1,2222.657143,0,2065,
71.47142857,1350.033333,-137.62,4430.8625,2212.5625,0,2133.5,
64.28888889,1254.275,-126.23,4221.011111,2107.766667,0,2172.9,
64.28888889,1254.275,-124.14,4221.011111,2107.766667,0,2069.7,
64.28888889,1254.275,-126.76,4430.8625,2212.5625,0,2091.6,
64.28888889,1350.033333,-125.56,4430.8625,2212.5625,0,2109,
71.47142857,1350.033333,-128.45,4430.8625,2212.5625,0,2144.4,
71.47142857,1350.033333,-130.98,4451.1,2222.657143,0,2189.9,
74.3375,1350.033333,-128.69,4451.1,2222.657143,0,2236.5,
74.3375,1350.033333,-123.49,4451.1,2222.657143,0,2185.5,
74.3375,1350.033333,-127.88,4451.1,2222.657143,0,2185.8,
74.3375,1350.033333,-124.75,4451.1,2222.657143,0,2190.5,
74.3375,1254.275,-118.12,4430.8625,2212.5625,0,2131.1,
71.47142857,1254.275,-108.58,4221.011111,2107.766667,0,2047.4,
71.47142857,1016.371429,-100.46,4221.011111,2107.766667,0,1981.5,
63.73333333,1010.914286,-94.8,4202.833333,2098.677778,0,1908.8,
63.73333333,1010.914286,-93.14,4202.833333,2098.677778,0,1912.9,
63.73333333,1010.914286,-93.14,4202.833333,2098.677778,0,1858.8,
63.73333333,1010.914286,-93.14,4202.833333,2098.677778,0,1876.3,
63.73333333,1010.914286,-93.14,4202.833333,2098.677778,0,1851.4,
71.07142857,1010.914286,-105.16,4414.1,2204.1875,0,1881.7,
73.9125,1249.975,-112.6,4414.1,2204.1875,0,1946.3,
73.9125,1249.975,-114.34,4414.1,2204.1875,0,1969.8,
73.9125,1249.975,-121.53,4434.542857,2214.371429,0,2004.9,
71.07142857,1346.188889,-126.87,4434.542857,2214.371429,0,2068.3,
71.07142857,1346.188889,-137.28,4414.1,2204.1875,0,2137.9,
63.73333333,1249.975,-125.86,4202.833333,2098.677778,0,2177.9,
63.73333333,1249.975,-123.76,4202.833333,2098.677778,0,2073,
63.73333333,1249.975,-126.39,4414.1,2204.1875,0,2095.3,
63.73333333,1346.188889,-125.19,4414.1,2204.1875,0,2113,
71.07142857,1346.188889,-128.09,4414.1,2204.1875,0,2148.9,
71.07142857,1346.188889,-130.63,4434.542857,2214.371429,0,2195.1,
73.9125,1346.188889,-128.33,4434.542857,2214.371429,0,2242.1,
73.9125,1346.188889,-123.1,4434.542857,2214.371429,0,2190.7,
73.9125,1346.188889,-127.51,4434.542857,2214.371429,0,2191,
73.9125,1346.188889,-124.37,4434.542857,2214.371429,0,2195.7,
73.9125,1249.975,-117.71,4414.1,2204.1875,0,2135.5,
71.07142857,1249.975,-108.12,4202.833333,2098.677778,0,2050.4,
71.07142857,1010.914286,-99.96,4202.833333,2098.677778,0,1983.5,
63.86666667,1005.514286,-94.26,4180.366667,2087.466667,0,1924.2,
63.86666667,1005.514286,-92.5,4180.366667,2087.466667,0,1928.3,
63.86666667,1005.514286,-92.5,4180.366667,2087.466667,0,1873.9,
63.86666667,1005.514286,-92.5,4180.366667,2087.466667,0,1891.5,
63.86666667,1005.514286,-92.5,4180.366667,2087.466667,0,1860.6,
71.27142857,1005.514286,-105,4407.4375,2200.875,0,1896.9,
74.0875,1253.4875,-112.71,4407.4375,2200.875,0,1962,
74.0875,1253.4875,-114.51,4407.4375,2200.875,0,1985.7,
74.0875,1253.4875,-121.96,4430.071429,2212.157143,0,2021.1,
71.27142857,1352.966667,-127.5,4430.071429,2212.157143,0,2085,
71.27142857,1352.966667,-138.07,4407.4375,2200.875,0,2155.2,
63.86666667,1253.4875,-126.45,4180.366667,2087.466667,0,2195.5,
63.86666667,1253.4875,-124.27,4180.366667,2087.466667,0,2089.8,
63.86666667,1253.4875,-127,4407.4375,2200.875,0,2112.2,
63.86666667,1352.966667,-125.75,4407.4375,2200.875,0,2130,
71.27142857,1352.966667,-128.77,4407.4375,2200.875,0,2166.3,
71.27142857,1352.966667,-131.4,4430.071429,2212.157143,0,2212.9,
74.0875,1352.966667,-129.02,4430.071429,2212.157143,0,2264.4,
74.0875,1352.966667,-123.59,4430.071429,2212.157143,0,2208.4,
74.0875,1352.966667,-128.17,4430.071429,2212.157143,0,2208.7,
74.0875,1352.966667,-124.91,4430.071429,2212.157143,0,2213.5,
74.0875,1253.4875,-118,4407.4375,2200.875,0,2152.7,
71.27142857,1253.4875,-108.06,4180.366667,2087.466667,0,2067,
71.27142857,1005.514286,-99.61,4180.366667,2087.466667,0,1999.5,
64.91111111,1008.642857,-94.57,4156.6,2075.611111,0,1952,
64.91111111,1008.642857,-92.82,4156.6,2075.611111,0,1956.2,
64.91111111,1008.642857,-92.82,4156.6,2075.611111,0,1900.9,
64.91111111,1008.642857,-92.82,4156.6,2075.611111,0,1918.8,
64.91111111,1008.642857,-92.82,4156.6,2075.611111,0,1884.2,
71.95714286,1008.642857,-105.25,4400.3125,2197.3125,0,1924.3,
74.8,1255.375,-112.92,4400.3125,2197.3125,0,1990.4,
74.8,1255.375,-114.71,4400.3125,2197.3125,0,2014.4,
74.8,1255.375,-122.13,4425.257143,2209.757143,0,2050.3,
71.95714286,1354.388889,-127.64,4425.257143,2209.757143,0,2115.2,
71.95714286,1354.388889,-138.18,4400.3125,2197.3125,0,2186.3,
64.91111111,1255.375,-126.59,4156.6,2075.611111,0,2227.2,
64.91111111,1255.375,-124.43,4156.6,2075.611111,0,2120,
64.91111111,1255.375,-127.14,4400.3125,2197.3125,0,2142.7,
64.91111111,1354.388889,-125.9,4400.3125,2197.3125,0,2160.8,
71.95714286,1354.388889,-128.9,4400.3125,2197.3125,0,2197.6,
71.95714286,1354.388889,-131.52,4425.257143,2209.757143,0,2244.8,
74.8,1354.388889,-129.15,4425.257143,2209.757143,0,2298.9,
74.8,1354.388889,-123.75,4425.257143,2209.757143,0,2240.3,
74.8,1354.388889,-128.3,4425.257143,2209.757143,0,2240.6,
74.8,1354.388889,-125.06,4425.257143,2209.757143,0,2245.4,
74.8,1255.375,-118.19,4400.3125,2197.3125,0,2183.8,
71.95714286,1255.375,-108.3,4156.6,2075.611111,0,2096.8,
71.95714286,1008.642857,-99.89,4156.6,2075.611111,0,2028.4,
64.92222222,1005.685714,-94.3,4126.8,2060.688889,0,1970.8,
64.92222222,1005.685714,-92.59,4126.8,2060.688889,0,1974.9,
64.92222222,1005.685714,-92.59,4126.8,2060.688889,0,1920.5,
64.92222222,1005.685714,-92.59,4126.8,2060.688889,0,1938.1,
64.92222222,1005.685714,-92.59,4126.8,2060.688889,0,1913.2,
71.88571429,1005.685714,-104.8,4363.05,2178.6875,0,1943.5,
74.675,1248,-112.33,4363.05,2178.6875,0,2008.6,
74.675,1248,-114.09,4363.05,2178.6875,0,2032.2,
74.675,1248,-121.38,4386.957143,2190.628571,0,2067.5,
71.88571429,1345.411111,-126.8,4386.957143,2190.628571,0,2131.4,
71.88571429,1345.411111,-137.26,4363.05,2178.6875,0,2201.4,
64.92222222,1248,-125.76,4126.8,2060.688889,0,2241.7,
64.92222222,1248,-123.64,4126.8,2060.688889,0,2136.1,
64.92222222,1248,-126.31,4363.05,2178.6875,0,2158.5,
64.92222222,1345.411111,-125.09,4363.05,2178.6875,0,2176.3,
71.88571429,1345.411111,-128.03,4363.05,2178.6875,0,2212.5,
71.88571429,1345.411111,-130.61,4386.957143,2190.628571,0,2259,
74.675,1345.411111,-128.28,4386.957143,2190.628571,0,2305.7,
74.675,1345.411111,-122.97,4386.957143,2190.628571,0,2254.5,
74.675,1345.411111,-127.44,4386.957143,2190.628571,0,2254.8,
74.675,1345.411111,-124.26,4386.957143,2190.628571,0,2259.6,
74.675,1248,-117.51,4363.05,2178.6875,0,2198.9,
71.88571429,1248,-107.79,4126.8,2060.688889,0,2113.3,
71.88571429,1005.685714,-99.52,4126.8,2060.688889,0,2045.9,
64.54444444,987.6142857,-92.63,4090.122222,2042.388889,0,1981.4,
64.54444444,987.6142857,-90.73,4090.122222,2042.388889,0,1985.5,
64.54444444,987.6142857,-90.73,4090.122222,2042.388889,0,1929.8,
64.54444444,987.6142857,-90.73,4090.122222,2042.388889,0,1947.8,
64.54444444,987.6142857,-90.73,4090.122222,2042.388889,0,1921.5,
71.54285714,987.6142857,-103.41,4329.4625,2161.9125,0,1953.3,
74.3125,1237.325,-111.15,4329.4625,2161.9125,0,2020,
74.3125,1237.325,-112.96,4329.4625,2161.9125,0,2044.2,
74.3125,1237.325,-120.44,4353.785714,2174.057143,0,2080.5,
71.54285714,1337.588889,-126,4353.785714,2174.057143,0,2146,
71.54285714,1337.588889,-136.92,4329.4625,2161.9125,0,2217.7,
64.54444444,1237.325,-124.94,4090.122222,2042.388889,0,2259,
64.54444444,1237.325,-122.76,4090.122222,2042.388889,0,2150.8,
64.54444444,1237.325,-125.5,4329.4625,2161.9125,0,2173.7,
64.54444444,1337.588889,-124.25,4329.4625,2161.9125,0,2192,
71.54285714,1337.588889,-127.27,4329.4625,2161.9125,0,2229.1,
71.54285714,1337.588889,-129.91,4353.785714,2174.057143,0,2276.8,
74.3125,1337.588889,-127.52,4353.785714,2174.057143,0,2323.5,
74.3125,1337.588889,-122.08,4353.785714,2174.057143,0,2272.2,
74.3125,1337.588889,-126.67,4353.785714,2174.057143,0,2272.5,
74.3125,1337.588889,-123.4,4353.785714,2174.057143,0,2277.4,
74.3125,1237.325,-116.46,4329.4625,2161.9125,0,2215.2,
71.54285714,1237.325,-106.49,4090.122222,2042.388889,0,2127.5,
71.54285714,987.6142857,-98,4090.122222,2042.388889,0,2058.4,
68.71111111,1063,-95.49,4163.4,1974.033333,0,1925.6,
68.71111111,1063,-93.29,4163.4,1974.033333,0,1929.7,
68.71111111,1063,-92.93,4163.4,1974.033333,0,1875.2,
68.71111111,1063,-92.93,4163.4,1974.033333,0,1892.8,
68.71111111,1063,-93.26,4163.4,1974.033333,0,1863.5,
76.27142857,1063,-106.6,4418.1,2094.8,0,1898.2,
79.325,1335.175,-114.58,4418.1,2094.8,0,1963.4,
79.325,1335.175,-116.44,4418.1,2094.8,0,1987.1,
79.325,1335.175,-124.15,4442.328571,2106.271429,0,2022.5,
76.27142857,1444.388889,-129.88,4442.328571,2106.271429,0,2086.5,
76.27142857,1444.388889,-142.01,4418.1,2094.8,0,2156.7,
68.71111111,1335.175,-128.79,4163.4,1974.033333,0,2197,
68.71111111,1335.175,-126.54,4163.4,1974.033333,0,2091.2,
68.71111111,1335.175,-129.37,4418.1,2094.8,0,2113.7,
68.71111111,1444.388889,-128.08,4418.1,2094.8,0,2131.5,
76.27142857,1444.388889,-131.19,4418.1,2094.8,0,2167.8,
76.27142857,1444.388889,-133.92,4442.328571,2106.271429,0,2214.4,
79.325,1444.388889,-131.45,4442.328571,2106.271429,0,2264.2,
79.325,1444.388889,-125.84,4442.328571,2106.271429,0,2209.9,
79.325,1444.388889,-130.57,4442.328571,2106.271429,0,2210.2,
79.325,1444.388889,-127.2,4442.328571,2106.271429,0,2215,
79.325,1335.175,-120.05,4418.1,2094.8,0,2154.2,
76.27142857,1335.175,-109.77,4163.4,1974.033333,0,2068.4,
76.27142857,1063,-101.02,4163.4,1974.033333,0,2000.9,
68.71111111,1078,-96.8,4191.688889,1987.444444,0,1957.1,
68.71111111,1078,-94.56,4191.688889,1987.444444,0,1961.3,
68.71111111,1078,-94.36,4191.688889,1987.444444,0,1905.9,
68.71111111,1078,-94.36,4191.688889,1987.444444,0,1923.9,
68.71111111,1078,-94.53,4191.688889,1987.444444,0,1876,
76.34285714,1078,-108.06,4450.4625,2110.1625,0,1929.3,
79.3875,1353.425,-116.14,4450.4625,2110.1625,0,1995.6,
79.3875,1353.425,-118.03,4450.4625,2110.1625,0,2019.6,
79.3875,1353.425,-125.85,4473.8,2121.228571,0,2055.7,
76.34285714,1463.722222,-131.66,4473.8,2121.228571,0,2120.7,
76.34285714,1463.722222,-143.62,4450.4625,2110.1625,0,2192,
68.71111111,1353.425,-130.55,4191.688889,1987.444444,0,2233,
68.71111111,1353.425,-128.27,4191.688889,1987.444444,0,2125.5,
68.71111111,1353.425,-131.13,4450.4625,2110.1625,0,2148.3,
68.71111111,1463.722222,-129.83,4450.4625,2110.1625,0,2166.5,
76.34285714,1463.722222,-132.98,4450.4625,2110.1625,0,2203.3,
76.34285714,1463.722222,-135.75,4473.8,2121.228571,0,2250.7,
79.3875,1463.722222,-133.25,4473.8,2121.228571,0,2315.2,
79.3875,1463.722222,-127.56,4473.8,2121.228571,0,2246.1,
79.3875,1463.722222,-132.35,4473.8,2121.228571,0,2246.5,
79.3875,1463.722222,-128.94,4473.8,2121.228571,0,2251.3,
79.3875,1353.425,-121.7,4450.4625,2110.1625,0,2189.5,
76.34285714,1353.425,-111.27,4191.688889,1987.444444,0,2102.3,
76.34285714,1078,-102.4,4191.688889,1987.444444,0,2033.7,
69.01111111,1098.971429,-98.45,4239.233333,2010,0,2002.9,
69.01111111,1098.971429,-96.53,4239.233333,2010,0,2007.1,
69.01111111,1098.971429,-96.53,4239.233333,2010,0,1950.4,
69.01111111,1098.971429,-96.53,4239.233333,2010,0,1968.8,
69.01111111,1098.971429,-96.53,4239.233333,2010,0,1922.6,
76.67142857,1098.971429,-109.76,4494.125,2130.8625,0,1974.4,
79.7,1373,-117.89,4494.125,2130.8625,0,2042.2,
79.7,1373,-119.79,4494.125,2130.8625,0,2066.8,
79.7,1373,-127.64,4521.014286,2143.585714,0,2103.7,
76.67142857,1482.311111,-133.48,4521.014286,2143.585714,0,2170.2,
76.67142857,1482.311111,-144.25,4494.125,2130.8625,0,2243.2,
69.01111111,1373,-132.37,4239.233333,2010,0,2285.2,
69.01111111,1373,-130.08,4239.233333,2010,0,2175.1,
69.01111111,1373,-132.95,4494.125,2130.8625,0,2198.5,
69.01111111,1482.311111,-131.64,4494.125,2130.8625,0,2217,
76.67142857,1482.311111,-134.81,4494.125,2130.8625,0,2254.8,
76.67142857,1482.311111,-137.59,4521.014286,2143.585714,0,2303.3,
79.7,1482.311111,-135.08,4521.014286,2143.585714,0,2365.2,
79.7,1482.311111,-129.36,4521.014286,2143.585714,0,2298.6,
79.7,1482.311111,-134.18,4521.014286,2143.585714,0,2298.9,
79.7,1482.311111,-130.75,4521.014286,2143.585714,0,2303.9,
79.7,1373,-123.47,4494.125,2130.8625,0,2240.7,
76.67142857,1373,-112.99,4239.233333,2010,0,2151.4,
76.67142857,1098.971429,-104.08,4239.233333,2010,0,2081.2,
69.28888889,1103.485714,-98.88,4226.266667,2003.866667,0,2030.4,
69.28888889,1103.485714,-97.05,4226.266667,2003.866667,0,2034.7,
69.28888889,1103.485714,-97.05,4226.266667,2003.866667,0,1977.2,
69.28888889,1103.485714,-97.05,4226.266667,2003.866667,0,1995.8,
69.28888889,1103.485714,-97.05,4226.266667,2003.866667,0,1951.2,
76.82857143,1103.485714,-109.85,4480.2125,2124.275,0,2001.5,
79.85,1368.9625,-117.72,4480.2125,2124.275,0,2070.3,
79.85,1368.9625,-119.57,4480.2125,2124.275,0,2095.2,
79.85,1368.9625,-127.18,4507.071429,2137,0,2132.6,
76.82857143,1475.155556,-132.84,4507.071429,2137,0,2200,
76.82857143,1475.155556,-143.47,4480.2125,2124.275,0,2274,
69.28888889,1368.9625,-131.77,4226.266667,2003.866667,0,2316.6,
69.28888889,1368.9625,-129.54,4226.266667,2003.866667,0,2205,
69.28888889,1368.9625,-132.33,4480.2125,2124.275,0,2228.7,
69.28888889,1475.155556,-131.06,4480.2125,2124.275,0,2247.5,
76.82857143,1475.155556,-134.13,4480.2125,2124.275,0,2285.8,
76.82857143,1475.155556,-136.83,4507.071429,2137,0,2334.9,
79.85,1475.155556,-134.39,4507.071429,2137,0,2394.9,
79.85,1475.155556,-128.85,4507.071429,2137,0,2330.2,
79.85,1475.155556,-133.52,4507.071429,2137,0,2330.5,
79.85,1475.155556,-130.2,4507.071429,2137,0,2335.5,
79.85,1368.9625,-123.14,4480.2125,2124.275,0,2271.4,
76.82857143,1368.9625,-112.98,4226.266667,2003.866667,0,2181,
76.82857143,1103.485714,-104.34,4226.266667,2003.866667,0,2109.8,
69.37777778,1090.814286,-97.79,4214.488889,1998.266667,0,2039.4,
69.37777778,1090.814286,-95.7,4214.488889,1998.266667,0,2043.8,
69.37777778,1090.814286,-95.7,4214.488889,1998.266667,0,1986,
69.37777778,1090.814286,-95.7,4214.488889,1998.266667,0,2004.7,
69.37777778,1090.814286,-95.7,4214.488889,1998.266667,0,1963.9,
76.92857143,1090.814286,-109.17,4483.025,2125.575,0,2010.4,
79.9375,1367.2875,-117.33,4483.025,2125.575,0,2079.5,
79.9375,1367.2875,-119.24,4483.025,2125.575,0,2104.5,
79.9375,1367.2875,-127.14,4502.614286,2134.857143,0,2142.1,
76.92857143,1477.7,-133.01,4502.614286,2134.857143,0,2209.8,
76.92857143,1477.7,-144.24,4483.025,2125.575,0,2284.2,
69.37777778,1367.2875,-131.89,4214.488889,1998.266667,0,2326.9,
69.37777778,1367.2875,-129.59,4214.488889,1998.266667,0,2214.8,
69.37777778,1367.2875,-132.48,4483.025,2125.575,0,2238.6,
69.37777778,1477.7,-131.16,4483.025,2125.575,0,2257.5,
76.92857143,1477.7,-134.35,4483.025,2125.575,0,2295.9,
76.92857143,1477.7,-137.14,4502.614286,2134.857143,0,2345.3,
79.9375,1477.7,-134.61,4502.614286,2134.857143,0,2402,
79.9375,1477.7,-128.87,4502.614286,2134.857143,0,2340.5,
79.9375,1477.7,-133.71,4502.614286,2134.857143,0,2340.9,
79.9375,1477.7,-130.26,4502.614286,2134.857143,0,2345.9,
79.9375,1367.2875,-122.94,4483.025,2125.575,0,2281.6,
76.92857143,1367.2875,-112.41,4214.488889,1998.266667,0,2190.7,
76.92857143,1090.814286,-103.45,4214.488889,1998.266667,0,2119.2,
69.91111111,1099.328571,-98.87,4290.644444,2034.377778,0,2060.8,
69.91111111,1099.328571,-96.59,4290.644444,2034.377778,0,2065.2,
69.91111111,1099.328571,-95.81,4290.644444,2034.377778,0,2006.9,
69.91111111,1099.328571,-95.81,4290.644444,2034.377778,0,2025.8,
69.91111111,1099.328571,-96.56,4290.644444,2034.377778,0,1996.2,
77.5,1099.328571,-110.37,4574.925,2169.1375,0,2031.5,
80.5375,1382.3875,-118.63,4574.925,2169.1375,0,2101.3,
80.5375,1382.3875,-120.56,4574.925,2169.1375,0,2126.6,
80.5375,1382.3875,-128.54,4589.871429,2176.257143,0,2164.6,
77.5,1495.733333,-134.47,4589.871429,2176.257143,0,2233.1,
77.5,1495.733333,-147.27,4574.925,2169.1375,0,2308.2,
69.91111111,1382.3875,-133.35,4290.644444,2034.377778,0,2351.3,
69.91111111,1382.3875,-131.02,4290.644444,2034.377778,0,2238.1,
69.91111111,1382.3875,-133.94,4574.925,2169.1375,0,2262.1,
69.91111111,1495.733333,-132.6,4574.925,2169.1375,0,2281.2,
77.5,1495.733333,-135.83,4574.925,2169.1375,0,2320.1,
77.5,1495.733333,-138.65,4589.871429,2176.257143,0,2369.9,
80.5375,1495.733333,-136.1,4589.871429,2176.257143,0,2416.8,
80.5375,1495.733333,-130.29,4589.871429,2176.257143,0,2365.1,
80.5375,1495.733333,-135.19,4589.871429,2176.257143,0,2365.5,
80.5375,1495.733333,-131.7,4589.871429,2176.257143,0,2370.6,
80.5375,1382.3875,-124.3,4574.925,2169.1375,0,2305.5,
77.5,1382.3875,-113.65,4290.644444,2034.377778,0,2213.7,
77.5,1099.328571,-104.6,4290.644444,2034.377778,0,2141.4,
70.2,1121,-100.56,4350.544444,2062.788889,0,2076.2,
70.2,1121,-98.29,4350.544444,2062.788889,0,2080.3,
70.2,1121,-98.29,4350.544444,2062.788889,0,2025.7,
70.2,1121,-98.29,4350.544444,2062.788889,0,2043.4,
70.2,1121,-98.29,4350.544444,2062.788889,0,2018.1,
77.84285714,1121,-112.26,4634.375,2197.3375,0,2048.8,
80.8625,1406.0375,-120.66,4634.375,2197.3375,0,2114.1,
80.8625,1406.0375,-122.62,4634.375,2197.3375,0,2137.8,
80.8625,1406.0375,-130.74,4651.7,2205.571429,0,2173.3,
77.84285714,1519.622222,-136.78,4651.7,2205.571429,0,2237.3,
77.84285714,1519.622222,-148.4,4634.375,2197.3375,0,2307.6,
70.2,1406.0375,-135.63,4350.544444,2062.788889,0,2348,
70.2,1406.0375,-133.26,4350.544444,2062.788889,0,2242.1,
70.2,1406.0375,-136.23,4634.375,2197.3375,0,2264.5,
70.2,1519.622222,-134.87,4634.375,2197.3375,0,2282.4,
77.84285714,1519.622222,-138.15,4634.375,2197.3375,0,2318.8,
77.84285714,1519.622222,-141.02,4651.7,2205.571429,0,2365.4,
80.8625,1519.622222,-138.43,4651.7,2205.571429,0,2411.8,
80.8625,1519.622222,-132.52,4651.7,2205.571429,0,2360.9,
80.8625,1519.622222,-137.5,4651.7,2205.571429,0,2361.2,
80.8625,1519.622222,-133.95,4651.7,2205.571429,0,2366,
80.8625,1406.0375,-126.43,4634.375,2197.3375,0,2305.1,
77.84285714,1406.0375,-115.6,4350.544444,2062.788889,0,2219.2,
77.84285714,1121,-106.39,4350.544444,2062.788889,0,2151.6,
70.35555556,1130.942857,-101.35,4345.588889,2060.422222,0,2063.8,
70.35555556,1130.942857,-99.44,4345.588889,2060.422222,0,2067.7,
70.35555556,1130.942857,-99.44,4345.588889,2060.422222,0,2016,
70.35555556,1130.942857,-99.44,4345.588889,2060.422222,0,2032.8,
70.35555556,1130.942857,-99.44,4345.588889,2060.422222,0,2010.4,
78.11428571,1130.942857,-112.64,4624.4125,2192.625,0,2037.8,
81.2375,1404.1625,-120.73,4624.4125,2192.625,0,2099.7,
81.2375,1404.1625,-122.63,4624.4125,2192.625,0,2122.1,
81.2375,1404.1625,-130.46,4643.914286,2201.871429,0,2155.7,
78.11428571,1513.177778,-136.28,4643.914286,2201.871429,0,2216.3,
78.11428571,1513.177778,-147.05,4624.4125,2192.625,0,2282.8,
70.35555556,1404.1625,-135.18,4345.588889,2060.422222,0,2321.1,
70.35555556,1404.1625,-132.89,4345.588889,2060.422222,0,2220.8,
70.35555556,1404.1625,-135.76,4624.4125,2192.625,0,2242.1,
70.35555556,1513.177778,-134.45,4624.4125,2192.625,0,2259,
78.11428571,1513.177778,-137.61,4624.4125,2192.625,0,2293.4,
78.11428571,1513.177778,-140.38,4643.914286,2201.871429,0,2337.5,
81.2375,1513.177778,-137.88,4643.914286,2201.871429,0,2383.9,
81.2375,1513.177778,-132.17,4643.914286,2201.871429,0,2333.3,
81.2375,1513.177778,-136.98,4643.914286,2201.871429,0,2333.6,
81.2375,1513.177778,-133.56,4643.914286,2201.871429,0,2338.1,
81.2375,1404.1625,-126.3,4624.4125,2192.625,0,2280.5,
78.11428571,1404.1625,-115.85,4345.588889,2060.422222,0,2199.2,
78.11428571,1130.942857,-106.97,4345.588889,2060.422222,0,2135.2,
70.31111111,1126.471429,-100.97,4305.011111,2041.177778,0,2019.4,
70.31111111,1126.471429,-99.15,4305.011111,2041.177778,0,2023.5,
70.31111111,1126.471429,-99.15,4305.011111,2041.177778,0,1969.2,
70.31111111,1126.471429,-99.15,4305.011111,2041.177778,0,1986.8,
70.31111111,1126.471429,-99.15,4305.011111,2041.177778,0,1961.8,
78.04285714,1126.471429,-111.9,4579.9,2171.525,0,1992.1,
81.15,1391.025,-119.75,4579.9,2171.525,0,2057,
81.15,1391.025,-121.59,4579.9,2171.525,0,2080.5,
81.15,1391.025,-129.17,4599.771429,2180.942857,0,2115.8,
78.04285714,1496.9,-134.82,4599.771429,2180.942857,0,2179.5,
78.04285714,1496.9,-145.43,4579.9,2171.525,0,2249.3,
70.31111111,1391.025,-133.75,4305.011111,2041.177778,0,2289.4,
70.31111111,1391.025,-131.53,4305.011111,2041.177778,0,2184.2,
70.31111111,1391.025,-134.31,4579.9,2171.525,0,2206.5,
70.31111111,1496.9,-133.04,4579.9,2171.525,0,2224.2,
78.04285714,1496.9,-136.11,4579.9,2171.525,0,2260.3,
78.04285714,1496.9,-138.79,4599.771429,2180.942857,0,2306.7,
81.15,1496.9,-136.36,4599.771429,2180.942857,0,2353.1,
81.15,1496.9,-130.84,4599.771429,2180.942857,0,2302.2,
81.15,1496.9,-135.49,4599.771429,2180.942857,0,2302.5,
81.15,1496.9,-132.18,4599.771429,2180.942857,0,2307.3,
81.15,1391.025,-125.14,4579.9,2171.525,0,2246.8,
78.04285714,1391.025,-115.02,4305.011111,2041.177778,0,2161.5,
78.04285714,1126.471429,-106.41,4305.011111,2041.177778,0,2094.3,
69.86666667,1111.642857,-99.62,4268.422222,2023.822222,0,1990.9,
69.86666667,1111.642857,-97.82,4268.422222,2023.822222,0,1995.1,
69.86666667,1111.642857,-97.82,4268.422222,2023.822222,0,1938.8,
69.86666667,1111.642857,-97.82,4268.422222,2023.822222,0,1957,
69.86666667,1111.642857,-97.82,4268.422222,2023.822222,0,1927.5,
77.48571429,1111.642857,-110.49,4541.0625,2153.1125,0,1962.6,
80.5125,1374.425,-118.29,4541.0625,2153.1125,0,2030,
80.5125,1374.425,-120.11,4541.0625,2153.1125,0,2054.4,
80.5125,1374.425,-127.65,4560.671429,2162.4,0,2091.1,
77.48571429,1479.644444,-133.26,4560.671429,2162.4,0,2157.3,
77.48571429,1479.644444,-143.84,4541.0625,2153.1125,0,2229.8,
69.86666667,1374.425,-132.19,4268.422222,2023.822222,0,2271.5,
69.86666667,1374.425,-129.99,4268.422222,2023.822222,0,2162.1,
69.86666667,1374.425,-132.75,4541.0625,2153.1125,0,2185.3,
69.86666667,1479.644444,-131.49,4541.0625,2153.1125,0,2203.8,
77.48571429,1479.644444,-134.53,4541.0625,2153.1125,0,2241.3,
77.48571429,1479.644444,-137.2,4560.671429,2162.4,0,2289.5,
80.5125,1479.644444,-134.79,4560.671429,2162.4,0,2337.9,
80.5125,1479.644444,-129.3,4560.671429,2162.4,0,2284.9,
80.5125,1479.644444,-133.93,4560.671429,2162.4,0,2285.2,
80.5125,1479.644444,-130.63,4560.671429,2162.4,0,2290.1,
80.5125,1374.425,-123.64,4541.0625,2153.1125,0,2227.3,
77.48571429,1374.425,-113.59,4268.422222,2023.822222,0,2138.6,
77.48571429,1111.642857,-105.03,4268.422222,2023.822222,0,2068.7,
69.44444444,1100.8,-98.62,4256.333333,2018.1,0,1988.8,
69.44444444,1100.8,-96.72,4256.333333,2018.1,0,1993,
69.44444444,1100.8,-96.72,4256.333333,2018.1,0,1936.7,
69.44444444,1100.8,-96.72,4256.333333,2018.1,0,1954.9,
69.44444444,1100.8,-96.72,4256.333333,2018.1,0,1922.4,
76.97142857,1100.8,-109.84,4528.15,2146.975,0,1960.5,
79.95,1372.4875,-117.9,4528.15,2146.975,0,2027.8,
79.95,1372.4875,-119.78,4528.15,2146.975,0,2052.2,
79.95,1372.4875,-127.57,4547.7,2156.242857,0,2088.8,
76.97142857,1480.977778,-133.36,4547.7,2156.242857,0,2154.9,
76.97142857,1480.977778,-144.1,4528.15,2146.975,0,2227.4,
69.44444444,1372.4875,-132.26,4256.333333,2018.1,0,2269.1,
69.44444444,1372.4875,-129.99,4256.333333,2018.1,0,2159.8,
69.44444444,1372.4875,-132.84,4528.15,2146.975,0,2183,
69.44444444,1480.977778,-131.53,4528.15,2146.975,0,2201.4,
76.97142857,1480.977778,-134.68,4528.15,2146.975,0,2238.9,
76.97142857,1480.977778,-137.44,4547.7,2156.242857,0,2287,
79.95,1480.977778,-134.94,4547.7,2156.242857,0,2338,
79.95,1480.977778,-129.27,4547.7,2156.242857,0,2282.4,
79.95,1480.977778,-134.05,4547.7,2156.242857,0,2282.7,
79.95,1480.977778,-130.65,4547.7,2156.242857,0,2287.7,
79.95,1372.4875,-123.43,4528.15,2146.975,0,2224.9,
76.97142857,1372.4875,-113.04,4256.333333,2018.1,0,2136.3,
76.97142857,1100.8,-104.2,4256.333333,2018.1,0,2066.5,
69.64444444,1094.742857,-98.06,4259.788889,2019.722222,0,1994.3,
69.64444444,1094.742857,-96.1,4259.788889,2019.722222,0,1998.6,
69.64444444,1094.742857,-96.1,4259.788889,2019.722222,0,1942.1,
69.64444444,1094.742857,-96.1,4259.788889,2019.722222,0,1960.4,
69.64444444,1094.742857,-96.1,4259.788889,2019.722222,0,1913.8,
77.41428571,1094.742857,-109.47,4532.375,2149,0,1965.9,
80.525,1371.1,-117.66,4532.375,2149,0,2033.5,
80.525,1371.1,-119.58,4532.375,2149,0,2058,
80.525,1371.1,-127.49,4551.7,2158.157143,0,2094.7,
77.41428571,1481.3,-133.38,4551.7,2158.157143,0,2161,
77.41428571,1481.3,-144.24,4532.375,2149,0,2233.6,
69.64444444,1371.1,-132.26,4259.788889,2019.722222,0,2275.4,
69.64444444,1371.1,-129.95,4259.788889,2019.722222,0,2165.9,
69.64444444,1371.1,-132.85,4532.375,2149,0,2189.1,
69.64444444,1481.3,-131.52,4532.375,2149,0,2207.6,
77.41428571,1481.3,-134.72,4532.375,2149,0,2245.2,
77.41428571,1481.3,-137.52,4551.7,2158.157143,0,2293.4,
80.525,1481.3,-134.99,4551.7,2158.157143,0,2355.9,
80.525,1481.3,-129.22,4551.7,2158.157143,0,2288.8,
80.525,1481.3,-134.08,4551.7,2158.157143,0,2289.1,
80.525,1481.3,-130.63,4551.7,2158.157143,0,2294,
80.525,1371.1,-123.29,4532.375,2149,0,2231.1,
77.41428571,1371.1,-112.73,4259.788889,2019.722222,0,2142.2,
77.41428571,1094.742857,-103.74,4259.788889,2019.722222,0,2072.3,
70.16666667,1089.257143,-97.57,4241.077778,2010.877778,0,1999.9,
70.16666667,1089.257143,-95.65,4241.077778,2010.877778,0,2004.2,
70.16666667,1089.257143,-95.65,4241.077778,2010.877778,0,1947.5,
70.16666667,1089.257143,-95.65,4241.077778,2010.877778,0,1965.9,
70.16666667,1089.257143,-95.65,4241.077778,2010.877778,0,1921.7,
78.05714286,1089.257143,-108.86,4513.5625,2140.075,0,1971.5,
81.225,1362.625,-116.96,4513.5625,2140.075,0,2039.2,
81.225,1362.625,-118.86,4513.5625,2140.075,0,2063.7,
81.225,1362.625,-126.69,4532.271429,2148.942857,0,2100.6,
78.05714286,1471.7,-132.52,4532.271429,2148.942857,0,2167,
78.05714286,1471.7,-143.28,4513.5625,2140.075,0,2239.9,
70.16666667,1362.625,-131.41,4241.077778,2010.877778,0,2281.8,
70.16666667,1362.625,-129.12,4241.077778,2010.877778,0,2171.9,
70.16666667,1362.625,-131.99,4513.5625,2140.075,0,2195.2,
70.16666667,1471.7,-130.68,4513.5625,2140.075,0,2213.8,
78.05714286,1471.7,-133.85,4513.5625,2140.075,0,2251.5,
78.05714286,1471.7,-136.62,4532.271429,2148.942857,0,2299.9,
81.225,1471.7,-134.11,4532.271429,2148.942857,0,2360.2,
81.225,1471.7,-128.41,4532.271429,2148.942857,0,2295.2,
81.225,1471.7,-133.21,4532.271429,2148.942857,0,2295.5,
81.225,1471.7,-129.79,4532.271429,2148.942857,0,2300.5,
81.225,1362.625,-122.53,4513.5625,2140.075,0,2237.3,
78.05714286,1362.625,-112.08,4241.077778,2010.877778,0,2148.2,
78.05714286,1089.257143,-103.19,4241.077778,2010.877778,0,2078.1,
69.93333333,1079.271429,-96.75,4221.344444,2001.533333,0,2005.4,
69.93333333,1079.271429,-94.69,4221.344444,2001.533333,0,2009.5,
69.93333333,1079.271429,-94.69,4221.344444,2001.533333,0,1955.1,
69.93333333,1079.271429,-94.69,4221.344444,2001.533333,0,1972.7,
69.93333333,1079.271429,-94.69,4221.344444,2001.533333,0,1947.5,
77.7,1079.271429,-108.01,4492.1875,2129.925,0,1978.1,
80.7875,1352.7875,-116.09,4492.1875,2129.925,0,2043.2,
80.7875,1352.7875,-117.98,4492.1875,2129.925,0,2066.8,
80.7875,1352.7875,-125.79,4510.942857,2138.828571,0,2102.2,
77.7,1462.1,-131.6,4510.942857,2138.828571,0,2166.2,
77.7,1462.1,-142.79,4492.1875,2129.925,0,2236.3,
69.93333333,1352.7875,-130.49,4221.344444,2001.533333,0,2276.6,
69.93333333,1352.7875,-128.21,4221.344444,2001.533333,0,2170.9,
69.93333333,1352.7875,-131.07,4492.1875,2129.925,0,2193.3,
69.93333333,1462.1,-129.76,4492.1875,2129.925,0,2211.1,
77.7,1462.1,-132.92,4492.1875,2129.925,0,2247.4,
77.7,1462.1,-135.68,4510.942857,2138.828571,0,2293.9,
80.7875,1462.1,-133.18,4510.942857,2138.828571,0,2340.3,
80.7875,1462.1,-127.5,4510.942857,2138.828571,0,2289.4,
80.7875,1462.1,-132.29,4510.942857,2138.828571,0,2289.8,
80.7875,1462.1,-128.88,4510.942857,2138.828571,0,2294.5,
80.7875,1352.7875,-121.64,4492.1875,2129.925,0,2233.8,
77.7,1352.7875,-111.22,4221.344444,2001.533333,0,2148.1,
77.7,1079.271429,-102.36,4221.344444,2001.533333,0,2080.6,
69.25555556,1074.2,-96.36,4211.177778,1996.677778,0,1990.4,
69.25555556,1074.2,-94.18,4211.177778,1996.677778,0,1994.1,
69.25555556,1074.2,-94.18,4211.177778,1996.677778,0,1944.7,
69.25555556,1074.2,-94.18,4211.177778,1996.677778,0,1960.7,
69.25555556,1074.2,-94.18,4211.177778,1996.677778,0,1940.7,
76.78571429,1074.2,-107.58,4482.1,2125.15,0,1965.6,
79.8,1347.35,-115.62,4482.1,2125.15,0,2024.7,
79.8,1347.35,-117.51,4482.1,2125.15,0,2046.1,
79.8,1347.35,-125.28,4500.442857,2133.842857,0,2078.3,
76.78571429,1456.7,-131.07,4500.442857,2133.842857,0,2136.3,
76.78571429,1456.7,-142.59,4482.1,2125.15,0,2199.9,
69.25555556,1347.35,-129.97,4211.177778,1996.677778,0,2236.4,
69.25555556,1347.35,-127.7,4211.177778,1996.677778,0,2140.6,
69.25555556,1347.35,-130.55,4482.1,2125.15,0,2160.9,
69.25555556,1456.7,-129.24,4482.1,2125.15,0,2177.1,
76.78571429,1456.7,-132.39,4482.1,2125.15,0,2210,
76.78571429,1456.7,-135.14,4500.442857,2133.842857,0,2252.2,
79.8,1456.7,-132.65,4500.442857,2133.842857,0,2298.5,
79.8,1456.7,-126.99,4500.442857,2133.842857,0,2248.1,
79.8,1456.7,-131.76,4500.442857,2133.842857,0,2248.4,
79.8,1456.7,-128.36,4500.442857,2133.842857,0,2252.7,
79.8,1347.35,-121.15,4482.1,2125.15,0,2197.6,
76.78571429,1347.35,-110.77,4211.177778,1996.677778,0,2119.9,
76.78571429,1074.2,-101.94,4211.177778,1996.677778,0,2058.7,
69.1,1082.914286,-97.01,4216.888889,1999.4,0,1958.8,
69.1,1082.914286,-95.16,4216.888889,1999.4,0,1962.6,
69.1,1082.914286,-95.16,4216.888889,1999.4,0,1913.2,
69.1,1082.914286,-95.16,4216.888889,1999.4,0,1929.2,
69.1,1082.914286,-95.16,4216.888889,1999.4,0,1909.1,
76.5,1082.914286,-108.04,4485.2375,2126.625,0,1934,
79.475,1349.75,-115.95,4485.2375,2126.625,0,1993.1,
79.475,1349.75,-117.8,4485.2375,2126.625,0,2014.5,
79.475,1349.75,-125.45,4504.971429,2136,0,2046.6,
76.5,1456.477778,-131.14,4504.971429,2136,0,2104.6,
76.5,1456.477778,-141.8,4485.2375,2126.625,0,2168.2,
69.1,1349.75,-130.06,4216.888889,1999.4,0,2204.7,
69.1,1349.75,-127.83,4216.888889,1999.4,0,2108.9,
69.1,1349.75,-130.63,4485.2375,2126.625,0,2129.2,
69.1,1456.477778,-129.35,4485.2375,2126.625,0,2145.4,
76.5,1456.477778,-132.44,4485.2375,2126.625,0,2178.2,
76.5,1456.477778,-135.15,4504.971429,2136,0,2220.4,
79.475,1456.477778,-132.7,4504.971429,2136,0,2266.8,
79.475,1456.477778,-127.13,4504.971429,2136,0,2216.4,
79.475,1456.477778,-131.82,4504.971429,2136,0,2216.7,
79.475,1456.477778,-128.48,4504.971429,2136,0,2221,
79.475,1349.75,-121.39,4485.2375,2126.625,0,2165.9,
76.5,1349.75,-111.18,4216.888889,1999.4,0,2088.2,
76.5,1082.914286,-102.5,4216.888889,1999.4,0,2027,
69.1,1081.3,-96.88,4221.666667,2001.666667,0,1924.7,
69.1,1081.3,-95.1,4221.666667,2001.666667,0,1928.5,
69.1,1081.3,-95.1,4221.666667,2001.666667,0,1877.2,
69.1,1081.3,-95.1,4221.666667,2001.666667,0,1893.8,
69.1,1081.3,-95.1,4221.666667,2001.666667,0,1871.8,
76.5,1081.3,-107.65,4486.1,2127.0375,0,1898.9,
79.475,1341.775,-115.38,4486.1,2127.0375,0,1960.3,
79.475,1341.775,-117.19,4486.1,2127.0375,0,1982.6,
79.475,1341.775,-124.66,4507.857143,2137.371429,0,2015.9,
76.5,1446.188889,-130.22,4507.857143,2137.371429,0,2076.2,
76.5,1446.188889,-140.76,4486.1,2127.0375,0,2142.3,
69.1,1341.775,-129.16,4221.666667,2001.666667,0,2180.3,
69.1,1341.775,-126.98,4221.666667,2001.666667,0,2080.7,
69.1,1341.775,-129.72,4486.1,2127.0375,0,2101.8,
69.1,1446.188889,-128.47,4486.1,2127.0375,0,2118.6,
76.5,1446.188889,-131.49,4486.1,2127.0375,0,2152.8,
76.5,1446.188889,-134.13,4507.857143,2137.371429,0,2196.7,
79.475,1446.188889,-131.74,4507.857143,2137.371429,0,2243,
79.475,1446.188889,-126.3,4507.857143,2137.371429,0,2192.5,
79.475,1446.188889,-130.89,4507.857143,2137.371429,0,2192.7,
79.475,1446.188889,-127.62,4507.857143,2137.371429,0,2197.2,
79.475,1341.775,-120.69,4486.1,2127.0375,0,2140,
76.5,1341.775,-110.72,4221.666667,2001.666667,0,2059.2,
76.5,1081.3,-102.24,4221.666667,2001.666667,0,1995.6,
69.17777778,1063.485714,-95.25,4200.455556,1991.611111,0,1916.8,
69.17777778,1063.485714,-93.45,4200.455556,1991.611111,0,1920.7,
69.17777778,1063.485714,-93.45,4200.455556,1991.611111,0,1869.5,
69.17777778,1063.485714,-93.45,4200.455556,1991.611111,0,1886.1,
69.17777778,1063.485714,-93.45,4200.455556,1991.611111,0,1864.1,
76.62857143,1063.485714,-106.11,4462.8625,2116.025,0,1891.1,
79.6,1326.1375,-113.91,4462.8625,2116.025,0,1952.4,
79.6,1326.1375,-115.73,4462.8625,2116.025,0,1974.6,
79.6,1326.1375,-123.26,4484.8,2126.442857,0,2007.9,
76.62857143,1431.311111,-128.87,4484.8,2126.442857,0,2068.1,
76.62857143,1431.311111,-139.45,4462.8625,2116.025,0,2134,
69.17777778,1326.1375,-127.8,4200.455556,1991.611111,0,2171.9,
69.17777778,1326.1375,-125.6,4200.455556,1991.611111,0,2072.5,
69.17777778,1326.1375,-128.36,4462.8625,2116.025,0,2093.6,
69.17777778,1431.311111,-127.1,4462.8625,2116.025,0,2110.3,
76.62857143,1431.311111,-130.14,4462.8625,2116.025,0,2144.5,
76.62857143,1431.311111,-132.81,4484.8,2126.442857,0,2188.2,
79.6,1431.311111,-130.4,4484.8,2126.442857,0,2234.6,
79.6,1431.311111,-124.91,4484.8,2126.442857,0,2184,
79.6,1431.311111,-129.54,4484.8,2126.442857,0,2184.3,
79.6,1431.311111,-126.25,4484.8,2126.442857,0,2188.8,
79.6,1326.1375,-119.26,4462.8625,2116.025,0,2131.7,
76.62857143,1326.1375,-109.21,4200.455556,1991.611111,0,2051.1,
76.62857143,1063.485714,-100.66,4200.455556,1991.611111,0,1987.6,
69.33333333,1051.742857,-94.2,4188.311111,1985.866667,0,1922.1,
69.33333333,1051.742857,-92.44,4188.311111,1985.866667,0,1926.1,
69.33333333,1051.742857,-92.44,4188.311111,1985.866667,0,1873.1,
69.33333333,1051.742857,-92.44,4188.311111,1985.866667,0,1890.2,
69.33333333,1051.742857,-92.44,4188.311111,1985.866667,0,1866.5,
76.91428571,1051.742857,-104.9,4444.2625,2107.2,0,1895.5,
79.9375,1310.475,-112.58,4444.2625,2107.2,0,1958.9,
79.9375,1310.475,-114.38,4444.2625,2107.2,0,1981.9,
79.9375,1310.475,-121.8,4468.785714,2118.842857,0,2016.4,
76.91428571,1414.2,-127.32,4468.785714,2118.842857,0,2078.7,
76.91428571,1414.2,-137.83,4444.2625,2107.2,0,2146.9,
69.33333333,1310.475,-126.27,4188.311111,1985.866667,0,2186.2,
69.33333333,1310.475,-124.1,4188.311111,1985.866667,0,2083.2,
69.33333333,1310.475,-126.82,4444.2625,2107.2,0,2105.1,
69.33333333,1414.2,-125.58,4444.2625,2107.2,0,2122.4,
76.91428571,1414.2,-128.58,4444.2625,2107.2,0,2157.7,
76.91428571,1414.2,-131.2,4468.785714,2118.842857,0,2203.1,
79.9375,1414.2,-128.83,4468.785714,2118.842857,0,2249.5,
79.9375,1414.2,-123.42,4468.785714,2118.842857,0,2198.7,
79.9375,1414.2,-127.98,4468.785714,2118.842857,0,2199,
79.9375,1414.2,-124.74,4468.785714,2118.842857,0,2203.7,
79.9375,1310.475,-117.85,4444.2625,2107.2,0,2144.5,
76.91428571,1310.475,-107.95,4188.311111,1985.866667,0,2061.1,
76.91428571,1051.742857,-99.53,4188.311111,1985.866667,0,1995.4,
69.6,1050.985714,-94.15,4157.033333,1971.044444,0,1947.3,
69.6,1050.985714,-92.46,4157.033333,1971.044444,0,1951.3,
69.6,1050.985714,-92.46,4157.033333,1971.044444,0,1897.7,
69.6,1050.985714,-92.46,4157.033333,1971.044444,0,1915.1,
69.6,1050.985714,-92.46,4157.033333,1971.044444,0,1890.8,
77.25714286,1050.985714,-104.58,4411.6375,2091.7375,0,1920.3,
80.35,1303.1875,-112.07,4411.6375,2091.7375,0,1984.4,
80.35,1303.1875,-113.83,4411.6375,2091.7375,0,2007.7,
80.35,1303.1875,-121.07,4435.685714,2103.128571,0,2042.5,
77.25714286,1404.577778,-126.46,4435.685714,2103.128571,0,2105.4,
77.25714286,1404.577778,-136.86,4411.6375,2091.7375,0,2174.3,
69.6,1303.1875,-125.43,4157.033333,1971.044444,0,2214,
69.6,1303.1875,-123.32,4157.033333,1971.044444,0,2110,
69.6,1303.1875,-125.97,4411.6375,2091.7375,0,2132.1,
69.6,1404.577778,-124.76,4411.6375,2091.7375,0,2149.6,
77.25714286,1404.577778,-127.68,4411.6375,2091.7375,0,2185.3,
77.25714286,1404.577778,-130.24,4435.685714,2103.128571,0,2231.1,
80.35,1404.577778,-127.93,4435.685714,2103.128571,0,2277.5,
80.35,1404.577778,-122.65,4435.685714,2103.128571,0,2226.7,
80.35,1404.577778,-127.1,4435.685714,2103.128571,0,2227,
80.35,1404.577778,-123.94,4435.685714,2103.128571,0,2231.7,
80.35,1303.1875,-117.22,4411.6375,2091.7375,0,2171.9,
77.25714286,1303.1875,-107.56,4157.033333,1971.044444,0,2087.6,
77.25714286,1050.985714,-99.34,4157.033333,1971.044444,0,2021.2,
69.82222222,1048.414286,-93.91,4139.244444,1962.555556,0,1957.7,
69.82222222,1048.414286,-92.2,4139.244444,1962.555556,0,1961.9,
69.82222222,1048.414286,-92.2,4139.244444,1962.555556,0,1906.5,
69.82222222,1048.414286,-92.2,4139.244444,1962.555556,0,1924.4,
69.82222222,1048.414286,-92.2,4139.244444,1962.555556,0,1895.1,
77.47142857,1048.414286,-104.41,4398.225,2085.3625,0,1929.9,
80.5125,1302.2125,-111.95,4398.225,2085.3625,0,1996.2,
80.5125,1302.2125,-113.71,4398.225,2085.3625,0,2020.2,
80.5125,1302.2125,-121,4419.571429,2095.514286,0,2056.3,
77.47142857,1404.188889,-126.42,4419.571429,2095.514286,0,2121.3,
77.47142857,1404.188889,-136.85,4398.225,2085.3625,0,2192.7,
69.82222222,1302.2125,-125.39,4139.244444,1962.555556,0,2233.7,
69.82222222,1302.2125,-123.26,4139.244444,1962.555556,0,2126.1,
69.82222222,1302.2125,-125.93,4398.225,2085.3625,0,2149,
69.82222222,1404.188889,-124.71,4398.225,2085.3625,0,2167.1,
77.47142857,1404.188889,-127.65,4398.225,2085.3625,0,2204,
77.47142857,1404.188889,-130.23,4419.571429,2095.514286,0,2251.4,
80.5125,1404.188889,-127.9,4419.571429,2095.514286,0,2300.4,
80.5125,1404.188889,-122.59,4419.571429,2095.514286,0,2246.8,
80.5125,1404.188889,-127.07,4419.571429,2095.514286,0,2247.1,
80.5125,1404.188889,-123.88,4419.571429,2095.514286,0,2252,
80.5125,1302.2125,-117.13,4398.225,2085.3625,0,2190.2,
77.47142857,1302.2125,-107.41,4139.244444,1962.555556,0,2103,
77.47142857,1048.414286,-99.13,4139.244444,1962.555556,0,2034.3,
70.41111111,1044.314286,-93.52,4146.755556,1966.144444,0,1961.2,
70.41111111,1044.314286,-91.76,4146.755556,1966.144444,0,1965.3,
70.41111111,1044.314286,-91.76,4146.755556,1966.144444,0,1909.8,
70.41111111,1044.314286,-91.76,4146.755556,1966.144444,0,1927.8,
70.41111111,1044.314286,-91.76,4146.755556,1966.144444,0,1895.9,
77.97142857,1044.314286,-104.22,4409.925,2090.925,0,1933.3,
81.025,1302.8625,-111.89,4409.925,2090.925,0,1999.7,
81.025,1302.8625,-113.69,4409.925,2090.925,0,2023.8,
81.025,1302.8625,-121.11,4429.571429,2100.228571,0,2059.9,
77.97142857,1406.566667,-126.63,4429.571429,2100.228571,0,2125.1,
77.97142857,1406.566667,-137.14,4409.925,2090.925,0,2196.5,
70.41111111,1302.8625,-125.58,4146.755556,1966.144444,0,2237.6,
70.41111111,1302.8625,-123.41,4146.755556,1966.144444,0,2129.9,
70.41111111,1302.8625,-126.13,4409.925,2090.925,0,2152.7,
70.41111111,1406.566667,-124.89,4409.925,2090.925,0,2170.9,
77.97142857,1406.566667,-127.89,4409.925,2090.925,0,2207.9,
77.97142857,1406.566667,-130.51,4429.571429,2100.228571,0,2255.3,
81.025,1406.566667,-128.13,4429.571429,2100.228571,0,2306.5,
81.025,1406.566667,-122.73,4429.571429,2100.228571,0,2250.8,
81.025,1406.566667,-127.29,4429.571429,2100.228571,0,2251.1,
81.025,1406.566667,-124.05,4429.571429,2100.228571,0,2255.9,
81.025,1302.8625,-117.17,4409.925,2090.925,0,2194,
77.97142857,1302.8625,-107.27,4146.755556,1966.144444,0,2106.6,
77.97142857,1044.314286,-98.85,4146.755556,1966.144444,0,2037.8,
70.76666667,1053.328571,-94.33,4168.877778,1976.633333,0,1971.2,
70.76666667,1053.328571,-92.49,4168.877778,1976.633333,0,1975.2,
70.76666667,1053.328571,-92.49,4168.877778,1976.633333,0,1921.4,
70.76666667,1053.328571,-92.49,4168.877778,1976.633333,0,1938.8,
70.76666667,1053.328571,-92.49,4168.877778,1976.633333,0,1914.2,
78.25714286,1053.328571,-105.3,4430.8375,2100.85,0,1944.1,
81.25,1318.9,-113.18,4430.8375,2100.85,0,2008.6,
81.25,1318.9,-115.02,4430.8375,2100.85,0,2031.9,
81.25,1318.9,-122.64,4451.871429,2110.814286,0,2066.9,
78.25714286,1425.122222,-128.3,4451.871429,2110.814286,0,2130.2,
78.25714286,1425.122222,-138.94,4430.8375,2100.85,0,2199.5,
70.76666667,1318.9,-127.22,4168.877778,1976.633333,0,2239.4,
70.76666667,1318.9,-125,4168.877778,1976.633333,0,2134.9,
70.76666667,1318.9,-127.79,4430.8375,2100.85,0,2157,
70.76666667,1425.122222,-126.51,4430.8375,2100.85,0,2174.7,
78.25714286,1425.122222,-129.59,4430.8375,2100.85,0,2210.5,
78.25714286,1425.122222,-132.28,4451.871429,2110.814286,0,2256.6,
81.25,1425.122222,-129.85,4451.871429,2110.814286,0,2303,
81.25,1425.122222,-124.3,4451.871429,2110.814286,0,2252.1,
81.25,1425.122222,-128.98,4451.871429,2110.814286,0,2252.4,
81.25,1425.122222,-125.65,4451.871429,2110.814286,0,2257.2,
81.25,1318.9,-118.59,4430.8375,2100.85,0,2197.1,
78.25714286,1318.9,-108.43,4168.877778,1976.633333,0,2112.3,
78.25714286,1053.328571,-99.79,4168.877778,1976.633333,0,2045.6,
71.72222222,1070.628571,-95.92,4170.088889,1977.2,0,1977.1,
71.72222222,1070.628571,-94.19,4170.088889,1977.2,0,1981,
71.72222222,1070.628571,-94.19,4170.088889,1977.2,0,1929.3,
71.72222222,1070.628571,-94.19,4170.088889,1977.2,0,1946.1,
71.72222222,1070.628571,-94.19,4170.088889,1977.2,0,1923.6,
78.88571429,1070.628571,-106.51,4425,2098.075,0,1951.2,
81.7125,1326.575,-114.11,4425,2098.075,0,2013,
81.7125,1326.575,-115.89,4425,2098.075,0,2035.5,
81.7125,1326.575,-123.23,4449.342857,2109.628571,0,2069.1,
78.88571429,1429.311111,-128.7,4449.342857,2109.628571,0,2129.8,
78.88571429,1429.311111,-139.16,4425,2098.075,0,2196.4,
71.72222222,1326.575,-127.66,4170.088889,1977.2,0,2234.7,
71.72222222,1326.575,-125.51,4170.088889,1977.2,0,2134.3,
71.72222222,1326.575,-128.2,4425,2098.075,0,2155.6,
71.72222222,1429.311111,-126.97,4425,2098.075,0,2172.5,
78.88571429,1429.311111,-129.94,4425,2098.075,0,2207,
78.88571429,1429.311111,-132.54,4449.342857,2109.628571,0,2251.2,
81.7125,1429.311111,-130.19,4449.342857,2109.628571,0,2297.6,
81.7125,1429.311111,-124.84,4449.342857,2109.628571,0,2247,
81.7125,1429.311111,-129.35,4449.342857,2109.628571,0,2247.2,
81.7125,1429.311111,-126.14,4449.342857,2109.628571,0,2251.8,
81.7125,1326.575,-119.33,4425,2098.075,0,2194.1,
78.88571429,1326.575,-109.53,4170.088889,1977.2,0,2112.7,
78.88571429,1070.628571,-101.19,4170.088889,1977.2,0,2048.6,
72.06666667,1072.757143,-96.13,4157.9,1971.455556,0,1975.9,
72.06666667,1072.757143,-94.44,4157.9,1971.455556,0,1979.6,
72.06666667,1072.757143,-94.44,4157.9,1971.455556,0,1930.8,
72.06666667,1072.757143,-94.44,4157.9,1971.455556,0,1946.6,
72.06666667,1072.757143,-94.44,4157.9,1971.455556,0,1927.2,
79.2,1072.757143,-106.55,4414.8125,2093.2625,0,1951.4,
82.0375,1324.725,-114.04,4414.8125,2093.2625,0,2009.7,
82.0375,1324.725,-115.79,4414.8125,2093.2625,0,2030.9,
82.0375,1324.725,-123.02,4437.814286,2104.142857,0,2062.5,
79.2,1426.044444,-128.4,4437.814286,2104.142857,0,2119.7,
79.2,1426.044444,-138.8,4414.8125,2093.2625,0,2182.5,
72.06666667,1324.725,-127.38,4157.9,1971.455556,0,2218.5,
72.06666667,1324.725,-125.27,4157.9,1971.455556,0,2124,
72.06666667,1324.725,-127.92,4414.8125,2093.2625,0,2144,
72.06666667,1426.044444,-126.71,4414.8125,2093.2625,0,2160,
79.2,1426.044444,-129.63,4414.8125,2093.2625,0,2192.4,
79.2,1426.044444,-132.19,4437.814286,2104.142857,0,2234.1,
82.0375,1426.044444,-129.87,4437.814286,2104.142857,0,2280.4,
82.0375,1426.044444,-124.61,4437.814286,2104.142857,0,2230.1,
82.0375,1426.044444,-129.05,4437.814286,2104.142857,0,2230.3,
82.0375,1426.044444,-125.89,4437.814286,2104.142857,0,2234.6,
82.0375,1324.725,-119.18,4414.8125,2093.2625,0,2180.3,
79.2,1324.725,-109.53,4157.9,1971.455556,0,2103.6,
79.2,1072.757143,-101.32,4157.9,1971.455556,0,2043.2,
71.84444444,1072.9,-96.14,4175.033333,1979.544444,0,1960.5,
71.84444444,1072.9,-94.45,4175.033333,1979.544444,0,1964.3,
71.84444444,1072.9,-94.45,4175.033333,1979.544444,0,1914.6,
71.84444444,1072.9,-94.45,4175.033333,1979.544444,0,1930.7,
71.84444444,1072.9,-94.45,4175.033333,1979.544444,0,1910.3,
79.31428571,1072.9,-106.55,4432.75,2101.75,0,1935.6,
82.325,1324.5625,-114.03,4432.75,2101.75,0,1995,
82.325,1324.5625,-115.78,4432.75,2101.75,0,2016.6,
82.325,1324.5625,-123.01,4455.971429,2112.757143,0,2048.9,
79.31428571,1425.777778,-128.38,4455.971429,2112.757143,0,2107.2,
79.31428571,1425.777778,-138.77,4432.75,2101.75,0,2171.2,
71.84444444,1324.5625,-127.36,4175.033333,1979.544444,0,2207.9,
71.84444444,1324.5625,-125.25,4175.033333,1979.544444,0,2111.5,
71.84444444,1324.5625,-127.9,4432.75,2101.75,0,2132,
71.84444444,1425.777778,-126.69,4432.75,2101.75,0,2148.2,
79.31428571,1425.777778,-129.61,4432.75,2101.75,0,2181.3,
79.31428571,1425.777778,-132.16,4455.971429,2112.757143,0,2223.8,
82.325,1425.777778,-129.85,4455.971429,2112.757143,0,2270.1,
82.325,1425.777778,-124.59,4455.971429,2112.757143,0,2219.7,
82.325,1425.777778,-129.02,4455.971429,2112.757143,0,2220,
82.325,1425.777778,-125.87,4455.971429,2112.757143,0,2224.3,
82.325,1324.5625,-119.17,4432.75,2101.75,0,2168.9,
79.31428571,1324.5625,-109.52,4175.033333,1979.544444,0,2090.7,
79.31428571,1072.9,-101.32,4175.033333,1979.544444,0,2029.2,
71.83333333,1071.971429,-96.07,4154.688889,1969.9,0,1946.3,
71.83333333,1071.971429,-94.45,4154.688889,1969.9,0,1950,
71.83333333,1071.971429,-94.45,4154.688889,1969.9,0,1900.2,
71.83333333,1071.971429,-94.45,4154.688889,1969.9,0,1916.3,
71.83333333,1071.971429,-94.45,4154.688889,1969.9,0,1895.8,
79.64285714,1071.971429,-106.22,4410.5625,2091.2375,0,1921.2,
82.7875,1317.125,-113.51,4410.5625,2091.2375,0,1980.8,
82.7875,1317.125,-115.21,4410.5625,2091.2375,0,2002.5,
82.7875,1317.125,-122.26,4433.914286,2102.314286,0,2034.9,
79.64285714,1415.944444,-127.5,4433.914286,2102.314286,0,2093.4,
79.64285714,1415.944444,-137.78,4410.5625,2091.2375,0,2157.5,
71.83333333,1317.125,-126.5,4154.688889,1969.9,0,2194.4,
71.83333333,1317.125,-124.45,4154.688889,1969.9,0,2097.7,
71.83333333,1317.125,-127.03,4410.5625,2091.2375,0,2118.2,
71.83333333,1415.944444,-125.85,4410.5625,2091.2375,0,2134.5,
79.64285714,1415.944444,-128.69,4410.5625,2091.2375,0,2167.7,
79.64285714,1415.944444,-131.18,4433.914286,2102.314286,0,2210.3,
82.7875,1415.944444,-128.93,4433.914286,2102.314286,0,2256.7,
82.7875,1415.944444,-123.8,4433.914286,2102.314286,0,2206.2,
82.7875,1415.944444,-128.13,4433.914286,2102.314286,0,2206.5,
82.7875,1415.944444,-125.05,4433.914286,2102.314286,0,2210.9,
82.7875,1317.125,-118.52,4410.5625,2091.2375,0,2155.3,
79.64285714,1317.125,-109.12,4154.688889,1969.9,0,2076.9,
79.64285714,1071.971429,-101.12,4154.688889,1969.9,0,2015.1,
72.03333333,1060.257143,-95.02,4093.066667,1940.666667,0,1932.4,
72.03333333,1060.257143,-93.45,4093.066667,1940.666667,0,1936,
72.03333333,1060.257143,-93.45,4093.066667,1940.666667,0,1887,
72.03333333,1060.257143,-93.45,4093.066667,1940.666667,0,1902.9,
72.03333333,1060.257143,-93.45,4093.066667,1940.666667,0,1883.2,
79.77142857,1060.257143,-105,4344.4,2059.8625,0,1907.7,
82.8625,1301.1375,-112.16,4344.4,2059.8625,0,1966.4,
82.8625,1301.1375,-113.84,4344.4,2059.8625,0,1987.6,
82.8625,1301.1375,-120.76,4367.642857,2070.9,0,2019.5,
79.77142857,1398.388889,-125.91,4367.642857,2070.9,0,2077.1,
79.77142857,1398.388889,-136.12,4344.4,2059.8625,0,2140.2,
72.03333333,1301.1375,-124.93,4093.066667,1940.666667,0,2176.5,
72.03333333,1301.1375,-122.91,4093.066667,1940.666667,0,2081.3,
72.03333333,1301.1375,-125.45,4344.4,2059.8625,0,2101.5,
72.03333333,1398.388889,-124.29,4344.4,2059.8625,0,2117.6,
79.77142857,1398.388889,-127.09,4344.4,2059.8625,0,2150.2,
79.77142857,1398.388889,-129.54,4367.642857,2070.9,0,2192.1,
82.8625,1398.388889,-127.32,4367.642857,2070.9,0,2238.4,
82.8625,1398.388889,-122.28,4367.642857,2070.9,0,2188.1,
82.8625,1398.388889,-126.53,4367.642857,2070.9,0,2188.3,
82.8625,1398.388889,-123.5,4367.642857,2070.9,0,2192.6,
82.8625,1301.1375,-117.08,4344.4,2059.8625,0,2138,
79.77142857,1301.1375,-107.85,4093.066667,1940.666667,0,2060.8,
79.77142857,1060.257143,-99.99,4093.066667,1940.666667,0,2000.1,
71.41111111,1041.128571,-93.31,4006.644444,1899.711111,0,1904.3,
71.41111111,1041.128571,-91.85,4006.644444,1899.711111,0,1908,
71.41111111,1041.128571,-91.85,4006.644444,1899.711111,0,1858.9,
71.41111111,1041.128571,-91.85,4006.644444,1899.711111,0,1874.8,
71.41111111,1041.128571,-91.85,4006.644444,1899.711111,0,1855,
79.24285714,1041.128571,-102.87,4252.6,2016.35,0,1879.6,
82.3875,1271.475,-109.72,4252.6,2016.35,0,1938.3,
82.3875,1271.475,-111.33,4252.6,2016.35,0,1959.7,
82.3875,1271.475,-117.96,4275.242857,2027.085714,0,1991.6,
79.24285714,1364.888889,-122.89,4275.242857,2027.085714,0,2049.2,
79.24285714,1364.888889,-132.91,4252.6,2016.35,0,2112.5,
71.41111111,1271.475,-121.95,4006.644444,1899.711111,0,2148.8,
71.41111111,1271.475,-120.01,4006.644444,1899.711111,0,2053.5,
71.41111111,1271.475,-122.44,4252.6,2016.35,0,2073.7,
71.41111111,1364.888889,-121.33,4252.6,2016.35,0,2089.8,
79.24285714,1364.888889,-124.01,4252.6,2016.35,0,2122.5,
79.24285714,1364.888889,-126.35,4275.242857,2027.085714,0,2164.5,
82.3875,1364.888889,-124.23,4275.242857,2027.085714,0,2210.8,
82.3875,1364.888889,-119.41,4275.242857,2027.085714,0,2160.4,
82.3875,1364.888889,-123.48,4275.242857,2027.085714,0,2160.7,
82.3875,1364.888889,-120.58,4275.242857,2027.085714,0,2165,
82.3875,1271.475,-114.43,4252.6,2016.35,0,2110.2,
79.24285714,1271.475,-105.59,4006.644444,1899.711111,0,2033,
79.24285714,1041.128571,-98.07,4006.644444,1899.711111,0,1972.1,
71.08888889,1013.628571,-90.79,3947.033333,1871.455556,0,1877.9,
71.08888889,1013.628571,-89.24,3947.033333,1871.455556,0,1881.8,
71.08888889,1013.628571,-89.24,3947.033333,1871.455556,0,1829.2,
71.08888889,1013.628571,-89.24,3947.033333,1871.455556,0,1846.3,
71.08888889,1013.628571,-89.24,3947.033333,1871.455556,0,1822.9,
79.2,1013.628571,-100.68,4195.1125,1989.075,0,1851.4,
82.45,1252.1625,-107.77,4195.1125,1989.075,0,1914.4,
82.45,1252.1625,-109.43,4195.1125,1989.075,0,1937.2,
82.45,1252.1625,-116.29,4214.614286,1998.314286,0,1971.4,
79.2,1348.577778,-121.39,4214.614286,1998.314286,0,2033.2,
79.2,1348.577778,-131.56,4195.1125,1989.075,0,2101,
71.08888889,1252.1625,-120.42,3947.033333,1871.455556,0,2139.9,
71.08888889,1252.1625,-118.42,3947.033333,1871.455556,0,2037.8,
71.08888889,1252.1625,-120.93,4195.1125,1989.075,0,2059.4,
71.08888889,1348.577778,-119.78,4195.1125,1989.075,0,2076.7,
79.2,1348.577778,-122.56,4195.1125,1989.075,0,2111.7,
79.2,1348.577778,-124.98,4214.614286,1998.314286,0,2156.7,
82.45,1348.577778,-122.79,4214.614286,1998.314286,0,2203.1,
82.45,1348.577778,-117.79,4214.614286,1998.314286,0,2152.4,
82.45,1348.577778,-122,4214.614286,1998.314286,0,2152.7,
82.45,1348.577778,-119.01,4214.614286,1998.314286,0,2157.3,
82.45,1252.1625,-112.65,4195.1125,1989.075,0,2098.6,
79.2,1252.1625,-103.5,3947.033333,1871.455556,0,2015.8,
79.2,1013.628571,-95.71,3947.033333,1871.455556,0,1950.6,
72.97777778,981.9714286,-82.88,3992.811111,1721.444444,0,1886.8,
72.97777778,981.9714286,-81.24,3992.811111,1721.444444,0,1890.8,
72.97777778,981.9714286,-81.24,3992.811111,1721.444444,0,1837.4,
72.97777778,981.9714286,-81.24,3992.811111,1721.444444,0,1854.7,
72.97777778,981.9714286,-81.24,3992.811111,1721.444444,0,1824.2,
81.44285714,981.9714286,-92.53,4253.1875,1833.7,0,1859.9,
84.6625,1229.8375,-99.45,4253.1875,1833.7,0,1923.8,
84.6625,1229.8375,-101.07,4253.1875,1833.7,0,1947,
84.6625,1229.8375,-107.77,4268.485714,1840.314286,0,1981.7,
81.44285714,1329.377778,-112.74,4268.485714,1840.314286,0,2044.5,
81.44285714,1329.377778,-122.45,4253.1875,1833.7,0,2113.2,
72.97777778,1229.8375,-111.8,3992.811111,1721.444444,0,2152.7,
72.97777778,1229.8375,-109.84,3992.811111,1721.444444,0,2049.1,
72.97777778,1229.8375,-112.29,4253.1875,1833.7,0,2071.1,
72.97777778,1329.377778,-111.17,4253.1875,1833.7,0,2088.6,
81.44285714,1329.377778,-113.88,4253.1875,1833.7,0,2124.1,
81.44285714,1329.377778,-116.24,4268.485714,1840.314286,0,2169.8,
84.6625,1329.377778,-114.1,4268.485714,1840.314286,0,2221.1,
84.6625,1329.377778,-109.23,4268.485714,1840.314286,0,2165.4,
84.6625,1329.377778,-113.34,4268.485714,1840.314286,0,2165.7,
84.6625,1329.377778,-110.42,4268.485714,1840.314286,0,2170.4,
84.6625,1229.8375,-104.21,4253.1875,1833.7,0,2110.8,
81.44285714,1229.8375,-95.28,3992.811111,1721.444444,0,2026.7,
81.44285714,981.9714286,-87.69,3992.811111,1721.444444,0,1960.6,
73.25555556,1002.1,-84.75,4083.977778,1760.744444,0,1915.8,
73.25555556,1002.1,-82.79,4083.977778,1760.744444,0,1919.9,
73.25555556,1002.1,-82.77,4083.977778,1760.744444,0,1865.7,
73.25555556,1002.1,-82.77,4083.977778,1760.744444,0,1883.2,
73.25555556,1002.1,-82.77,4083.977778,1760.744444,0,1854.3,
81.65714286,1002.1,-94.61,4344.1375,1872.9125,0,1888.6,
84.9375,1257.475,-101.69,4344.1375,1872.9125,0,1953.5,
84.9375,1257.475,-103.34,4344.1375,1872.9125,0,1977,
84.9375,1257.475,-110.19,4362.828571,1881,0,2012.3,
81.65714286,1360.044444,-115.28,4362.828571,1881,0,2075.9,
81.65714286,1360.044444,-125.81,4344.1375,1872.9125,0,2145.8,
73.25555556,1257.475,-114.31,4083.977778,1760.744444,0,2185.9,
73.25555556,1257.475,-112.31,4083.977778,1760.744444,0,2080.6,
73.25555556,1257.475,-114.82,4344.1375,1872.9125,0,2103,
73.25555556,1360.044444,-113.67,4344.1375,1872.9125,0,2120.7,
81.65714286,1360.044444,-116.44,4344.1375,1872.9125,0,2156.8,
81.65714286,1360.044444,-118.86,4362.828571,1881,0,2203.2,
84.9375,1360.044444,-116.67,4362.828571,1881,0,2252.6,
84.9375,1360.044444,-111.68,4362.828571,1881,0,2198.7,
84.9375,1360.044444,-115.88,4362.828571,1881,0,2199,
84.9375,1360.044444,-112.9,4362.828571,1881,0,2203.8,
84.9375,1257.475,-106.55,4344.1375,1872.9125,0,2143.3,
81.65714286,1257.475,-97.42,4083.977778,1760.744444,0,2057.9,
81.65714286,1002.1,-89.66,4083.977778,1760.744444,0,1990.7,
73.02222222,1040.414286,-87.83,4188.544444,1805.822222,0,1932.5,
73.02222222,1040.414286,-86.17,4188.544444,1805.822222,0,1936.6,
73.02222222,1040.414286,-86.17,4188.544444,1805.822222,0,1882.5,
73.02222222,1040.414286,-86.17,4188.544444,1805.822222,0,1900,
73.02222222,1040.414286,-86.17,4188.544444,1805.822222,0,1875,
81.44285714,1040.414286,-97.76,4448.8875,1918.0875,0,1905.3,
84.725,1295.325,-104.89,4448.8875,1918.0875,0,1970,
84.725,1295.325,-106.55,4448.8875,1918.0875,0,1993.5,
84.725,1295.325,-113.44,4471.257143,1927.742857,0,2028.7,
81.44285714,1397.388889,-118.57,4471.257143,1927.742857,0,2092.2,
81.44285714,1397.388889,-128.21,4448.8875,1918.0875,0,2161.9,
73.02222222,1295.325,-117.6,4188.544444,1805.822222,0,2201.9,
73.02222222,1295.325,-115.58,4188.544444,1805.822222,0,2096.9,
73.02222222,1295.325,-118.11,4448.8875,1918.0875,0,2119.2,
73.02222222,1397.388889,-116.95,4448.8875,1918.0875,0,2136.9,
81.44285714,1397.388889,-119.74,4448.8875,1918.0875,0,2172.9,
81.44285714,1397.388889,-122.18,4471.257143,1927.742857,0,2219.2,
84.725,1397.388889,-119.97,4471.257143,1927.742857,0,2265.3,
84.725,1397.388889,-114.95,4471.257143,1927.742857,0,2214.7,
84.725,1397.388889,-119.18,4471.257143,1927.742857,0,2215,
84.725,1397.388889,-116.17,4471.257143,1927.742857,0,2219.7,
84.725,1295.325,-109.78,4448.8875,1918.0875,0,2159.4,
81.44285714,1295.325,-100.59,4188.544444,1805.822222,0,2074.3,
81.44285714,1040.414286,-92.77,4188.544444,1805.822222,0,2007.2,
73.41111111,1052.671429,-88.91,4211.044444,1815.555556,0,1952.2,
73.41111111,1052.671429,-87.37,4211.044444,1815.555556,0,1956.2,
73.41111111,1052.671429,-87.37,4211.044444,1815.555556,0,1903.7,
73.41111111,1052.671429,-87.37,4211.044444,1815.555556,0,1920.7,
73.41111111,1052.671429,-87.37,4211.044444,1815.555556,0,1897.3,
81.98571429,1052.671429,-98.4,4470.8875,1927.5625,0,1925.8,
85.2,1296.2375,-105.22,4470.8875,1927.5625,0,1988.7,
85.2,1296.2375,-106.82,4470.8875,1927.5625,0,2011.5,
85.2,1296.2375,-113.41,4494.314286,1937.685714,0,2045.7,
81.98571429,1394.1,-118.31,4494.314286,1937.685714,0,2107.3,
81.98571429,1394.1,-127.77,4470.8875,1927.5625,0,2175,
73.41111111,1296.2375,-117.37,4211.044444,1815.555556,0,2213.9,
73.41111111,1296.2375,-115.45,4211.044444,1815.555556,0,2111.9,
73.41111111,1296.2375,-117.86,4470.8875,1927.5625,0,2133.5,
73.41111111,1394.1,-116.76,4470.8875,1927.5625,0,2150.7,
81.98571429,1394.1,-119.42,4470.8875,1927.5625,0,2185.7,
81.98571429,1394.1,-121.75,4494.314286,1937.685714,0,2230.6,
85.2,1394.1,-119.65,4494.314286,1937.685714,0,2276.8,
85.2,1394.1,-114.85,4494.314286,1937.685714,0,2226.3,
85.2,1394.1,-118.89,4494.314286,1937.685714,0,2226.6,
85.2,1394.1,-116.02,4494.314286,1937.685714,0,2231.2,
85.2,1296.2375,-109.9,4470.8875,1927.5625,0,2172.6,
81.98571429,1296.2375,-101.11,4211.044444,1815.555556,0,2089.9,
81.98571429,1052.671429,-93.63,4211.044444,1815.555556,0,2024.8,
74.07777778,1050.085714,-88.68,4204.533333,1812.733333,0,1966,
74.07777778,1050.085714,-87.14,4204.533333,1812.733333,0,1970,
74.07777778,1050.085714,-87.14,4204.533333,1812.733333,0,1917.3,
74.07777778,1050.085714,-87.14,4204.533333,1812.733333,0,1934.3,
74.07777778,1050.085714,-87.14,4204.533333,1812.733333,0,1910.7,
82.55714286,1050.085714,-98.19,4465.4625,1925.225,0,1939.5,
85.8875,1293.7875,-105.01,4465.4625,1925.225,0,2002.6,
85.8875,1293.7875,-106.6,4465.4625,1925.225,0,2025.5,
85.8875,1293.7875,-113.2,4488.142857,1935,0,2059.8,
82.55714286,1391.744444,-118.1,4488.142857,1935,0,2121.7,
82.55714286,1391.744444,-127.57,4465.4625,1925.225,0,2189.6,
74.07777778,1293.7875,-117.17,4204.533333,1812.733333,0,2228.6,
74.07777778,1293.7875,-115.25,4204.533333,1812.733333,0,2126.3,
74.07777778,1293.7875,-117.66,4465.4625,1925.225,0,2148,
74.07777778,1391.744444,-116.56,4465.4625,1925.225,0,2165.2,
82.55714286,1391.744444,-119.22,4465.4625,1925.225,0,2200.3,
82.55714286,1391.744444,-121.56,4488.142857,1935,0,2245.4,
85.8875,1391.744444,-119.45,4488.142857,1935,0,2291.5,
85.8875,1391.744444,-114.64,4488.142857,1935,0,2241.1,
85.8875,1391.744444,-118.69,4488.142857,1935,0,2241.4,
85.8875,1391.744444,-115.81,4488.142857,1935,0,2246,
85.8875,1293.7875,-109.7,4465.4625,1925.225,0,2187.2,
82.55714286,1293.7875,-100.9,4204.533333,1812.733333,0,2104.2,
82.55714286,1050.085714,-93.41,4204.533333,1812.733333,0,2038.9,
74.24444444,1043.385714,-88.08,4190.288889,1806.611111,0,1961.7,
74.24444444,1043.385714,-86.44,4190.288889,1806.611111,0,1965.7,
74.24444444,1043.385714,-86.44,4190.288889,1806.611111,0,1913.2,
74.24444444,1043.385714,-86.44,4190.288889,1806.611111,0,1930.2,
74.24444444,1043.385714,-86.44,4190.288889,1806.611111,0,1906.8,
82.74285714,1043.385714,-97.98,4451.75,1919.3,0,1935.4,
86.075,1297.425,-105.09,4451.75,1919.3,0,1998.2,
86.075,1297.425,-106.75,4451.75,1919.3,0,2021,
86.075,1297.425,-113.61,4473.685714,1928.757143,0,2055.1,
82.74285714,1399.155556,-118.72,4473.685714,1928.757143,0,2116.7,
82.74285714,1399.155556,-128.35,4451.75,1919.3,0,2184.3,
74.24444444,1297.425,-117.75,4190.288889,1806.611111,0,2223.2,
74.24444444,1297.425,-115.75,4190.288889,1806.611111,0,2121.3,
74.24444444,1297.425,-118.26,4451.75,1919.3,0,2142.9,
74.24444444,1399.155556,-117.11,4451.75,1919.3,0,2160.1,
82.74285714,1399.155556,-119.89,4451.75,1919.3,0,2195,
82.74285714,1399.155556,-122.32,4473.685714,1928.757143,0,2239.9,
86.075,1399.155556,-120.12,4473.685714,1928.757143,0,2286.1,
86.075,1399.155556,-115.12,4473.685714,1928.757143,0,2235.6,
86.075,1399.155556,-119.33,4473.685714,1928.757143,0,2235.9,
86.075,1399.155556,-116.33,4473.685714,1928.757143,0,2240.5,
86.075,1297.425,-109.97,4451.75,1919.3,0,2182,
82.74285714,1297.425,-100.81,4190.288889,1806.611111,0,2099.3,
82.74285714,1043.385714,-93.01,4190.288889,1806.611111,0,2034.3,
74.41111111,1051.957143,-88.8,4214.522222,1817.044444,0,1956.4,
74.41111111,1051.957143,-87.07,4214.522222,1817.044444,0,1960.1,
74.41111111,1051.957143,-87.07,4214.522222,1817.044444,0,1910.9,
74.41111111,1051.957143,-87.07,4214.522222,1817.044444,0,1926.8,
74.41111111,1051.957143,-87.07,4214.522222,1817.044444,0,1906.8,
83.01428571,1051.957143,-99,4476.475,1929.9875,0,1931.7,
86.3375,1313.9375,-106.32,4476.475,1929.9875,0,1990.6,
86.3375,1313.9375,-108.03,4476.475,1929.9875,0,2011.9,
86.3375,1313.9375,-115.11,4499.042857,1939.7,0,2043.9,
83.01428571,1418.555556,-120.37,4499.042857,1939.7,0,2101.7,
83.01428571,1418.555556,-130.13,4476.475,1929.9875,0,2165.1,
74.41111111,1313.9375,-119.37,4214.522222,1817.044444,0,2201.5,
74.41111111,1313.9375,-117.3,4214.522222,1817.044444,0,2106,
74.41111111,1313.9375,-119.9,4476.475,1929.9875,0,2126.2,
74.41111111,1418.555556,-118.71,4476.475,1929.9875,0,2142.4,
83.01428571,1418.555556,-121.57,4476.475,1929.9875,0,2175.1,
83.01428571,1418.555556,-124.07,4499.042857,1939.7,0,2217.2,
86.3375,1418.555556,-121.81,4499.042857,1939.7,0,2263.3,
86.3375,1418.555556,-116.66,4499.042857,1939.7,0,2213.2,
86.3375,1418.555556,-121,4499.042857,1939.7,0,2213.4,
86.3375,1418.555556,-117.91,4499.042857,1939.7,0,2217.8,
86.3375,1313.9375,-111.35,4476.475,1929.9875,0,2162.9,
83.01428571,1313.9375,-101.91,4214.522222,1817.044444,0,2085.4,
83.01428571,1051.957143,-93.88,4214.522222,1817.044444,0,2024.4,
74.75555556,1052.585714,-88.89,4253.188889,1833.7,0,1952.3,
74.75555556,1052.585714,-87.05,4253.188889,1833.7,0,1955.9,
74.75555556,1052.585714,-87.05,4253.188889,1833.7,0,1907.9,
74.75555556,1052.585714,-87.05,4253.188889,1833.7,0,1923.5,
74.75555556,1052.585714,-87.05,4253.188889,1833.7,0,1904.6,
83.28571429,1052.585714,-99.23,4514.8125,1946.5125,0,1928.2,
86.675,1318.9,-106.66,4514.8125,1946.5125,0,1985.7,
86.675,1318.9,-108.39,4514.8125,1946.5125,0,2006.5,
86.675,1318.9,-115.57,4538.914286,1956.9,0,2037.7,
83.28571429,1425.166667,-120.91,4538.914286,1956.9,0,2094.1,
83.28571429,1425.166667,-130.96,4514.8125,1946.5125,0,2156,
74.75555556,1318.9,-119.89,4253.188889,1833.7,0,2191.5,
74.75555556,1318.9,-117.79,4253.188889,1833.7,0,2098.3,
74.75555556,1318.9,-120.42,4514.8125,1946.5125,0,2118.1,
74.75555556,1425.166667,-119.22,4514.8125,1946.5125,0,2133.8,
83.28571429,1425.166667,-122.12,4514.8125,1946.5125,0,2165.8,
83.28571429,1425.166667,-124.66,4538.914286,1956.9,0,2206.8,
86.675,1425.166667,-122.36,4538.914286,1956.9,0,2252.9,
86.675,1425.166667,-117.14,4538.914286,1956.9,0,2202.9,
86.675,1425.166667,-121.54,4538.914286,1956.9,0,2203.1,
86.675,1425.166667,-118.41,4538.914286,1956.9,0,2207.3,
86.675,1318.9,-111.76,4514.8125,1946.5125,0,2153.8,
83.28571429,1318.9,-102.18,4253.188889,1833.7,0,2078.2,
83.28571429,1052.585714,-94.04,4253.188889,1833.7,0,2018.7,
74.41111111,1053.1,-88.98,4256.855556,1835.266667,0,1946,
74.41111111,1053.1,-87.06,4256.855556,1835.266667,0,1949.7,
74.41111111,1053.1,-87.06,4256.855556,1835.266667,0,1899.7,
74.41111111,1053.1,-87.06,4256.855556,1835.266667,0,1915.9,
74.41111111,1053.1,-87.06,4256.855556,1835.266667,0,1895.1,
82.81428571,1053.1,-99.33,4513.375,1945.8875,0,1920.9,
86.1625,1320.125,-106.76,4513.375,1945.8875,0,1980.7,
86.1625,1320.125,-108.49,4513.375,1945.8875,0,2002.4,
86.1625,1320.125,-115.68,4540.014286,1957.357143,0,2034.9,
82.81428571,1426.744444,-121.02,4540.014286,1957.357143,0,2093.6,
82.81428571,1426.744444,-131.27,4513.375,1945.8875,0,2158.1,
74.41111111,1320.125,-120,4256.855556,1835.266667,0,2195.1,
74.41111111,1320.125,-117.91,4256.855556,1835.266667,0,2098,
74.41111111,1320.125,-120.54,4513.375,1945.8875,0,2118.6,
74.41111111,1426.744444,-119.33,4513.375,1945.8875,0,2134.9,
82.81428571,1426.744444,-122.24,4513.375,1945.8875,0,2168.3,
82.81428571,1426.744444,-124.78,4540.014286,1957.357143,0,2211,
86.1625,1426.744444,-122.48,4540.014286,1957.357143,0,2257.1,
86.1625,1426.744444,-117.25,4540.014286,1957.357143,0,2206.9,
86.1625,1426.744444,-121.66,4540.014286,1957.357143,0,2207.2,
86.1625,1426.744444,-118.52,4540.014286,1957.357143,0,2211.6,
86.1625,1320.125,-111.86,4513.375,1945.8875,0,2155.8,
82.81428571,1320.125,-102.28,4256.855556,1835.266667,0,2077.1,
82.81428571,1053.1,-94.13,4256.855556,1835.266667,0,2015.1,
73.62222222,1071.328571,-90.48,4236.433333,1826.455556,0,1944.2,
73.62222222,1071.328571,-88.85,4236.433333,1826.455556,0,1948,
73.62222222,1071.328571,-88.85,4236.433333,1826.455556,0,1898.1,
73.62222222,1071.328571,-88.85,4236.433333,1826.455556,0,1914.2,
73.62222222,1071.328571,-88.85,4236.433333,1826.455556,0,1893.5,
81.95714286,1071.328571,-100.31,4487.3125,1934.6375,0,1919.1,
85.275,1323.5875,-107.36,4487.3125,1934.6375,0,1978.8,
85.275,1323.5875,-109.01,4487.3125,1934.6375,0,2000.5,
85.275,1323.5875,-115.83,4513.728571,1946.014286,0,2032.9,
81.95714286,1424.677778,-120.91,4513.728571,1946.014286,0,2091.5,
81.95714286,1424.677778,-130.51,4487.3125,1934.6375,0,2155.8,
73.62222222,1323.5875,-119.94,4236.433333,1826.455556,0,2192.7,
73.62222222,1323.5875,-117.95,4236.433333,1826.455556,0,2095.9,
73.62222222,1323.5875,-120.45,4487.3125,1934.6375,0,2116.4,
73.62222222,1424.677778,-119.31,4487.3125,1934.6375,0,2132.7,
81.95714286,1424.677778,-122.06,4487.3125,1934.6375,0,2166,
81.95714286,1424.677778,-124.48,4513.728571,1946.014286,0,2208.6,
85.275,1424.677778,-122.29,4513.728571,1946.014286,0,2254.7,
85.275,1424.677778,-117.33,4513.728571,1946.014286,0,2204.5,
85.275,1424.677778,-121.51,4513.728571,1946.014286,0,2204.8,
85.275,1424.677778,-118.54,4513.728571,1946.014286,0,2209.2,
85.275,1323.5875,-112.21,4487.3125,1934.6375,0,2153.5,
81.95714286,1323.5875,-103.11,4236.433333,1826.455556,0,2075,
81.95714286,1071.328571,-95.37,4236.433333,1826.455556,0,2013.1,
73.14444444,1068,-90.22,4220.222222,1819.488889,0,1933.6,
73.14444444,1068,-88.68,4220.222222,1819.488889,0,1937.3,
73.14444444,1068,-88.68,4220.222222,1819.488889,0,1888,
73.14444444,1068,-88.68,4220.222222,1819.488889,0,1903.9,
73.14444444,1068,-88.68,4220.222222,1819.488889,0,1883.8,
81.48571429,1068,-99.7,4467.0625,1925.925,0,1908.8,
84.7625,1311.0875,-106.5,4467.0625,1925.925,0,1967.8,
84.7625,1311.0875,-108.09,4467.0625,1925.925,0,1989.2,
84.7625,1311.0875,-114.67,4492.885714,1937.042857,0,2021.3,
81.48571429,1408.788889,-119.56,4492.885714,1937.042857,0,2079.3,
81.48571429,1408.788889,-129.02,4467.0625,1925.925,0,2142.8,
73.14444444,1311.0875,-118.63,4220.222222,1819.488889,0,2179.3,
73.14444444,1311.0875,-116.71,4220.222222,1819.488889,0,2083.5,
73.14444444,1311.0875,-119.12,4467.0625,1925.925,0,2103.8,
73.14444444,1408.788889,-118.02,4467.0625,1925.925,0,2120,
81.48571429,1408.788889,-120.68,4467.0625,1925.925,0,2152.8,
81.48571429,1408.788889,-123.01,4492.885714,1937.042857,0,2195,
84.7625,1408.788889,-120.9,4492.885714,1937.042857,0,2241.1,
84.7625,1408.788889,-116.11,4492.885714,1937.042857,0,2191,
84.7625,1408.788889,-120.15,4492.885714,1937.042857,0,2191.2,
84.7625,1408.788889,-117.28,4492.885714,1937.042857,0,2195.6,
84.7625,1311.0875,-111.18,4467.0625,1925.925,0,2140.5,
81.48571429,1311.0875,-102.4,4220.222222,1819.488889,0,2062.9,
81.48571429,1068,-94.94,4220.222222,1819.488889,0,2001.8,
72.8,1052.1,-88.84,4208.477778,1814.433333,0,1911.9,
72.8,1052.1,-87.23,4208.477778,1814.433333,0,1916,
72.8,1052.1,-87.23,4208.477778,1814.433333,0,1861.9,
72.8,1052.1,-87.23,4208.477778,1814.433333,0,1879.4,
72.8,1052.1,-87.23,4208.477778,1814.433333,0,1854.2,
81.15714286,1052.1,-98.61,4463.4875,1924.3625,0,1884.7,
84.425,1302.7625,-105.62,4463.4875,1924.3625,0,1949.5,
84.425,1302.7625,-107.26,4463.4875,1924.3625,0,1972.9,
84.425,1302.7625,-114.04,4489.071429,1935.414286,0,2008.1,
81.15714286,1403.233333,-119.08,4489.071429,1935.414286,0,2071.7,
81.15714286,1403.233333,-128.65,4463.4875,1924.3625,0,2141.4,
72.8,1302.7625,-118.12,4208.477778,1814.433333,0,2181.4,
72.8,1302.7625,-116.14,4208.477778,1814.433333,0,2076.4,
72.8,1302.7625,-118.62,4463.4875,1924.3625,0,2098.7,
72.8,1403.233333,-117.49,4463.4875,1924.3625,0,2116.4,
81.15714286,1403.233333,-120.23,4463.4875,1924.3625,0,2152.4,
81.15714286,1403.233333,-122.62,4489.071429,1935.414286,0,2198.7,
84.425,1403.233333,-120.45,4489.071429,1935.414286,0,2245,
84.425,1403.233333,-115.52,4489.071429,1935.414286,0,2194.2,
84.425,1403.233333,-119.68,4489.071429,1935.414286,0,2194.5,
84.425,1403.233333,-116.72,4489.071429,1935.414286,0,2199.3,
84.425,1302.7625,-110.43,4463.4875,1924.3625,0,2138.9,
81.15714286,1302.7625,-101.39,4208.477778,1814.433333,0,2053.7,
81.15714286,1052.1,-93.7,4208.477778,1814.433333,0,1986.7,
72.18888889,1043.371429,-88.13,4197.977778,1809.9,0,1927.6,
72.18888889,1043.371429,-86.27,4197.977778,1809.9,0,1931.7,
72.18888889,1043.371429,-86.27,4197.977778,1809.9,0,1877.1,
72.18888889,1043.371429,-86.27,4197.977778,1809.9,0,1894.8,
72.18888889,1043.371429,-86.27,4197.977778,1809.9,0,1844.4,
80.52857143,1043.371429,-98.39,4460.1125,1922.9125,0,1900.2,
83.725,1307.65,-105.75,4460.1125,1922.9125,0,1965.5,
83.725,1307.65,-107.47,4460.1125,1922.9125,0,1989.1,
83.725,1307.65,-114.58,4481.971429,1932.357143,0,2024.6,
80.52857143,1413.211111,-119.87,4481.971429,1932.357143,0,2088.7,
80.52857143,1413.211111,-129.99,4460.1125,1922.9125,0,2158.9,
72.18888889,1307.65,-118.87,4197.977778,1809.9,0,2199.3,
72.18888889,1307.65,-116.79,4197.977778,1809.9,0,2093.4,
72.18888889,1307.65,-119.4,4460.1125,1922.9125,0,2115.9,
72.18888889,1413.211111,-118.2,4460.1125,1922.9125,0,2133.7,
80.52857143,1413.211111,-121.08,4460.1125,1922.9125,0,2170.1,
80.52857143,1413.211111,-123.6,4481.971429,1932.357143,0,2216.7,
83.725,1413.211111,-121.32,4481.971429,1932.357143,0,2283.6,
83.725,1413.211111,-116.14,4481.971429,1932.357143,0,2212.2,
83.725,1413.211111,-120.51,4481.971429,1932.357143,0,2212.5,
83.725,1413.211111,-117.4,4481.971429,1932.357143,0,2217.3,
83.725,1307.65,-110.8,4460.1125,1922.9125,0,2156.5,
80.52857143,1307.65,-101.31,4197.977778,1809.9,0,2070.6,
80.52857143,1043.371429,-93.24,4197.977778,1809.9,0,2003,
71.57777778,1052.185714,-88.87,4223.877778,1821.055556,0,1955.2,
71.57777778,1052.185714,-87,4223.877778,1821.055556,0,1959.3,
71.57777778,1052.185714,-87,4223.877778,1821.055556,0,1904,
71.57777778,1052.185714,-87,4223.877778,1821.055556,0,1921.9,
71.57777778,1052.185714,-87,4223.877778,1821.055556,0,1871.8,
79.94285714,1052.185714,-99.21,4488.6,1935.2,0,1927.4,
83.075,1318.5125,-106.63,4488.6,1935.2,0,1993.6,
83.075,1318.5125,-108.36,4488.6,1935.2,0,2017.6,
83.075,1318.5125,-115.54,4510.2,1944.514286,0,2053.6,
79.94285714,1424.844444,-120.87,4510.2,1944.514286,0,2118.6,
79.94285714,1424.844444,-130.98,4488.6,1935.2,0,2189.8,
71.57777778,1318.5125,-119.86,4223.877778,1821.055556,0,2230.8,
71.57777778,1318.5125,-117.76,4223.877778,1821.055556,0,2123.4,
71.57777778,1318.5125,-120.39,4488.6,1935.2,0,2146.1,
71.57777778,1424.844444,-119.19,4488.6,1935.2,0,2164.3,
79.94285714,1424.844444,-122.09,4488.6,1935.2,0,2201.1,
79.94285714,1424.844444,-124.62,4510.2,1944.514286,0,2248.4,
83.075,1424.844444,-122.33,4510.2,1944.514286,0,2314.4,
83.075,1424.844444,-117.11,4510.2,1944.514286,0,2243.9,
83.075,1424.844444,-121.51,4510.2,1944.514286,0,2244.2,
83.075,1424.844444,-118.38,4510.2,1944.514286,0,2249,
83.075,1318.5125,-111.72,4488.6,1935.2,0,2187.3,
79.94285714,1318.5125,-102.16,4223.877778,1821.055556,0,2100.2,
79.94285714,1052.185714,-94.01,4223.877778,1821.055556,0,2031.6,
70.58888889,1062.528571,-89.71,4239.588889,1827.844444,0,1985.2,
70.58888889,1062.528571,-88.02,4239.588889,1827.844444,0,1989.4,
70.58888889,1062.528571,-88.02,4239.588889,1827.844444,0,1933.2,
70.58888889,1062.528571,-88.02,4239.588889,1827.844444,0,1951.4,
70.58888889,1062.528571,-88.02,4239.588889,1827.844444,0,1916.4,
78.78571429,1062.528571,-99.78,4501.7,1940.825,0,1956.9,
81.8875,1321.1,-107.01,4501.7,1940.825,0,2024.2,
81.8875,1321.1,-108.7,4501.7,1940.825,0,2048.5,
81.8875,1321.1,-115.68,4525.1,1950.928571,0,2085.1,
78.78571429,1424.466667,-120.88,4525.1,1950.928571,0,2151.1,
78.78571429,1424.466667,-130.58,4501.7,1940.825,0,2223.4,
70.58888889,1321.1,-119.89,4239.588889,1827.844444,0,2265,
70.58888889,1321.1,-117.85,4239.588889,1827.844444,0,2155.9,
70.58888889,1321.1,-120.41,4501.7,1940.825,0,2179.1,
70.58888889,1424.466667,-119.24,4501.7,1940.825,0,2197.5,
78.78571429,1424.466667,-122.07,4501.7,1940.825,0,2234.9,
78.78571429,1424.466667,-124.54,4525.1,1950.928571,0,2282.9,
81.8875,1424.466667,-122.3,4525.1,1950.928571,0,2335.7,
81.8875,1424.466667,-117.21,4525.1,1950.928571,0,2278.3,
81.8875,1424.466667,-121.5,4525.1,1950.928571,0,2278.6,
81.8875,1424.466667,-118.45,4525.1,1950.928571,0,2283.5,
81.8875,1321.1,-111.97,4501.7,1940.825,0,2220.9,
78.78571429,1321.1,-102.65,4239.588889,1827.844444,0,2132.4,
78.78571429,1062.528571,-94.72,4239.588889,1827.844444,0,2062.8,
69.96666667,1061.128571,-89.59,4241,1828.455556,0,1988.1,
69.96666667,1061.128571,-87.91,4241,1828.455556,0,1992.2,
69.96666667,1061.128571,-87.91,4241,1828.455556,0,1937.8,
69.96666667,1061.128571,-87.91,4241,1828.455556,0,1955.4,
69.96666667,1061.128571,-87.91,4241,1828.455556,0,1930.2,
78.15714286,1061.128571,-99.63,4499.375,1939.85,0,1960.8,
81.225,1318.9,-106.84,4499.375,1939.85,0,2025.9,
81.225,1318.9,-108.52,4499.375,1939.85,0,2049.4,
81.225,1318.9,-115.49,4524.557143,1950.7,0,2084.8,
78.15714286,1421.955556,-120.67,4524.557143,1950.7,0,2148.6,
78.15714286,1421.955556,-130.36,4499.375,1939.85,0,2218.6,
69.96666667,1318.9,-119.68,4241,1828.455556,0,2258.9,
69.96666667,1318.9,-117.65,4241,1828.455556,0,2153.3,
69.96666667,1318.9,-120.2,4499.375,1939.85,0,2175.7,
69.96666667,1421.955556,-119.03,4499.375,1939.85,0,2193.5,
78.15714286,1421.955556,-121.85,4499.375,1939.85,0,2229.7,
78.15714286,1421.955556,-124.31,4524.557143,1950.7,0,2276.2,
81.225,1421.955556,-122.08,4524.557143,1950.7,0,2322.4,
81.225,1421.955556,-117.01,4524.557143,1950.7,0,2271.7,
81.225,1421.955556,-121.29,4524.557143,1950.7,0,2272,
81.225,1421.955556,-118.25,4524.557143,1950.7,0,2276.8,
81.225,1318.9,-111.79,4499.375,1939.85,0,2216.2,
78.15714286,1318.9,-102.5,4241,1828.455556,0,2130.6,
78.15714286,1061.128571,-94.59,4241,1828.455556,0,2063.2,
70.5,1057.942857,-89.32,4227.022222,1822.422222,0,1967.9,
70.5,1057.942857,-87.61,4227.022222,1822.422222,0,1971.9,
70.5,1057.942857,-87.61,4227.022222,1822.422222,0,1918.5,
70.5,1057.942857,-87.61,4227.022222,1822.422222,0,1935.8,
70.5,1057.942857,-87.61,4227.022222,1822.422222,0,1911.5,
78.81428571,1057.942857,-99.44,4481.2,1932,0,1941.1,
81.85,1317.9375,-106.7,4481.2,1932,0,2005,
81.85,1317.9375,-108.41,4481.2,1932,0,2028.1,
81.85,1317.9375,-115.43,4507.871429,1943.5,0,2062.9,
78.81428571,1421.822222,-120.65,4507.871429,1943.5,0,2125.6,
78.81428571,1421.822222,-130.38,4481.2,1932,0,2194.3,
70.5,1317.9375,-119.66,4227.022222,1822.422222,0,2233.8,
70.5,1317.9375,-117.61,4227.022222,1822.422222,0,2130.2,
70.5,1317.9375,-120.18,4481.2,1932,0,2152.2,
70.5,1421.822222,-119,4481.2,1932,0,2169.7,
78.81428571,1421.822222,-121.84,4481.2,1932,0,2205.2,
78.81428571,1421.822222,-124.33,4507.871429,1943.5,0,2250.9,
81.85,1421.822222,-122.08,4507.871429,1943.5,0,2297,
81.85,1421.822222,-116.97,4507.871429,1943.5,0,2246.5,
81.85,1421.822222,-121.28,4507.871429,1943.5,0,2246.8,
81.85,1421.822222,-118.21,4507.871429,1943.5,0,2251.5,
81.85,1317.9375,-111.7,4481.2,1932,0,2191.9,
78.81428571,1317.9375,-102.33,4227.022222,1822.422222,0,2107.8,
78.81428571,1057.942857,-94.36,4227.022222,1822.422222,0,2041.7,
71.7,1054.257143,-89.01,4201.055556,1811.255556,0,1954,
71.7,1054.257143,-87.32,4201.055556,1811.255556,0,1958,
71.7,1054.257143,-87.32,4201.055556,1811.255556,0,1905.1,
71.7,1054.257143,-87.32,4201.055556,1811.255556,0,1922.2,
71.7,1054.257143,-87.32,4201.055556,1811.255556,0,1898.4,
80.24285714,1054.257143,-99.05,4453.4625,1920.05,0,1927.4,
83.325,1312.1375,-106.26,4453.4625,1920.05,0,1990.8,
83.325,1312.1375,-107.94,4453.4625,1920.05,0,2013.7,
83.325,1312.1375,-114.91,4480.042857,1931.5,0,2048.2,
80.24285714,1415.233333,-120.09,4480.042857,1931.5,0,2110.3,
80.24285714,1415.233333,-129.78,4453.4625,1920.05,0,2178.5,
71.7,1312.1375,-119.11,4201.055556,1811.255556,0,2217.6,
71.7,1312.1375,-117.07,4201.055556,1811.255556,0,2114.9,
71.7,1312.1375,-119.63,4453.4625,1920.05,0,2136.7,
71.7,1415.233333,-118.46,4453.4625,1920.05,0,2154,
80.24285714,1415.233333,-121.28,4453.4625,1920.05,0,2189.3,
80.24285714,1415.233333,-123.74,4480.042857,1931.5,0,2234.5,
83.325,1415.233333,-121.51,4480.042857,1931.5,0,2280.7,
83.325,1415.233333,-116.44,4480.042857,1931.5,0,2230.2,
83.325,1415.233333,-120.71,4480.042857,1931.5,0,2230.5,
83.325,1415.233333,-117.67,4480.042857,1931.5,0,2235.1,
83.325,1312.1375,-111.21,4453.4625,1920.05,0,2176.1,
80.24285714,1312.1375,-101.91,4201.055556,1811.255556,0,2092.8,
80.24285714,1054.257143,-94.01,4201.055556,1811.255556,0,2027.2,
72.6,1046.242857,-88.34,4181.144444,1802.644444,0,1947.3,
72.6,1046.242857,-86.74,4181.144444,1802.644444,0,1951.3,
72.6,1046.242857,-86.74,4181.144444,1802.644444,0,1898.5,
72.6,1046.242857,-86.74,4181.144444,1802.644444,0,1915.6,
72.6,1046.242857,-86.74,4181.144444,1802.644444,0,1891.9,
81.4,1046.242857,-98.07,4432.55,1911.0375,0,1920.8,
84.45,1295.85,-105.05,4432.55,1911.0375,0,1983.9,
84.45,1295.85,-106.69,4432.55,1911.0375,0,2006.8,
84.45,1295.85,-113.44,4458.857143,1922.371429,0,2041.2,
81.4,1395.955556,-118.46,4458.857143,1922.371429,0,2103.1,
81.4,1395.955556,-128.01,4432.55,1911.0375,0,2171.1,
72.6,1295.85,-117.5,4181.144444,1802.644444,0,2210.2,
72.6,1295.85,-115.53,4181.144444,1802.644444,0,2107.7,
72.6,1295.85,-118,4432.55,1911.0375,0,2129.4,
72.6,1395.955556,-116.87,4432.55,1911.0375,0,2146.7,
81.4,1395.955556,-119.6,4432.55,1911.0375,0,2181.9,
81.4,1395.955556,-121.99,4458.857143,1922.371429,0,2227,
84.45,1395.955556,-119.83,4458.857143,1922.371429,0,2273.2,
84.45,1395.955556,-114.91,4458.857143,1922.371429,0,2222.7,
84.45,1395.955556,-119.06,4458.857143,1922.371429,0,2223,
84.45,1395.955556,-116.11,4458.857143,1922.371429,0,2227.6,
84.45,1295.85,-109.85,4432.55,1911.0375,0,2168.7,
81.4,1295.85,-100.84,4181.144444,1802.644444,0,2085.6,
81.4,1046.242857,-93.18,4181.144444,1802.644444,0,2020.2,
73.22222222,1032.5,-87.16,4173.211111,1799.233333,0,1934.7,
73.22222222,1032.5,-85.54,4173.211111,1799.233333,0,1938.7,
73.22222222,1032.5,-85.54,4173.211111,1799.233333,0,1885.3,
73.22222222,1032.5,-85.54,4173.211111,1799.233333,0,1902.6,
73.22222222,1032.5,-85.54,4173.211111,1799.233333,0,1878.3,
82.15714286,1032.5,-96.96,4425.075,1907.8,0,1907.9,
85.25,1283.8625,-103.98,4425.075,1907.8,0,1971.8,
85.25,1283.8625,-105.63,4425.075,1907.8,0,1995,
85.25,1283.8625,-112.43,4450.871429,1918.928571,0,2029.7,
82.15714286,1384.6,-117.48,4450.871429,1918.928571,0,2092.4,
82.15714286,1384.6,-127.07,4425.075,1907.8,0,2161.2,
73.22222222,1283.8625,-116.52,4173.211111,1799.233333,0,2200.7,
73.22222222,1283.8625,-114.54,4173.211111,1799.233333,0,2097,
73.22222222,1283.8625,-117.03,4425.075,1907.8,0,2119,
73.22222222,1384.6,-115.89,4425.075,1907.8,0,2136.5,
82.15714286,1384.6,-118.63,4425.075,1907.8,0,2172.1,
82.15714286,1384.6,-121.04,4450.871429,1918.928571,0,2217.8,
85.25,1384.6,-118.86,4450.871429,1918.928571,0,2263.9,
85.25,1384.6,-113.91,4450.871429,1918.928571,0,2213.4,
85.25,1384.6,-118.09,4450.871429,1918.928571,0,2213.7,
85.25,1384.6,-115.12,4450.871429,1918.928571,0,2218.4,
85.25,1283.8625,-108.82,4425.075,1907.8,0,2158.8,
82.15714286,1283.8625,-99.75,4173.211111,1799.233333,0,2074.7,
82.15714286,1032.5,-92.04,4173.211111,1799.233333,0,2008.5,
73.53333333,1031.128571,-87.05,4175.2,1800.077778,0,1932.4,
73.53333333,1031.128571,-85.46,4175.2,1800.077778,0,1936.3,
73.53333333,1031.128571,-85.46,4175.2,1800.077778,0,1884.4,
73.53333333,1031.128571,-85.46,4175.2,1800.077778,0,1901.2,
73.53333333,1031.128571,-85.46,4175.2,1800.077778,0,1878.4,
82.37142857,1031.128571,-96.75,4418.8125,1905.1125,0,1906.3,
85.5125,1279.9375,-103.71,4418.8125,1905.1125,0,1968.4,
85.5125,1279.9375,-105.34,4418.8125,1905.1125,0,1991,
85.5125,1279.9375,-112.07,4444.214286,1916.071429,0,2024.7,
82.37142857,1379.766667,-117.07,4444.214286,1916.071429,0,2085.7,
82.37142857,1379.766667,-126.62,4418.8125,1905.1125,0,2152.5,
73.53333333,1279.9375,-116.12,4175.2,1800.077778,0,2190.9,
73.53333333,1279.9375,-114.15,4175.2,1800.077778,0,2090.2,
73.53333333,1279.9375,-116.62,4418.8125,1905.1125,0,2111.5,
73.53333333,1379.766667,-115.49,4418.8125,1905.1125,0,2128.5,
82.37142857,1379.766667,-118.21,4418.8125,1905.1125,0,2163.1,
82.37142857,1379.766667,-120.59,4444.214286,1916.071429,0,2207.5,
85.5125,1379.766667,-118.44,4444.214286,1916.071429,0,2253.6,
85.5125,1379.766667,-113.54,4444.214286,1916.071429,0,2203.2,
85.5125,1379.766667,-117.67,4444.214286,1916.071429,0,2203.5,
85.5125,1379.766667,-114.73,4444.214286,1916.071429,0,2208.1,
85.5125,1279.9375,-108.49,4418.8125,1905.1125,0,2150.2,
82.37142857,1279.9375,-99.52,4175.2,1800.077778,0,2068.5,
82.37142857,1031.128571,-91.88,4175.2,1800.077778,0,2004.1,
73.17777778,1020.157143,-86.09,4153.1,1790.555556,0,1937.9,
73.17777778,1020.157143,-84.44,4153.1,1790.555556,0,1941.6,
73.17777778,1020.157143,-84.44,4153.1,1790.555556,0,1891.4,
73.17777778,1020.157143,-84.44,4153.1,1790.555556,0,1907.7,
73.17777778,1020.157143,-84.44,4153.1,1790.555556,0,1886.7,
81.98571429,1020.157143,-96.04,4390.95,1893.0875,0,1912.6,
85.1,1275.45,-103.18,4390.95,1893.0875,0,1972.7,
85.1,1275.45,-104.85,4390.95,1893.0875,0,1994.5,
85.1,1275.45,-111.75,4415.528571,1903.7,0,2027.1,
81.98571429,1377.644444,-116.88,4415.528571,1903.7,0,2086,
81.98571429,1377.644444,-126.53,4390.95,1893.0875,0,2150.7,
73.17777778,1275.45,-115.9,4153.1,1790.555556,0,2187.8,
73.17777778,1275.45,-113.89,4153.1,1790.555556,0,2090.4,
73.17777778,1275.45,-116.42,4390.95,1893.0875,0,2111.1,
73.17777778,1377.644444,-115.26,4390.95,1893.0875,0,2127.5,
81.98571429,1377.644444,-118.05,4390.95,1893.0875,0,2160.9,
81.98571429,1377.644444,-120.49,4415.528571,1903.7,0,2203.8,
85.1,1377.644444,-118.28,4415.528571,1903.7,0,2249.9,
85.1,1377.644444,-113.26,4415.528571,1903.7,0,2199.7,
85.1,1377.644444,-117.49,4415.528571,1903.7,0,2200,
85.1,1377.644444,-114.48,4415.528571,1903.7,0,2204.4,
85.1,1275.45,-108.08,4390.95,1893.0875,0,2148.4,
81.98571429,1275.45,-98.88,4153.1,1790.555556,0,2069.4,
81.98571429,1020.157143,-91.04,4153.1,1790.555556,0,2007.2,
73.01111111,1015.428571,-85.79,4118.066667,1775.455556,0,1935.6,
73.01111111,1015.428571,-83.94,4118.066667,1775.455556,0,1939.5,
73.01111111,1015.428571,-83.94,4118.066667,1775.455556,0,1887.1,
73.01111111,1015.428571,-83.94,4118.066667,1775.455556,0,1904.1,
73.01111111,1015.428571,-83.94,4118.066667,1775.455556,0,1880.7,
81.88571429,1015.428571,-95.78,4370.8,1884.425,0,1909.2,
84.9375,1272.9625,-102.94,4370.8,1884.425,0,1972,
84.9375,1272.9625,-104.62,4370.8,1884.425,0,1994.8,
84.9375,1272.9625,-111.54,4394.214286,1894.514286,0,2028.9,
81.88571429,1376.144444,-116.7,4394.214286,1894.514286,0,2090.5,
81.88571429,1376.144444,-126.87,4370.8,1884.425,0,2158,
73.01111111,1272.9625,-115.72,4118.066667,1775.455556,0,2196.8,
73.01111111,1272.9625,-113.69,4118.066667,1775.455556,0,2095,
73.01111111,1272.9625,-116.23,4370.8,1884.425,0,2116.6,
73.01111111,1376.144444,-115.07,4370.8,1884.425,0,2133.8,
81.88571429,1376.144444,-117.87,4370.8,1884.425,0,2168.7,
81.88571429,1376.144444,-120.32,4394.214286,1894.514286,0,2213.6,
84.9375,1376.144444,-118.1,4394.214286,1894.514286,0,2259.7,
84.9375,1376.144444,-113.06,4394.214286,1894.514286,0,2209.2,
84.9375,1376.144444,-117.31,4394.214286,1894.514286,0,2209.5,
84.9375,1376.144444,-114.29,4394.214286,1894.514286,0,2214.1,
84.9375,1272.9625,-107.86,4370.8,1884.425,0,2155.6,
81.88571429,1272.9625,-98.62,4118.066667,1775.455556,0,2073.1,
81.88571429,1015.428571,-90.76,4118.066667,1775.455556,0,2008.1,
73.34444444,1027.328571,-86.71,4104.188889,1769.477778,0,1935.6,
73.34444444,1027.328571,-85.03,4104.188889,1769.477778,0,1939.6,
73.34444444,1027.328571,-85.03,4104.188889,1769.477778,0,1886,
73.34444444,1027.328571,-85.03,4104.188889,1769.477778,0,1903.3,
73.34444444,1027.328571,-85.03,4104.188889,1769.477778,0,1878.9,
82.22857143,1027.328571,-96.71,4359.575,1879.5625,0,1908.6,
85.3,1284.275,-103.89,4359.575,1879.5625,0,1972.7,
85.3,1284.275,-105.58,4359.575,1879.5625,0,1996,
85.3,1284.275,-112.52,4381.228571,1888.914286,0,2030.8,
82.22857143,1387.044444,-117.68,4381.228571,1888.914286,0,2093.8,
82.22857143,1387.044444,-127.36,4359.575,1879.5625,0,2162.8,
73.34444444,1284.275,-116.7,4104.188889,1769.477778,0,2202.4,
73.34444444,1284.275,-114.67,4104.188889,1769.477778,0,2098.4,
73.34444444,1284.275,-117.22,4359.575,1879.5625,0,2120.5,
73.34444444,1387.044444,-116.05,4359.575,1879.5625,0,2138,
82.22857143,1387.044444,-118.86,4359.575,1879.5625,0,2173.7,
82.22857143,1387.044444,-121.31,4381.228571,1888.914286,0,2219.5,
85.3,1387.044444,-119.09,4381.228571,1888.914286,0,2265.7,
85.3,1387.044444,-114.04,4381.228571,1888.914286,0,2215.1,
85.3,1387.044444,-118.3,4381.228571,1888.914286,0,2215.4,
85.3,1387.044444,-115.27,4381.228571,1888.914286,0,2220.1,
85.3,1284.275,-108.83,4359.575,1879.5625,0,2160.3,
82.22857143,1284.275,-99.57,4104.188889,1769.477778,0,2076,
82.22857143,1027.328571,-91.69,4104.188889,1769.477778,0,2009.6,
73.64444444,1026.128571,-86.64,4097.277778,1766.477778,0,1929.1,
73.64444444,1026.128571,-85.13,4097.277778,1766.477778,0,1933,
73.64444444,1026.128571,-85.13,4097.277778,1766.477778,0,1880.4,
73.64444444,1026.128571,-85.13,4097.277778,1766.477778,0,1897.4,
73.64444444,1026.128571,-85.13,4097.277778,1766.477778,0,1873.9,
82.47142857,1026.128571,-96.05,4349.025,1875.025,0,1902.6,
85.6375,1267.2875,-102.8,4349.025,1875.025,0,1965.6,
85.6375,1267.2875,-104.38,4349.025,1875.025,0,1988.5,
85.6375,1267.2875,-110.91,4372.128571,1885,0,2022.8,
82.47142857,1364.3,-115.76,4372.128571,1885,0,2084.6,
82.47142857,1364.3,-125.18,4349.025,1875.025,0,2152.4,
73.64444444,1267.2875,-114.84,4097.277778,1766.477778,0,2191.4,
73.64444444,1267.2875,-112.93,4097.277778,1766.477778,0,2089.2,
73.64444444,1267.2875,-115.32,4349.025,1875.025,0,2110.9,
73.64444444,1364.3,-114.23,4349.025,1875.025,0,2128.1,
82.47142857,1364.3,-116.87,4349.025,1875.025,0,2163.2,
82.47142857,1364.3,-119.17,4372.128571,1885,0,2208.2,
85.6375,1364.3,-117.09,4372.128571,1885,0,2254.4,
85.6375,1364.3,-112.33,4372.128571,1885,0,2203.9,
85.6375,1364.3,-116.34,4372.128571,1885,0,2204.2,
85.6375,1364.3,-113.49,4372.128571,1885,0,2208.8,
85.6375,1267.2875,-107.44,4349.025,1875.025,0,2150.1,
82.47142857,1267.2875,-98.73,4097.277778,1766.477778,0,2067.1,
82.47142857,1026.128571,-91.32,4097.277778,1766.477778,0,2001.9,
73.62222222,1009.414286,-85.25,4057.322222,1749.255556,0,1908.9,
73.62222222,1009.414286,-83.88,4057.322222,1749.255556,0,1913,
73.62222222,1009.414286,-83.88,4057.322222,1749.255556,0,1859,
73.62222222,1009.414286,-83.88,4057.322222,1749.255556,0,1876.5,
73.62222222,1009.414286,-83.88,4057.322222,1749.255556,0,1851.6,
82.48571429,1009.414286,-94.08,4304.275,1855.725,0,1881.8,
85.625,1235.45,-100.42,4304.275,1855.725,0,1946.4,
85.625,1235.45,-101.9,4304.275,1855.725,0,1969.8,
85.625,1235.45,-108.03,4328.142857,1866.014286,0,2004.9,
82.48571429,1326.966667,-112.59,4328.142857,1866.014286,0,2068.3,
82.48571429,1326.966667,-121.76,4304.275,1855.725,0,2137.8,
73.62222222,1235.45,-111.72,4057.322222,1749.255556,0,2177.7,
73.62222222,1235.45,-109.93,4057.322222,1749.255556,0,2073,
73.62222222,1235.45,-112.18,4304.275,1855.725,0,2095.2,
73.62222222,1326.966667,-111.15,4304.275,1855.725,0,2112.9,
82.48571429,1326.966667,-113.63,4304.275,1855.725,0,2148.8,
82.48571429,1326.966667,-115.79,4328.142857,1866.014286,0,2194.9,
85.625,1326.966667,-113.83,4328.142857,1866.014286,0,2241.1,
85.625,1326.966667,-109.37,4328.142857,1866.014286,0,2190.5,
85.625,1326.966667,-113.13,4328.142857,1866.014286,0,2190.8,
85.625,1326.966667,-110.46,4328.142857,1866.014286,0,2195.5,
85.625,1235.45,-104.77,4304.275,1855.725,0,2135.3,
82.48571429,1235.45,-96.6,4057.322222,1749.255556,0,2050.4,
82.48571429,1009.414286,-89.64,4057.322222,1749.255556,0,1983.5,
72.9,977.5428571,-82.51,4013.722222,1730.455556,0,1899.8,
72.9,977.5428571,-81.07,4013.722222,1730.455556,0,1903.8,
72.9,977.5428571,-81.07,4013.722222,1730.455556,0,1850.1,
72.9,977.5428571,-81.07,4013.722222,1730.455556,0,1867.5,
72.9,977.5428571,-81.07,4013.722222,1730.455556,0,1831.3,
81.88571429,977.5428571,-91.6,4262.9625,1837.9,0,1872.8,
84.8875,1210.5625,-98.13,4262.9625,1837.9,0,1937.1,
84.8875,1210.5625,-99.66,4262.9625,1837.9,0,1960.5,
84.8875,1210.5625,-105.97,4284.214286,1847.085714,0,1995.4,
81.88571429,1304.622222,-110.67,4284.214286,1847.085714,0,2058.6,
81.88571429,1304.622222,-119.95,4262.9625,1837.9,0,2127.8,
72.9,1210.5625,-109.77,4013.722222,1730.455556,0,2167.6,
72.9,1210.5625,-107.93,4013.722222,1730.455556,0,2063.2,
72.9,1210.5625,-110.24,4262.9625,1837.9,0,2085.4,
72.9,1304.622222,-109.18,4262.9625,1837.9,0,2103,
81.88571429,1304.622222,-111.74,4262.9625,1837.9,0,2138.8,
81.88571429,1304.622222,-113.97,4284.214286,1847.085714,0,2184.8,
84.8875,1304.622222,-111.95,4284.214286,1847.085714,0,2240.5,
84.8875,1304.622222,-107.35,4284.214286,1847.085714,0,2180.3,
84.8875,1304.622222,-111.23,4284.214286,1847.085714,0,2180.6,
84.8875,1304.622222,-108.47,4284.214286,1847.085714,0,2185.4,
84.8875,1210.5625,-102.62,4262.9625,1837.9,0,2125.4,
81.88571429,1210.5625,-94.2,4013.722222,1730.455556,0,2040.7,
81.88571429,977.5428571,-87.03,4013.722222,1730.455556,0,1974.1,
72.83333333,961.6571429,-81.13,4036.677778,1740.333333,0,1911.3,
72.83333333,961.6571429,-79.64,4036.677778,1740.333333,0,1915.3,
72.83333333,961.6571429,-79.64,4036.677778,1740.333333,0,1861.2,
72.83333333,961.6571429,-79.64,4036.677778,1740.333333,0,1878.7,
72.83333333,961.6571429,-79.64,4036.677778,1740.333333,0,1847.2,
81.85714286,961.6571429,-90.44,4286.15,1847.9125,0,1884.1,
84.825,1200.25,-97.12,4286.15,1847.9125,0,1948.8,
84.825,1200.25,-98.69,4286.15,1847.9125,0,1972.3,
84.825,1200.25,-105.15,4308.142857,1857.4,0,2007.5,
81.85714286,1296.366667,-109.95,4308.142857,1857.4,0,2071,
81.85714286,1296.366667,-119.33,4286.15,1847.9125,0,2140.7,
72.83333333,1200.25,-109.04,4036.677778,1740.333333,0,2180.7,
72.83333333,1200.25,-107.15,4036.677778,1740.333333,0,2075.7,
72.83333333,1200.25,-109.52,4286.15,1847.9125,0,2098,
72.83333333,1296.366667,-108.44,4286.15,1847.9125,0,2115.7,
81.85714286,1296.366667,-111.05,4286.15,1847.9125,0,2151.7,
81.85714286,1296.366667,-113.33,4308.142857,1857.4,0,2197.9,
84.825,1296.366667,-111.26,4308.142857,1857.4,0,2249.5,
84.825,1296.366667,-106.56,4308.142857,1857.4,0,2193.5,
84.825,1296.366667,-110.53,4308.142857,1857.4,0,2193.8,
84.825,1296.366667,-107.71,4308.142857,1857.4,0,2198.5,
84.825,1200.25,-101.71,4286.15,1847.9125,0,2138.2,
81.85714286,1200.25,-93.1,4036.677778,1740.333333,0,2053,
81.85714286,961.6571429,-85.77,4036.677778,1740.333333,0,1986,
73.62222222,965.3285714,-81.45,4064.055556,1752.155556,0,1926.9,
73.62222222,965.3285714,-79.97,4064.055556,1752.155556,0,1931,
73.62222222,965.3285714,-79.97,4064.055556,1752.155556,0,1876.4,
73.62222222,965.3285714,-79.97,4064.055556,1752.155556,0,1894.1,
73.62222222,965.3285714,-79.97,4064.055556,1752.155556,0,1851.4,
82.61428571,965.3285714,-90.73,4315.775,1860.6875,0,1899.4,
85.675,1203.0875,-97.38,4315.775,1860.6875,0,1964.7,
85.675,1203.0875,-98.94,4315.775,1860.6875,0,1988.4,
85.675,1203.0875,-105.38,4337.7,1870.142857,0,2023.8,
82.61428571,1298.866667,-110.17,4337.7,1870.142857,0,2087.9,
82.61428571,1298.866667,-119.53,4315.775,1860.6875,0,2158.1,
73.62222222,1203.0875,-109.26,4064.055556,1752.155556,0,2198.5,
73.62222222,1203.0875,-107.38,4064.055556,1752.155556,0,2092.6,
73.62222222,1203.0875,-109.73,4315.775,1860.6875,0,2115.1,
73.62222222,1298.866667,-108.66,4315.775,1860.6875,0,2132.9,
82.61428571,1298.866667,-111.26,4315.775,1860.6875,0,2169.2,
82.61428571,1298.866667,-113.53,4337.7,1870.142857,0,2215.9,
85.675,1298.866667,-111.47,4337.7,1870.142857,0,2276.4,
85.675,1298.866667,-106.79,4337.7,1870.142857,0,2211.4,
85.675,1298.866667,-110.74,4337.7,1870.142857,0,2211.7,
85.675,1298.866667,-107.93,4337.7,1870.142857,0,2216.5,
85.675,1203.0875,-101.96,4315.775,1860.6875,0,2155.6,
82.61428571,1203.0875,-93.37,4064.055556,1752.155556,0,2069.8,
82.61428571,965.3285714,-86.07,4064.055556,1752.155556,0,2002.2,
74.8,976.6714286,-82.4,4096.066667,1765.966667,0,1961.1,
74.8,976.6714286,-80.86,4096.066667,1765.966667,0,1965.3,
74.8,976.6714286,-80.86,4096.066667,1765.966667,0,1909.8,
74.8,976.6714286,-80.86,4096.066667,1765.966667,0,1927.7,
74.8,976.6714286,-80.86,4096.066667,1765.966667,0,1858.1,
83.87142857,976.6714286,-91.9,4353.4125,1876.9125,0,1933.2,
87.0125,1220.25,-98.72,4353.4125,1876.9125,0,1999.6,
87.0125,1220.25,-100.32,4353.4125,1876.9125,0,2023.7,
87.0125,1220.25,-106.91,4373.871429,1885.728571,0,2059.8,
83.87142857,1318.166667,-111.81,4373.871429,1885.728571,0,2125,
83.87142857,1318.166667,-121.27,4353.4125,1876.9125,0,2196.5,
74.8,1220.25,-110.88,4096.066667,1765.966667,0,2237.5,
74.8,1220.25,-108.95,4096.066667,1765.966667,0,2129.8,
74.8,1220.25,-111.37,4353.4125,1876.9125,0,2152.7,
74.8,1318.166667,-110.26,4353.4125,1876.9125,0,2170.8,
83.87142857,1318.166667,-112.93,4353.4125,1876.9125,0,2207.8,
83.87142857,1318.166667,-115.26,4373.871429,1885.728571,0,2255.2,
87.0125,1318.166667,-113.15,4373.871429,1885.728571,0,2337.3,
87.0125,1318.166667,-108.35,4373.871429,1885.728571,0,2250.7,
87.0125,1318.166667,-112.4,4373.871429,1885.728571,0,2251,
87.0125,1318.166667,-109.52,4373.871429,1885.728571,0,2255.9,
87.0125,1220.25,-103.4,4353.4125,1876.9125,0,2193.9,
83.87142857,1220.25,-94.61,4096.066667,1765.966667,0,2106.6,
83.87142857,976.6714286,-87.13,4096.066667,1765.966667,0,2037.8,
76.42222222,991.7,-83.7,4093.833333,1764.988889,0,1979.1,
76.42222222,991.7,-82.05,4093.833333,1764.988889,0,1983.3,
76.42222222,991.7,-82.05,4093.833333,1764.988889,0,1927.3,
76.42222222,991.7,-82.05,4093.833333,1764.988889,0,1945.5,
76.42222222,991.7,-82.05,4093.833333,1764.988889,0,1876.9,
85.78571429,991.7,-93.44,4354.525,1877.3875,0,1951,
88.95,1241.875,-100.43,4354.525,1877.3875,0,2018,
88.95,1241.875,-102.06,4354.525,1877.3875,0,2042.3,
88.95,1241.875,-108.82,4373.342857,1885.5,0,2078.7,
85.78571429,1342.233333,-113.85,4373.342857,1885.5,0,2144.5,
85.78571429,1342.233333,-123.52,4354.525,1877.3875,0,2216.7,
76.42222222,1241.875,-112.89,4093.833333,1764.988889,0,2258.1,
76.42222222,1241.875,-110.92,4093.833333,1764.988889,0,2149.4,
76.42222222,1241.875,-113.39,4354.525,1877.3875,0,2172.4,
76.42222222,1342.233333,-112.26,4354.525,1877.3875,0,2190.8,
85.78571429,1342.233333,-114.99,4354.525,1877.3875,0,2228.1,
85.78571429,1342.233333,-117.38,4373.342857,1885.5,0,2276,
88.95,1342.233333,-115.22,4373.342857,1885.5,0,2356.7,
88.95,1342.233333,-110.3,4373.342857,1885.5,0,2271.4,
88.95,1342.233333,-114.45,4373.342857,1885.5,0,2271.7,
88.95,1342.233333,-111.5,4373.342857,1885.5,0,2276.6,
88.95,1241.875,-105.23,4354.525,1877.3875,0,2214.1,
85.78571429,1241.875,-96.21,4093.833333,1764.988889,0,2125.9,
85.78571429,991.7,-88.54,4093.833333,1764.988889,0,2056.5,
-1800,1031.728571,250.2,4262.722222,1809.177778,0,2278.8,
-1800,1031.728571,245.48,4262.722222,1809.177778,0,2283.6,
-1800,1031.728571,245.48,4262.722222,1809.177778,0,2219.1,
-1800,1031.728571,245.48,4262.722222,1809.177778,0,2240,
-1800,1031.728571,245.48,4262.722222,1809.177778,0,2173.2,
-1800,1031.728571,278.92,4532.4875,1923.6875,0,2246.4,
-1800,1288.1375,299.53,4532.4875,1923.6875,0,2323.6,
-1800,1288.1375,304.36,4532.4875,1923.6875,0,2351.6,
-1800,1288.1375,324.28,4553.057143,1932.4,0,2393.5,
-1800,1390.966667,339.1,4553.057143,1932.4,0,2469.3,
-1800,1390.966667,367.34,4532.4875,1923.6875,0,2552.3,
-1800,1288.1375,336.28,4262.722222,1809.177778,0,2600,
-1800,1288.1375,330.46,4262.722222,1809.177778,0,2474.8,
-1800,1288.1375,337.76,4532.4875,1923.6875,0,2501.4,
-1800,1390.966667,334.43,4532.4875,1923.6875,0,2522.5,
-1800,1390.966667,342.48,4532.4875,1923.6875,0,2565.5,
-1800,1390.966667,349.53,4553.057143,1932.4,0,2620.6,
-1800,1390.966667,343.15,4553.057143,1932.4,0,2710.4,
-1800,1390.966667,328.64,4553.057143,1932.4,0,2615.3,
-1800,1390.966667,340.87,4553.057143,1932.4,0,2615.7,
-1800,1390.966667,332.17,4553.057143,1932.4,0,2621.3,
-1800,1288.1375,313.69,4532.4875,1923.6875,0,2549.4,
-1800,1288.1375,287.11,4262.722222,1809.177778,0,2447.9,
-1800,1031.728571,264.5,4262.722222,1809.177778,0,2367.9,
-1800,1037.271429,251.59,4254.733333,1805.788889,0,2254.1,
-1800,1037.271429,246.96,4254.733333,1805.788889,0,2258.9,
-1800,1037.271429,246.96,4254.733333,1805.788889,0,2195.1,
-1800,1037.271429,246.96,4254.733333,1805.788889,0,2215.7,
-1800,1037.271429,246.96,4254.733333,1805.788889,0,2161.9,
-1800,1037.271429,279.98,4523.775,1919.9875,0,2222,
-1800,1290.675,300.35,4523.775,1919.9875,0,2298.4,
-1800,1290.675,305.12,4523.775,1919.9875,0,2326.1,
-1800,1290.675,324.82,4544.371429,1928.714286,0,2367.6,
-1800,1392.4,339.47,4544.371429,1928.714286,0,2442.5,
-1800,1392.4,367.57,4523.775,1919.9875,0,2524.6,
-1800,1290.675,336.68,4254.733333,1805.788889,0,2571.9,
-1800,1290.675,330.93,4254.733333,1805.788889,0,2448,
-1800,1290.675,338.14,4523.775,1919.9875,0,2474.3,
-1800,1392.4,334.84,4523.775,1919.9875,0,2495.2,
-1800,1392.4,342.81,4523.775,1919.9875,0,2537.7,
-1800,1392.4,349.77,4544.371429,1928.714286,0,2592.2,
-1800,1392.4,343.47,4544.371429,1928.714286,0,2671.7,
-1800,1392.4,329.13,4544.371429,1928.714286,0,2587,
-1800,1392.4,341.22,4544.371429,1928.714286,0,2587.3,
-1800,1392.4,332.62,4544.371429,1928.714286,0,2592.9,
-1800,1290.675,314.35,4523.775,1919.9875,0,2521.7,
-1800,1290.675,288.08,4254.733333,1805.788889,0,2421.3,
-1800,1037.271429,265.72,4254.733333,1805.788889,0,2342.2,
-1800,1032.942857,250.49,4271.044444,1812.711111,0,2267.5,
-1800,1032.942857,245.62,4271.044444,1812.711111,0,2272.3,
-1800,1032.942857,245.62,4271.044444,1812.711111,0,2208.1,
-1800,1032.942857,245.62,4271.044444,1812.711111,0,2228.9,
-1800,1032.942857,245.62,4271.044444,1812.711111,0,2174.1,
-1800,1032.942857,279.64,4542.65,1928,0,2235.2,
-1800,1293.3125,300.55,4542.65,1928,0,2312,
-1800,1293.3125,305.45,4542.65,1928,0,2339.9,
-1800,1293.3125,325.67,4562.628571,1936.485714,0,2381.6,
-1800,1397.644444,340.71,4562.628571,1936.485714,0,2457,
-1800,1397.644444,369.23,4542.65,1928,0,2539.7,
-1800,1293.3125,337.85,4271.044444,1812.711111,0,2587.2,
-1800,1293.3125,331.95,4271.044444,1812.711111,0,2462.6,
-1800,1293.3125,339.36,4542.65,1928,0,2489,
-1800,1397.644444,335.97,4542.65,1928,0,2510,
-1800,1397.644444,344.14,4542.65,1928,0,2552.8,
-1800,1397.644444,351.29,4562.628571,1936.485714,0,2607.6,
-1800,1397.644444,344.82,4562.628571,1936.485714,0,2687.6,
-1800,1397.644444,330.1,4562.628571,1936.485714,0,2602.4,
-1800,1397.644444,342.51,4562.628571,1936.485714,0,2602.7,
-1800,1397.644444,333.68,4562.628571,1936.485714,0,2608.3,
-1800,1293.3125,314.93,4542.65,1928,0,2536.7,
-1800,1293.3125,287.95,4271.044444,1812.711111,0,2435.7,
-1800,1032.942857,265,4271.044444,1812.711111,0,2356.2,
-1800,1042.571429,253.17,4339.044444,1841.577778,0,2299.5,
-1800,1042.571429,247.65,4339.044444,1841.577778,0,2304.4,
-1800,1042.571429,247.65,4339.044444,1841.577778,0,2239.3,
-1800,1042.571429,247.65,4339.044444,1841.577778,0,2260.3,
-1800,1042.571429,247.65,4339.044444,1841.577778,0,2191.8,
-1800,1042.571429,282.63,4614.25,1958.375,0,2266.7,
-1800,1307.175,303.77,4614.25,1958.375,0,2344.6,
-1800,1307.175,308.72,4614.25,1958.375,0,2372.9,
-1800,1307.175,329.16,4635.014286,1967.185714,0,2415.2,
-1800,1413.244444,344.36,4635.014286,1967.185714,0,2491.6,
-1800,1413.244444,374.59,4614.25,1958.375,0,2575.5,
-1800,1307.175,341.47,4339.044444,1841.577778,0,2623.6,
-1800,1307.175,335.5,4339.044444,1841.577778,0,2497.3,
-1800,1307.175,342.99,4614.25,1958.375,0,2524.1,
-1800,1413.244444,339.57,4614.25,1958.375,0,2545.4,
-1800,1413.244444,347.83,4614.25,1958.375,0,2588.7,
-1800,1413.244444,355.06,4635.014286,1967.185714,0,2644.4,
-1800,1413.244444,348.52,4635.014286,1967.185714,0,2735.1,
-1800,1413.244444,333.63,4635.014286,1967.185714,0,2639,
-1800,1413.244444,346.18,4635.014286,1967.185714,0,2639.4,
-1800,1413.244444,337.25,4635.014286,1967.185714,0,2645.1,
-1800,1307.175,318.3,4614.25,1958.375,0,2572.5,
-1800,1307.175,291.03,4339.044444,1841.577778,0,2470,
-1800,1042.571429,267.84,4339.044444,1841.577778,0,2389.4,
-1800,1063.957143,258.2,4392.455556,1864.244444,0,2330.4,
-1800,1063.957143,252.87,4392.455556,1864.244444,0,2335.3,
-1800,1063.957143,252.87,4392.455556,1864.244444,0,2269.4,
-1800,1063.957143,252.87,4392.455556,1864.244444,0,2290.7,
-1800,1063.957143,252.87,4392.455556,1864.244444,0,2206.8,
-1800,1063.957143,288.24,4663.975,1979.475,0,2297.2,
-1800,1333.1,309.8,4663.975,1979.475,0,2376.2,
-1800,1333.1,314.85,4663.975,1979.475,0,2404.8,
-1800,1333.1,335.69,4688.371429,1989.842857,0,2447.7,
-1800,1440.688889,351.19,4688.371429,1989.842857,0,2525.1,
-1800,1440.688889,380.74,4663.975,1979.475,0,2610.1,
-1800,1333.1,348.24,4392.455556,1864.244444,0,2658.9,
-1800,1333.1,342.16,4392.455556,1864.244444,0,2530.9,
-1800,1333.1,349.79,4663.975,1979.475,0,2558,
-1800,1440.688889,346.3,4663.975,1979.475,0,2579.6,
-1800,1440.688889,354.73,4663.975,1979.475,0,2623.5,
-1800,1440.688889,362.1,4688.371429,1989.842857,0,2679.9,
-1800,1440.688889,355.43,4688.371429,1989.842857,0,2782.7,
-1800,1440.688889,340.25,4688.371429,1989.842857,0,2674.5,
-1800,1440.688889,353.05,4688.371429,1989.842857,0,2674.9,
-1800,1440.688889,343.94,4688.371429,1989.842857,0,2680.7,
-1800,1333.1,324.61,4663.975,1979.475,0,2607.1,
-1800,1333.1,296.81,4392.455556,1864.244444,0,2503.3,
-1800,1063.957143,273.15,4392.455556,1864.244444,0,2421.5,
-1800,1076.571429,261.13,4398.633333,1866.866667,0,2313,
-1800,1076.571429,256.02,4398.633333,1866.866667,0,2317.9,
-1800,1076.571429,256.02,4398.633333,1866.866667,0,2252.4,
-1800,1076.571429,256.02,4398.633333,1866.866667,0,2273.6,
-1800,1076.571429,256.02,4398.633333,1866.866667,0,2196,
-1800,1076.571429,291.33,4668.85,1981.5625,0,2280.1,
-1800,1346.575,313.01,4668.85,1981.5625,0,2358.4,
-1800,1346.575,318.08,4668.85,1981.5625,0,2386.8,
-1800,1346.575,339.04,4694.085714,1992.257143,0,2429.4,
-1800,1454.355556,354.63,4694.085714,1992.257143,0,2506.3,
-1800,1454.355556,383.5,4668.85,1981.5625,0,2590.6,
-1800,1346.575,351.66,4398.633333,1866.866667,0,2639.1,
-1800,1346.575,345.54,4398.633333,1866.866667,0,2512,
-1800,1346.575,353.22,4668.85,1981.5625,0,2538.9,
-1800,1454.355556,349.71,4668.85,1981.5625,0,2560.4,
-1800,1454.355556,358.18,4668.85,1981.5625,0,2604,
-1800,1454.355556,365.59,4694.085714,1992.257143,0,2660,
-1800,1454.355556,358.89,4694.085714,1992.257143,0,2757.9,
-1800,1454.355556,343.63,4694.085714,1992.257143,0,2654.6,
-1800,1454.355556,356.49,4694.085714,1992.257143,0,2654.9,
-1800,1454.355556,347.34,4694.085714,1992.257143,0,2660.7,
-1800,1346.575,327.91,4668.85,1981.5625,0,2587.6,
-1800,1346.575,299.95,4398.633333,1866.866667,0,2484.6,
-1800,1076.571429,276.16,4398.633333,1866.866667,0,2403.4,
-1800,1070.571429,259.92,4382.866667,1860.188889,0,2284.5,
-1800,1070.571429,254.33,4382.866667,1860.188889,0,2289.3,
-1800,1070.571429,254.33,4382.866667,1860.188889,0,2224.6,
-1800,1070.571429,254.33,4382.866667,1860.188889,0,2245.6,
-1800,1070.571429,254.33,4382.866667,1860.188889,0,2185,
-1800,1070.571429,290.16,4653.5125,1975.05,0,2252,
-1800,1341.9875,311.87,4653.5125,1975.05,0,2329.3,
-1800,1341.9875,316.95,4653.5125,1975.05,0,2357.4,
-1800,1341.9875,337.93,4678,1985.442857,0,2399.5,
-1800,1450.5,353.53,4678,1985.442857,0,2475.4,
-1800,1450.5,383.73,4653.5125,1975.05,0,2558.7,
-1800,1341.9875,350.57,4382.866667,1860.188889,0,2606.5,
-1800,1341.9875,344.44,4382.866667,1860.188889,0,2481,
-1800,1341.9875,352.13,4653.5125,1975.05,0,2507.6,
-1800,1450.5,348.61,4653.5125,1975.05,0,2528.8,
-1800,1450.5,357.09,4653.5125,1975.05,0,2571.9,
-1800,1450.5,364.51,4678,1985.442857,0,2627.1,
-1800,1450.5,357.8,4678,1985.442857,0,2711.6,
-1800,1450.5,342.52,4678,1985.442857,0,2621.8,
-1800,1450.5,355.4,4678,1985.442857,0,2622.2,
-1800,1450.5,346.24,4678,1985.442857,0,2627.9,
-1800,1341.9875,326.78,4653.5125,1975.05,0,2555.7,
-1800,1341.9875,298.79,4382.866667,1860.188889,0,2453.9,
-1800,1070.571429,274.98,4382.866667,1860.188889,0,2373.8,
-1800,1063.728571,258.06,4357.655556,1849.488889,0,2256.1,
-1800,1063.728571,253.3,4357.655556,1849.488889,0,2260.8,
-1800,1063.728571,253.3,4357.655556,1849.488889,0,2197.8,
-1800,1063.728571,253.3,4357.655556,1849.488889,0,2218.2,
-1800,1063.728571,253.3,4357.655556,1849.488889,0,2191.7,
-1800,1063.728571,286.93,4621.575,1961.5,0,2224.4,
-1800,1321.525,307.65,4621.575,1961.5,0,2299.8,
-1800,1321.525,312.5,4621.575,1961.5,0,2327.1,
-1800,1321.525,332.53,4648.285714,1972.828571,0,2368.1,
-1800,1424.855556,347.43,4648.285714,1972.828571,0,2442,
-1800,1424.855556,375.74,4621.575,1961.5,0,2523.1,
-1800,1321.525,344.59,4357.655556,1849.488889,0,2569.7,
-1800,1321.525,338.75,4357.655556,1849.488889,0,2447.5,
-1800,1321.525,346.08,4621.575,1961.5,0,2473.4,
-1800,1424.855556,342.73,4621.575,1961.5,0,2494,
-1800,1424.855556,350.83,4621.575,1961.5,0,2536,
-1800,1424.855556,357.91,4648.285714,1972.828571,0,2589.8,
-1800,1424.855556,351.5,4648.285714,1972.828571,0,2647.4,
-1800,1424.855556,336.91,4648.285714,1972.828571,0,2584.6,
-1800,1424.855556,349.21,4648.285714,1972.828571,0,2585,
-1800,1424.855556,340.46,4648.285714,1972.828571,0,2590.5,
-1800,1321.525,321.89,4621.575,1961.5,0,2520.3,
-1800,1321.525,295.17,4357.655556,1849.488889,0,2421.1,
-1800,1063.728571,272.43,4357.655556,1849.488889,0,2343.1,
-1800,1048.6,254.42,4293.088889,1822.055556,0,2243.8,
-1800,1048.6,249.96,4293.088889,1822.055556,0,2248.1,
-1800,1048.6,249.96,4293.088889,1822.055556,0,2190.7,
-1800,1048.6,249.96,4293.088889,1822.055556,0,2209.3,
-1800,1048.6,249.96,4293.088889,1822.055556,0,2188.4,
-1800,1048.6,282.13,4550.075,1931.1375,0,2215,
-1800,1295.8125,302.02,4550.075,1931.1375,0,2283.7,
-1800,1295.8125,306.68,4550.075,1931.1375,0,2308.6,
-1800,1295.8125,325.9,4577.214286,1942.671429,0,2345.9,
-1800,1395.322222,340.21,4577.214286,1942.671429,0,2413.3,
-1800,1395.322222,368.02,4550.075,1931.1375,0,2487.2,
-1800,1295.8125,337.49,4293.088889,1822.055556,0,2529.6,
-1800,1295.8125,331.87,4293.088889,1822.055556,0,2418.2,
-1800,1295.8125,338.92,4550.075,1931.1375,0,2441.9,
-1800,1395.322222,335.7,4550.075,1931.1375,0,2460.7,
-1800,1395.322222,343.47,4550.075,1931.1375,0,2498.9,
-1800,1395.322222,350.27,4577.214286,1942.671429,0,2548,
-1800,1395.322222,344.12,4577.214286,1942.671429,0,2605.5,
-1800,1395.322222,330.11,4577.214286,1942.671429,0,2543.2,
-1800,1395.322222,341.92,4577.214286,1942.671429,0,2543.6,
-1800,1395.322222,333.52,4577.214286,1942.671429,0,2548.6,
-1800,1295.8125,315.69,4550.075,1931.1375,0,2484.6,
-1800,1295.8125,290.04,4293.088889,1822.055556,0,2394.2,
-1800,1048.6,268.21,4293.088889,1822.055556,0,2323.1,
-1800,1029.9,249.75,4234.088889,1797.044444,0,2214.2,
-1800,1029.9,245.04,4234.088889,1797.044444,0,2218.3,
-1800,1029.9,245.04,4234.088889,1797.044444,0,2163.6,
-1800,1029.9,245.04,4234.088889,1797.044444,0,2181.3,
-1800,1029.9,245.04,4234.088889,1797.044444,0,2163.1,
-1800,1029.9,278.44,4495.8,1908.0875,0,2186.7,
-1800,1285.975,299.03,4495.8,1908.0875,0,2252.2,
-1800,1285.975,303.84,4495.8,1908.0875,0,2275.9,
-1800,1285.975,323.75,4519.071429,1917.985714,0,2311.5,
-1800,1388.733333,338.55,4519.071429,1917.985714,0,2375.8,
-1800,1388.733333,366.78,4495.8,1908.0875,0,2446.3,
-1800,1285.975,335.74,4234.088889,1797.044444,0,2486.8,
-1800,1285.975,329.92,4234.088889,1797.044444,0,2380.5,
-1800,1285.975,337.22,4495.8,1908.0875,0,2403.1,
-1800,1388.733333,333.88,4495.8,1908.0875,0,2421,
-1800,1388.733333,341.93,4495.8,1908.0875,0,2457.4,
-1800,1388.733333,348.96,4519.071429,1917.985714,0,2504.2,
-1800,1388.733333,342.6,4519.071429,1917.985714,0,2561.7,
-1800,1388.733333,328.1,4519.071429,1917.985714,0,2499.7,
-1800,1388.733333,340.32,4519.071429,1917.985714,0,2500,
-1800,1388.733333,331.63,4519.071429,1917.985714,0,2504.8,
-1800,1285.975,313.17,4495.8,1908.0875,0,2443.8,
-1800,1285.975,286.62,4234.088889,1797.044444,0,2357.6,
-1800,1029.9,264.03,4234.088889,1797.044444,0,2289.8,
-1800,1039.228571,252.02,4248.966667,1803.344444,0,2215.7,
-1800,1039.228571,247.22,4248.966667,1803.344444,0,2220.1,
-1800,1039.228571,247.22,4248.966667,1803.344444,0,2161.4,
-1800,1039.228571,247.22,4248.966667,1803.344444,0,2180.4,
-1800,1039.228571,247.22,4248.966667,1803.344444,0,2158.3,
-1800,1039.228571,281.05,4511.65,1914.8375,0,2186.2,
-1800,1298.45,301.88,4511.65,1914.8375,0,2256.4,
-1800,1298.45,306.76,4511.65,1914.8375,0,2281.8,
-1800,1298.45,326.9,4535.014286,1924.757143,0,2319.9,
-1800,1402.322222,341.88,4535.014286,1924.757143,0,2388.8,
-1800,1402.322222,370.25,4511.65,1914.8375,0,2464.3,
-1800,1298.45,339.03,4248.966667,1803.344444,0,2507.6,
-1800,1298.45,333.15,4248.966667,1803.344444,0,2393.8,
-1800,1298.45,340.53,4511.65,1914.8375,0,2418,
-1800,1402.322222,337.15,4511.65,1914.8375,0,2437.2,
-1800,1402.322222,345.3,4511.65,1914.8375,0,2476.2,
-1800,1402.322222,352.42,4535.014286,1924.757143,0,2526.3,
-1800,1402.322222,345.97,4535.014286,1924.757143,0,2583.9,
-1800,1402.322222,331.31,4535.014286,1924.757143,0,2521.5,
-1800,1402.322222,343.67,4535.014286,1924.757143,0,2521.8,
-1800,1402.322222,334.88,4535.014286,1924.757143,0,2527,
-1800,1298.45,316.2,4511.65,1914.8375,0,2461.6,
-1800,1298.45,289.33,4248.966667,1803.344444,0,2369.3,
-1800,1039.228571,266.47,4248.966667,1803.344444,0,2296.7,
-1800,1058.9,256.89,4254.988889,1805.888889,0,2217.8,
-1800,1058.9,252.18,4254.988889,1805.888889,0,2222,
-1800,1058.9,252.18,4254.988889,1805.888889,0,2165.5,
-1800,1058.9,252.18,4254.988889,1805.888889,0,2183.8,
-1800,1058.9,252.18,4254.988889,1805.888889,0,2163.8,
-1800,1058.9,285.58,4516.4125,1916.85,0,2189.4,
-1800,1315.075,306.17,4516.4125,1916.85,0,2257,
-1800,1315.075,310.99,4516.4125,1916.85,0,2281.6,
-1800,1315.075,330.9,4540.6,1927.128571,0,2318.3,
-1800,1417.833333,345.71,4540.6,1927.128571,0,2384.7,
-1800,1417.833333,373.94,4516.4125,1916.85,0,2457.5,
-1800,1315.075,342.89,4254.988889,1805.888889,0,2499.3,
-1800,1315.075,337.08,4254.988889,1805.888889,0,2389.6,
-1800,1315.075,344.37,4516.4125,1916.85,0,2412.9,
-1800,1417.833333,341.03,4516.4125,1916.85,0,2431.4,
-1800,1417.833333,349.08,4516.4125,1916.85,0,2469.1,
-1800,1417.833333,356.12,4540.6,1927.128571,0,2517.4,
-1800,1417.833333,349.75,4540.6,1927.128571,0,2574.9,
-1800,1417.833333,335.26,4540.6,1927.128571,0,2512.7,
-1800,1417.833333,347.48,4540.6,1927.128571,0,2513.1,
-1800,1417.833333,338.78,4540.6,1927.128571,0,2518,
-1800,1315.075,320.32,4516.4125,1916.85,0,2455,
-1800,1315.075,293.77,4254.988889,1805.888889,0,2366,
-1800,1058.9,271.17,4254.988889,1805.888889,0,2295.9,
-1800,1058.557143,256.78,4260.366667,1808.166667,0,2197.6,
-1800,1058.557143,251.96,4260.366667,1808.166667,0,2201.9,
-1800,1058.557143,251.96,4260.366667,1808.166667,0,2144.6,
-1800,1058.557143,251.96,4260.366667,1808.166667,0,2163.1,
-1800,1058.557143,251.96,4260.366667,1808.166667,0,2142.3,
-1800,1058.557143,285.89,4524.075,1920.1125,0,2168.8,
-1800,1318.5625,306.78,4524.075,1920.1125,0,2237.4,
-1800,1318.5625,311.67,4524.075,1920.1125,0,2262.3,
-1800,1318.5625,331.86,4547.371429,1929.985714,0,2299.5,
-1800,1422.711111,346.89,4547.371429,1929.985714,0,2366.9,
-1800,1422.711111,375.3,4524.075,1920.1125,0,2440.7,
-1800,1318.5625,344.03,4260.366667,1808.166667,0,2483.1,
-1800,1318.5625,338.13,4260.366667,1808.166667,0,2371.8,
-1800,1318.5625,345.53,4524.075,1920.1125,0,2395.4,
-1800,1422.711111,342.15,4524.075,1920.1125,0,2414.2,
-1800,1422.711111,350.31,4524.075,1920.1125,0,2452.4,
-1800,1422.711111,357.45,4547.371429,1929.985714,0,2501.4,
-1800,1422.711111,350.99,4547.371429,1929.985714,0,2558.9,
-1800,1422.711111,336.29,4547.371429,1929.985714,0,2496.7,
-1800,1422.711111,348.68,4547.371429,1929.985714,0,2497,
-1800,1422.711111,339.86,4547.371429,1929.985714,0,2502,
-1800,1318.5625,321.13,4524.075,1920.1125,0,2438.1,
-1800,1318.5625,294.19,4260.366667,1808.166667,0,2347.8,
-1800,1058.557143,271.27,4260.366667,1808.166667,0,2276.8,
-1800,1055.928571,256.16,4289.744444,1820.655556,0,2168,
-1800,1055.928571,251.49,4289.744444,1820.655556,0,2172.5,
-1800,1055.928571,251.49,4289.744444,1820.655556,0,2112.5,
-1800,1055.928571,251.49,4289.744444,1820.655556,0,2132,
-1800,1055.928571,251.49,4289.744444,1820.655556,0,2108.5,
-1800,1055.928571,284.68,4550.525,1931.3375,0,2137.9,
-1800,1310.4625,305.14,4550.525,1931.3375,0,2209.6,
-1800,1310.4625,309.93,4550.525,1931.3375,0,2235.7,
-1800,1310.4625,329.72,4576.228571,1942.271429,0,2274.7,
-1800,1412.644444,344.44,4576.228571,1942.271429,0,2345.1,
-1800,1412.644444,372.59,4550.525,1931.3375,0,2422.3,
-1800,1310.4625,341.64,4289.744444,1820.655556,0,2466.7,
-1800,1310.4625,335.86,4289.744444,1820.655556,0,2350.3,
-1800,1310.4625,343.11,4550.525,1931.3375,0,2375,
-1800,1412.644444,339.79,4550.525,1931.3375,0,2394.6,
-1800,1412.644444,347.79,4550.525,1931.3375,0,2434.5,
-1800,1412.644444,354.79,4576.228571,1942.271429,0,2485.8,
-1800,1412.644444,348.46,4576.228571,1942.271429,0,2543.3,
-1800,1412.644444,334.05,4576.228571,1942.271429,0,2480.9,
-1800,1412.644444,346.2,4576.228571,1942.271429,0,2481.2,
-1800,1412.644444,337.56,4576.228571,1942.271429,0,2486.5,
-1800,1310.4625,319.21,4550.525,1931.3375,0,2419.6,
-1800,1310.4625,292.81,4289.744444,1820.655556,0,2325.2,
-1800,1055.928571,270.35,4289.744444,1820.655556,0,2250.9,
-1800,1052.071429,255.37,4273.011111,1813.555556,0,2173.9,
-1800,1052.071429,251.29,4273.011111,1813.555556,0,2178.4,
-1800,1052.071429,251.29,4273.011111,1813.555556,0,2118.9,
-1800,1052.071429,251.29,4273.011111,1813.555556,0,2138.1,
-1800,1052.071429,251.29,4273.011111,1813.555556,0,2115.1,
-1800,1052.071429,281.63,4519.0875,1917.9875,0,2144,
-1800,1285.975,300.47,4519.0875,1917.9875,0,2215.2,
-1800,1285.975,304.88,4519.0875,1917.9875,0,2241,
-1800,1285.975,323.1,4544.714286,1928.871429,0,2279.7,
-1800,1380.6,336.65,4544.714286,1928.871429,0,2349.5,
-1800,1380.6,363.85,4519.0875,1917.9875,0,2426.1,
-1800,1285.975,334.07,4273.011111,1813.555556,0,2470.1,
-1800,1285.975,328.75,4273.011111,1813.555556,0,2354.7,
-1800,1285.975,335.43,4519.0875,1917.9875,0,2379.2,
-1800,1380.6,332.38,4519.0875,1917.9875,0,2398.7,
-1800,1380.6,339.74,4519.0875,1917.9875,0,2438.3,
-1800,1380.6,346.18,4544.714286,1928.871429,0,2489.1,
-1800,1380.6,340.35,4544.714286,1928.871429,0,2546.7,
-1800,1380.6,327.09,4544.714286,1928.871429,0,2484.2,
-1800,1380.6,338.27,4544.714286,1928.871429,0,2484.6,
-1800,1380.6,330.32,4544.714286,1928.871429,0,2489.8,
-1800,1285.975,313.42,4519.0875,1917.9875,0,2423.4,
-1800,1285.975,289.12,4273.011111,1813.555556,0,2329.8,
-1800,1052.071429,268.44,4273.011111,1813.555556,0,2256.1,
-1800,1035.114286,251.24,4186.444444,1776.822222,0,2182.9,
-1800,1035.114286,247.36,4186.444444,1776.822222,0,2187.5,
-1800,1035.114286,247.36,4186.444444,1776.822222,0,2126.8,
-1800,1035.114286,247.36,4186.444444,1776.822222,0,2146.4,
-1800,1035.114286,247.36,4186.444444,1776.822222,0,2122.2,
-1800,1035.114286,276.72,4432.075,1881.0625,0,2152.4,
-1800,1261.9,295.01,4432.075,1881.0625,0,2225,
-1800,1261.9,299.29,4432.075,1881.0625,0,2251.4,
-1800,1261.9,316.98,4457.6,1891.9,0,2290.9,
-1800,1353.966667,330.13,4457.6,1891.9,0,2362.1,
-1800,1353.966667,356.99,4432.075,1881.0625,0,2440.3,
-1800,1261.9,327.63,4186.444444,1776.822222,0,2485.2,
-1800,1261.9,322.46,4186.444444,1776.822222,0,2367.4,
-1800,1261.9,328.94,4432.075,1881.0625,0,2392.4,
-1800,1353.966667,325.98,4432.075,1881.0625,0,2412.3,
-1800,1353.966667,333.13,4432.075,1881.0625,0,2452.7,
-1800,1353.966667,339.38,4457.6,1891.9,0,2504.6,
-1800,1353.966667,333.72,4457.6,1891.9,0,2562.2,
-1800,1353.966667,320.85,4457.6,1891.9,0,2499.6,
-1800,1353.966667,331.7,4457.6,1891.9,0,2499.9,
-1800,1353.966667,323.98,4457.6,1891.9,0,2505.3,
-1800,1261.9,307.58,4432.075,1881.0625,0,2437.6,
-1800,1261.9,283.99,4186.444444,1776.822222,0,2342,
-1800,1035.114286,263.92,4186.444444,1776.822222,0,2266.8,
-1800,1011.171429,245.34,4117.466667,1747.533333,0,2191.1,
-1800,1011.171429,241.38,4117.466667,1747.533333,0,2195.7,
-1800,1011.171429,241.38,4117.466667,1747.533333,0,2133.7,
-1800,1011.171429,241.38,4117.466667,1747.533333,0,2153.8,
-1800,1011.171429,241.38,4117.466667,1747.533333,0,2118.7,
-1800,1011.171429,271.15,4373.5875,1856.25,0,2159.9,
-1800,1240.9,289.66,4373.5875,1856.25,0,2234.1,
-1800,1240.9,294,4373.5875,1856.25,0,2261,
-1800,1240.9,311.9,4395.285714,1865.442857,0,2301.4,
-1800,1334.033333,325.22,4395.285714,1865.442857,0,2374.2,
-1800,1334.033333,352.22,4373.5875,1856.25,0,2454.1,
-1800,1240.9,322.69,4117.466667,1747.533333,0,2500,
-1800,1240.9,317.46,4117.466667,1747.533333,0,2379.6,
-1800,1240.9,324.02,4373.5875,1856.25,0,2405.1,
-1800,1334.033333,321.02,4373.5875,1856.25,0,2425.4,
-1800,1334.033333,328.26,4373.5875,1856.25,0,2466.7,
-1800,1334.033333,334.59,4395.285714,1865.442857,0,2519.8,
-1800,1334.033333,328.86,4395.285714,1865.442857,0,2585.2,
-1800,1334.033333,315.82,4395.285714,1865.442857,0,2514.7,
-1800,1334.033333,326.81,4395.285714,1865.442857,0,2515,
-1800,1334.033333,318.99,4395.285714,1865.442857,0,2520.5,
-1800,1240.9,302.39,4373.5875,1856.25,0,2451.3,
-1800,1240.9,278.51,4117.466667,1747.533333,0,2353.6,
-1800,1011.171429,258.19,4117.466667,1747.533333,0,2276.8,
-1800,1008.585714,244.59,4117.411111,1747.522222,0,2224.2,
-1800,1008.585714,239.82,4117.411111,1747.522222,0,2228.9,
-1800,1008.585714,239.82,4117.411111,1747.522222,0,2166,
-1800,1008.585714,239.82,4117.411111,1747.522222,0,2186.4,
-1800,1008.585714,239.82,4117.411111,1747.522222,0,2133.2,
-1800,1008.585714,273.05,4381.5,1859.6125,0,2192.6,
-1800,1262.8875,293.48,4381.5,1859.6125,0,2267.9,
-1800,1262.8875,298.26,4381.5,1859.6125,0,2295.2,
-1800,1262.8875,318.01,4399.485714,1867.214286,0,2336.2,
-1800,1365.033333,332.7,4399.485714,1867.214286,0,2410.1,
-1800,1365.033333,361.14,4381.5,1859.6125,0,2491.2,
-1800,1262.8875,329.91,4117.411111,1747.522222,0,2537.8,
-1800,1262.8875,324.14,4117.411111,1747.522222,0,2415.6,
-1800,1262.8875,331.37,4381.5,1859.6125,0,2441.5,
-1800,1365.033333,328.07,4381.5,1859.6125,0,2462.1,
-1800,1365.033333,336.05,4381.5,1859.6125,0,2504,
-1800,1365.033333,343.03,4399.485714,1867.214286,0,2557.9,
-1800,1365.033333,336.71,4399.485714,1867.214286,0,2637.5,
-1800,1365.033333,322.33,4399.485714,1867.214286,0,2552.7,
-1800,1365.033333,334.46,4399.485714,1867.214286,0,2553,
-1800,1365.033333,325.83,4399.485714,1867.214286,0,2558.6,
-1800,1262.8875,307.52,4381.5,1859.6125,0,2488.3,
-1800,1262.8875,281.17,4117.411111,1747.522222,0,2389.2,
-1800,1008.585714,258.76,4117.411111,1747.522222,0,2311.2,
-1800,1033.828571,250.69,4225.811111,1793.511111,0,2259.4,
-1800,1033.828571,245.84,4225.811111,1793.511111,0,2264.2,
-1800,1033.828571,245.84,4225.811111,1793.511111,0,2200.2,
-1800,1033.828571,245.84,4225.811111,1793.511111,0,2220.9,
-1800,1033.828571,245.84,4225.811111,1793.511111,0,2165.4,
-1800,1033.828571,279.86,4497.6,1908.875,0,2227.2,
-1800,1294.3625,300.8,4497.6,1908.875,0,2303.8,
-1800,1294.3625,305.7,4497.6,1908.875,0,2331.5,
-1800,1294.3625,325.93,4515.871429,1916.628571,0,2373.1,
-1800,1398.733333,340.99,4515.871429,1916.628571,0,2448.2,
-1800,1398.733333,369.45,4497.6,1908.875,0,2530.6,
-1800,1294.3625,338.13,4225.811111,1793.511111,0,2577.9,
-1800,1294.3625,332.22,4225.811111,1793.511111,0,2453.8,
-1800,1294.3625,339.63,4497.6,1908.875,0,2480.1,
-1800,1398.733333,336.24,4497.6,1908.875,0,2501,
-1800,1398.733333,344.42,4497.6,1908.875,0,2543.6,
-1800,1398.733333,351.58,4515.871429,1916.628571,0,2598.3,
-1800,1398.733333,345.1,4515.871429,1916.628571,0,2679.2,
-1800,1398.733333,330.37,4515.871429,1916.628571,0,2593.1,
-1800,1398.733333,342.79,4515.871429,1916.628571,0,2593.4,
-1800,1398.733333,333.95,4515.871429,1916.628571,0,2599,
-1800,1294.3625,315.18,4497.6,1908.875,0,2527.7,
-1800,1294.3625,288.18,4225.811111,1793.511111,0,2427,
-1800,1033.828571,265.21,4225.811111,1793.511111,0,2347.7,
-1800,1069.271429,259.46,4341.244444,1842.522222,0,2305.9,
-1800,1069.271429,254.87,4341.244444,1842.522222,0,2310.8,
-1800,1069.271429,254.87,4341.244444,1842.522222,0,2245.5,
-1800,1069.271429,254.87,4341.244444,1842.522222,0,2266.7,
-1800,1069.271429,254.87,4341.244444,1842.522222,0,2199,
-1800,1069.271429,287.69,4618.0375,1960,0,2273.1,
-1800,1321.1625,307.95,4618.0375,1960,0,2351.2,
-1800,1321.1625,312.69,4618.0375,1960,0,2379.5,
-1800,1321.1625,332.27,4638.142857,1968.528571,0,2422,
-1800,1422.388889,346.84,4638.142857,1968.528571,0,2498.6,
-1800,1422.388889,374.87,4618.0375,1960,0,2582.7,
-1800,1321.1625,344.07,4341.244444,1842.522222,0,2631,
-1800,1321.1625,338.35,4341.244444,1842.522222,0,2504.3,
-1800,1321.1625,345.53,4618.0375,1960,0,2531.2,
-1800,1422.388889,342.24,4618.0375,1960,0,2552.5,
-1800,1422.388889,350.16,4618.0375,1960,0,2596,
-1800,1422.388889,357.09,4638.142857,1968.528571,0,2651.8,
-1800,1422.388889,350.82,4638.142857,1968.528571,0,2741.7,
-1800,1422.388889,336.56,4638.142857,1968.528571,0,2646.4,
-1800,1422.388889,348.58,4638.142857,1968.528571,0,2646.8,
-1800,1422.388889,340.03,4638.142857,1968.528571,0,2652.5,
-1800,1321.1625,321.87,4618.0375,1960,0,2579.7,
-1800,1321.1625,295.74,4341.244444,1842.522222,0,2477,
-1800,1069.271429,273.51,4341.244444,1842.522222,0,2396.1,
-1800,1078.542857,261.73,4365.411111,1852.777778,0,2338.1,
-1800,1078.542857,257.04,4365.411111,1852.777778,0,2343.1,
-1800,1078.542857,257.04,4365.411111,1852.777778,0,2276.9,
-1800,1078.542857,257.04,4365.411111,1852.777778,0,2298.4,
-1800,1078.542857,257.04,4365.411111,1852.777778,0,2227.7,
-1800,1078.542857,290.3,4647.125,1972.3375,0,2304.9,
-1800,1333.625,310.8,4647.125,1972.3375,0,2384.1,
-1800,1333.625,315.6,4647.125,1972.3375,0,2412.8,
-1800,1333.625,335.43,4665.785714,1980.257143,0,2455.8,
-1800,1435.966667,350.17,4665.785714,1980.257143,0,2533.6,
-1800,1435.966667,378.35,4647.125,1972.3375,0,2618.8,
-1800,1333.625,347.37,4365.411111,1852.777778,0,2667.7,
-1800,1333.625,341.58,4365.411111,1852.777778,0,2539.3,
-1800,1333.625,348.84,4647.125,1972.3375,0,2566.5,
-1800,1435.966667,345.52,4647.125,1972.3375,0,2588.2,
-1800,1435.966667,353.54,4647.125,1972.3375,0,2632.3,
-1800,1435.966667,360.55,4665.785714,1980.257143,0,2688.9,
-1800,1435.966667,354.2,4665.785714,1980.257143,0,2780.5,
-1800,1435.966667,339.77,4665.785714,1980.257143,0,2683.4,
-1800,1435.966667,351.94,4665.785714,1980.257143,0,2683.8,
-1800,1435.966667,343.28,4665.785714,1980.257143,0,2689.6,
-1800,1333.625,324.9,4647.125,1972.3375,0,2615.8,
-1800,1333.625,298.45,4365.411111,1852.777778,0,2511.6,
-1800,1078.542857,275.95,4365.411111,1852.777778,0,2429.6,
-1800,1075.757143,260.97,4388.4,1862.522222,0,2376.5,
-1800,1075.757143,256.05,4388.4,1862.522222,0,2381.6,
-1800,1075.757143,256.05,4388.4,1862.522222,0,2314.3,
-1800,1075.757143,256.05,4388.4,1862.522222,0,2336.1,
-1800,1075.757143,256.05,4388.4,1862.522222,0,2270.2,
-1800,1075.757143,290.48,4671.5375,1982.7,0,2342.7,
-1800,1339.3375,311.65,4671.5375,1982.7,0,2423.2,
-1800,1339.3375,316.61,4671.5375,1982.7,0,2452.4,
-1800,1339.3375,337.08,4690.385714,1990.685714,0,2496.1,
-1800,1444.8,352.31,4690.385714,1990.685714,0,2575.1,
-1800,1444.8,380.88,4671.5375,1982.7,0,2661.7,
-1800,1339.3375,349.41,4388.4,1862.522222,0,2711.5,
-1800,1339.3375,343.43,4388.4,1862.522222,0,2581,
-1800,1339.3375,350.93,4671.5375,1982.7,0,2608.7,
-1800,1444.8,347.5,4671.5375,1982.7,0,2630.7,
-1800,1444.8,355.78,4671.5375,1982.7,0,2675.5,
-1800,1444.8,363.02,4690.385714,1990.685714,0,2733,
-1800,1444.8,356.47,4690.385714,1990.685714,0,2819.7,
-1800,1444.8,341.56,4690.385714,1990.685714,0,2727.5,
-1800,1444.8,354.13,4690.385714,1990.685714,0,2727.8,
-1800,1444.8,345.19,4690.385714,1990.685714,0,2733.7,
-1800,1339.3375,326.2,4671.5375,1982.7,0,2658.7,
-1800,1339.3375,298.9,4388.4,1862.522222,0,2552.8,
-1800,1075.757143,275.66,4388.4,1862.522222,0,2469.4,
-1800,1079.542857,261.91,4409.088889,1871.3,0,2414.5,
-1800,1079.542857,257,4409.088889,1871.3,0,2419.6,
-1800,1079.542857,257,4409.088889,1871.3,0,2351.2,
-1800,1079.542857,257,4409.088889,1871.3,0,2373.4,
-1800,1079.542857,257,4409.088889,1871.3,0,2319,
-1800,1079.542857,291.4,4692.325,1991.525,0,2380.1,
-1800,1342.975,312.55,4692.325,1991.525,0,2461.9,
-1800,1342.975,317.5,4692.325,1991.525,0,2491.5,
-1800,1342.975,337.96,4711.842857,1999.785714,0,2536,
-1800,1448.311111,353.17,4711.842857,1999.785714,0,2616.2,
-1800,1448.311111,381.74,4692.325,1991.525,0,2704.2,
-1800,1342.975,350.28,4409.088889,1871.3,0,2754.8,
-1800,1342.975,344.31,4409.088889,1871.3,0,2622.2,
-1800,1342.975,351.8,4692.325,1991.525,0,2650.3,
-1800,1448.311111,348.37,4692.325,1991.525,0,2672.7,
-1800,1448.311111,356.64,4692.325,1991.525,0,2718.2,
-1800,1448.311111,363.87,4711.842857,1999.785714,0,2776.6,
-1800,1448.311111,357.33,4711.842857,1999.785714,0,2852.9,
-1800,1448.311111,342.44,4711.842857,1999.785714,0,2771,
-1800,1448.311111,354.99,4711.842857,1999.785714,0,2771.4,
-1800,1448.311111,346.06,4711.842857,1999.785714,0,2777.4,
-1800,1342.975,327.09,4692.325,1991.525,0,2701.1,
-1800,1342.975,299.81,4409.088889,1871.3,0,2593.6,
-1800,1079.542857,276.59,4409.088889,1871.3,0,2508.9,
-1800,1079.528571,261.88,4407.355556,1870.588889,0,2422.4,
-1800,1079.528571,256.82,4407.355556,1870.588889,0,2427.5,
-1800,1079.528571,256.82,4407.355556,1870.588889,0,2358.9,
-1800,1079.528571,256.82,4407.355556,1870.588889,0,2381.2,
-1800,1079.528571,256.82,4407.355556,1870.588889,0,2333.9,
-1800,1079.528571,291.87,4688.2375,1989.7875,0,2387.9,
-1800,1347.5875,313.39,4688.2375,1989.7875,0,2470,
-1800,1347.5875,318.43,4688.2375,1989.7875,0,2499.7,
-1800,1347.5875,339.24,4708.814286,1998.5,0,2544.3,
-1800,1454.677778,354.72,4708.814286,1998.5,0,2624.8,
-1800,1454.677778,383.5,4688.2375,1989.7875,0,2713.1,
-1800,1347.5875,351.77,4407.355556,1870.588889,0,2763.8,
-1800,1347.5875,345.7,4407.355556,1870.588889,0,2630.7,
-1800,1347.5875,353.32,4688.2375,1989.7875,0,2659,
-1800,1454.677778,349.83,4688.2375,1989.7875,0,2681.4,
-1800,1454.677778,358.24,4688.2375,1989.7875,0,2727.1,
-1800,1454.677778,365.6,4708.814286,1998.5,0,2785.7,
-1800,1454.677778,358.94,4708.814286,1998.5,0,2855.9,
-1800,1454.677778,343.79,4708.814286,1998.5,0,2780.1,
-1800,1454.677778,356.57,4708.814286,1998.5,0,2780.4,
-1800,1454.677778,347.48,4708.814286,1998.5,0,2786.5,
-1800,1347.5875,328.18,4688.2375,1989.7875,0,2710,
-1800,1347.5875,300.42,4407.355556,1870.588889,0,2602.1,
-1800,1079.528571,276.81,4407.355556,1870.588889,0,2517.1,
-1800,1083.742857,262.9,4418.311111,1875.2,0,2428.1,
-1800,1083.742857,257.78,4418.311111,1875.2,0,2433.3,
-1800,1083.742857,257.78,4418.311111,1875.2,0,2364.6,
-1800,1083.742857,257.78,4418.311111,1875.2,0,2386.8,
-1800,1083.742857,257.78,4418.311111,1875.2,0,2334.9,
-1800,1083.742857,293.13,4698.15,1993.975,0,2393.6,
-1800,1354.0125,314.82,4698.15,1993.975,0,2475.8,
-1800,1354.0125,319.9,4698.15,1993.975,0,2505.6,
-1800,1354.0125,340.88,4719.6,2003.1,0,2550.3,
-1800,1461.888889,356.48,4719.6,2003.1,0,2631,
-1800,1461.888889,385.37,4698.15,1993.975,0,2719.5,
-1800,1354.0125,353.51,4418.311111,1875.2,0,2770.4,
-1800,1354.0125,347.39,4418.311111,1875.2,0,2637,
-1800,1354.0125,355.07,4698.15,1993.975,0,2665.3,
-1800,1461.888889,351.56,4698.15,1993.975,0,2687.8,
-1800,1461.888889,360.04,4698.15,1993.975,0,2733.6,
-1800,1461.888889,367.45,4719.6,2003.1,0,2792.3,
-1800,1461.888889,360.74,4719.6,2003.1,0,2866.2,
-1800,1461.888889,345.47,4719.6,2003.1,0,2786.7,
-1800,1461.888889,358.35,4719.6,2003.1,0,2787.1,
-1800,1461.888889,349.18,4719.6,2003.1,0,2793.1,
-1800,1354.0125,329.73,4698.15,1993.975,0,2716.4,
-1800,1354.0125,301.75,4418.311111,1875.2,0,2608.2,
-1800,1083.742857,277.95,4418.311111,1875.2,0,2523.1,
-1800,1082.371429,262.61,4443.1,1885.744444,0,2443.7,
-1800,1082.371429,257.73,4443.1,1885.744444,0,2448.9,
-1800,1082.371429,257.73,4443.1,1885.744444,0,2379.7,
-1800,1082.371429,257.73,4443.1,1885.744444,0,2402.1,
-1800,1082.371429,257.73,4443.1,1885.744444,0,2325,
-1800,1082.371429,291.97,4725.8125,2005.725,0,2408.9,
-1800,1344.6125,313.04,4725.8125,2005.725,0,2491.7,
-1800,1344.6125,317.97,4725.8125,2005.725,0,2521.7,
-1800,1344.6125,338.33,4746.8,2014.657143,0,2566.7,
-1800,1449.566667,353.48,4746.8,2014.657143,0,2647.9,
-1800,1449.566667,382,4725.8125,2005.725,0,2737,
-1800,1344.6125,350.6,4443.1,1885.744444,0,2788.2,
-1800,1344.6125,344.66,4443.1,1885.744444,0,2653.9,
-1800,1344.6125,352.12,4725.8125,2005.725,0,2682.4,
-1800,1449.566667,348.7,4725.8125,2005.725,0,2705,
-1800,1449.566667,356.94,4725.8125,2005.725,0,2751.1,
-1800,1449.566667,364.14,4746.8,2014.657143,0,2810.2,
-1800,1449.566667,357.62,4746.8,2014.657143,0,2904.7,
-1800,1449.566667,342.79,4746.8,2014.657143,0,2804.6,
-1800,1449.566667,355.3,4746.8,2014.657143,0,2804.9,
-1800,1449.566667,346.4,4746.8,2014.657143,0,2811,
-1800,1344.6125,327.51,4725.8125,2005.725,0,2733.9,
-1800,1344.6125,300.34,4443.1,1885.744444,0,2625,
-1800,1082.371429,277.22,4443.1,1885.744444,0,2539.3,
-1800,1071.6,259.97,4461.555556,1893.577778,0,2454.2,
-1800,1071.6,255.13,4461.555556,1893.577778,0,2459.4,
-1800,1071.6,255.13,4461.555556,1893.577778,0,2389.9,
-1800,1071.6,255.13,4461.555556,1893.577778,0,2412.4,
-1800,1071.6,255.13,4461.555556,1893.577778,0,2330.4,
-1800,1071.6,289.14,4747.45,2014.9125,0,2419.2,
-1800,1332.075,310.07,4747.45,2014.9125,0,2502.4,
-1800,1332.075,314.97,4747.45,2014.9125,0,2532.5,
-1800,1332.075,335.21,4767.628571,2023.485714,0,2577.7,
-1800,1436.422222,350.26,4767.628571,2023.485714,0,2659.3,
-1800,1436.422222,378.69,4747.45,2014.9125,0,2748.7,
-1800,1332.075,347.4,4461.555556,1893.577778,0,2800.1,
-1800,1332.075,341.49,4461.555556,1893.577778,0,2665.3,
-1800,1332.075,348.9,4747.45,2014.9125,0,2693.9,
-1800,1436.422222,345.51,4747.45,2014.9125,0,2716.6,
-1800,1436.422222,353.69,4747.45,2014.9125,0,2762.9,
-1800,1436.422222,360.85,4767.628571,2023.485714,0,2822.3,
-1800,1436.422222,354.37,4767.628571,2023.485714,0,2920.5,
-1800,1436.422222,339.64,4767.628571,2023.485714,0,2816.5,
-1800,1436.422222,352.06,4767.628571,2023.485714,0,2816.9,
-1800,1436.422222,343.22,4767.628571,2023.485714,0,2823,
-1800,1332.075,324.45,4747.45,2014.9125,0,2745.5,
-1800,1332.075,297.46,4461.555556,1893.577778,0,2636.2,
-1800,1071.6,274.49,4461.555556,1893.577778,0,2550.1,
-1800,1074.928571,260.81,4455.044444,1890.822222,0,2444,
-1800,1074.928571,256.01,4455.044444,1890.822222,0,2449.2,
-1800,1074.928571,256.01,4455.044444,1890.822222,0,2380,
-1800,1074.928571,256.01,4455.044444,1890.822222,0,2402.4,
-1800,1074.928571,256.01,4455.044444,1890.822222,0,2318.2,
-1800,1074.928571,289.83,4737.1875,2010.5375,0,2409.2,
-1800,1334.1,310.65,4737.1875,2010.5375,0,2492,
-1800,1334.1,315.53,4737.1875,2010.5375,0,2522,
-1800,1334.1,335.66,4758.885714,2019.771429,0,2567,
-1800,1437.944444,350.64,4758.885714,2019.771429,0,2648.2,
-1800,1437.944444,379.01,4737.1875,2010.5375,0,2737.3,
-1800,1334.1,347.79,4455.044444,1890.822222,0,2788.5,
-1800,1334.1,341.91,4455.044444,1890.822222,0,2654.2,
-1800,1334.1,349.29,4737.1875,2010.5375,0,2682.7,
-1800,1437.944444,345.92,4737.1875,2010.5375,0,2705.3,
-1800,1437.944444,354.06,4737.1875,2010.5375,0,2751.4,
-1800,1437.944444,361.18,4758.885714,2019.771429,0,2810.6,
-1800,1437.944444,354.73,4758.885714,2019.771429,0,2910.9,
-1800,1437.944444,340.07,4758.885714,2019.771429,0,2804.9,
-1800,1437.944444,352.43,4758.885714,2019.771429,0,2805.3,
-1800,1437.944444,343.64,4758.885714,2019.771429,0,2811.3,
-1800,1334.1,324.97,4737.1875,2010.5375,0,2734.2,
-1800,1334.1,298.11,4455.044444,1890.822222,0,2625.3,
-1800,1074.928571,275.25,4455.044444,1890.822222,0,2539.5,
-1800,1075.628571,260.94,4422.466667,1876.988889,0,2452.6,
-1800,1075.628571,256.01,4422.466667,1876.988889,0,2457.8,
-1800,1075.628571,256.01,4422.466667,1876.988889,0,2388.4,
-1800,1075.628571,256.01,4422.466667,1876.988889,0,2410.9,
-1800,1075.628571,256.01,4422.466667,1876.988889,0,2321.8,
-1800,1075.628571,290.5,4701.525,1995.4375,0,2417.7,
-1800,1339.725,311.71,4701.525,1995.4375,0,2500.8,
-1800,1339.725,316.68,4701.525,1995.4375,0,2530.9,
-1800,1339.725,337.19,4723.5,2004.757143,0,2576,
-1800,1445.366667,352.44,4723.5,2004.757143,0,2657.6,
-1800,1445.366667,381.04,4701.525,1995.4375,0,2747,
-1800,1339.725,349.54,4422.466667,1876.988889,0,2798.3,
-1800,1339.725,343.55,4422.466667,1876.988889,0,2663.6,
-1800,1339.725,351.06,4701.525,1995.4375,0,2692.2,
-1800,1445.366667,347.63,4701.525,1995.4375,0,2714.9,
-1800,1445.366667,355.92,4701.525,1995.4375,0,2761.1,
-1800,1445.366667,363.17,4723.5,2004.757143,0,2820.5,
-1800,1445.366667,356.61,4723.5,2004.757143,0,2924.7,
-1800,1445.366667,341.68,4723.5,2004.757143,0,2814.8,
-1800,1445.366667,354.27,4723.5,2004.757143,0,2815.1,
-1800,1445.366667,345.31,4723.5,2004.757143,0,2821.2,
-1800,1339.725,326.29,4701.525,1995.4375,0,2743.8,
-1800,1339.725,298.93,4422.466667,1876.988889,0,2634.5,
-1800,1075.628571,275.66,4422.466667,1876.988889,0,2548.5,
-1800,1074.9,260.91,4391.811111,1863.977778,0,2437.4,
-1800,1074.9,255.41,4391.811111,1863.977778,0,2442.6,
-1800,1074.9,255.41,4391.811111,1863.977778,0,2373.6,
-1800,1074.9,255.41,4391.811111,1863.977778,0,2395.9,
-1800,1074.9,255.41,4391.811111,1863.977778,0,2316.4,
-1800,1074.9,291.26,4672.725,1983.2125,0,2402.7,
-1800,1347.0625,313.05,4672.725,1983.2125,0,2485.3,
-1800,1347.0625,318.15,4672.725,1983.2125,0,2515.2,
-1800,1347.0625,339.21,4692.728571,1991.7,0,2560.1,
-1800,1455.833333,354.87,4692.728571,1991.7,0,2641.1,
-1800,1455.833333,384.79,4672.725,1983.2125,0,2729.9,
-1800,1347.0625,351.89,4391.811111,1863.977778,0,2781,
-1800,1347.0625,345.74,4391.811111,1863.977778,0,2647.1,
-1800,1347.0625,353.46,4672.725,1983.2125,0,2675.5,
-1800,1455.833333,349.93,4672.725,1983.2125,0,2698,
-1800,1455.833333,358.45,4672.725,1983.2125,0,2744,
-1800,1455.833333,365.89,4692.728571,1991.7,0,2803,
-1800,1455.833333,359.15,4692.728571,1991.7,0,2899.6,
-1800,1455.833333,343.82,4692.728571,1991.7,0,2797.3,
-1800,1455.833333,356.75,4692.728571,1991.7,0,2797.7,
-1800,1455.833333,347.55,4692.728571,1991.7,0,2803.7,
-1800,1347.0625,328.02,4672.725,1983.2125,0,2726.8,
-1800,1347.0625,299.92,4391.811111,1863.977778,0,2618.2,
-1800,1074.9,276.02,4391.811111,1863.977778,0,2532.7,
-1800,1057.785714,257.11,4313.733333,1787.677778,0,2385.2,
-1800,1057.785714,251.18,4313.733333,1787.677778,0,2390.3,
-1800,1057.785714,250.99,4313.733333,1787.677778,0,2322.7,
-1800,1057.785714,250.99,4313.733333,1787.677778,0,2344.6,
-1800,1057.785714,251.1,4313.733333,1787.677778,0,2273.2,
-1800,1057.785714,287.03,4593.9625,1903.8125,0,2351.2,
-1800,1327.4875,308.49,4593.9625,1903.8125,0,2432.1,
-1800,1327.4875,313.52,4593.9625,1903.8125,0,2461.4,
-1800,1327.4875,334.27,4610.785714,1910.771429,0,2505.3,
-1800,1435.544444,349.71,4610.785714,1910.771429,0,2584.6,
-1800,1435.544444,381.22,4593.9625,1903.8125,0,2671.5,
-1800,1327.4875,346.77,4313.733333,1787.677778,0,2721.5,
-1800,1327.4875,340.71,4313.733333,1787.677778,0,2590.4,
-1800,1327.4875,348.32,4593.9625,1903.8125,0,2618.2,
-1800,1435.544444,344.84,4593.9625,1903.8125,0,2640.3,
-1800,1435.544444,353.23,4593.9625,1903.8125,0,2685.3,
-1800,1435.544444,360.57,4610.785714,1910.771429,0,2743,
-1800,1435.544444,353.93,4610.785714,1910.771429,0,2845,
-1800,1435.544444,338.82,4610.785714,1910.771429,0,2737.5,
-1800,1435.544444,351.56,4610.785714,1910.771429,0,2737.9,
-1800,1435.544444,342.49,4610.785714,1910.771429,0,2743.8,
-1800,1327.4875,323.25,4593.9625,1903.8125,0,2668.5,
-1800,1327.4875,295.56,4313.733333,1787.677778,0,2562.2,
-1800,1057.785714,272,4313.733333,1787.677778,0,2478.5,
-1800,1078.514286,262,4383.211111,1816.477778,0,2401.6,
-1800,1078.514286,256.1,4383.211111,1816.477778,0,2406.7,
-1800,1078.514286,256.1,4383.211111,1816.477778,0,2338.7,
-1800,1078.514286,256.1,4383.211111,1816.477778,0,2360.7,
-1800,1078.514286,256.1,4383.211111,1816.477778,0,2302.2,
-1800,1078.514286,292.49,4670.1125,1935.35,0,2367.4,
-1800,1352.725,314.36,4670.1125,1935.35,0,2448.8,
-1800,1352.725,319.48,4670.1125,1935.35,0,2478.3,
-1800,1352.725,340.63,4686.3,1942.085714,0,2522.5,
-1800,1462.333333,356.36,4686.3,1942.085714,0,2602.3,
-1800,1462.333333,387.32,4670.1125,1935.35,0,2689.9,
-1800,1352.725,353.37,4383.211111,1816.477778,0,2740.2,
-1800,1352.725,347.19,4383.211111,1816.477778,0,2608.2,
-1800,1352.725,354.94,4670.1125,1935.35,0,2636.2,
-1800,1462.333333,351.4,4670.1125,1935.35,0,2658.5,
-1800,1462.333333,359.95,4670.1125,1935.35,0,2703.8,
-1800,1462.333333,367.43,4686.3,1942.085714,0,2761.9,
-1800,1462.333333,360.66,4686.3,1942.085714,0,2852.8,
-1800,1462.333333,345.26,4686.3,1942.085714,0,2756.3,
-1800,1462.333333,358.24,4686.3,1942.085714,0,2756.7,
-1800,1462.333333,349.01,4686.3,1942.085714,0,2762.6,
-1800,1352.725,329.39,4670.1125,1935.35,0,2686.8,
-1800,1352.725,301.18,4383.211111,1816.477778,0,2579.8,
-1800,1078.514286,277.18,4383.211111,1816.477778,0,2495.5,
-1800,1094.471429,265.95,4435.355556,1838.088889,0,2423.9,
-1800,1094.471429,259.85,4435.355556,1838.088889,0,2429,
-1800,1094.471429,259.85,4435.355556,1838.088889,0,2360.4,
-1800,1094.471429,259.85,4435.355556,1838.088889,0,2382.6,
-1800,1094.471429,259.85,4435.355556,1838.088889,0,2318.5,
-1800,1094.471429,296.89,4725.5125,1958.325,0,2389.4,
-1800,1373.05,319.09,4725.5125,1958.325,0,2471.5,
-1800,1373.05,324.28,4725.5125,1958.325,0,2501.3,
-1800,1373.05,345.75,4742.085714,1965.2,0,2545.9,
-1800,1484.277778,361.72,4742.085714,1965.2,0,2626.5,
-1800,1484.277778,393.07,4725.5125,1958.325,0,2714.8,
-1800,1373.05,358.68,4435.355556,1838.088889,0,2765.6,
-1800,1373.05,352.41,4435.355556,1838.088889,0,2632.4,
-1800,1373.05,360.28,4725.5125,1958.325,0,2660.7,
-1800,1484.277778,356.68,4725.5125,1958.325,0,2683.1,
-1800,1484.277778,365.36,4725.5125,1958.325,0,2728.8,
-1800,1484.277778,372.95,4742.085714,1965.2,0,2787.5,
-1800,1484.277778,366.08,4742.085714,1965.2,0,2882.5,
-1800,1484.277778,350.45,4742.085714,1965.2,0,2781.9,
-1800,1484.277778,363.63,4742.085714,1965.2,0,2782.2,
-1800,1484.277778,354.25,4742.085714,1965.2,0,2788.3,
-1800,1373.05,334.35,4725.5125,1958.325,0,2711.7,
-1800,1373.05,305.71,4435.355556,1838.088889,0,2603.7,
-1800,1094.471429,281.35,4435.355556,1838.088889,0,2518.7,
-1800,1098.9,266.58,4438.422222,1839.355556,0,2439.8,
-1800,1098.9,261.33,4438.422222,1839.355556,0,2445,
-1800,1098.9,261.33,4438.422222,1839.355556,0,2375.9,
-1800,1098.9,261.33,4438.422222,1839.355556,0,2398.3,
-1800,1098.9,261.33,4438.422222,1839.355556,0,2311.2,
-1800,1098.9,297.32,4727.8375,1959.2875,0,2405.1,
-1800,1373.775,319.38,4727.8375,1959.2875,0,2487.7,
-1800,1373.775,324.55,4727.8375,1959.2875,0,2517.7,
-1800,1373.775,345.87,4744.871429,1966.357143,0,2562.6,
-1800,1483.333333,361.74,4744.871429,1966.357143,0,2643.7,
-1800,1483.333333,390.81,4727.8375,1959.2875,0,2732.7,
-1800,1373.775,358.72,4438.422222,1839.355556,0,2783.8,
-1800,1373.775,352.49,4438.422222,1839.355556,0,2649.7,
-1800,1373.775,360.3,4727.8375,1959.2875,0,2678.1,
-1800,1483.333333,356.73,4727.8375,1959.2875,0,2700.8,
-1800,1483.333333,365.35,4727.8375,1959.2875,0,2746.7,
-1800,1483.333333,372.89,4744.871429,1966.357143,0,2805.8,
-1800,1483.333333,366.07,4744.871429,1966.357143,0,2919.5,
-1800,1483.333333,350.54,4744.871429,1966.357143,0,2800.1,
-1800,1483.333333,363.63,4744.871429,1966.357143,0,2800.5,
-1800,1483.333333,354.32,4744.871429,1966.357143,0,2806.6,
-1800,1373.775,334.54,4727.8375,1959.2875,0,2729.5,
-1800,1373.775,306.09,4438.422222,1839.355556,0,2620.8,
-1800,1098.9,281.88,4438.422222,1839.355556,0,2535.2,
-1800,1083.585714,262.94,4381.688889,1815.866667,0,2450.9,
-1800,1083.585714,258.17,4381.688889,1815.866667,0,2456.1,
-1800,1083.585714,258.17,4381.688889,1815.866667,0,2386.7,
-1800,1083.585714,258.17,4381.688889,1815.866667,0,2409.2,
-1800,1083.585714,258.17,4381.688889,1815.866667,0,2313,
-1800,1083.585714,291.85,4661.325,1931.7125,0,2416,
-1800,1341.775,312.6,4661.325,1931.7125,0,2499,
-1800,1341.775,317.46,4661.325,1931.7125,0,2529.1,
-1800,1341.775,337.52,4680.871429,1939.814286,0,2574.2,
-1800,1445.222222,352.44,4680.871429,1939.814286,0,2655.7,
-1800,1445.222222,380.74,4661.325,1931.7125,0,2745,
-1800,1341.775,349.6,4381.688889,1815.866667,0,2796.3,
-1800,1341.775,343.74,4381.688889,1815.866667,0,2661.7,
-1800,1341.775,351.09,4661.325,1931.7125,0,2690.3,
-1800,1445.222222,347.73,4661.325,1931.7125,0,2713,
-1800,1445.222222,355.84,4661.325,1931.7125,0,2759.2,
-1800,1445.222222,362.93,4680.871429,1939.814286,0,2818.5,
-1800,1445.222222,356.51,4680.871429,1939.814286,0,2926.2,
-1800,1445.222222,341.91,4680.871429,1939.814286,0,2812.8,
-1800,1445.222222,354.22,4680.871429,1939.814286,0,2813.2,
-1800,1445.222222,345.46,4680.871429,1939.814286,0,2819.3,
-1800,1341.775,326.86,4661.325,1931.7125,0,2741.9,
-1800,1341.775,300.1,4381.688889,1815.866667,0,2632.7,
-1800,1083.585714,277.33,4381.688889,1815.866667,0,2546.7,
-1800,1052.342857,255.37,4289.288889,1777.566667,0,2403.8,
-1800,1052.342857,251.06,4289.288889,1777.566667,0,2408.9,
-1800,1052.342857,251.06,4289.288889,1777.566667,0,2340.9,
-1800,1052.342857,251.06,4289.288889,1777.566667,0,2362.9,
-1800,1052.342857,251.06,4289.288889,1777.566667,0,2302.9,
-1800,1052.342857,282.54,4554.1,1887.3125,0,2369.6,
-1800,1294.5,302.03,4554.1,1887.3125,0,2451.1,
-1800,1294.5,306.59,4554.1,1887.3125,0,2480.6,
-1800,1294.5,325.44,4577.271429,1896.885714,0,2524.8,
-1800,1392.177778,339.46,4577.271429,1896.885714,0,2604.8,
-1800,1392.177778,367.02,4554.1,1887.3125,0,2692.4,
-1800,1294.5,336.79,4289.288889,1777.566667,0,2742.7,
-1800,1294.5,331.29,4289.288889,1777.566667,0,2610.6,
-1800,1294.5,338.2,4554.1,1887.3125,0,2638.7,
-1800,1392.177778,335.04,4554.1,1887.3125,0,2660.9,
-1800,1392.177778,342.66,4554.1,1887.3125,0,2706.3,
-1800,1392.177778,349.32,4577.271429,1896.885714,0,2764.5,
-1800,1392.177778,343.29,4577.271429,1896.885714,0,2856.5,
-1800,1392.177778,329.57,4577.271429,1896.885714,0,2758.9,
-1800,1392.177778,341.14,4577.271429,1896.885714,0,2759.2,
-1800,1392.177778,332.91,4577.271429,1896.885714,0,2765.2,
-1800,1294.5,315.43,4554.1,1887.3125,0,2689.3,
-1800,1294.5,290.29,4289.288889,1777.566667,0,2582.2,
-1800,1052.342857,268.89,4289.288889,1777.566667,0,2497.8,
-1800,1025.385714,248.9,4205.377778,1742.766667,0,2365.7,
-1800,1025.385714,245.19,4205.377778,1742.766667,0,2370.8,
-1800,1025.385714,245.19,4205.377778,1742.766667,0,2303.8,
-1800,1025.385714,245.19,4205.377778,1742.766667,0,2325.5,
-1800,1025.385714,245.19,4205.377778,1742.766667,0,2277,
-1800,1025.385714,273.74,4458.675,1847.75,0,2332.1,
-1800,1246.275,291.56,4458.675,1847.75,0,2412.2,
-1800,1246.275,295.73,4458.675,1847.75,0,2441.3,
-1800,1246.275,312.96,4484.2,1858.314286,0,2484.8,
-1800,1336.188889,325.78,4484.2,1858.314286,0,2563.5,
-1800,1336.188889,352.34,4458.675,1847.75,0,2649.7,
-1800,1246.275,323.34,4205.377778,1742.766667,0,2699.3,
-1800,1246.275,318.31,4205.377778,1742.766667,0,2569.3,
-1800,1246.275,324.62,4458.675,1847.75,0,2596.9,
-1800,1336.188889,321.74,4458.675,1847.75,0,2618.8,
-1800,1336.188889,328.7,4458.675,1847.75,0,2663.4,
-1800,1336.188889,334.8,4484.2,1858.314286,0,2720.7,
-1800,1336.188889,329.28,4484.2,1858.314286,0,2804,
-1800,1336.188889,316.74,4484.2,1858.314286,0,2715.1,
-1800,1336.188889,327.32,4484.2,1858.314286,0,2715.5,
-1800,1336.188889,319.79,4484.2,1858.314286,0,2721.4,
-1800,1246.275,303.81,4458.675,1847.75,0,2646.7,
-1800,1246.275,280.82,4205.377778,1742.766667,0,2541.3,
-1800,1025.385714,261.26,4205.377778,1742.766667,0,2458.3,
-1800,1007.357143,244.36,4187.344444,1735.3,0,2324.8,
-1800,1007.357143,240.25,4187.344444,1735.3,0,2329.8,
-1800,1007.357143,240.25,4187.344444,1735.3,0,2263.9,
-1800,1007.357143,240.25,4187.344444,1735.3,0,2285.2,
-1800,1007.357143,240.25,4187.344444,1735.3,0,2243.5,
-1800,1007.357143,270.75,4445.1625,1842.1375,0,2291.7,
-1800,1242.45,289.69,4445.1625,1842.1375,0,2370.5,
-1800,1242.45,294.13,4445.1625,1842.1375,0,2399,
-1800,1242.45,312.43,4467.928571,1851.571429,0,2441.8,
-1800,1337.533333,326.05,4467.928571,1851.571429,0,2519.1,
-1800,1337.533333,353.28,4445.1625,1842.1375,0,2603.9,
-1800,1242.45,323.46,4187.344444,1735.3,0,2652.6,
-1800,1242.45,318.12,4187.344444,1735.3,0,2524.8,
-1800,1242.45,324.82,4445.1625,1842.1375,0,2551.9,
-1800,1337.533333,321.76,4445.1625,1842.1375,0,2573.5,
-1800,1337.533333,329.16,4445.1625,1842.1375,0,2617.3,
-1800,1337.533333,335.63,4467.928571,1851.571429,0,2673.6,
-1800,1337.533333,329.78,4467.928571,1851.571429,0,2752.4,
-1800,1337.533333,316.44,4467.928571,1851.571429,0,2668.2,
-1800,1337.533333,327.68,4467.928571,1851.571429,0,2668.6,
-1800,1337.533333,319.69,4467.928571,1851.571429,0,2674.3,
-1800,1242.45,302.71,4445.1625,1842.1375,0,2600.9,
-1800,1242.45,278.28,4187.344444,1735.3,0,2497.3,
-1800,1007.357143,257.5,4187.344444,1735.3,0,2415.7,
-1800,1021.957143,247.91,4267.422222,1768.466667,0,2318.3,
-1800,1021.957143,242.95,4267.422222,1768.466667,0,2323.3,
-1800,1021.957143,242.95,4267.422222,1768.466667,0,2257.6,
-1800,1021.957143,242.95,4267.422222,1768.466667,0,2278.9,
-1800,1021.957143,242.95,4267.422222,1768.466667,0,2234.1,
-1800,1021.957143,276.76,4538.4875,1880.8125,0,2285.3,
-1800,1280.05,297.47,4538.4875,1880.8125,0,2363.9,
-1800,1280.05,302.31,4538.4875,1880.8125,0,2392.4,
-1800,1280.05,322.33,4557.9,1888.857143,0,2435.1,
-1800,1383.544444,337.22,4557.9,1888.857143,0,2512.1,
-1800,1383.544444,366.05,4538.4875,1880.8125,0,2596.7,
-1800,1280.05,334.38,4267.422222,1768.466667,0,2645.2,
-1800,1280.05,328.54,4267.422222,1768.466667,0,2517.8,
-1800,1280.05,335.87,4538.4875,1880.8125,0,2544.9,
-1800,1383.544444,332.52,4538.4875,1880.8125,0,2566.3,
-1800,1383.544444,340.61,4538.4875,1880.8125,0,2610.1,
-1800,1383.544444,347.69,4557.9,1888.857143,0,2666.2,
-1800,1383.544444,341.29,4557.9,1888.857143,0,2747.6,
-1800,1383.544444,326.71,4557.9,1888.857143,0,2660.8,
-1800,1383.544444,339,4557.9,1888.857143,0,2661.1,
-1800,1383.544444,330.26,4557.9,1888.857143,0,2666.9,
-1800,1280.05,311.69,4538.4875,1880.8125,0,2593.7,
-1800,1280.05,284.99,4267.422222,1768.466667,0,2490.4,
-1800,1021.957143,262.27,4267.422222,1768.466667,0,2409,
-1800,1065.128571,258.38,4310.255556,1786.244444,0,2318.5,
-1800,1065.128571,253.52,4310.255556,1786.244444,0,2323.5,
-1800,1065.128571,253.52,4310.255556,1786.244444,0,2257.8,
-1800,1065.128571,253.52,4310.255556,1786.244444,0,2279.1,
-1800,1065.128571,253.52,4310.255556,1786.244444,0,2251.2,
-1800,1065.128571,287.63,4584.3,1899.7875,0,2285.6,
-1800,1326.3625,308.62,4584.3,1899.7875,0,2364.1,
-1800,1326.3625,313.53,4584.3,1899.7875,0,2392.6,
-1800,1326.3625,333.82,4603.885714,1907.942857,0,2435.3,
-1800,1430.944444,348.91,4603.885714,1907.942857,0,2512.4,
-1800,1430.944444,377.35,4584.3,1899.7875,0,2596.9,
-1800,1326.3625,346.04,4310.255556,1786.244444,0,2645.5,
-1800,1326.3625,340.12,4310.255556,1786.244444,0,2518.1,
-1800,1326.3625,347.55,4584.3,1899.7875,0,2545.1,
-1800,1430.944444,344.15,4584.3,1899.7875,0,2566.6,
-1800,1430.944444,352.36,4584.3,1899.7875,0,2610.3,
-1800,1430.944444,359.53,4603.885714,1907.942857,0,2666.4,
-1800,1430.944444,353.04,4603.885714,1907.942857,0,2733.8,
-1800,1430.944444,338.26,4603.885714,1907.942857,0,2661,
-1800,1430.944444,350.72,4603.885714,1907.942857,0,2661.4,
-1800,1430.944444,341.86,4603.885714,1907.942857,0,2667.1,
-1800,1326.3625,323.04,4584.3,1899.7875,0,2593.9,
-1800,1326.3625,295.97,4310.255556,1786.244444,0,2490.6,
-1800,1065.128571,272.94,4310.255556,1786.244444,0,2409.2,
-1800,1061.771429,257.53,4316.077778,1788.644444,0,2303.4,
-1800,1061.771429,252.6,4316.077778,1788.644444,0,2308.4,
-1800,1061.771429,252.6,4316.077778,1788.644444,0,2243.1,
-1800,1061.771429,252.6,4316.077778,1788.644444,0,2264.3,
-1800,1061.771429,252.6,4316.077778,1788.644444,0,2227.5,
-1800,1061.771429,287.04,4592.475,1903.1875,0,2270.7,
-1800,1325.4,308.22,4592.475,1903.1875,0,2348.7,
-1800,1325.4,313.18,4592.475,1903.1875,0,2377,
-1800,1325.4,333.65,4611.171429,1910.957143,0,2419.4,
-1800,1430.855556,348.88,4611.171429,1910.957143,0,2496,
-1800,1430.855556,377.44,4592.475,1903.1875,0,2580,
-1800,1325.4,345.99,4316.077778,1788.644444,0,2628.2,
-1800,1325.4,340.01,4316.077778,1788.644444,0,2501.7,
-1800,1325.4,347.51,4592.475,1903.1875,0,2528.5,
-1800,1430.855556,344.08,4592.475,1903.1875,0,2549.9,
-1800,1430.855556,352.36,4592.475,1903.1875,0,2593.3,
-1800,1430.855556,359.59,4611.171429,1910.957143,0,2649.1,
-1800,1430.855556,353.04,4611.171429,1910.957143,0,2724.2,
-1800,1430.855556,338.14,4611.171429,1910.957143,0,2643.7,
-1800,1430.855556,350.7,4611.171429,1910.957143,0,2644.1,
-1800,1430.855556,341.76,4611.171429,1910.957143,0,2649.8,
-1800,1325.4,322.77,4592.475,1903.1875,0,2577,
-1800,1325.4,295.46,4316.077778,1788.644444,0,2474.4,
-1800,1061.771429,272.22,4316.077778,1788.644444,0,2393.6,
-1800,1057.728571,256.56,4317.355556,1789.188889,0,2294.7,
-1800,1057.728571,251.68,4317.355556,1789.188889,0,2299.6,
-1800,1057.728571,251.68,4317.355556,1789.188889,0,2234.6,
-1800,1057.728571,251.68,4317.355556,1789.188889,0,2255.7,
-1800,1057.728571,251.68,4317.355556,1789.188889,0,2196.2,
-1800,1057.728571,285.88,4597.15,1905.15,0,2262.1,
-1800,1319.6625,306.92,4597.15,1905.15,0,2339.8,
-1800,1319.6625,311.85,4597.15,1905.15,0,2368,
-1800,1319.6625,332.19,4614.3,1912.242857,0,2410.3,
-1800,1424.488889,347.32,4614.3,1912.242857,0,2486.6,
-1800,1424.488889,375.79,4597.15,1905.15,0,2570.2,
-1800,1319.6625,344.44,4317.355556,1789.188889,0,2618.3,
-1800,1319.6625,338.5,4317.355556,1789.188889,0,2492.2,
-1800,1319.6625,345.96,4597.15,1905.15,0,2519,
-1800,1424.488889,342.55,4597.15,1905.15,0,2540.2,
-1800,1424.488889,350.77,4597.15,1905.15,0,2583.5,
-1800,1424.488889,357.96,4614.3,1912.242857,0,2639,
-1800,1424.488889,351.46,4614.3,1912.242857,0,2733.2,
-1800,1424.488889,336.64,4614.3,1912.242857,0,2633.7,
-1800,1424.488889,349.13,4614.3,1912.242857,0,2634.1,
-1800,1424.488889,340.25,4614.3,1912.242857,0,2639.8,
-1800,1319.6625,321.38,4597.15,1905.15,0,2567.3,
-1800,1319.6625,294.25,4317.355556,1789.188889,0,2465,
-1800,1057.728571,271.16,4317.355556,1789.188889,0,2384.5,
-1800,1054.885714,255.82,4310.977778,1786.522222,0,2294,
-1800,1054.885714,250.83,4310.977778,1786.522222,0,2298.9,
-1800,1054.885714,250.83,4310.977778,1786.522222,0,2233.9,
-1800,1054.885714,250.83,4310.977778,1786.522222,0,2254.9,
-1800,1054.885714,250.83,4310.977778,1786.522222,0,2186.1,
-1800,1054.885714,285.59,4589.2375,1901.85,0,2261.3,
-1800,1320.8125,306.94,4589.2375,1901.85,0,2339,
-1800,1320.8125,311.94,4589.2375,1901.85,0,2367.2,
-1800,1320.8125,332.59,4606.871429,1909.157143,0,2409.5,
-1800,1427.111111,347.95,4606.871429,1909.157143,0,2485.7,
-1800,1427.111111,376.61,4589.2375,1901.85,0,2569.4,
-1800,1320.8125,345.03,4310.977778,1786.522222,0,2617.4,
-1800,1320.8125,339,4310.977778,1786.522222,0,2491.4,
-1800,1320.8125,346.56,4589.2375,1901.85,0,2518.1,
-1800,1427.111111,343.1,4589.2375,1901.85,0,2539.4,
-1800,1427.111111,351.45,4589.2375,1901.85,0,2582.6,
-1800,1427.111111,358.75,4606.871429,1909.157143,0,2638.2,
-1800,1427.111111,352.15,4606.871429,1909.157143,0,2740.1,
-1800,1427.111111,337.11,4606.871429,1909.157143,0,2632.8,
-1800,1427.111111,349.79,4606.871429,1909.157143,0,2633.2,
-1800,1427.111111,340.77,4606.871429,1909.157143,0,2638.9,
-1800,1320.8125,321.62,4589.2375,1901.85,0,2566.4,
-1800,1320.8125,294.08,4310.977778,1786.522222,0,2464.2,
-1800,1054.885714,270.64,4310.977778,1786.522222,0,2383.7,
-1800,1053.628571,256.08,4296.2,1780.422222,0,2323.1,
-1800,1053.628571,250.17,4296.2,1780.422222,0,2328.1,
-1800,1053.628571,250.06,4296.2,1780.422222,0,2262.3,
-1800,1053.628571,250.06,4296.2,1780.422222,0,2283.6,
-1800,1053.628571,250.09,4296.2,1780.422222,0,2212,
-1800,1053.628571,285.88,4576.4125,1896.5375,0,2290.1,
-1800,1322.1625,307.26,4576.4125,1896.5375,0,2368.8,
-1800,1322.1625,312.26,4576.4125,1896.5375,0,2397.3,
-1800,1322.1625,332.93,4592.614286,1903.257143,0,2440.1,
-1800,1429.811111,348.31,4592.614286,1903.257143,0,2517.3,
-1800,1429.811111,379.69,4576.4125,1896.5375,0,2602,
-1800,1322.1625,345.39,4296.2,1780.422222,0,2650.7,
-1800,1322.1625,339.35,4296.2,1780.422222,0,2523,
-1800,1322.1625,346.92,4576.4125,1896.5375,0,2550.1,
-1800,1429.811111,343.46,4576.4125,1896.5375,0,2571.6,
-1800,1429.811111,351.82,4576.4125,1896.5375,0,2615.4,
-1800,1429.811111,359.13,4592.614286,1903.257143,0,2671.7,
-1800,1429.811111,352.51,4592.614286,1903.257143,0,2775.2,
-1800,1429.811111,337.46,4592.614286,1903.257143,0,2666.3,
-1800,1429.811111,350.15,4592.614286,1903.257143,0,2666.6,
-1800,1429.811111,341.12,4592.614286,1903.257143,0,2672.4,
-1800,1322.1625,321.95,4576.4125,1896.5375,0,2599,
-1800,1322.1625,294.37,4296.2,1780.422222,0,2495.5,
-1800,1053.628571,270.91,4296.2,1780.422222,0,2414,
-1800,1054.728571,256.89,4302.188889,1782.888889,0,2349.3,
-1800,1054.728571,250.96,4302.188889,1782.888889,0,2354.3,
-1800,1054.728571,248.92,4302.188889,1782.888889,0,2287.8,
-1800,1054.728571,248.92,4302.188889,1782.888889,0,2309.3,
-1800,1054.728571,250.88,4302.188889,1782.888889,0,2225.4,
-1800,1054.728571,286.78,4585.975,1900.4875,0,2315.9,
-1800,1326.3375,308.22,4585.975,1900.4875,0,2395.5,
-1800,1326.3375,313.25,4585.975,1900.4875,0,2424.4,
-1800,1326.3375,333.98,4600.728571,1906.6,0,2467.6,
-1800,1435.455556,349.41,4600.728571,1906.6,0,2545.7,
-1800,1435.455556,383.44,4585.975,1900.4875,0,2631.4,
-1800,1326.3375,346.47,4302.188889,1782.888889,0,2680.6,
-1800,1326.3375,340.42,4302.188889,1782.888889,0,2551.5,
-1800,1326.3375,348.02,4585.975,1900.4875,0,2578.9,
-1800,1435.455556,344.54,4585.975,1900.4875,0,2600.6,
-1800,1435.455556,352.92,4585.975,1900.4875,0,2644.9,
-1800,1435.455556,360.26,4600.728571,1906.6,0,2701.8,
-1800,1435.455556,353.62,4600.728571,1906.6,0,2815,
-1800,1435.455556,338.52,4600.728571,1906.6,0,2696.3,
-1800,1435.455556,351.25,4600.728571,1906.6,0,2696.7,
-1800,1435.455556,342.2,4600.728571,1906.6,0,2702.5,
-1800,1326.3375,322.96,4585.975,1900.4875,0,2628.3,
-1800,1326.3375,295.3,4302.188889,1782.888889,0,2523.6,
-1800,1054.728571,271.76,4302.188889,1782.888889,0,2441.2,
-1800,1063.657143,259.05,4333.788889,1795.988889,0,2345.5,
-1800,1063.657143,253.07,4333.788889,1795.988889,0,2350.5,
-1800,1063.657143,251.05,4333.788889,1795.988889,0,2284.1,
-1800,1063.657143,251.05,4333.788889,1795.988889,0,2305.6,
-1800,1063.657143,252.99,4333.788889,1795.988889,0,2220.2,
-1800,1063.657143,289.19,4618.7,1914.05,0,2312.1,
-1800,1337.5,310.82,4618.7,1914.05,0,2391.6,
-1800,1337.5,315.88,4618.7,1914.05,0,2420.4,
-1800,1337.5,336.79,4634.071429,1920.414286,0,2463.6,
-1800,1447.433333,352.35,4634.071429,1920.414286,0,2541.6,
-1800,1447.433333,386.42,4618.7,1914.05,0,2627.1,
-1800,1337.5,349.39,4333.788889,1795.988889,0,2676.2,
-1800,1337.5,343.28,4333.788889,1795.988889,0,2547.3,
-1800,1337.5,350.94,4618.7,1914.05,0,2574.7,
-1800,1447.433333,347.44,4618.7,1914.05,0,2596.4,
-1800,1447.433333,355.89,4618.7,1914.05,0,2640.6,
-1800,1447.433333,363.29,4634.071429,1920.414286,0,2697.4,
-1800,1447.433333,356.6,4634.071429,1920.414286,0,2811.9,
-1800,1447.433333,341.37,4634.071429,1920.414286,0,2691.9,
-1800,1447.433333,354.21,4634.071429,1920.414286,0,2692.3,
-1800,1447.433333,345.08,4634.071429,1920.414286,0,2698.1,
-1800,1337.5,325.68,4618.7,1914.05,0,2624.1,
-1800,1337.5,297.79,4333.788889,1795.988889,0,2519.5,
-1800,1063.657143,274.05,4333.788889,1795.988889,0,2437.3,
-1800,1074.428571,261.14,4351.688889,1803.411111,0,2331.9,
-1800,1074.428571,255.11,4351.688889,1803.411111,0,2336.9,
-1800,1074.428571,254.96,4351.688889,1803.411111,0,2270.9,
-1800,1074.428571,254.96,4351.688889,1803.411111,0,2292.3,
-1800,1074.428571,255.04,4351.688889,1803.411111,0,2200.9,
-1800,1074.428571,291.52,4638.8375,1922.425,0,2298.8,
-1800,1348.2875,313.33,4638.8375,1922.425,0,2377.8,
-1800,1348.2875,318.43,4638.8375,1922.425,0,2406.4,
-1800,1348.2875,339.51,4653.814286,1928.614286,0,2449.3,
-1800,1457.844444,355.19,4653.814286,1928.614286,0,2526.9,
-1800,1457.844444,386.76,4638.8375,1922.425,0,2611.9,
-1800,1348.2875,352.2,4351.688889,1803.411111,0,2660.7,
-1800,1348.2875,346.05,4351.688889,1803.411111,0,2532.6,
-1800,1348.2875,353.77,4638.8375,1922.425,0,2559.8,
-1800,1457.844444,350.24,4638.8375,1922.425,0,2581.4,
-1800,1457.844444,358.76,4638.8375,1922.425,0,2625.4,
-1800,1457.844444,366.22,4653.814286,1928.614286,0,2681.8,
-1800,1457.844444,359.47,4653.814286,1928.614286,0,2801.6,
-1800,1457.844444,344.12,4653.814286,1928.614286,0,2676.4,
-1800,1457.844444,357.06,4653.814286,1928.614286,0,2676.8,
-1800,1457.844444,347.86,4653.814286,1928.614286,0,2682.5,
-1800,1348.2875,328.31,4638.8375,1922.425,0,2608.9,
-1800,1348.2875,300.19,4351.688889,1803.411111,0,2505,
-1800,1074.428571,276.26,4351.688889,1803.411111,0,2423.2,
-1800,1086.7,264.29,4364.388889,1808.677778,0,2339.4,
-1800,1086.7,258.19,4364.388889,1808.677778,0,2344.4,
-1800,1086.7,257.46,4364.388889,1808.677778,0,2278.2,
-1800,1086.7,257.46,4364.388889,1808.677778,0,2299.6,
-1800,1086.7,258.11,4364.388889,1808.677778,0,2191.2,
-1800,1086.7,295.04,4655.2,1929.1875,0,2306.2,
-1800,1364.525,317.1,4655.2,1929.1875,0,2385.4,
-1800,1364.525,322.27,4655.2,1929.1875,0,2414.2,
-1800,1364.525,343.6,4668.9,1934.871429,0,2457.2,
-1800,1475.644444,359.47,4668.9,1934.871429,0,2535,
-1800,1475.644444,391.93,4655.2,1929.1875,0,2620.3,
-1800,1364.525,356.45,4364.388889,1808.677778,0,2669.3,
-1800,1364.525,350.22,4364.388889,1808.677778,0,2540.7,
-1800,1364.525,358.04,4655.2,1929.1875,0,2568,
-1800,1475.644444,354.46,4655.2,1929.1875,0,2589.7,
-1800,1475.644444,363.09,4655.2,1929.1875,0,2633.8,
-1800,1475.644444,370.63,4668.9,1934.871429,0,2690.4,
-1800,1475.644444,363.8,4668.9,1934.871429,0,2824.2,
-1800,1475.644444,348.27,4668.9,1934.871429,0,2685,
-1800,1475.644444,361.37,4668.9,1934.871429,0,2685.4,
-1800,1475.644444,352.05,4668.9,1934.871429,0,2691.2,
-1800,1364.525,332.27,4655.2,1929.1875,0,2617.3,
-1800,1364.525,303.81,4364.388889,1808.677778,0,2513,
-1800,1086.7,279.6,4364.388889,1808.677778,0,2430.9,
-1800,1099.957143,267.68,4403.611111,1824.911111,0,2401.7,
-1800,1099.957143,261.5,4403.611111,1824.911111,0,2406.8,
-1800,1099.957143,260.18,4403.611111,1824.911111,0,2338.8,
-1800,1099.957143,260.18,4403.611111,1824.911111,0,2360.8,
-1800,1099.957143,261.42,4403.611111,1824.911111,0,2234.1,
-1800,1099.957143,298.82,4698.1,1946.975,0,2367.5,
-1800,1382,321.16,4698.1,1946.975,0,2448.9,
-1800,1382,326.4,4698.1,1946.975,0,2478.4,
-1800,1382,348,4711.485714,1952.514286,0,2522.6,
-1800,1494.744444,364.07,4711.485714,1952.514286,0,2602.5,
-1800,1494.744444,397.44,4698.1,1946.975,0,2690,x
-1800,1382,361.01,4403.611111,1824.911111,0,2740.3,x
-1800,1382,354.71,4403.611111,1824.911111,0,2608.3,x
-1800,1382,362.62,4698.1,1946.975,0,2636.3,x
-1800,1494.744444,359,4698.1,1946.975,0,2658.6,x
-1800,1494.744444,367.73,4698.1,1946.975,0,2703.9,
-1800,1494.744444,375.37,4711.485714,1952.514286,0,2762,
-1800,1494.744444,368.46,4711.485714,1952.514286,0,2909.5,
-1800,1494.744444,352.73,4711.485714,1952.514286,0,2756.4,
-1800,1494.744444,365.99,4711.485714,1952.514286,0,2756.8,
-1800,1494.744444,356.56,4711.485714,1952.514286,0,2762.8,
-1800,1382,336.52,4698.1,1946.975,0,2686.9,
-1800,1382,307.7,4403.611111,1824.911111,0,2579.9,
-1800,1099.957143,283.18,4403.611111,1824.911111,0,2495.6,
-1800,1101.071429,268,4437.877778,1839.122222,0,2454.5,
-1800,1101.071429,261.82,4437.877778,1839.122222,0,2459.8,
-1800,1101.071429,260.33,4437.877778,1839.122222,0,2390.3,
-1800,1101.071429,260.33,4437.877778,1839.122222,0,2412.8,
-1800,1101.071429,261.74,4437.877778,1839.122222,0,2274.1,
-1800,1101.071429,299.18,4736.85,1963.0375,0,2419.7,
-1800,1383.6625,321.55,4736.85,1963.0375,0,2502.7,
-1800,1383.6625,326.79,4736.85,1963.0375,0,2532.9,
-1800,1383.6625,348.42,4749.371429,1968.228571,0,2578,
-1800,1496.633333,364.51,4749.371429,1968.228571,0,2659.5,
-1800,1496.633333,398.11,4736.85,1963.0375,0,2748.9,x
-1800,1383.6625,361.45,4437.877778,1839.122222,0,2800.3,x
-1800,1383.6625,355.13,4437.877778,1839.122222,0,2665.5,x
-1800,1383.6625,363.06,4736.85,1963.0375,0,2694.1,x
-1800,1496.633333,359.43,4736.85,1963.0375,0,2716.9,x
-1800,1496.633333,368.18,4736.85,1963.0375,0,2763.1,
-1800,1496.633333,375.82,4749.371429,1968.228571,0,2822.5,
-1800,1496.633333,368.9,4749.371429,1968.228571,0,2926.2,
-1800,1496.633333,353.15,4749.371429,1968.228571,0,2816.7,
-1800,1496.633333,366.43,4749.371429,1968.228571,0,2817.1,
-1800,1496.633333,356.98,4749.371429,1968.228571,0,2823.2,
-1800,1383.6625,336.93,4736.85,1963.0375,0,2745.8,
-1800,1383.6625,308.07,4437.877778,1839.122222,0,2636.5,
-1800,1101.071429,283.52,4437.877778,1839.122222,0,2550.5,
-1800,1102.142857,268.67,4485.533333,1858.866667,0,2496.6,
-1800,1102.142857,262.47,4485.533333,1858.866667,0,2501.9,
-1800,1102.142857,259.51,4485.533333,1858.866667,0,2431.4,
-1800,1102.142857,259.51,4485.533333,1858.866667,0,2454.2,
-1800,1102.142857,262.39,4485.533333,1858.866667,0,2337.9,
-1800,1102.142857,299.93,4797.55,1988.1875,0,2461.2,
-1800,1387.1375,322.36,4797.55,1988.1875,0,2545.6,
-1800,1387.1375,327.61,4797.55,1988.1875,0,2576.2,
-1800,1387.1375,349.29,4805.714286,1991.557143,0,2622.1,
-1800,1501.277778,365.42,4805.714286,1991.557143,0,2705,
-1800,1501.277778,401.06,4797.55,1988.1875,0,2795.9,
-1800,1387.1375,362.35,4485.533333,1858.866667,0,2848.1,
-1800,1387.1375,356.02,4485.533333,1858.866667,0,2711.1,
-1800,1387.1375,363.97,4797.55,1988.1875,0,2740.2,
-1800,1501.277778,360.33,4797.55,1988.1875,0,2763.3,
-1800,1501.277778,369.1,4797.55,1988.1875,0,2810.3,
-1800,1501.277778,376.77,4805.714286,1991.557143,0,2870.7,
-1800,1501.277778,369.83,4805.714286,1991.557143,0,2926.2,
-1800,1501.277778,354.04,4805.714286,1991.557143,0,2864.9,
-1800,1501.277778,367.35,4805.714286,1991.557143,0,2865.3,
-1800,1501.277778,357.88,4805.714286,1991.557143,0,2871.4,
-1800,1387.1375,337.77,4797.55,1988.1875,0,2792.7,
-1800,1387.1375,308.84,4485.533333,1858.866667,0,2681.6,
-1800,1102.142857,284.23,4485.533333,1858.866667,0,2594.1,
-1800,1123.1,274.21,4535.611111,1879.622222,0,2506.3,
-1800,1123.1,267.88,4535.611111,1879.622222,0,2511.6,
-1800,1123.1,262.69,4535.611111,1879.622222,0,2440.7,
-1800,1123.1,264.05,4535.611111,1879.622222,0,2463.7,
-1800,1123.1,267.8,4535.611111,1879.622222,0,2370.3,
-1800,1123.1,306.1,4853.6875,2011.45,0,2470.7,
-1800,1415.6875,328.99,4853.6875,2011.45,0,2555.5,
-1800,1415.6875,334.35,4853.6875,2011.45,0,2586.2,
-1800,1415.6875,356.48,4860.814286,2014.385714,0,2632.3,
-1800,1532.844444,372.94,4860.814286,2014.385714,0,2715.5,
-1800,1532.844444,410.87,4853.6875,2011.45,0,2806.7,
-1800,1415.6875,369.81,4535.611111,1879.622222,0,2859.2,
-1800,1415.6875,363.35,4535.611111,1879.622222,0,2721.6,
-1800,1415.6875,371.45,4853.6875,2011.45,0,2750.8,
-1800,1532.844444,367.75,4853.6875,2011.45,0,2774,
-1800,1532.844444,376.69,4853.6875,2011.45,0,2821.2,
-1800,1532.844444,384.52,4860.814286,2014.385714,0,2881.8,
-1800,1532.844444,377.44,4860.814286,2014.385714,0,2926.2,
-1800,1532.844444,361.32,4860.814286,2014.385714,0,2876,
-1800,1532.844444,374.91,4860.814286,2014.385714,0,2876.4,
-1800,1532.844444,365.24,4860.814286,2014.385714,0,2882.6,
-1800,1415.6875,344.72,4853.6875,2011.45,0,2803.5,
-1800,1415.6875,315.2,4535.611111,1879.622222,0,2692,
-1800,1123.1,290.08,4535.611111,1879.622222,0,2604.2,
-1800,1139.828571,277.83,4588.311111,1901.466667,0,2435.1,
-1800,1139.828571,271.42,4588.311111,1901.466667,0,2440.3,
-1800,1139.828571,268.47,4588.311111,1901.466667,0,2371.3,
-1800,1139.828571,268.47,4588.311111,1901.466667,0,2393.6,
-1800,1139.828571,271.33,4588.311111,1901.466667,0,2349.5,
-1800,1139.828571,310.14,4906.325,2033.2625,0,2400.4,
-1800,1434.3375,333.33,4906.325,2033.2625,0,2482.9,
-1800,1434.3375,338.76,4906.325,2033.2625,0,2512.8,
-1800,1434.3375,361.18,4915.371429,2037,0,2557.7,
-1800,1551.922222,377.86,4915.371429,2037,0,2638.6,
-1800,1551.922222,413.74,4906.325,2033.2625,0,2727.4,
-1800,1434.3375,374.68,4588.311111,1901.466667,0,2778.4,
-1800,1434.3375,368.14,4588.311111,1901.466667,0,2644.6,
-1800,1434.3375,376.35,4906.325,2033.2625,0,2673,
-1800,1551.922222,372.59,4906.325,2033.2625,0,2695.5,
-1800,1551.922222,381.66,4906.325,2033.2625,0,2741.4,
-1800,1551.922222,389.59,4915.371429,2037,0,2800.4,
-1800,1551.922222,382.41,4915.371429,2037,0,2878.5,
-1800,1551.922222,366.09,4915.371429,2037,0,2794.7,
-1800,1551.922222,379.85,4915.371429,2037,0,2795.1,
-1800,1551.922222,370.06,4915.371429,2037,0,2801.1,
-1800,1434.3375,349.27,4906.325,2033.2625,0,2724.2,
-1800,1434.3375,319.36,4588.311111,1901.466667,0,2615.7,
-1800,1139.828571,293.91,4588.311111,1901.466667,0,2530.3,
-1800,1146.9,278.74,4593.422222,1903.577778,0,2396.7,
-1800,1146.9,272.3,4593.422222,1903.577778,0,2401.8,
-1800,1146.9,272.23,4593.422222,1903.577778,0,2333.9,
-1800,1146.9,272.23,4593.422222,1903.577778,0,2355.9,
-1800,1146.9,272.23,4593.422222,1903.577778,0,2287,
-1800,1146.9,311.16,4908.9125,2034.3375,0,2362.6,
-1800,1439.0375,334.42,4908.9125,2034.3375,0,2443.8,
-1800,1439.0375,339.87,4908.9125,2034.3375,0,2473.2,
-1800,1439.0375,362.36,4919.342857,2038.642857,0,2517.4,
-1800,1555.188889,379.09,4919.342857,2038.642857,0,2597,
-1800,1555.188889,411.09,4908.9125,2034.3375,0,2684.4,
-1800,1439.0375,375.91,4593.422222,1903.577778,0,2734.6,
-1800,1439.0375,369.34,4593.422222,1903.577778,0,2602.9,
-1800,1439.0375,377.58,4908.9125,2034.3375,0,2630.9,
-1800,1555.188889,373.81,4908.9125,2034.3375,0,2653.1,
-1800,1555.188889,382.91,4908.9125,2034.3375,0,2698.3,
-1800,1555.188889,390.86,4919.342857,2038.642857,0,2756.3,
-1800,1555.188889,383.66,4919.342857,2038.642857,0,2855.9,
-1800,1555.188889,367.29,4919.342857,2038.642857,0,2750.7,
-1800,1555.188889,381.09,4919.342857,2038.642857,0,2751.1,
-1800,1555.188889,371.27,4919.342857,2038.642857,0,2757,
-1800,1439.0375,350.41,4908.9125,2034.3375,0,2681.3,
-1800,1439.0375,320.41,4593.422222,1903.577778,0,2574.5,
-1800,1146.9,294.87,4593.422222,1903.577778,0,2490.4,
-1800,1143.385714,277.42,4607.866667,1909.566667,0,2397.5,
-1800,1143.385714,271.78,4607.866667,1909.566667,0,2402.6,
-1800,1143.385714,271.78,4607.866667,1909.566667,0,2334.7,
-1800,1143.385714,271.78,4607.866667,1909.566667,0,2356.7,
-1800,1143.385714,271.78,4607.866667,1909.566667,0,2276.2,
-1800,1143.385714,309.66,4921.9625,2039.725,0,2363.4,
-1800,1432,332.8,4921.9625,2039.725,0,2444.6,
-1800,1432,338.22,4921.9625,2039.725,0,2474,
-1800,1432,360.58,4933.557143,2044.542857,0,2518.2,
-1800,1546.555556,377.22,4933.557143,2044.542857,0,2597.9,
-1800,1546.555556,406.94,4921.9625,2039.725,0,2685.3,
-1800,1432,374.06,4607.866667,1909.566667,0,2735.5,
-1800,1432,367.53,4607.866667,1909.566667,0,2603.8,
-1800,1432,375.72,4921.9625,2039.725,0,2631.7,
-1800,1546.555556,371.97,4921.9625,2039.725,0,2653.9,
-1800,1546.555556,381.01,4921.9625,2039.725,0,2699.1,
-1800,1546.555556,388.92,4933.557143,2044.542857,0,2757.2,
-1800,1546.555556,381.77,4933.557143,2044.542857,0,2866.3,
-1800,1546.555556,365.48,4933.557143,2044.542857,0,2751.6,
-1800,1546.555556,379.21,4933.557143,2044.542857,0,2752,
-1800,1546.555556,369.44,4933.557143,2044.542857,0,2757.9,
-1800,1432,348.7,4921.9625,2039.725,0,2682.2,
-1800,1432,318.86,4607.866667,1909.566667,0,2575.4,
-1800,1143.385714,293.47,4607.866667,1909.566667,0,2491.2,
-1800,1133.028571,275.2,4677.621256,1937.755556,0,2439,
-1800,1133.028571,269.09,4677.621256,1937.755556,0,2444.2,
-1800,1133.028571,269.09,4677.621256,1937.755556,0,2375.1,
-1800,1133.028571,269.09,4677.621256,1937.755556,0,2397.5,
-1800,1133.028571,269.09,4677.621256,1937.755556,0,2302.6,
-1800,1133.028571,307.21,4989.938043,2069.3625,0,2404.3,
-1800,1420.7875,330.18,4989.938043,2069.3625,0,2486.9,
-1800,1420.7875,335.56,4989.938043,2069.3625,0,2516.8,
-1800,1420.7875,357.77,5007.600621,2074.485714,0,2561.7,
-1800,1535.233333,374.29,5007.600621,2074.485714,0,2642.8,
-1800,1535.233333,405.36,4989.938043,2069.3625,0,2731.7,x
-1800,1420.7875,371.14,4677.621256,1937.755556,0,2782.8,x
-1800,1420.7875,364.66,4677.621256,1937.755556,0,2648.8,x
-1800,1420.7875,372.79,4989.938043,2069.3625,0,2677.2,x
-1800,1535.233333,369.07,4989.938043,2069.3625,0,2699.8,x
-1800,1535.233333,378.05,4989.938043,2069.3625,0,2745.8,
-1800,1535.233333,385.9,5007.600621,2074.485714,0,2804.9,
-1800,1535.233333,378.8,5007.600621,2074.485714,0,2925,
-1800,1535.233333,362.63,5007.600621,2074.485714,0,2799.2,
-1800,1535.233333,376.26,5007.600621,2074.485714,0,2799.6,
-1800,1535.233333,366.56,5007.600621,2074.485714,0,2805.6,
-1800,1420.7875,345.97,4989.938043,2069.3625,0,2728.6,
-1800,1420.7875,316.34,4677.621256,1937.755556,0,2619.9,
-1800,1133.028571,291.13,4677.621256,1937.755556,0,2534.3,
-1800,1131.385714,275.25,4779.381643,1977.688889,0,2458,
-1800,1131.385714,268.9,4779.381643,1977.688889,0,2463.3,
-1800,1131.385714,267.83,4779.381643,1977.688889,0,2393.7,
-1800,1131.385714,267.83,4779.381643,1977.688889,0,2416.2,
-1800,1131.385714,268.81,4779.381643,1977.688889,0,2314.9,
-1800,1131.385714,307.27,5085.035326,2113.225,0,2423.1,
-1800,1421.05,330.24,5085.035326,2113.225,0,2506.3,
-1800,1421.05,335.62,5085.035326,2113.225,0,2536.5,
-1800,1421.05,357.83,5117.868944,2117.971429,0,2581.7,
-1800,1536.5,374.35,5117.868944,2117.971429,0,2663.4,
-1800,1536.5,407.6,5085.035326,2113.225,0,2753,
-1800,1421.05,371.21,4779.381643,1977.688889,0,2804.4,
-1800,1421.05,364.73,4779.381643,1977.688889,0,2669.4,
-1800,1421.05,372.86,5085.035326,2113.225,0,2698.1,
-1800,1536.5,369.14,5085.035326,2113.225,0,2720.8,
-1800,1536.5,378.12,5085.035326,2113.225,0,2767.2,
-1800,1536.5,385.98,5117.868944,2117.971429,0,2826.6,
-1800,1536.5,378.87,5117.868944,2117.971429,0,2926.2,
-1800,1536.5,362.69,5117.868944,2117.971429,0,2820.9,
-1800,1536.5,376.33,5117.868944,2117.971429,0,2821.3,
-1800,1536.5,366.63,5117.868944,2117.971429,0,2827.4,
-1800,1421.05,346.03,5085.035326,2113.225,0,2749.8,
-1800,1421.05,316.4,4779.381643,1977.688889,0,2640.3,
-1800,1131.385714,291.19,4779.381643,1977.688889,0,2554.1,
-1800,1142.742857,278.79,4887.693434,2019.977778,0,2483.1,
-1800,1142.742857,272.36,4887.693434,2019.977778,0,2488.4,
-1800,1142.742857,268.53,4887.693434,2019.977778,0,2418.2,
-1800,1142.742857,268.53,4887.693434,2019.977778,0,2440.9,
-1800,1142.742857,272.28,4887.693434,2019.977778,0,2317.5,
-1800,1142.742857,311.22,5180.878409,2158.1375,0,2447.8,
-1800,1439.3125,334.49,5180.878409,2158.1375,0,2531.8,
-1800,1439.3125,339.94,5180.878409,2158.1375,0,2562.3,
-1800,1439.3125,362.43,5233.247403,2163.171429,0,2607.9,
-1800,1557.822222,379.17,5233.247403,2163.171429,0,2690.4,
-1800,1557.822222,416.3,5180.878409,2158.1375,0,2780.8,
-1800,1439.3125,375.98,4887.693434,2019.977778,0,2832.7,
-1800,1439.3125,369.42,4887.693434,2019.977778,0,2696.5,
-1800,1439.3125,377.66,5180.878409,2158.1375,0,2725.4,
-1800,1557.822222,373.89,5180.878409,2158.1375,0,2748.4,
-1800,1557.822222,382.98,5180.878409,2158.1375,0,2795.1,
-1800,1557.822222,390.94,5233.247403,2163.171429,0,2855.2,
-1800,1557.822222,383.74,5233.247403,2163.171429,0,2926.2,
-1800,1557.822222,367.36,5233.247403,2163.171429,0,2849.4,
-1800,1557.822222,381.17,5233.247403,2163.171429,0,2849.8,
-1800,1557.822222,371.34,5233.247403,2163.171429,0,2855.9,
-1800,1439.3125,350.48,5180.878409,2158.1375,0,2777.6,
-1800,1439.3125,320.47,4887.693434,2019.977778,0,2667.1,
-1800,1142.742857,294.93,4887.693434,2019.977778,0,2580.1,
-1800,1167.485714,285.05,4945.110526,2041.111111,0,2537.8,
-1800,1167.485714,278.48,4945.110526,2041.111111,0,2543.1,
-1800,1167.485714,273,4945.110526,2041.111111,0,2471.5,
-1800,1167.485714,274.5,4945.110526,2041.111111,0,2494.7,
-1800,1167.485714,278.39,4945.110526,2041.111111,0,2344.2,
-1800,1167.485714,318.21,5221.419079,2179.8625,0,2501.7,
-1800,1471.625,342,5221.419079,2179.8625,0,2587.5,
-1800,1471.625,347.57,5221.419079,2179.8625,0,2618.6,
-1800,1471.625,370.57,5292.207519,2185.385714,0,2665.2,
-1800,1593.033333,387.68,5292.207519,2185.385714,0,2749.3,
-1800,1593.033333,426.23,5221.419079,2179.8625,0,2841.6,
-1800,1471.625,384.42,4945.110526,2041.111111,0,2894.6,
-1800,1471.625,377.71,4945.110526,2041.111111,0,2755.5,
-1800,1471.625,386.13,5221.419079,2179.8625,0,2785,
-1800,1593.033333,382.28,5221.419079,2179.8625,0,2808.5,
-1800,1593.033333,391.58,5221.419079,2179.8625,0,2856.2,
-1800,1593.033333,399.71,5292.207519,2185.385714,0,2917.5,
-1800,1593.033333,392.35,5292.207519,2185.385714,0,2926.2,
-1800,1593.033333,375.6,5292.207519,2185.385714,0,2911.6,
-1800,1593.033333,389.72,5292.207519,2185.385714,0,2912,
-1800,1593.033333,379.68,5292.207519,2185.385714,0,2918.3,
-1800,1471.625,358.35,5221.419079,2179.8625,0,2838.3,
-1800,1471.625,327.66,4945.110526,2041.111111,0,2725.5,
-1800,1167.485714,301.56,4945.110526,2041.111111,0,2636.7,
-1800,1192.642857,291.04,5039.916667,2069.388889,0,2607.3,
-1800,1192.642857,284.33,5039.916667,2069.388889,0,2612.8,
-1800,1192.642857,279.83,5039.916667,2069.388889,0,2539.7,
-1800,1192.642857,280.26,5039.916667,2069.388889,0,2563.4,
-1800,1192.642857,284.24,5039.916667,2069.388889,0,2387.5,
-1800,1192.642857,324.89,5262.679464,2209.525,0,2570.6,
-1800,1502.5375,349.18,5262.679464,2209.525,0,2658.1,
-1800,1502.5375,354.86,5262.679464,2209.525,0,2689.8,
-1800,1502.5375,378.34,5365.130612,2215.414286,0,2737.4,
-1800,1625.911111,395.81,5365.130612,2215.414286,0,2823.3,
-1800,1625.911111,433.92,5262.679464,2209.525,0,2917.4,
-1800,1502.5375,392.49,5039.916667,2069.388889,0,2926.2,
-1800,1502.5375,385.63,5039.916667,2069.388889,0,2829.6,
-1800,1502.5375,394.23,5262.679464,2209.525,0,2859.7,
-1800,1625.911111,390.3,5262.679464,2209.525,0,2883.7,
-1800,1625.911111,399.79,5262.679464,2209.525,0,2926.2,
-1800,1625.911111,408.1,5365.130612,2215.414286,0,2926.2,
-1800,1625.911111,400.58,5365.130612,2215.414286,0,2926.2,
-1800,1625.911111,383.48,5365.130612,2215.414286,0,2926.2,
-1800,1625.911111,397.9,5365.130612,2215.414286,0,2926.2,
-1800,1625.911111,387.64,5365.130612,2215.414286,0,2926.2,
-1800,1502.5375,365.87,5262.679464,2209.525,0,2914.1,
-1800,1502.5375,334.54,5039.916667,2069.388889,0,2799,
-1800,1192.642857,307.89,5039.916667,2069.388889,0,2708.4,
-1800,1193.885714,291.11,5092.238384,2083.855556,0,2742.4,
-1800,1193.885714,284.4,5092.238384,2083.855556,0,2748.1,
-1800,1193.885714,280.94,5092.238384,2083.855556,0,2672.9,
-1800,1193.885714,280.94,5092.238384,2083.855556,0,2697.3,
-1800,1193.885714,284.31,5092.238384,2083.855556,0,2525.7,
-1800,1193.885714,324.97,5291.621591,2225.575,0,2704.7,
-1800,1502.9125,349.26,5291.621591,2225.575,0,2794.6,
-1800,1502.9125,354.95,5291.621591,2225.575,0,2827.2,
-1800,1502.9125,378.44,5392.168831,2231.271429,0,2876,
-1800,1625.8,395.91,5392.168831,2231.271429,0,2926.2,
-1800,1625.8,432.9,5291.621591,2225.575,0,2926.2,
-1800,1502.9125,392.59,5092.238384,2083.855556,0,2926.2,
-1800,1502.9125,385.73,5092.238384,2083.855556,0,2926.2,
-1800,1502.9125,394.33,5291.621591,2225.575,0,2926.2,
-1800,1625.8,390.4,5291.621591,2225.575,0,2926.2,
-1800,1625.8,399.89,5291.621591,2225.575,0,2926.2,
-1800,1625.8,408.2,5392.168831,2231.271429,0,2926.2,
-1800,1625.8,400.68,5392.168831,2231.271429,0,2926.2,
-1800,1625.8,383.58,5392.168831,2231.271429,0,2926.2,
-1800,1625.8,398,5392.168831,2231.271429,0,2926.2,
-1800,1625.8,387.74,5392.168831,2231.271429,0,2926.2,
-1800,1502.9125,365.96,5291.621591,2225.575,0,2926.2,
-1800,1502.9125,334.63,5092.238384,2083.855556,0,2926.2,
-1800,1193.885714,307.97,5092.238384,2083.855556,0,2846.2,
-1800,1267.371429,309.4,5142.988889,2004.633333,0,2670.9,
-1800,1267.371429,302.26,5142.988889,2004.633333,0,2543.9,
-1800,1267.371429,296.64,5142.988889,2004.633333,0,2543.9,
-1800,1267.371429,297.94,5142.988889,2004.633333,0,2543.9,
-1800,1267.371429,302.17,5142.988889,2004.633333,0,2543.9,
-1800,1267.371429,345.38,5321.4375,2142.3625,0,2543.9,
-1800,1597.275,371.2,5321.4375,2142.3625,0,2670.9,
-1800,1597.275,377.24,5321.4375,2142.3625,0,2670.9,
-1800,1597.275,402.2,5400,2147.085714,0,2670.9,
-1800,1728.655556,420.77,5400,2147.085714,0,2670.9,
-1800,1728.655556,461.79,5321.4375,2142.3625,0,2670.9,x
-1800,1597.275,417.24,5142.988889,2004.633333,0,2670.9,x
-1800,1597.275,409.95,5142.988889,2004.633333,0,2543.9,x
-1800,1597.275,419.1,5321.4375,2142.3625,0,2543.9,x
-1800,1728.655556,414.91,5321.4375,2142.3625,0,2543.9,x
-1800,1728.655556,425.01,5321.4375,2142.3625,0,2670.9,
-1800,1728.655556,433.83,5400,2147.085714,0,2819.5,x
-1800,1728.655556,425.85,5400,2147.085714,0,2819.5,x
-1800,1728.655556,407.67,5400,2147.085714,0,2819.5,x
-1800,1728.655556,422.99,5400,2147.085714,0,2819.5,x
-1800,1728.655556,412.09,5400,2147.085714,0,2819.5,x
-1800,1597.275,388.94,5321.4375,2142.3625,0,2819.5,
-1800,1597.275,355.64,5142.988889,2004.633333,0,2819.5,
-1800,1267.371429,327.31,5142.988889,2004.633333,0,2819.5,
-1800,1257.828571,307.31,5149.585185,2006.288889,0,2694.7,
-1800,1257.828571,300.22,5149.585185,2006.288889,0,2564.3,
-1800,1257.828571,292.93,5149.585185,2006.288889,0,2564.3,
-1800,1257.828571,295.93,5149.585185,2006.288889,0,2564.3,
-1800,1257.828571,300.13,5149.585185,2006.288889,0,2564.3,
-1800,1257.828571,343.05,5324.766667,2143.4875,0,2564.3,
-1800,1586.5,368.69,5324.766667,2143.4875,0,2694.7,
-1800,1586.5,374.7,5324.766667,2143.4875,0,2694.7,
-1800,1586.5,399.49,5400,2148.528571,0,2694.7,
-1800,1717.611111,417.94,5400,2148.528571,0,2694.7,
-1800,1717.611111,460.02,5324.766667,2143.4875,0,2694.7,x
-1800,1586.5,414.43,5149.585185,2006.288889,0,2694.7,x
-1800,1586.5,407.19,5149.585185,2006.288889,0,2564.3,x
-1800,1586.5,416.27,5324.766667,2143.4875,0,2564.3,x
-1800,1717.611111,412.12,5324.766667,2143.4875,0,2564.3,x
-1800,1717.611111,422.14,5324.766667,2143.4875,0,2694.7,
-1800,1717.611111,430.91,5400,2148.528571,0,2846.8,x
-1800,1717.611111,422.97,5400,2148.528571,0,2846.8,x
-1800,1717.611111,404.92,5400,2148.528571,0,2846.8,x
-1800,1717.611111,420.14,5400,2148.528571,0,2846.8,x
-1800,1717.611111,409.31,5400,2148.528571,0,2846.8,x
-1800,1586.5,386.32,5324.766667,2143.4875,0,2846.8,
-1800,1586.5,353.24,5149.585185,2006.288889,0,2846.8,
-1800,1257.828571,325.1,5149.585185,2006.288889,0,2846.8,
-1800,1222.328571,298.04,5024.691111,1976.533333,0,2709,
-1800,1222.328571,291.16,5024.691111,1976.533333,0,2583.3,
-1800,1222.328571,287.64,5024.691111,1976.533333,0,2583.3,
-1800,1222.328571,287.64,5024.691111,1976.533333,0,2583.3,
-1800,1222.328571,291.07,5024.691111,1976.533333,0,2583.3,
-1800,1222.328571,332.7,5252.6275,2105.7875,0,2583.3,
-1800,1538.6875,357.58,5252.6275,2105.7875,0,2709,
-1800,1538.6875,363.4,5252.6275,2105.7875,0,2709,
-1800,1538.6875,387.45,5349.351429,2113.471429,0,2709,
-1800,1664.888889,405.34,5349.351429,2113.471429,0,2709,
-1800,1664.888889,444.05,5252.6275,2105.7875,0,2709,x
-1800,1538.6875,401.94,5024.691111,1976.533333,0,2709,x
-1800,1538.6875,394.91,5024.691111,1976.533333,0,2583.3,x
-1800,1538.6875,403.72,5252.6275,2105.7875,0,2583.3,x
-1800,1664.888889,399.69,5252.6275,2105.7875,0,2583.3,x
-1800,1664.888889,409.42,5252.6275,2105.7875,0,2709,
-1800,1664.888889,417.92,5349.351429,2113.471429,0,2856.1,x
-1800,1664.888889,410.23,5349.351429,2113.471429,0,2856.1,x
-1800,1664.888889,392.71,5349.351429,2113.471429,0,2856.1,x
-1800,1664.888889,407.48,5349.351429,2113.471429,0,2856.1,x
-1800,1664.888889,396.97,5349.351429,2113.471429,0,2856.1,x
-1800,1538.6875,374.67,5252.6275,2105.7875,0,2856.1,
-1800,1538.6875,342.59,5024.691111,1976.533333,0,2856.1,
-1800,1222.328571,315.29,5024.691111,1976.533333,0,2856.1,
-1800,1167.3,284.15,4870.70303,1927.555556,0,2727.6,x
-1800,1167.3,277.6,4870.70303,1927.555556,0,2599.5,x
-1800,1167.3,275.88,4870.70303,1927.555556,0,2599.5,x
-1800,1167.3,275.88,4870.70303,1927.555556,0,2599.5,x
-1800,1167.3,277.51,4870.70303,1927.555556,0,2599.5,x
-1800,1167.3,317.21,5160.689773,2052.425,0,2599.5,x
-1800,1467.075,340.93,5160.689773,2052.425,0,2727.6,x
-1800,1467.075,346.49,5160.689773,2052.425,0,2727.6,x
-1800,1467.075,369.42,5205.793506,2060.385714,0,2727.6,x
-1800,1586.922222,386.48,5205.793506,2060.385714,0,2727.6,x
-1800,1586.922222,422.3,5160.689773,2052.425,0,2727.6,x
-1800,1467.075,383.23,4870.70303,1927.555556,0,2727.6,x
-1800,1467.075,376.54,4870.70303,1927.555556,0,2599.5,x
-1800,1467.075,384.94,5160.689773,2052.425,0,2599.5,x
-1800,1586.922222,381.1,5160.689773,2052.425,0,2599.5,x
-1800,1586.922222,390.37,5160.689773,2052.425,0,2727.6,x
-1800,1586.922222,398.48,5205.793506,2060.385714,0,2877.2,x
-1800,1586.922222,391.14,5205.793506,2060.385714,0,2877.2,x
-1800,1586.922222,374.44,5205.793506,2060.385714,0,2877.2,x
-1800,1586.922222,388.52,5205.793506,2060.385714,0,2877.2,x
-1800,1586.922222,378.5,5205.793506,2060.385714,0,2877.2,x
-1800,1467.075,357.23,5160.689773,2052.425,0,2877.2,x
-1800,1467.075,326.64,4870.70303,1927.555556,0,2877.2,x
-1800,1167.3,300.61,4870.70303,1927.555556,0,2877.2,x
-1800,1117.057143,271.56,4757.095169,1884.377778,0,2743.6,
-1800,1117.057143,265.29,4757.095169,1884.377778,0,2616.2,
-1800,1117.057143,264.93,4757.095169,1884.377778,0,2616.2,
-1800,1117.057143,264.93,4757.095169,1884.377778,0,2616.2,
-1800,1117.057143,265.21,4757.095169,1884.377778,0,2616.2,
-1800,1117.057143,303.16,5058.002717,2007.975,0,2616.2,
-1800,1402.1,325.84,5058.002717,2007.975,0,2743.6,
-1800,1402.1,331.14,5058.002717,2007.975,0,2743.6,
-1800,1402.1,353.06,5086.545963,2014.985714,0,2743.6,
-1800,1516.411111,369.37,5086.545963,2014.985714,0,2743.6,
-1800,1516.411111,402.98,5058.002717,2007.975,0,2743.6,
-1800,1402.1,366.27,4757.095169,1884.377778,0,2743.6,
-1800,1402.1,359.87,4757.095169,1884.377778,0,2616.2,
-1800,1402.1,367.9,5058.002717,2007.975,0,2616.2,
-1800,1516.411111,364.23,5058.002717,2007.975,0,2616.2,
-1800,1516.411111,373.09,5058.002717,2007.975,0,2743.6,
-1800,1516.411111,380.84,5086.545963,2014.985714,0,2892.5,
-1800,1516.411111,373.83,5086.545963,2014.985714,0,2892.5,
-1800,1516.411111,357.86,5086.545963,2014.985714,0,2892.5,
-1800,1516.411111,371.32,5086.545963,2014.985714,0,2892.5,
-1800,1516.411111,361.75,5086.545963,2014.985714,0,2892.5,
-1800,1402.1,341.42,5058.002717,2007.975,0,2892.5,
-1800,1402.1,312.17,4757.095169,1884.377778,0,2892.5,
-1800,1117.057143,287.29,4757.095169,1884.377778,0,2892.5,
-1800,1114.214286,270.63,4749.435749,1881.555556,0,2723,
-1800,1114.214286,264.6,4749.435749,1881.555556,0,2603.3,
-1800,1114.214286,264.6,4749.435749,1881.555556,0,2603.3,
-1800,1114.214286,264.6,4749.435749,1881.555556,0,2603.3,
-1800,1114.214286,264.6,4749.435749,1881.555556,0,2603.3,
-1800,1114.214286,302.13,5050.542391,2004.5875,0,2603.3,
-1800,1397.3125,324.72,5050.542391,2004.5875,0,2723,
-1800,1397.3125,330.01,5050.542391,2004.5875,0,2723,
-1800,1397.3125,351.86,5077.891304,2011.785714,0,2723,
-1800,1510.755556,368.11,5077.891304,2011.785714,0,2723,
-1800,1510.755556,400.54,5050.542391,2004.5875,0,2723,
-1800,1397.3125,365.02,4749.435749,1881.555556,0,2723,
-1800,1397.3125,358.64,4749.435749,1881.555556,0,2603.3,
-1800,1397.3125,366.64,5050.542391,2004.5875,0,2603.3,
-1800,1510.755556,362.98,5050.542391,2004.5875,0,2603.3,
-1800,1510.755556,371.82,5050.542391,2004.5875,0,2723,
-1800,1510.755556,379.54,5077.891304,2011.785714,0,2863.8,
-1800,1510.755556,372.55,5077.891304,2011.785714,0,2863.8,
-1800,1510.755556,356.64,5077.891304,2011.785714,0,2863.8,
-1800,1510.755556,370.06,5077.891304,2011.785714,0,2863.8,
-1800,1510.755556,360.51,5077.891304,2011.785714,0,2863.8,
-1800,1397.3125,340.25,5050.542391,2004.5875,0,2863.8,
-1800,1397.3125,311.11,4749.435749,1881.555556,0,2863.8,
-1800,1114.214286,286.31,4749.435749,1881.555556,0,2863.8,
-1800,1117.542857,271.79,4759.625604,1885.2,0,2723,
-1800,1117.542857,265.52,4759.625604,1885.2,0,2603.3,
-1800,1117.542857,264.78,4759.625604,1885.2,0,2603.3,
-1800,1117.542857,264.78,4759.625604,1885.2,0,2603.3,
-1800,1117.542857,265.43,4759.625604,1885.2,0,2603.3,
-1800,1117.542857,303.41,5061.379348,2009.725,0,2603.3,
-1800,1403.275,326.11,5061.379348,2009.725,0,2723,
-1800,1403.275,331.42,5061.379348,2009.725,0,2723,
-1800,1403.275,353.36,5090.462112,2016.3,0,2723,
-1800,1517.877778,369.68,5090.462112,2016.3,0,2723,
-1800,1517.877778,403.8,5061.379348,2009.725,0,2723,
-1800,1403.275,366.57,4759.625604,1885.2,0,2723,
-1800,1403.275,360.17,4759.625604,1885.2,0,2603.3,
-1800,1403.275,368.21,5061.379348,2009.725,0,2603.3,
-1800,1517.877778,364.53,5061.379348,2009.725,0,2603.3,
-1800,1517.877778,373.4,5061.379348,2009.725,0,2723,
-1800,1517.877778,381.16,5090.462112,2016.3,0,2863.8,
-1800,1517.877778,374.14,5090.462112,2016.3,0,2863.8,
-1800,1517.877778,358.16,5090.462112,2016.3,0,2863.8,
-1800,1517.877778,371.63,5090.462112,2016.3,0,2863.8,
-1800,1517.877778,362.05,5090.462112,2016.3,0,2863.8,
-1800,1403.275,341.7,5061.379348,2009.725,0,2863.8,
-1800,1403.275,312.43,4759.625604,1885.2,0,2863.8,
-1800,1117.542857,287.53,4759.625604,1885.2,0,2863.8,
-1800,1133.657143,276.31,4796.843961,1898.677778,0,2723,
-1800,1133.657143,269.94,4796.843961,1898.677778,0,2603.3,
-1800,1133.657143,267.05,4796.843961,1898.677778,0,2603.3,
-1800,1133.657143,267.05,4796.843961,1898.677778,0,2603.3,
-1800,1133.657143,269.85,4796.843961,1898.677778,0,2603.3,
-1800,1133.657143,308.46,5099.156522,2027.2,0,2603.3,
-1800,1426.625,331.53,5099.156522,2027.2,0,2723,
-1800,1426.625,336.93,5099.156522,2027.2,0,2723,
-1800,1426.625,359.23,5134.264596,2032.428571,0,2723,
-1800,1544.266667,375.83,5134.264596,2032.428571,0,2723,
-1800,1544.266667,413.02,5099.156522,2027.2,0,2723,
-1800,1426.625,372.67,4796.843961,1898.677778,0,2723,
-1800,1426.625,366.16,4796.843961,1898.677778,0,2603.3,
-1800,1426.625,374.33,5099.156522,2027.2,0,2603.3,
-1800,1544.266667,370.59,5099.156522,2027.2,0,2603.3,
-1800,1544.266667,379.61,5099.156522,2027.2,0,2723,
-1800,1544.266667,387.49,5134.264596,2032.428571,0,2863.8,
-1800,1544.266667,380.36,5134.264596,2032.428571,0,2863.8,
-1800,1544.266667,364.12,5134.264596,2032.428571,0,2863.8,
-1800,1544.266667,377.81,5134.264596,2032.428571,0,2863.8,
-1800,1544.266667,368.07,5134.264596,2032.428571,0,2863.8,
-1800,1426.625,347.38,5099.156522,2027.2,0,2863.8,
-1800,1426.625,317.63,4796.843961,1898.677778,0,2863.8,
-1800,1133.657143,292.32,4796.843961,1898.677778,0,2863.8,
-1800,1148.4,279.81,4845.620773,1916.955556,0,2723,
-1800,1148.4,273.35,4845.620773,1916.955556,0,2603.3,
-1800,1148.4,270.77,4845.620773,1916.955556,0,2603.3,
-1800,1148.4,270.77,4845.620773,1916.955556,0,2603.3,
-1800,1148.4,273.26,4845.620773,1916.955556,0,2603.3,
-1800,1148.4,312.36,5144.894565,2047.45,0,2603.3,
-1800,1444.625,335.72,5144.894565,2047.45,0,2723,
-1800,1444.625,341.19,5144.894565,2047.45,0,2723,
-1800,1444.625,363.77,5187.308075,2052.4,0,2723,
-1800,1563.411111,380.57,5187.308075,2052.4,0,2723,
-1800,1563.411111,417.45,5144.894565,2047.45,0,2723,
-1800,1444.625,377.37,4845.620773,1916.955556,0,2723,
-1800,1444.625,370.78,4845.620773,1916.955556,0,2603.3,
-1800,1444.625,379.05,5144.894565,2047.45,0,2603.3,
-1800,1563.411111,375.27,5144.894565,2047.45,0,2603.3,
-1800,1563.411111,384.4,5144.894565,2047.45,0,2723,
-1800,1563.411111,392.39,5187.308075,2052.4,0,2863.8,
-1800,1563.411111,385.16,5187.308075,2052.4,0,2863.8,
-1800,1563.411111,368.71,5187.308075,2052.4,0,2863.8,
-1800,1563.411111,382.58,5187.308075,2052.4,0,2863.8,
-1800,1563.411111,372.72,5187.308075,2052.4,0,2863.8,
-1800,1444.625,351.77,5144.894565,2047.45,0,2863.8,
-1800,1444.625,321.64,4845.620773,1916.955556,0,2863.8,
-1800,1148.4,296.01,4845.620773,1916.955556,0,2863.8,
-1800,1153.528571,280.24,4860.156039,1923,0,2529.3,
-1800,1153.528571,273.89,4860.156039,1923,0,2402.2,
-1800,1153.528571,273.89,4860.156039,1923,0,2402.2,
-1800,1153.528571,273.89,4860.156039,1923,0,2402.2,
-1800,1153.528571,273.89,4860.156039,1923,0,2402.2,
-1800,1153.528571,312.85,5154.843478,2050.85,0,2402.2,
-1800,1446.9,336.24,5154.843478,2050.85,0,2529.3,
-1800,1446.9,341.72,5154.843478,2050.85,0,2529.3,
-1800,1446.9,364.34,5198.878261,2057.271429,0,2529.3,
-1800,1564.044444,381.16,5198.878261,2057.271429,0,2529.3,
-1800,1564.044444,414.15,5154.843478,2050.85,0,2529.3,
-1800,1446.9,377.96,4860.156039,1923,0,2529.3,
-1800,1446.9,371.36,4860.156039,1923,0,2402.2,
-1800,1446.9,379.65,5154.843478,2050.85,0,2402.2,
-1800,1564.044444,375.86,5154.843478,2050.85,0,2402.2,
-1800,1564.044444,385,5154.843478,2050.85,0,2529.3,
-1800,1564.044444,393,5198.878261,2057.271429,0,2678.3,
-1800,1564.044444,385.76,5198.878261,2057.271429,0,2678.3,
-1800,1564.044444,369.29,5198.878261,2057.271429,0,2678.3,
-1800,1564.044444,383.18,5198.878261,2057.271429,0,2678.3,
-1800,1564.044444,373.3,5198.878261,2057.271429,0,2678.3,
-1800,1446.9,352.32,5154.843478,2050.85,0,2678.3,
-1800,1446.9,322.15,4860.156039,1923,0,2678.3,
-1800,1153.528571,296.47,4860.156039,1923,0,2678.3,
-1800,1147.771429,278.47,4840.603382,1915.788889,0,2540.9,
-1800,1147.771429,273.2,4840.603382,1915.788889,0,2417.1,
-1800,1147.771429,273.2,4840.603382,1915.788889,0,2417.1,
-1800,1147.771429,273.2,4840.603382,1915.788889,0,2417.1,
-1800,1147.771429,273.2,4840.603382,1915.788889,0,2417.1,
-1800,1147.771429,309.91,5135.579348,2042.0625,0,2417.1,
-1800,1428.75,332.48,5135.579348,2042.0625,0,2540.9,
-1800,1428.75,337.76,5135.579348,2042.0625,0,2540.9,
-1800,1428.75,359.57,5176.519255,2048.971429,0,2540.9,
-1800,1541.088889,375.8,5176.519255,2048.971429,0,2540.9,
-1800,1541.088889,406.14,5135.579348,2042.0625,0,2540.9,
-1800,1428.75,372.71,4840.603382,1915.788889,0,2540.9,
-1800,1428.75,366.34,4840.603382,1915.788889,0,2417.1,
-1800,1428.75,374.34,5135.579348,2042.0625,0,2417.1,
-1800,1541.088889,370.68,5135.579348,2042.0625,0,2417.1,
-1800,1541.088889,379.5,5135.579348,2042.0625,0,2540.9,
-1800,1541.088889,387.22,5176.519255,2048.971429,0,2686.2,
-1800,1541.088889,380.24,5176.519255,2048.971429,0,2686.2,
-1800,1541.088889,364.35,5176.519255,2048.971429,0,2686.2,
-1800,1541.088889,377.74,5176.519255,2048.971429,0,2686.2,
-1800,1541.088889,368.21,5176.519255,2048.971429,0,2686.2,
-1800,1428.75,347.98,5135.579348,2042.0625,0,2686.2,
-1800,1428.75,318.88,4840.603382,1915.788889,0,2686.2,
-1800,1147.771429,294.12,4840.603382,1915.788889,0,2686.2,
-1800,1134.828571,275.34,4811.113043,1904.4,0,2553.3,
-1800,1134.828571,270.29,4811.113043,1904.4,0,2430.7,
-1800,1134.828571,270.29,4811.113043,1904.4,0,2430.7,
-1800,1134.828571,270.29,4811.113043,1904.4,0,2430.7,
-1800,1134.828571,270.29,4811.113043,1904.4,0,2430.7,
-1800,1134.828571,305.93,5110.073913,2031.375,0,2430.7,
-1800,1408.025,327.89,5110.073913,2031.375,0,2553.3,
-1800,1408.025,333.03,5110.073913,2031.375,0,2553.3,
-1800,1408.025,354.25,5146.941615,2037.528571,0,2553.3,
-1800,1517.522222,370.04,5146.941615,2037.528571,0,2553.3,
-1800,1517.522222,400.02,5110.073913,2031.375,0,2553.3,
-1800,1408.025,367.04,4811.113043,1904.4,0,2553.3,
-1800,1408.025,360.84,4811.113043,1904.4,0,2430.7,
-1800,1408.025,368.62,5110.073913,2031.375,0,2430.7,
-1800,1517.522222,365.06,5110.073913,2031.375,0,2430.7,
-1800,1517.522222,373.64,5110.073913,2031.375,0,2553.3,
-1800,1517.522222,381.15,5146.941615,2037.528571,0,2697.5,
-1800,1517.522222,374.36,5146.941615,2037.528571,0,2697.5,
-1800,1517.522222,358.9,5146.941615,2037.528571,0,2697.5,
-1800,1517.522222,371.93,5146.941615,2037.528571,0,2697.5,
-1800,1517.522222,362.66,5146.941615,2037.528571,0,2697.5,
-1800,1408.025,342.98,5110.073913,2031.375,0,2697.5,
-1800,1408.025,314.66,4811.113043,1904.4,0,2697.5,
-1800,1134.828571,290.57,4811.113043,1904.4,0,2697.5,
-1800,1133.914286,275.07,4725.044444,1872.277778,0,2561.5,
-1800,1133.914286,269.89,4725.044444,1872.277778,0,2438.4,
-1800,1133.914286,269.89,4725.044444,1872.277778,0,2438.4,
-1800,1133.914286,269.89,4725.044444,1872.277778,0,2438.4,
-1800,1133.914286,269.89,4725.044444,1872.277778,0,2438.4,
-1800,1133.914286,306.18,5028.475,1995.05,0,2438.4,
-1800,1411.8125,328.51,5028.475,1995.05,0,2561.5,
-1800,1411.8125,333.74,5028.475,1995.05,0,2561.5,
-1800,1411.8125,355.32,5052.328571,2002.014286,0,2561.5,
-1800,1523.044444,371.38,5052.328571,2002.014286,0,2561.5,
-1800,1523.044444,401.58,5028.475,1995.05,0,2561.5,
-1800,1411.8125,368.33,4725.044444,1872.277778,0,2561.5,
-1800,1411.8125,362.02,4725.044444,1872.277778,0,2438.4,
-1800,1411.8125,369.93,5028.475,1995.05,0,2438.4,
-1800,1523.044444,366.31,5028.475,1995.05,0,2438.4,
-1800,1523.044444,375.04,5028.475,1995.05,0,2561.5,
-1800,1523.044444,382.67,5052.328571,2002.014286,0,2706.2,
-1800,1523.044444,375.77,5052.328571,2002.014286,0,2706.2,
-1800,1523.044444,360.05,5052.328571,2002.014286,0,2706.2,
-1800,1523.044444,373.3,5052.328571,2002.014286,0,2706.2,
-1800,1523.044444,363.87,5052.328571,2002.014286,0,2706.2,
-1800,1411.8125,343.85,5028.475,1995.05,0,2706.2,
-1800,1411.8125,315.06,4725.044444,1872.277778,0,2706.2,
-1800,1133.914286,290.56,4725.044444,1872.277778,0,2706.2,
-1800,1131.842857,274.54,4615.488889,1829.677778,0,2540.9,
-1800,1131.842857,269.26,4615.488889,1829.677778,0,2417.1,
-1800,1131.842857,269.26,4615.488889,1829.677778,0,2417.1,
-1800,1131.842857,269.26,4615.488889,1829.677778,0,2417.1,
-1800,1131.842857,269.26,4615.488889,1829.677778,0,2417.1,
-1800,1131.842857,306.05,4911.525,1947.05,0,2417.1,
-1800,1413.3375,328.65,4911.525,1947.05,0,2540.9,
-1800,1413.3375,333.95,4911.525,1947.05,0,2540.9,
-1800,1413.3375,355.8,4931.614286,1955,0,2540.9,
-1800,1525.911111,372.06,4931.614286,1955,0,2540.9,
-1800,1525.911111,402.43,4911.525,1947.05,0,2540.9,
-1800,1413.3375,368.97,4615.488889,1829.677778,0,2540.9,
-1800,1413.3375,362.59,4615.488889,1829.677778,0,2417.1,
-1800,1413.3375,370.6,4911.525,1947.05,0,2417.1,
-1800,1525.911111,366.93,4911.525,1947.05,0,2417.1,
-1800,1525.911111,375.77,4911.525,1947.05,0,2540.9,
-1800,1525.911111,383.5,4931.614286,1955,0,2686.2,
-1800,1525.911111,376.51,4931.614286,1955,0,2686.2,
-1800,1525.911111,360.59,4931.614286,1955,0,2686.2,
-1800,1525.911111,374.01,4931.614286,1955,0,2686.2,
-1800,1525.911111,364.46,4931.614286,1955,0,2686.2,
-1800,1413.3375,344.19,4911.525,1947.05,0,2686.2,
-1800,1413.3375,315.03,4615.488889,1829.677778,0,2686.2,
-1800,1131.842857,290.22,4615.488889,1829.677778,0,2686.2,
-1800,1122.442857,272.31,4535.988889,1798.144444,0,2553.3,
-1800,1122.442857,266.81,4535.988889,1798.144444,0,2430.7,
-1800,1122.442857,266.81,4535.988889,1798.144444,0,2430.7,
-1800,1122.442857,266.81,4535.988889,1798.144444,0,2430.7,
-1800,1122.442857,266.81,4535.988889,1798.144444,0,2430.7,
-1800,1122.442857,304,4820.55,1910.9875,0,2430.7,
-1800,1406,326.74,4820.55,1910.9875,0,2553.3,
-1800,1406,332.06,4820.55,1910.9875,0,2553.3,
-1800,1406,354.04,4843.128571,1919.9,0,2553.3,
-1800,1519.344444,370.39,4843.128571,1919.9,0,2553.3,
-1800,1519.344444,401.31,4820.55,1910.9875,0,2553.3,
-1800,1406,367.28,4535.988889,1798.144444,0,2553.3,
-1800,1406,360.86,4535.988889,1798.144444,0,2430.7,
-1800,1406,368.92,4820.55,1910.9875,0,2430.7,
-1800,1519.344444,365.23,4820.55,1910.9875,0,2430.7,
-1800,1519.344444,374.12,4820.55,1910.9875,0,2553.3,
-1800,1519.344444,381.89,4843.128571,1919.9,0,2697.5,
-1800,1519.344444,374.86,4843.128571,1919.9,0,2697.5,
-1800,1519.344444,358.85,4843.128571,1919.9,0,2697.5,
-1800,1519.344444,372.35,4843.128571,1919.9,0,2697.5,
-1800,1519.344444,362.75,4843.128571,1919.9,0,2697.5,
-1800,1406,342.36,4820.55,1910.9875,0,2697.5,
-1800,1406,313.04,4535.988889,1798.144444,0,2697.5,
-1800,1122.442857,288.09,4535.988889,1798.144444,0,2697.5,
-1800,1125.242857,273.15,4543.711111,1801.211111,0,2561.5,
-1800,1125.242857,267.37,4543.711111,1801.211111,0,2438.4,
-1800,1125.242857,267.37,4543.711111,1801.211111,0,2438.4,
-1800,1125.242857,267.37,4543.711111,1801.211111,0,2438.4,
-1800,1125.242857,267.37,4543.711111,1801.211111,0,2438.4,
-1800,1125.242857,304.93,4822.9125,1911.9125,0,2438.4,
-1800,1410.3,327.74,4822.9125,1911.9125,0,2561.5,
-1800,1410.3,333.08,4822.9125,1911.9125,0,2561.5,
-1800,1410.3,355.13,4848.257143,1921.942857,0,2561.5,
-1800,1524.288889,371.53,4848.257143,1921.942857,0,2561.5,
-1800,1524.288889,403.19,4822.9125,1911.9125,0,2561.5,
-1800,1410.3,368.41,4543.711111,1801.211111,0,2561.5,
-1800,1410.3,361.97,4543.711111,1801.211111,0,2438.4,
-1800,1410.3,370.05,4822.9125,1911.9125,0,2438.4,
-1800,1524.288889,366.35,4822.9125,1911.9125,0,2438.4,
-1800,1524.288889,375.27,4822.9125,1911.9125,0,2561.5,
-1800,1524.288889,383.06,4848.257143,1921.942857,0,2706.2,
-1800,1524.288889,376.01,4848.257143,1921.942857,0,2706.2,
-1800,1524.288889,359.95,4848.257143,1921.942857,0,2706.2,
-1800,1524.288889,373.49,4848.257143,1921.942857,0,2706.2,
-1800,1524.288889,363.86,4848.257143,1921.942857,0,2706.2,
-1800,1410.3,343.41,4822.9125,1911.9125,0,2706.2,
-1800,1410.3,314,4543.711111,1801.211111,0,2706.2,
-1800,1125.242857,288.97,4543.711111,1801.211111,0,2706.2,
-1800,1135.485714,275.4,4540.566667,1799.966667,0,2618.7,
-1800,1135.485714,269.98,4540.566667,1799.966667,0,2497.9,
-1800,1135.485714,269.98,4540.566667,1799.966667,0,2497.9,
-1800,1135.485714,269.98,4540.566667,1799.966667,0,2497.9,
-1800,1135.485714,269.98,4540.566667,1799.966667,0,2497.9,
-1800,1135.485714,307.41,4799.55,1902.6375,0,2497.9,
-1800,1421.6375,330.38,4799.55,1902.6375,0,2618.7,
-1800,1421.6375,335.76,4799.55,1902.6375,0,2618.7,
-1800,1421.6375,357.97,4825.871429,1913.085714,0,2618.7,
-1800,1535.855556,374.49,4825.871429,1913.085714,0,2618.7,
-1800,1535.855556,405.07,4799.55,1902.6375,0,2618.7,
-1800,1421.6375,371.35,4540.566667,1799.966667,0,2618.7,
-1800,1421.6375,364.86,4540.566667,1799.966667,0,2497.9,
-1800,1421.6375,373,4799.55,1902.6375,0,2497.9,
-1800,1535.855556,369.28,4799.55,1902.6375,0,2497.9,
-1800,1535.855556,378.26,4799.55,1902.6375,0,2618.7,
-1800,1535.855556,386.11,4825.871429,1913.085714,0,2760.9,
-1800,1535.855556,379.01,4825.871429,1913.085714,0,2760.9,
-1800,1535.855556,362.83,4825.871429,1913.085714,0,2760.9,
-1800,1535.855556,376.47,4825.871429,1913.085714,0,2760.9,
-1800,1535.855556,366.77,4825.871429,1913.085714,0,2760.9,
-1800,1421.6375,346.17,4799.55,1902.6375,0,2760.9,
-1800,1421.6375,316.54,4540.566667,1799.966667,0,2760.9,
-1800,1135.485714,291.34,4540.566667,1799.966667,0,2760.9,
-1800,1136.314286,275.81,4472.922222,1773.166667,0,2614.5,
-1800,1136.314286,270.02,4472.922222,1773.166667,0,2496.1,
-1800,1136.314286,270.02,4472.922222,1773.166667,0,2496.1,
-1800,1136.314286,270.02,4472.922222,1773.166667,0,2496.1,
-1800,1136.314286,270.02,4472.922222,1773.166667,0,2496.1,
-1800,1136.314286,307.9,4715.3875,1869.2875,0,2496.1,
-1800,1424,330.92,4715.3875,1869.2875,0,2614.5,
-1800,1424,336.31,4715.3875,1869.2875,0,2614.5,
-1800,1424,358.58,4739.385714,1878.785714,0,2614.5,
-1800,1538.911111,375.14,4739.385714,1878.785714,0,2614.5,
-1800,1538.911111,406.71,4715.3875,1869.2875,0,2614.5,
-1800,1424,371.99,4472.922222,1773.166667,0,2614.5,
-1800,1424,365.49,4472.922222,1773.166667,0,2496.1,
-1800,1424,373.64,4715.3875,1869.2875,0,2496.1,
-1800,1538.911111,369.91,4715.3875,1869.2875,0,2496.1,
-1800,1538.911111,378.91,4715.3875,1869.2875,0,2614.5,
-1800,1538.911111,386.78,4739.385714,1878.785714,0,2754.2,
-1800,1538.911111,379.66,4739.385714,1878.785714,0,2754.2,
-1800,1538.911111,363.45,4739.385714,1878.785714,0,2754.2,
-1800,1538.911111,377.12,4739.385714,1878.785714,0,2754.2,
-1800,1538.911111,367.39,4739.385714,1878.785714,0,2754.2,
-1800,1424,346.75,4715.3875,1869.2875,0,2754.2,
-1800,1424,317.05,4472.922222,1773.166667,0,2754.2,
-1800,1136.314286,291.78,4472.922222,1773.166667,0,2754.2,
-1800,1137.7,276.34,4386.366667,1738.844444,0,2588.6,
-1800,1137.7,270.19,4386.366667,1738.844444,0,2470,
-1800,1137.7,270.19,4386.366667,1738.844444,0,2470,
-1800,1137.7,270.19,4386.366667,1738.844444,0,2470,
-1800,1137.7,270.19,4386.366667,1738.844444,0,2470,
-1800,1137.7,308.49,4640.15,1839.4375,0,2470,
-1800,1426.7375,331.56,4640.15,1839.4375,0,2588.6,
-1800,1426.7375,336.96,4640.15,1839.4375,0,2588.6,
-1800,1426.7375,359.26,4665.714286,1849.6,0,2588.6,
-1800,1542.288889,375.86,4665.714286,1849.6,0,2588.6,
-1800,1542.288889,408.41,4640.15,1839.4375,0,2588.6,
-1800,1426.7375,372.7,4386.366667,1738.844444,0,2588.6,
-1800,1426.7375,366.19,4386.366667,1738.844444,0,2470,
-1800,1426.7375,374.36,4640.15,1839.4375,0,2470,
-1800,1542.288889,370.62,4640.15,1839.4375,0,2470,
-1800,1542.288889,379.64,4640.15,1839.4375,0,2588.6,
-1800,1542.288889,387.53,4665.714286,1849.6,0,2728.6,
-1800,1542.288889,380.39,4665.714286,1849.6,0,2728.6,
-1800,1542.288889,364.15,4665.714286,1849.6,0,2728.6,
-1800,1542.288889,377.84,4665.714286,1849.6,0,2728.6,
-1800,1542.288889,368.1,4665.714286,1849.6,0,2728.6,
-1800,1426.7375,347.41,4640.15,1839.4375,0,2728.6,
-1800,1426.7375,317.66,4386.366667,1738.844444,0,2728.6,
-1800,1137.7,292.34,4386.366667,1738.844444,0,2728.6,
-1800,1143.271429,277.3,4344.8,1722.388889,0,2574.6,
-1800,1143.271429,271.83,4344.8,1722.388889,0,2452.8,
-1800,1143.271429,271.83,4344.8,1722.388889,0,2452.8,
-1800,1143.271429,271.83,4344.8,1722.388889,0,2452.8,
-1800,1143.271429,271.83,4344.8,1722.388889,0,2452.8,
-1800,1143.271429,309.53,4616.4,1830.0375,0,2452.8,
-1800,1431.425,332.67,4616.4,1830.0375,0,2574.6,
-1800,1431.425,338.08,4616.4,1830.0375,0,2574.6,
-1800,1431.425,360.44,4638.157143,1838.657143,0,2574.6,
-1800,1546.411111,377.08,4638.157143,1838.657143,0,2574.6,
-1800,1546.411111,407.76,4616.4,1830.0375,0,2574.6,
-1800,1431.425,373.91,4344.8,1722.388889,0,2574.6,
-1800,1431.425,367.38,4344.8,1722.388889,0,2452.8,
-1800,1431.425,375.58,4616.4,1830.0375,0,2452.8,
-1800,1546.411111,371.83,4616.4,1830.0375,0,2452.8,
-1800,1546.411111,380.87,4616.4,1830.0375,0,2574.6,
-1800,1546.411111,388.78,4638.157143,1838.657143,0,2718,
-1800,1546.411111,381.62,4638.157143,1838.657143,0,2718,
-1800,1546.411111,365.34,4638.157143,1838.657143,0,2718,
-1800,1546.411111,379.07,4638.157143,1838.657143,0,2718,
-1800,1546.411111,369.3,4638.157143,1838.657143,0,2718,
-1800,1431.425,348.56,4616.4,1830.0375,0,2718,
-1800,1431.425,318.73,4344.8,1722.388889,0,2718,
-1800,1143.271429,293.35,4344.8,1722.388889,0,2718,
-1800,1131.9,274.55,4373.088889,1733.6,0,2568.6,
-1800,1131.9,269.27,4373.088889,1733.6,0,2441.1,
-1800,1131.9,269.27,4373.088889,1733.6,0,2441.1,
-1800,1131.9,269.27,4373.088889,1733.6,0,2441.1,
-1800,1131.9,269.27,4373.088889,1733.6,0,2441.1,
-1800,1131.9,306.06,4647.775,1842.475,0,2441.1,
-1800,1413.425,328.67,4647.775,1842.475,0,2568.6,
-1800,1413.425,333.96,4647.775,1842.475,0,2568.6,
-1800,1413.425,355.81,4669.1,1850.942857,0,2568.6,
-1800,1525.933333,372.07,4669.1,1850.942857,0,2568.6,
-1800,1525.933333,402.44,4647.775,1842.475,0,2568.6,
-1800,1413.425,368.98,4373.088889,1733.6,0,2568.6,
-1800,1413.425,362.6,4373.088889,1733.6,0,2441.1,
-1800,1413.425,370.61,4647.775,1842.475,0,2441.1,
-1800,1525.933333,366.94,4647.775,1842.475,0,2441.1,
-1800,1525.933333,375.78,4647.775,1842.475,0,2568.6,
-1800,1525.933333,383.51,4669.1,1850.942857,0,2717.9,
-1800,1525.933333,376.52,4669.1,1850.942857,0,2717.9,
-1800,1525.933333,360.6,4669.1,1850.942857,0,2717.9,
-1800,1525.933333,374.02,4669.1,1850.942857,0,2717.9,
-1800,1525.933333,364.47,4669.1,1850.942857,0,2717.9,
-1800,1413.425,344.2,4647.775,1842.475,0,2717.9,
-1800,1413.425,315.04,4373.088889,1733.6,0,2717.9,
-1800,1131.9,290.23,4373.088889,1733.6,0,2717.9,
-1800,1115.428571,270.54,4430.544444,1756.355556,0,2564.6,
-1800,1115.428571,265.41,4430.544444,1756.355556,0,2440.9,
-1800,1115.428571,265.41,4430.544444,1756.355556,0,2440.9,
-1800,1115.428571,265.41,4430.544444,1756.355556,0,2440.9,
-1800,1115.428571,265.41,4430.544444,1756.355556,0,2440.9,
-1800,1115.428571,301.46,4689.9375,1859.1875,0,2440.9,
-1800,1391.525,323.64,4689.9375,1859.1875,0,2564.6,
-1800,1391.525,328.83,4689.9375,1859.1875,0,2564.6,
-1800,1391.525,350.28,4716.314286,1869.642857,0,2564.6,
-1800,1502.111111,366.24,4716.314286,1869.642857,0,2564.6,
-1800,1502.111111,396.36,4689.9375,1859.1875,0,2564.6,
-1800,1391.525,363.2,4430.544444,1756.355556,0,2564.6,
-1800,1391.525,356.94,4430.544444,1756.355556,0,2440.9,
-1800,1391.525,364.8,4689.9375,1859.1875,0,2440.9,
-1800,1502.111111,361.21,4689.9375,1859.1875,0,2440.9,
-1800,1502.111111,369.88,4689.9375,1859.1875,0,2564.6,
-1800,1502.111111,377.46,4716.314286,1869.642857,0,2710,
-1800,1502.111111,370.6,4716.314286,1869.642857,0,2710,
-1800,1502.111111,354.98,4716.314286,1869.642857,0,2710,
-1800,1502.111111,368.15,4716.314286,1869.642857,0,2710,
-1800,1502.111111,358.78,4716.314286,1869.642857,0,2710,
-1800,1391.525,338.89,4689.9375,1859.1875,0,2710,
-1800,1391.525,310.27,4430.544444,1756.355556,0,2710,
-1800,1115.428571,285.93,4430.544444,1756.355556,0,2710,
-1800,1099.6,266.71,4409.733333,1748.111111,0,2562.9,
-1800,1099.6,261.8,4409.733333,1748.111111,0,2443.6,
-1800,1099.6,261.8,4409.733333,1748.111111,0,2443.6,
-1800,1099.6,261.8,4409.733333,1748.111111,0,2443.6,
-1800,1099.6,261.8,4409.733333,1748.111111,0,2443.6,
-1800,1099.6,296.76,4656.325,1845.875,0,2443.6,
-1800,1367.8375,318.33,4656.325,1845.875,0,2562.9,
-1800,1367.8375,323.38,4656.325,1845.875,0,2562.9,
-1800,1367.8375,344.23,4680.914286,1855.614286,0,2562.9,
-1800,1475.511111,359.74,4680.914286,1855.614286,0,2562.9,
-1800,1475.511111,389.49,4656.325,1845.875,0,2562.9,
-1800,1367.8375,356.79,4409.733333,1748.111111,0,2562.9,
-1800,1367.8375,350.7,4409.733333,1748.111111,0,2443.6,
-1800,1367.8375,358.34,4656.325,1845.875,0,2443.6,
-1800,1475.511111,354.84,4656.325,1845.875,0,2443.6,
-1800,1475.511111,363.27,4656.325,1845.875,0,2562.9,
-1800,1475.511111,370.65,4680.914286,1855.614286,0,2703.6,
-1800,1475.511111,363.98,4680.914286,1855.614286,0,2703.6,
-1800,1475.511111,348.79,4680.914286,1855.614286,0,2703.6,
-1800,1475.511111,361.59,4680.914286,1855.614286,0,2703.6,
-1800,1475.511111,352.49,4680.914286,1855.614286,0,2703.6,
-1800,1367.8375,333.15,4656.325,1845.875,0,2703.6,
-1800,1367.8375,305.34,4409.733333,1748.111111,0,2703.6,
-1800,1099.6,281.67,4409.733333,1748.111111,0,2703.6,
-1800,1078.742857,261.62,4365.333333,1730.533333,0,2570.4,
-1800,1078.742857,256.88,4365.333333,1730.533333,0,2451.9,
-1800,1078.742857,256.88,4365.333333,1730.533333,0,2451.9,
-1800,1078.742857,256.88,4365.333333,1730.533333,0,2451.9,
-1800,1078.742857,256.88,4365.333333,1730.533333,0,2451.9,
-1800,1078.742857,291.03,4609.8125,1827.425,0,2451.9,
-1800,1341.075,312.14,4609.8125,1827.425,0,2570.4,
-1800,1341.075,317.08,4609.8125,1827.425,0,2570.4,
-1800,1341.075,337.49,4634.114286,1837.042857,0,2570.4,
-1800,1446.688889,352.67,4634.114286,1837.042857,0,2570.4,
-1800,1446.688889,382.14,4609.8125,1827.425,0,2570.4,
-1800,1341.075,349.78,4365.333333,1730.533333,0,2570.4,
-1800,1341.075,343.82,4365.333333,1730.533333,0,2451.9,
-1800,1341.075,351.3,4609.8125,1827.425,0,2451.9,
-1800,1446.688889,347.88,4609.8125,1827.425,0,2451.9,
-1800,1446.688889,356.13,4609.8125,1827.425,0,2570.4,
-1800,1446.688889,363.34,4634.114286,1837.042857,0,2710.1,
-1800,1446.688889,356.82,4634.114286,1837.042857,0,2710.1,
-1800,1446.688889,341.96,4634.114286,1837.042857,0,2710.1,
-1800,1446.688889,354.48,4634.114286,1837.042857,0,2710.1,
-1800,1446.688889,345.57,4634.114286,1837.042857,0,2710.1,
-1800,1341.075,326.65,4609.8125,1827.425,0,2710.1,
-1800,1341.075,299.42,4365.333333,1730.533333,0,2710.1,
-1800,1078.742857,276.26,4365.333333,1730.533333,0,2710.1,
-1800,1052.3,255.11,4357.911111,1727.566667,0,2577.5,
-1800,1052.3,250.33,4357.911111,1727.566667,0,2455.9,
-1800,1052.3,250.33,4357.911111,1727.566667,0,2455.9,
-1800,1052.3,250.33,4357.911111,1727.566667,0,2455.9,
-1800,1052.3,250.33,4357.911111,1727.566667,0,2455.9,
-1800,1052.3,284.69,4617.925,1830.6375,0,2455.9,
-1800,1316.15,305.91,4617.925,1830.6375,0,2577.5,
-1800,1316.15,310.88,4617.925,1830.6375,0,2577.5,
-1800,1316.15,331.4,4644.357143,1841.128571,0,2577.5,
-1800,1422.266667,346.66,4644.357143,1841.128571,0,2577.5,
-1800,1422.266667,376.21,4617.925,1830.6375,0,2577.5,
-1800,1316.15,343.76,4357.911111,1727.566667,0,2577.5,
-1800,1316.15,337.77,4357.911111,1727.566667,0,2455.9,
-1800,1316.15,345.28,4617.925,1830.6375,0,2455.9,
-1800,1422.266667,341.84,4617.925,1830.6375,0,2455.9,
-1800,1422.266667,350.14,4617.925,1830.6375,0,2577.5,
-1800,1422.266667,357.4,4644.357143,1841.128571,0,2720.5,
-1800,1422.266667,350.83,4644.357143,1841.128571,0,2720.5,
-1800,1422.266667,335.89,4644.357143,1841.128571,0,2720.5,
-1800,1422.266667,348.49,4644.357143,1841.128571,0,2720.5,
-1800,1422.266667,339.52,4644.357143,1841.128571,0,2720.5,
-1800,1316.15,320.5,4617.925,1830.6375,0,2720.5,
-1800,1316.15,293.12,4357.911111,1727.566667,0,2720.5,
-1800,1052.3,269.83,4357.911111,1727.566667,0,2720.5,
-1800,1046.514286,254.19,4406.977778,1747.011111,0,2555.7,
-1800,1046.514286,248.53,4406.977778,1747.011111,0,2426.9,
-1800,1046.514286,248.53,4406.977778,1747.011111,0,2426.9,
-1800,1046.514286,248.53,4406.977778,1747.011111,0,2426.9,
-1800,1046.514286,248.53,4406.977778,1747.011111,0,2426.9,
-1800,1046.514286,283.78,4675.3875,1853.425,0,2426.9,
-1800,1312.5125,305.01,4675.3875,1853.425,0,2555.7,
-1800,1312.5125,309.98,4675.3875,1853.425,0,2555.7,
-1800,1312.5125,330.51,4700.885714,1863.5,0,2555.7,
-1800,1419.766667,345.78,4700.885714,1863.5,0,2555.7,
-1800,1419.766667,377.76,4675.3875,1853.425,0,2555.7,
-1800,1312.5125,342.87,4406.977778,1747.011111,0,2555.7,
-1800,1312.5125,336.88,4406.977778,1747.011111,0,2426.9,
-1800,1312.5125,344.4,4675.3875,1853.425,0,2426.9,
-1800,1419.766667,340.96,4675.3875,1853.425,0,2426.9,
-1800,1419.766667,349.26,4675.3875,1853.425,0,2555.7,
-1800,1419.766667,356.51,4700.885714,1863.5,0,2706.5,
-1800,1419.766667,349.95,4700.885714,1863.5,0,2706.5,
-1800,1419.766667,335,4700.885714,1863.5,0,2706.5,
-1800,1419.766667,347.6,4700.885714,1863.5,0,2706.5,
-1800,1419.766667,338.64,4700.885714,1863.5,0,2706.5,
-1800,1312.5125,319.6,4675.3875,1853.425,0,2706.5,
-1800,1312.5125,292.22,4406.977778,1747.011111,0,2706.5,
-1800,1046.514286,268.92,4406.977778,1747.011111,0,2706.5,
-1800,1069.371429,259.56,4463.811111,1769.544444,0,2536.9,
-1800,1069.371429,254.1,4463.811111,1769.544444,0,2401.9,
-1800,1069.371429,254.1,4463.811111,1769.544444,0,2401.9,
-1800,1069.371429,254.1,4463.811111,1769.544444,0,2401.9,
-1800,1069.371429,254.1,4463.811111,1769.544444,0,2401.9,
-1800,1069.371429,289.76,4730.375,1875.2125,0,2401.9,
-1800,1340.1875,311.44,4730.375,1875.2125,0,2536.9,
-1800,1340.1875,316.51,4730.375,1875.2125,0,2536.9,
-1800,1340.1875,337.47,4757.728571,1886.057143,0,2536.9,
-1800,1449.022222,353.06,4757.728571,1886.057143,0,2536.9,
-1800,1449.022222,384.27,4730.375,1875.2125,0,2536.9,
-1800,1340.1875,350.09,4463.811111,1769.544444,0,2536.9,
-1800,1340.1875,343.98,4463.811111,1769.544444,0,2401.9,
-1800,1340.1875,351.65,4730.375,1875.2125,0,2401.9,
-1800,1449.022222,348.14,4730.375,1875.2125,0,2401.9,
-1800,1449.022222,356.61,4730.375,1875.2125,0,2536.9,
-1800,1449.022222,364.02,4757.728571,1886.057143,0,2694.2,
-1800,1449.022222,357.32,4757.728571,1886.057143,0,2694.2,
-1800,1449.022222,342.06,4757.728571,1886.057143,0,2694.2,
-1800,1449.022222,354.92,4757.728571,1886.057143,0,2694.2,
-1800,1449.022222,345.77,4757.728571,1886.057143,0,2694.2,
-1800,1340.1875,326.34,4730.375,1875.2125,0,2694.2,
-1800,1340.1875,298.38,4463.811111,1769.544444,0,2694.2,
-1800,1069.371429,274.59,4463.811111,1769.544444,0,2694.2,
-1800,1083.471429,262.77,4467.955556,1771.166667,0,2545.3,
-1800,1083.471429,257.62,4467.955556,1771.166667,0,2409.3,
-1800,1083.471429,257.62,4467.955556,1771.166667,0,2409.3,
-1800,1083.471429,257.62,4467.955556,1771.166667,0,2409.3,
-1800,1083.471429,257.62,4467.955556,1771.166667,0,2409.3,
-1800,1083.471429,293.35,4712.15,1867.9875,0,2409.3,
-1800,1356.75,315.29,4712.15,1867.9875,0,2545.3,
-1800,1356.75,320.43,4712.15,1867.9875,0,2545.3,
-1800,1356.75,341.64,4736.4,1877.6,0,2545.3,
-1800,1466.344444,357.43,4736.4,1877.6,0,2545.3,
-1800,1466.344444,387.7,4712.15,1867.9875,0,2545.3,
-1800,1356.75,354.42,4467.955556,1771.166667,0,2545.3,
-1800,1356.75,348.23,4467.955556,1771.166667,0,2409.3,
-1800,1356.75,356,4712.15,1867.9875,0,2409.3,
-1800,1466.344444,352.45,4712.15,1867.9875,0,2409.3,
-1800,1466.344444,361.02,4712.15,1867.9875,0,2545.3,
-1800,1466.344444,368.53,4736.4,1877.6,0,2703.7,
-1800,1466.344444,361.74,4736.4,1877.6,0,2703.7,
-1800,1466.344444,346.29,4736.4,1877.6,0,2703.7,
-1800,1466.344444,359.31,4736.4,1877.6,0,2703.7,
-1800,1466.344444,350.05,4736.4,1877.6,0,2703.7,
-1800,1356.75,330.37,4712.15,1867.9875,0,2703.7,
-1800,1356.75,302.07,4467.955556,1771.166667,0,2703.7,
-1800,1083.471429,277.99,4467.955556,1771.166667,0,2703.7,
-1800,1086.685714,263.52,4433.822222,1757.666667,0,2571.4,
-1800,1086.685714,258.57,4433.822222,1757.666667,0,2435.2,
-1800,1086.685714,258.57,4433.822222,1757.666667,0,2435.2,
-1800,1086.685714,258.57,4433.822222,1757.666667,0,2435.2,
-1800,1086.685714,258.57,4433.822222,1757.666667,0,2435.2,
-1800,1086.685714,293.72,4667.6375,1850.375,0,2435.2,
-1800,1356.2875,315.4,4667.6375,1850.375,0,2571.4,
-1800,1356.2875,320.47,4667.6375,1850.375,0,2571.4,
-1800,1356.2875,341.43,4690.457143,1859.371429,0,2571.4,
-1800,1464.488889,357.02,4690.457143,1859.371429,0,2571.4,
-1800,1464.488889,386.83,4667.6375,1850.375,0,2571.4,
-1800,1356.2875,354.05,4433.822222,1757.666667,0,2571.4,
-1800,1356.2875,347.93,4433.822222,1757.666667,0,2435.2,
-1800,1356.2875,355.61,4667.6375,1850.375,0,2435.2,
-1800,1464.488889,352.1,4667.6375,1850.375,0,2435.2,
-1800,1464.488889,360.57,4667.6375,1850.375,0,2571.4,
-1800,1464.488889,367.98,4690.457143,1859.371429,0,2729.9,
-1800,1464.488889,361.28,4690.457143,1859.371429,0,2729.9,
-1800,1464.488889,346.02,4690.457143,1859.371429,0,2729.9,
-1800,1464.488889,358.88,4690.457143,1859.371429,0,2729.9,
-1800,1464.488889,349.73,4690.457143,1859.371429,0,2729.9,
-1800,1356.2875,330.29,4667.6375,1850.375,0,2729.9,
-1800,1356.2875,302.34,4433.822222,1757.666667,0,2729.9,
-1800,1086.685714,278.55,4433.822222,1757.666667,0,2729.9,
-1800,1082.414286,262.45,4390.544444,1740.488889,0,2588,
-1800,1082.414286,257.44,4390.544444,1740.488889,0,2448.8,
-1800,1082.414286,257.44,4390.544444,1740.488889,0,2448.8,
-1800,1082.414286,257.44,4390.544444,1740.488889,0,2448.8,
-1800,1082.414286,257.44,4390.544444,1740.488889,0,2448.8,
-1800,1082.414286,292.91,4633.2625,1836.725,0,2448.8,
-1800,1354.3,314.76,4633.2625,1836.725,0,2588,
-1800,1354.3,319.88,4633.2625,1836.725,0,2588,
-1800,1354.3,341.01,4657.3,1846.271429,0,2588,
-1800,1463.366667,356.73,4657.3,1846.271429,0,2588,
-1800,1463.366667,386.65,4633.2625,1836.725,0,2588,
-1800,1354.3,353.74,4390.544444,1740.488889,0,2588,
-1800,1354.3,347.57,4390.544444,1740.488889,0,2448.8,
-1800,1354.3,355.31,4633.2625,1836.725,0,2448.8,
-1800,1463.366667,351.77,4633.2625,1836.725,0,2448.8,
-1800,1463.366667,360.31,4633.2625,1836.725,0,2588,
-1800,1463.366667,367.78,4657.3,1846.271429,0,2749.8,
-1800,1463.366667,361.02,4657.3,1846.271429,0,2749.8,
-1800,1463.366667,345.64,4657.3,1846.271429,0,2749.8,
-1800,1463.366667,358.61,4657.3,1846.271429,0,2749.8,
-1800,1463.366667,349.38,4657.3,1846.271429,0,2749.8,
-1800,1354.3,329.78,4633.2625,1836.725,0,2749.8,
-1800,1354.3,301.6,4390.544444,1740.488889,0,2749.8,
-1800,1082.414286,277.61,4390.544444,1740.488889,0,2749.8,
-1800,1096.957143,266.06,4332.077778,1717.311111,0,2631.6,
-1800,1096.957143,261.16,4332.077778,1717.311111,0,2492,
-1800,1096.957143,261.16,4332.077778,1717.311111,0,2492,
-1800,1096.957143,261.16,4332.077778,1717.311111,0,2492,
-1800,1096.957143,261.16,4332.077778,1717.311111,0,2492,
-1800,1096.957143,296.08,4558.0625,1806.9125,0,2492,
-1800,1364.9375,317.63,4558.0625,1806.9125,0,2631.6,
-1800,1364.9375,322.67,4558.0625,1806.9125,0,2631.6,
-1800,1364.9375,343.5,4579.8,1815.514286,0,2631.6,
-1800,1472.544444,359,4579.8,1815.514286,0,2631.6,
-1800,1472.544444,388.74,4558.0625,1806.9125,0,2631.6,
-1800,1364.9375,356.05,4332.077778,1717.311111,0,2631.6,
-1800,1364.9375,349.97,4332.077778,1717.311111,0,2492,
-1800,1364.9375,357.6,4558.0625,1806.9125,0,2492,
-1800,1472.544444,354.11,4558.0625,1806.9125,0,2492,
-1800,1472.544444,362.53,4558.0625,1806.9125,0,2631.6,
-1800,1472.544444,369.9,4579.8,1815.514286,0,2793.7,
-1800,1472.544444,363.23,4579.8,1815.514286,0,2793.7,
-1800,1472.544444,348.07,4579.8,1815.514286,0,2793.7,
-1800,1472.544444,360.85,4579.8,1815.514286,0,2793.7,
-1800,1472.544444,351.76,4579.8,1815.514286,0,2793.7,
-1800,1364.9375,332.44,4558.0625,1806.9125,0,2793.7,
-1800,1364.9375,304.65,4332.077778,1717.311111,0,2793.7,
-1800,1096.957143,281,4332.077778,1717.311111,0,2793.7,
-1800,1060.142857,257.19,4357.577778,1894.366667,0,2436.1,
-1800,1060.142857,252.54,4357.577778,1894.366667,0,2309.3,
-1800,1060.142857,252.54,4357.577778,1894.366667,0,2309.3,
-1800,1060.142857,252.54,4357.577778,1894.366667,0,2309.3,
-1800,1060.142857,252.54,4357.577778,1894.366667,0,2309.3,
-1800,1060.142857,285.72,4580.55,1991.275,0,2309.3,
-1800,1314.7375,306.19,4580.55,1991.275,0,2436.1,
-1800,1314.7375,310.98,4580.55,1991.275,0,2436.1,
-1800,1314.7375,330.78,4602.285714,2000.728571,0,2436.1,
-1800,1416.977778,345.5,4602.285714,2000.728571,0,2436.1,
-1800,1416.977778,373.72,4580.55,1991.275,0,2436.1,
-1800,1314.7375,342.7,4357.577778,1894.366667,0,2436.1,
-1800,1314.7375,336.92,4357.577778,1894.366667,0,2309.3,
-1800,1314.7375,344.17,4580.55,1991.275,0,2309.3,
-1800,1416.977778,340.85,4580.55,1991.275,0,2309.3,
-1800,1416.977778,348.85,4580.55,1991.275,0,2436.1,
-1800,1416.977778,355.85,4602.285714,2000.728571,0,2583.3,
-1800,1416.977778,349.52,4602.285714,2000.728571,0,2583.3,
-1800,1416.977778,335.11,4602.285714,2000.728571,0,2583.3,
-1800,1416.977778,347.26,4602.285714,2000.728571,0,2583.3,
-1800,1416.977778,338.61,4602.285714,2000.728571,0,2583.3,
-1800,1314.7375,320.26,4580.55,1991.275,0,2583.3,
-1800,1314.7375,293.86,4357.577778,1894.366667,0,2583.3,
-1800,1060.142857,271.39,4357.577778,1894.366667,0,2583.3,
-1800,1044.142857,253.22,4332.944444,1883.622222,0,2458.4,
-1800,1044.142857,248.36,4332.944444,1883.622222,0,2335.5,
-1800,1044.142857,248.36,4332.944444,1883.622222,0,2335.5,
-1800,1044.142857,248.36,4332.944444,1883.622222,0,2335.5,
-1800,1044.142857,248.36,4332.944444,1883.622222,0,2335.5,
-1800,1044.142857,282.49,4557.1875,1981.1125,0,2335.5,
-1800,1305.625,303.5,4557.1875,1981.1125,0,2458.4,
-1800,1305.625,308.42,4557.1875,1981.1125,0,2458.4,
-1800,1305.625,328.73,4579.1,1990.642857,0,2458.4,
-1800,1410.355556,343.84,4579.1,1990.642857,0,2458.4,
-1800,1410.355556,372.38,4557.1875,1981.1125,0,2458.4,
-1800,1305.625,340.96,4332.944444,1883.622222,0,2458.4,
-1800,1305.625,335.03,4332.944444,1883.622222,0,2335.5,
-1800,1305.625,342.47,4557.1875,1981.1125,0,2335.5,
-1800,1410.355556,339.07,4557.1875,1981.1125,0,2335.5,
-1800,1410.355556,347.28,4557.1875,1981.1125,0,2458.4,
-1800,1410.355556,354.46,4579.1,1990.642857,0,2601.5,
-1800,1410.355556,347.96,4579.1,1990.642857,0,2601.5,
-1800,1410.355556,333.17,4579.1,1990.642857,0,2601.5,
-1800,1410.355556,345.64,4579.1,1990.642857,0,2601.5,
-1800,1410.355556,336.77,4579.1,1990.642857,0,2601.5,
-1800,1305.625,317.94,4557.1875,1981.1125,0,2601.5,
-1800,1305.625,290.84,4332.944444,1883.622222,0,2601.5,
-1800,1044.142857,267.79,4332.944444,1883.622222,0,2601.5,
-1800,1041.228571,252.65,4374.111111,1901.544444,0,2454.6,
-1800,1041.228571,247.47,4374.111111,1901.544444,0,2327.4,
-1800,1041.228571,247.47,4374.111111,1901.544444,0,2327.4,
-1800,1041.228571,247.47,4374.111111,1901.544444,0,2327.4,
-1800,1041.228571,247.47,4374.111111,1901.544444,0,2327.4,
-1800,1041.228571,282.06,4614.225,2005.925,0,2327.4,
-1800,1304.525,303.15,4614.225,2005.925,0,2454.6,
-1800,1304.525,308.09,4614.225,2005.925,0,2454.6,
-1800,1304.525,328.49,4638.357143,2016.4,0,2454.6,
-1800,1410.033333,343.66,4638.357143,2016.4,0,2454.6,
-1800,1410.033333,373.09,4614.225,2005.925,0,2454.6,
-1800,1304.525,340.78,4374.111111,1901.544444,0,2454.6,
-1800,1304.525,334.82,4374.111111,1901.544444,0,2327.4,
-1800,1304.525,342.29,4614.225,2005.925,0,2327.4,
-1800,1410.033333,338.88,4614.225,2005.925,0,2327.4,
-1800,1410.033333,347.12,4614.225,2005.925,0,2454.6,
-1800,1410.033333,354.33,4638.357143,2016.4,0,2602.2,
-1800,1410.033333,347.81,4638.357143,2016.4,0,2602.2,
-1800,1410.033333,332.95,4638.357143,2016.4,0,2602.2,
-1800,1410.033333,345.48,4638.357143,2016.4,0,2602.2,
-1800,1410.033333,336.57,4638.357143,2016.4,0,2602.2,
-1800,1304.525,317.65,4614.225,2005.925,0,2602.2,
-1800,1304.525,290.44,4374.111111,1901.544444,0,2602.2,
-1800,1041.228571,267.29,4374.111111,1901.544444,0,2602.2,
-1800,1047.2,254,4401.555556,1913.466667,0,2452,
-1800,1047.2,249.27,4401.555556,1913.466667,0,2326.1,
-1800,1047.2,249.27,4401.555556,1913.466667,0,2326.1,
-1800,1047.2,249.27,4401.555556,1913.466667,0,2326.1,
-1800,1047.2,249.27,4401.555556,1913.466667,0,2326.1,
-1800,1047.2,282.79,4641.625,2017.8375,0,2326.1,
-1800,1304.275,303.46,4641.625,2017.8375,0,2452,
-1800,1304.275,308.29,4641.625,2017.8375,0,2452,
-1800,1304.275,328.27,4665.742857,2028.314286,0,2452,
-1800,1407.388889,343.13,4665.742857,2028.314286,0,2452,
-1800,1407.388889,371.47,4641.625,2017.8375,0,2452,
-1800,1304.275,340.3,4401.555556,1913.466667,0,2452,
-1800,1304.275,334.47,4401.555556,1913.466667,0,2326.1,
-1800,1304.275,341.79,4641.625,2017.8375,0,2326.1,
-1800,1407.388889,338.44,4641.625,2017.8375,0,2326.1,
-1800,1407.388889,346.52,4641.625,2017.8375,0,2452,
-1800,1407.388889,353.58,4665.742857,2028.314286,0,2598.2,
-1800,1407.388889,347.19,4665.742857,2028.314286,0,2598.2,
-1800,1407.388889,332.64,4665.742857,2028.314286,0,2598.2,
-1800,1407.388889,344.91,4665.742857,2028.314286,0,2598.2,
-1800,1407.388889,336.18,4665.742857,2028.314286,0,2598.2,
-1800,1304.275,317.66,4641.625,2017.8375,0,2598.2,
-1800,1304.275,291.01,4401.555556,1913.466667,0,2598.2,
-1800,1047.2,268.33,4401.555556,1913.466667,0,2598.2,
-1800,1046.514286,253.85,4412.155556,1918.088889,0,2440.9,
-1800,1046.514286,249.23,4412.155556,1918.088889,0,2320.5,
-1800,1046.514286,249.23,4412.155556,1918.088889,0,2320.5,
-1800,1046.514286,249.23,4412.155556,1918.088889,0,2320.5,
-1800,1046.514286,249.23,4412.155556,1918.088889,0,2320.5,
-1800,1046.514286,282.22,4642.425,2018.2,0,2320.5,
-1800,1299.65,302.58,4642.425,2018.2,0,2440.9,
-1800,1299.65,307.34,4642.425,2018.2,0,2440.9,
-1800,1299.65,327.02,4665.185714,2028.071429,0,2440.9,
-1800,1401.366667,341.67,4665.185714,2028.071429,0,2440.9,
-1800,1401.366667,369.82,4642.425,2018.2,0,2440.9,
-1800,1299.65,338.88,4412.155556,1918.088889,0,2440.9,
-1800,1299.65,333.13,4412.155556,1918.088889,0,2320.5,
-1800,1299.65,340.34,4642.425,2018.2,0,2320.5,
-1800,1401.366667,337.05,4642.425,2018.2,0,2320.5,
-1800,1401.366667,345,4642.425,2018.2,0,2440.9,
-1800,1401.366667,351.96,4665.185714,2028.071429,0,2581.4,
-1800,1401.366667,345.67,4665.185714,2028.071429,0,2581.4,
-1800,1401.366667,331.33,4665.185714,2028.071429,0,2581.4,
-1800,1401.366667,343.42,4665.185714,2028.071429,0,2581.4,
-1800,1401.366667,334.82,4665.185714,2028.071429,0,2581.4,
-1800,1299.65,316.57,4642.425,2018.2,0,2581.4,
-1800,1299.65,290.31,4412.155556,1918.088889,0,2581.4,
-1800,1046.514286,267.97,4412.155556,1918.088889,0,2581.4,
-1800,1035.942857,251.23,4400.433333,1912.955556,0,2419,
-1800,1035.942857,246.5,4400.433333,1912.955556,0,2306.5,
-1800,1035.942857,246.5,4400.433333,1912.955556,0,2306.5,
-1800,1035.942857,246.5,4400.433333,1912.955556,0,2306.5,
-1800,1035.942857,246.5,4400.433333,1912.955556,0,2306.5,
-1800,1035.942857,280.05,4636.025,2015.4,0,2306.5,
-1800,1293.225,300.73,4636.025,2015.4,0,2419,
-1800,1293.225,305.57,4636.025,2015.4,0,2419,
-1800,1293.225,325.56,4659.542857,2025.614286,0,2419,
-1800,1396.411111,340.43,4659.542857,2025.614286,0,2419,
-1800,1396.411111,368.78,4636.025,2015.4,0,2419,
-1800,1293.225,337.6,4400.433333,1912.955556,0,2419,
-1800,1293.225,331.77,4400.433333,1912.955556,0,2306.5,
-1800,1293.225,339.09,4636.025,2015.4,0,2306.5,
-1800,1396.411111,335.74,4636.025,2015.4,0,2306.5,
-1800,1396.411111,343.82,4636.025,2015.4,0,2419,
-1800,1396.411111,350.89,4659.542857,2025.614286,0,2551.2,
-1800,1396.411111,344.49,4659.542857,2025.614286,0,2551.2,
-1800,1396.411111,329.94,4659.542857,2025.614286,0,2551.2,
-1800,1396.411111,342.21,4659.542857,2025.614286,0,2551.2,
-1800,1396.411111,333.48,4659.542857,2025.614286,0,2551.2,
-1800,1293.225,314.94,4636.025,2015.4,0,2551.2,
-1800,1293.225,288.27,4400.433333,1912.955556,0,2551.2,
-1800,1035.942857,265.58,4400.433333,1912.955556,0,2551.2,
-1800,1032.228571,250.32,4394.677778,1910.455556,0,2532.3,
-1800,1032.228571,245.65,4394.677778,1910.455556,0,2410.1,
-1800,1032.228571,245.65,4394.677778,1910.455556,0,2410.1,
-1800,1032.228571,245.65,4394.677778,1910.455556,0,2410.1,
-1800,1032.228571,245.65,4394.677778,1910.455556,0,2410.1,
-1800,1032.228571,278.91,4642.125,2018.0625,0,2410.1,
-1800,1287.425,299.43,4642.125,2018.0625,0,2532.3,
-1800,1287.425,304.23,4642.125,2018.0625,0,2532.3,
-1800,1287.425,324.07,4667.271429,2028.957143,0,2532.3,
-1800,1389.855556,338.82,4667.271429,2028.957143,0,2532.3,
-1800,1389.855556,367.08,4642.125,2018.0625,0,2532.3,
-1800,1287.425,336.02,4394.677778,1910.455556,0,2532.3,
-1800,1287.425,330.23,4394.677778,1910.455556,0,2410.1,
-1800,1287.425,337.49,4642.125,2018.0625,0,2410.1,
-1800,1389.855556,334.17,4642.125,2018.0625,0,2410.1,
-1800,1389.855556,342.19,4642.125,2018.0625,0,2532.3,
-1800,1389.855556,349.2,4667.271429,2028.957143,0,2675.7,
-1800,1389.855556,342.86,4667.271429,2028.957143,0,2675.7,
-1800,1389.855556,328.41,4667.271429,2028.957143,0,2675.7,
-1800,1389.855556,340.59,4667.271429,2028.957143,0,2675.7,
-1800,1389.855556,331.93,4667.271429,2028.957143,0,2675.7,
-1800,1287.425,313.53,4642.125,2018.0625,0,2675.7,
-1800,1287.425,287.07,4394.677778,1910.455556,0,2675.7,
-1800,1032.228571,264.55,4394.677778,1910.455556,0,2675.7,
-1800,1028.328571,249.39,4407.566667,1916.077778,0,2532.2,
-1800,1028.328571,244.78,4407.566667,1916.077778,0,2406.5,
-1800,1028.328571,244.78,4407.566667,1916.077778,0,2406.5,
-1800,1028.328571,244.78,4407.566667,1916.077778,0,2406.5,
-1800,1028.328571,244.78,4407.566667,1916.077778,0,2406.5,
-1800,1028.328571,277.73,4649.275,2021.1625,0,2406.5,
-1800,1281.2625,298.07,4649.275,2021.1625,0,2532.2,
-1800,1281.2625,302.83,4649.275,2021.1625,0,2532.2,
-1800,1281.2625,322.49,4673.628571,2031.742857,0,2532.2,
-1800,1382.866667,337.12,4673.628571,2031.742857,0,2532.2,
-1800,1382.866667,365.26,4649.275,2021.1625,0,2532.2,
-1800,1281.2625,334.33,4407.566667,1916.077778,0,2532.2,
-1800,1281.2625,328.59,4407.566667,1916.077778,0,2406.5,
-1800,1281.2625,335.8,4649.275,2021.1625,0,2406.5,
-1800,1382.866667,332.5,4649.275,2021.1625,0,2406.5,
-1800,1382.866667,340.45,4649.275,2021.1625,0,2532.2,
-1800,1382.866667,347.4,4673.628571,2031.742857,0,2679.4,
-1800,1382.866667,341.11,4673.628571,2031.742857,0,2679.4,
-1800,1382.866667,326.8,4673.628571,2031.742857,0,2679.4,
-1800,1382.866667,338.87,4673.628571,2031.742857,0,2679.4,
-1800,1382.866667,330.28,4673.628571,2031.742857,0,2679.4,
-1800,1281.2625,312.04,4649.275,2021.1625,0,2679.4,
-1800,1281.2625,285.81,4407.566667,1916.077778,0,2679.4,
-1800,1028.328571,263.49,4407.566667,1916.077778,0,2679.4,
-1800,1027.6,249.21,4420.955556,1921.888889,0,2554.4,
-1800,1027.6,244.6,4420.955556,1921.888889,0,2428,
-1800,1027.6,244.6,4420.955556,1921.888889,0,2428,
-1800,1027.6,244.6,4420.955556,1921.888889,0,2428,
-1800,1027.6,244.6,4420.955556,1921.888889,0,2428,
-1800,1027.6,277.53,4660.225,2025.9125,0,2428,
-1800,1280.375,297.86,4660.225,2025.9125,0,2554.4,
-1800,1280.375,302.62,4660.225,2025.9125,0,2554.4,
-1800,1280.375,322.27,4684.214286,2036.342857,0,2554.4,
-1800,1381.933333,336.89,4684.214286,2036.342857,0,2554.4,
-1800,1381.933333,365.03,4660.225,2025.9125,0,2554.4,
-1800,1280.375,334.11,4420.955556,1921.888889,0,2554.4,
-1800,1280.375,328.37,4420.955556,1921.888889,0,2428,
-1800,1280.375,335.57,4660.225,2025.9125,0,2428,
-1800,1381.933333,332.28,4660.225,2025.9125,0,2428,
-1800,1381.933333,340.22,4660.225,2025.9125,0,2554.4,
-1800,1381.933333,347.17,4684.214286,2036.342857,0,2702.3,
-1800,1381.933333,340.88,4684.214286,2036.342857,0,2702.3,
-1800,1381.933333,326.57,4684.214286,2036.342857,0,2702.3,
-1800,1381.933333,338.64,4684.214286,2036.342857,0,2702.3,
-1800,1381.933333,330.05,4684.214286,2036.342857,0,2702.3,
-1800,1280.375,311.83,4660.225,2025.9125,0,2702.3,
-1800,1280.375,285.61,4420.955556,1921.888889,0,2702.3,
-1800,1027.6,263.31,4420.955556,1921.888889,0,2702.3,
-1800,1044.9,253.46,4453.1,1935.866667,0,2765.4,
-1800,1044.9,248.86,4453.1,1935.866667,0,2605.7,
-1800,1044.9,248.86,4453.1,1935.866667,0,2605.7,
-1800,1044.9,248.86,4453.1,1935.866667,0,2605.7,
-1800,1044.9,248.86,4453.1,1935.866667,0,2605.7,
-1800,1044.9,281.74,4689.675,2038.725,0,2605.7,
-1800,1297.2875,302.04,4689.675,2038.725,0,2765.4,
-1800,1297.2875,306.79,4689.675,2038.725,0,2765.4,
-1800,1297.2875,326.42,4713.314286,2048.985714,0,2765.4,
-1800,1398.7,341.01,4713.314286,2048.985714,0,2765.4,
-1800,1398.7,369.13,4689.675,2038.725,0,2765.4,
-1800,1297.2875,338.24,4453.1,1935.866667,0,2765.4,
-1800,1297.2875,332.51,4453.1,1935.866667,0,2605.7,
-1800,1297.2875,339.7,4689.675,2038.725,0,2605.7,
-1800,1398.7,336.41,4689.675,2038.725,0,2605.7,
-1800,1398.7,344.34,4689.675,2038.725,0,2765.4,
-1800,1398.7,351.28,4713.314286,2048.985714,0,2947.4,
-1800,1398.7,345,4713.314286,2048.985714,0,2947.4,
-1800,1398.7,330.71,4713.314286,2048.985714,0,2947.4,
-1800,1398.7,342.76,4713.314286,2048.985714,0,2947.4,
-1800,1398.7,334.19,4713.314286,2048.985714,0,2947.4,
-1800,1297.2875,315.99,4689.675,2038.725,0,2947.4,
-1800,1297.2875,289.81,4453.1,1935.866667,0,2947.4,
-1800,1044.9,267.54,4453.1,1935.866667,0,2947.4,
-1800,1055.514286,256.01,4500.922222,1956.655556,0,2680.3,
-1800,1055.514286,251.14,4500.922222,1956.655556,0,2540.6,
-1800,1055.514286,251.14,4500.922222,1956.655556,0,2540.6,
-1800,1055.514286,251.14,4500.922222,1956.655556,0,2540.6,
-1800,1055.514286,251.14,4500.922222,1956.655556,0,2540.6,
-1800,1055.514286,285.33,4759.4875,2069.0875,0,2540.6,
-1800,1317.4375,306.37,4759.4875,2069.0875,0,2680.3,
-1800,1317.4375,311.3,4759.4875,2069.0875,0,2680.3,
-1800,1317.4375,331.64,4786.171429,2080.685714,0,2680.3,
-1800,1422.3,346.78,4786.171429,2080.685714,0,2680.3,
-1800,1422.3,375.34,4759.4875,2069.0875,0,2680.3,
-1800,1317.4375,343.9,4500.922222,1956.655556,0,2680.3,
-1800,1317.4375,337.96,4500.922222,1956.655556,0,2540.6,
-1800,1317.4375,345.41,4759.4875,2069.0875,0,2540.6,
-1800,1422.3,342,4759.4875,2069.0875,0,2540.6,
-1800,1422.3,350.23,4759.4875,2069.0875,0,2680.3,
-1800,1422.3,357.42,4786.171429,2080.685714,0,2844,
-1800,1422.3,350.91,4786.171429,2080.685714,0,2844,
-1800,1422.3,336.1,4786.171429,2080.685714,0,2844,
-1800,1422.3,348.59,4786.171429,2080.685714,0,2844,
-1800,1422.3,339.7,4786.171429,2080.685714,0,2844,
-1800,1317.4375,320.83,4759.4875,2069.0875,0,2844,
-1800,1317.4375,293.7,4500.922222,1956.655556,0,2844,
-1800,1055.514286,270.6,4500.922222,1956.655556,0,2844,
-1800,1066.071429,258.87,4557.3,1981.166667,0,2668.1,
-1800,1066.071429,253.23,4557.3,1981.166667,0,2527,
-1800,1066.071429,253.23,4557.3,1981.166667,0,2527,
-1800,1066.071429,253.23,4557.3,1981.166667,0,2527,
-1800,1066.071429,253.23,4557.3,1981.166667,0,2527,
-1800,1066.071429,288.99,4829.7,2099.5875,0,2527,
-1800,1336.5875,310.61,4829.7,2099.5875,0,2668.1,
-1800,1336.5875,315.67,4829.7,2099.5875,0,2668.1,
-1800,1336.5875,336.56,4858.285714,2112.014286,0,2668.1,
-1800,1444.833333,352.11,4858.285714,2112.014286,0,2668.1,
-1800,1444.833333,382.59,4829.7,2099.5875,0,2668.1,
-1800,1336.5875,349.15,4557.3,1981.166667,0,2668.1,
-1800,1336.5875,343.05,4557.3,1981.166667,0,2527,
-1800,1336.5875,350.7,4829.7,2099.5875,0,2527,
-1800,1444.833333,347.2,4829.7,2099.5875,0,2527,
-1800,1444.833333,355.65,4829.7,2099.5875,0,2668.1,
-1800,1444.833333,363.04,4858.285714,2112.014286,0,2833.5,
-1800,1444.833333,356.35,4858.285714,2112.014286,0,2833.5,
-1800,1444.833333,341.14,4858.285714,2112.014286,0,2833.5,
-1800,1444.833333,353.97,4858.285714,2112.014286,0,2833.5,
-1800,1444.833333,344.84,4858.285714,2112.014286,0,2833.5,
-1800,1336.5875,325.46,4829.7,2099.5875,0,2833.5,
-1800,1336.5875,297.58,4557.3,1981.166667,0,2833.5,
-1800,1066.071429,273.86,4557.3,1981.166667,0,2833.5,
-1800,1079.1,261.94,4579.888889,1991.022222,0,2606,
-1800,1079.1,256.39,4579.888889,1991.022222,0,2483.4,
-1800,1079.1,256.39,4579.888889,1991.022222,0,2483.4,
-1800,1079.1,256.39,4579.888889,1991.022222,0,2483.4,
-1800,1079.1,256.39,4579.888889,1991.022222,0,2483.4,
-1800,1079.1,292.42,4845.925,2106.65,0,2483.4,
-1800,1352.425,314.29,4845.925,2106.65,0,2606,
-1800,1352.425,319.41,4845.925,2106.65,0,2606,
-1800,1352.425,340.55,4873.628571,2118.7,0,2606,
-1800,1461.633333,356.28,4873.628571,2118.7,0,2606,
-1800,1461.633333,386.4,4845.925,2106.65,0,2606,
-1800,1352.425,353.29,4579.888889,1991.022222,0,2606,
-1800,1352.425,347.12,4579.888889,1991.022222,0,2483.4,
-1800,1352.425,354.86,4845.925,2106.65,0,2483.4,
-1800,1461.633333,351.32,4845.925,2106.65,0,2483.4,
-1800,1461.633333,359.87,4845.925,2106.65,0,2606,
-1800,1461.633333,367.34,4873.628571,2118.7,0,2751.6,
-1800,1461.633333,360.58,4873.628571,2118.7,0,2751.6,
-1800,1461.633333,345.18,4873.628571,2118.7,0,2751.6,
-1800,1461.633333,358.16,4873.628571,2118.7,0,2751.6,
-1800,1461.633333,348.93,4873.628571,2118.7,0,2751.6,
-1800,1352.425,329.32,4845.925,2106.65,0,2751.6,
-1800,1352.425,301.11,4579.888889,1991.022222,0,2751.6,
-1800,1079.1,277.11,4579.888889,1991.022222,0,2751.6,
-1800,1087.042857,263.71,4529.033333,1968.9,0,2615.2,
-1800,1087.042857,258.62,4529.033333,1968.9,0,2491.8,
-1800,1087.042857,258.62,4529.033333,1968.9,0,2491.8,
-1800,1087.042857,258.62,4529.033333,1968.9,0,2491.8,
-1800,1087.042857,258.62,4529.033333,1968.9,0,2491.8,
-1800,1087.042857,293.88,4781.5125,2078.65,0,2491.8,
-1800,1356.7875,315.54,4781.5125,2078.65,0,2615.2,
-1800,1356.7875,320.61,4781.5125,2078.65,0,2615.2,
-1800,1356.7875,341.54,4807.342857,2089.871429,0,2615.2,
-1800,1464.5,357.11,4807.342857,2089.871429,0,2615.2,
-1800,1464.5,386.04,4781.5125,2078.65,0,2615.2,
-1800,1356.7875,354.15,4529.033333,1968.9,0,2615.2,
-1800,1356.7875,348.04,4529.033333,1968.9,0,2491.8,
-1800,1356.7875,355.71,4781.5125,2078.65,0,2491.8,
-1800,1464.5,352.2,4781.5125,2078.65,0,2491.8,
-1800,1464.5,360.66,4781.5125,2078.65,0,2615.2,
-1800,1464.5,368.07,4807.342857,2089.871429,0,2761.9,
-1800,1464.5,361.37,4807.342857,2089.871429,0,2761.9,
-1800,1464.5,346.12,4807.342857,2089.871429,0,2761.9,
-1800,1464.5,358.98,4807.342857,2089.871429,0,2761.9,
-1800,1464.5,349.83,4807.342857,2089.871429,0,2761.9,
-1800,1356.7875,330.42,4781.5125,2078.65,0,2761.9,
-1800,1356.7875,302.49,4529.033333,1968.9,0,2761.9,
-1800,1087.042857,278.73,4529.033333,1968.9,0,2761.9,
-1800,1076.357143,261.14,4447.833333,1933.577778,0,2618.2,
-1800,1076.357143,256.33,4447.833333,1933.577778,0,2491.5,
-1800,1076.357143,256.33,4447.833333,1933.577778,0,2491.5,
-1800,1076.357143,256.33,4447.833333,1933.577778,0,2491.5,
-1800,1076.357143,256.33,4447.833333,1933.577778,0,2491.5,
-1800,1076.357143,290.28,4701.7,2043.95,0,2491.5,
-1800,1336.55,311.18,4701.7,2043.95,0,2618.2,
-1800,1336.55,316.08,4701.7,2043.95,0,2618.2,
-1800,1336.55,336.29,4727.714286,2055.257143,0,2618.2,
-1800,1440.766667,351.33,4727.714286,2055.257143,0,2618.2,
-1800,1440.766667,379.81,4701.7,2043.95,0,2618.2,
-1800,1336.55,348.47,4447.833333,1933.577778,0,2618.2,
-1800,1336.55,342.56,4447.833333,1933.577778,0,2491.5,
-1800,1336.55,349.97,4701.7,2043.95,0,2491.5,
-1800,1440.766667,346.58,4701.7,2043.95,0,2491.5,
-1800,1440.766667,354.76,4701.7,2043.95,0,2618.2,
-1800,1440.766667,361.9,4727.714286,2055.257143,0,2768.2,
-1800,1440.766667,355.43,4727.714286,2055.257143,0,2768.2,
-1800,1440.766667,340.72,4727.714286,2055.257143,0,2768.2,
-1800,1440.766667,353.13,4727.714286,2055.257143,0,2768.2,
-1800,1440.766667,344.3,4727.714286,2055.257143,0,2768.2,
-1800,1336.55,325.55,4701.7,2043.95,0,2768.2,
-1800,1336.55,298.59,4447.833333,1933.577778,0,2768.2,
-1800,1076.357143,275.65,4447.833333,1933.577778,0,2768.2,
-1800,1057.942857,256.88,4446.388889,1932.966667,0,2590.6,
-1800,1057.942857,251.3,4446.388889,1932.966667,0,2475.3,
-1800,1057.942857,251.3,4446.388889,1932.966667,0,2475.3,
-1800,1057.942857,251.3,4446.388889,1932.966667,0,2475.3,
-1800,1057.942857,251.3,4446.388889,1932.966667,0,2475.3,
-1800,1057.942857,286.77,4699.3375,2042.925,0,2475.3,
-1800,1326.3375,308.22,4699.3375,2042.925,0,2590.6,
-1800,1326.3375,313.24,4699.3375,2042.925,0,2590.6,
-1800,1326.3375,333.98,4725.214286,2054.171429,0,2590.6,
-1800,1433.788889,349.41,4725.214286,2054.171429,0,2590.6,
-1800,1433.788889,379.78,4699.3375,2042.925,0,2590.6,
-1800,1326.3375,346.47,4446.388889,1932.966667,0,2590.6,
-1800,1326.3375,340.42,4446.388889,1932.966667,0,2475.3,
-1800,1326.3375,348.01,4699.3375,2042.925,0,2475.3,
-1800,1433.788889,344.54,4699.3375,2042.925,0,2475.3,
-1800,1433.788889,352.92,4699.3375,2042.925,0,2590.6,
-1800,1433.788889,360.26,4725.214286,2054.171429,0,2728.5,
-1800,1433.788889,353.62,4725.214286,2054.171429,0,2728.5,
-1800,1433.788889,338.52,4725.214286,2054.171429,0,2728.5,
-1800,1433.788889,351.25,4725.214286,2054.171429,0,2728.5,
-1800,1433.788889,342.19,4725.214286,2054.171429,0,2728.5,
-1800,1326.3375,322.96,4699.3375,2042.925,0,2728.5,
-1800,1326.3375,295.3,4446.388889,1932.966667,0,2728.5,
-1800,1057.942857,271.76,4446.388889,1932.966667,0,2728.5,
-1800,1071.128571,260.23,4483.044444,1948.888889,0,2576.1,
-1800,1071.128571,254.33,4483.044444,1948.888889,0,2463.5,
-1800,1071.128571,254.33,4483.044444,1948.888889,0,2463.5,
-1800,1071.128571,254.33,4483.044444,1948.888889,0,2463.5,
-1800,1071.128571,254.33,4483.044444,1948.888889,0,2463.5,
-1800,1071.128571,290.51,4739.9875,2060.5875,0,2463.5,
-1800,1343.575,312.23,4739.9875,2060.5875,0,2576.1,
-1800,1343.575,317.32,4739.9875,2060.5875,0,2576.1,
-1800,1343.575,338.32,4766.442857,2072.071429,0,2576.1,
-1800,1452.6,353.95,4766.442857,2072.071429,0,2576.1,
-1800,1452.6,385.08,4739.9875,2060.5875,0,2576.1,
-1800,1343.575,350.98,4483.044444,1948.888889,0,2576.1,
-1800,1343.575,344.84,4483.044444,1948.888889,0,2463.5,
-1800,1343.575,352.54,4739.9875,2060.5875,0,2463.5,
-1800,1452.6,349.02,4739.9875,2060.5875,0,2463.5,
-1800,1452.6,357.51,4739.9875,2060.5875,0,2576.1,
-1800,1452.6,364.94,4766.442857,2072.071429,0,2711.1,
-1800,1452.6,358.22,4766.442857,2072.071429,0,2711.1,
-1800,1452.6,342.92,4766.442857,2072.071429,0,2711.1,
-1800,1452.6,355.82,4766.442857,2072.071429,0,2711.1,
-1800,1452.6,346.64,4766.442857,2072.071429,0,2711.1,
-1800,1343.575,327.16,4739.9875,2060.5875,0,2711.1,
-1800,1343.575,299.14,4483.044444,1948.888889,0,2711.1,
-1800,1071.128571,275.3,4483.044444,1948.888889,0,2711.1,
-1800,1086.942857,263.65,4518.966667,1964.488889,0,2574.4,
-1800,1086.942857,258.46,4518.966667,1964.488889,0,2456.3,
-1800,1086.942857,258.46,4518.966667,1964.488889,0,2456.3,
-1800,1086.942857,258.46,4518.966667,1964.488889,0,2456.3,
-1800,1086.942857,258.46,4518.966667,1964.488889,0,2456.3,
-1800,1086.942857,294.2,4762.8125,2070.5125,0,2456.3,
-1800,1360.1,316.13,4762.8125,2070.5125,0,2574.4,
-1800,1360.1,321.26,4762.8125,2070.5125,0,2574.4,
-1800,1360.1,342.46,4787.442857,2081.228571,0,2574.4,
-1800,1469.077778,358.23,4787.442857,2081.228571,0,2574.4,
-1800,1469.077778,387.32,4762.8125,2070.5125,0,2574.4,
-1800,1360.1,355.23,4518.966667,1964.488889,0,2574.4,
-1800,1360.1,349.04,4518.966667,1964.488889,0,2456.3,
-1800,1360.1,356.81,4762.8125,2070.5125,0,2456.3,
-1800,1469.077778,353.26,4762.8125,2070.5125,0,2456.3,
-1800,1469.077778,361.83,4762.8125,2070.5125,0,2574.4,
-1800,1469.077778,369.32,4787.442857,2081.228571,0,2715.2,
-1800,1469.077778,362.54,4787.442857,2081.228571,0,2715.2,
-1800,1469.077778,347.1,4787.442857,2081.228571,0,2715.2,
-1800,1469.077778,360.12,4787.442857,2081.228571,0,2715.2,
-1800,1469.077778,350.86,4787.442857,2081.228571,0,2715.2,
-1800,1360.1,331.2,4762.8125,2070.5125,0,2715.2,
-1800,1360.1,302.92,4518.966667,1964.488889,0,2715.2,
-1800,1086.942857,278.86,4518.966667,1964.488889,0,2715.2,
-1800,1083.071429,262.74,4532.366667,1970.333333,0,2600.7,
-1800,1083.071429,257.68,4532.366667,1970.333333,0,2477.5,
-1800,1083.071429,257.68,4532.366667,1970.333333,0,2477.5,
-1800,1083.071429,257.68,4532.366667,1970.333333,0,2477.5,
-1800,1083.071429,257.68,4532.366667,1970.333333,0,2477.5,
-1800,1083.071429,292.79,4767.55,2072.575,0,2477.5,
-1800,1351.7,314.36,4767.55,2072.575,0,2600.7,
-1800,1351.7,319.41,4767.55,2072.575,0,2600.7,
-1800,1351.7,340.26,4790.957143,2082.785714,0,2600.7,
-1800,1459.022222,355.78,4790.957143,2082.785714,0,2600.7,
-1800,1459.022222,384.65,4767.55,2072.575,0,2600.7,
-1800,1351.7,352.83,4532.366667,1970.333333,0,2600.7,
-1800,1351.7,346.74,4532.366667,1970.333333,0,2477.5,
-1800,1351.7,354.38,4767.55,2072.575,0,2477.5,
-1800,1459.022222,350.88,4767.55,2072.575,0,2477.5,
-1800,1459.022222,359.31,4767.55,2072.575,0,2600.7,
-1800,1459.022222,366.69,4790.957143,2082.785714,0,2746.9,
-1800,1459.022222,360.01,4790.957143,2082.785714,0,2746.9,
-1800,1459.022222,344.83,4790.957143,2082.785714,0,2746.9,
-1800,1459.022222,357.63,4790.957143,2082.785714,0,2746.9,
-1800,1459.022222,348.52,4790.957143,2082.785714,0,2746.9,
-1800,1351.7,329.19,4767.55,2072.575,0,2746.9,
-1800,1351.7,301.37,4532.366667,1970.333333,0,2746.9,
-1800,1083.071429,277.7,4532.366667,1970.333333,0,2746.9,
-1800,1081.342857,262.32,4521.177778,1965.466667,0,2591,
-1800,1081.342857,257.37,4521.177778,1965.466667,0,2471.9,
-1800,1081.342857,257.37,4521.177778,1965.466667,0,2471.9,
-1800,1081.342857,257.37,4521.177778,1965.466667,0,2471.9,
-1800,1081.342857,257.37,4521.177778,1965.466667,0,2471.9,
-1800,1081.342857,291.99,4747.5875,2063.9,0,2471.9,
-1800,1346.3375,313.28,4747.5875,2063.9,0,2591,
-1800,1346.3375,318.26,4747.5875,2063.9,0,2591,
-1800,1346.3375,338.84,4769.785714,2073.571429,0,2591,
-1800,1452.355556,354.15,4769.785714,2073.571429,0,2591,
-1800,1452.355556,382.86,4747.5875,2063.9,0,2591,
-1800,1346.3375,351.24,4521.177778,1965.466667,0,2591,
-1800,1346.3375,345.23,4521.177778,1965.466667,0,2471.9,
-1800,1346.3375,352.77,4747.5875,2063.9,0,2471.9,
-1800,1452.355556,349.32,4747.5875,2063.9,0,2471.9,
-1800,1452.355556,357.64,4747.5875,2063.9,0,2591,
-1800,1452.355556,364.92,4769.785714,2073.571429,0,2732.8,
-1800,1452.355556,358.33,4769.785714,2073.571429,0,2732.8,
-1800,1452.355556,343.35,4769.785714,2073.571429,0,2732.8,
-1800,1452.355556,355.98,4769.785714,2073.571429,0,2732.8,
-1800,1452.355556,346.99,4769.785714,2073.571429,0,2732.8,
-1800,1346.3375,327.91,4747.5875,2063.9,0,2732.8,
-1800,1346.3375,300.45,4521.177778,1965.466667,0,2732.8,
-1800,1081.342857,277.09,4521.177778,1965.466667,0,2732.8,
-1800,1082.871429,262.75,4466.944444,1941.866667,0,2576.5,
-1800,1082.871429,258.01,4466.944444,1941.866667,0,2458.3,
-1800,1082.871429,258.01,4466.944444,1941.866667,0,2458.3,
-1800,1082.871429,258.01,4466.944444,1941.866667,0,2458.3,
-1800,1082.871429,258.01,4466.944444,1941.866667,0,2458.3,
-1800,1082.871429,291.6,4691.475,2039.5125,0,2458.3,
-1800,1340.4,312.3,4691.475,2039.5125,0,2576.5,
-1800,1340.4,317.15,4691.475,2039.5125,0,2576.5,
-1800,1340.4,337.16,4713.428571,2049.057143,0,2576.5,
-1800,1443.7,352.05,4713.428571,2049.057143,0,2576.5,
-1800,1443.7,380.42,4691.475,2039.5125,0,2576.5,
-1800,1340.4,349.22,4466.944444,1941.866667,0,2576.5,
-1800,1340.4,343.38,4466.944444,1941.866667,0,2458.3,
-1800,1340.4,350.71,4691.475,2039.5125,0,2458.3,
-1800,1443.7,347.36,4691.475,2039.5125,0,2458.3,
-1800,1443.7,355.45,4691.475,2039.5125,0,2576.5,
-1800,1443.7,362.52,4713.428571,2049.057143,0,2717.5,
-1800,1443.7,356.12,4713.428571,2049.057143,0,2717.5,
-1800,1443.7,341.55,4713.428571,2049.057143,0,2717.5,
-1800,1443.7,353.83,4713.428571,2049.057143,0,2717.5,
-1800,1443.7,345.09,4713.428571,2049.057143,0,2717.5,
-1800,1340.4,326.53,4691.475,2039.5125,0,2717.5,
-1800,1340.4,299.83,4466.944444,1941.866667,0,2717.5,
-1800,1082.871429,277.11,4466.944444,1941.866667,0,2717.5,
-1800,1055.785714,256.16,4353.811111,1892.7,0,2566.7,
-1800,1055.785714,251.63,4353.811111,1892.7,0,2439,
-1800,1055.785714,251.63,4353.811111,1892.7,0,2439,
-1800,1055.785714,251.63,4353.811111,1892.7,0,2439,
-1800,1055.785714,251.63,4353.811111,1892.7,0,2439,
-1800,1055.785714,284.19,4575.6875,1989.15,0,2439,
-1800,1305.875,304.3,4575.6875,1989.15,0,2566.7,
-1800,1305.875,309.01,4575.6875,1989.15,0,2566.7,
-1800,1305.875,328.46,4597.271429,1998.542857,0,2566.7,
-1800,1406.433333,342.92,4597.271429,1998.542857,0,2566.7,
-1800,1406.433333,370.94,4575.6875,1989.15,0,2566.7,
-1800,1305.875,340.17,4353.811111,1892.7,0,2566.7,
-1800,1305.875,334.49,4353.811111,1892.7,0,2439,
-1800,1305.875,341.62,4575.6875,1989.15,0,2439,
-1800,1406.433333,338.36,4575.6875,1989.15,0,2439,
-1800,1406.433333,346.22,4575.6875,1989.15,0,2566.7,
-1800,1406.433333,353.1,4597.271429,1998.542857,0,2717.9,
-1800,1406.433333,346.88,4597.271429,1998.542857,0,2717.9,
-1800,1406.433333,332.72,4597.271429,1998.542857,0,2717.9,
-1800,1406.433333,344.66,4597.271429,1998.542857,0,2717.9,
-1800,1406.433333,336.16,4597.271429,1998.542857,0,2717.9,
-1800,1305.875,318.13,4575.6875,1989.15,0,2717.9,
-1800,1305.875,292.18,4353.811111,1892.7,0,2717.9,
-1800,1055.785714,270.11,4353.811111,1892.7,0,2717.9,
-1800,1020.842857,247.53,4252.088889,1848.477778,0,2577,
-1800,1020.842857,242.87,4252.088889,1848.477778,0,2440.4,
-1800,1020.842857,242.87,4252.088889,1848.477778,0,2440.4,
-1800,1020.842857,242.87,4252.088889,1848.477778,0,2440.4,
-1800,1020.842857,242.87,4252.088889,1848.477778,0,2440.4,
-1800,1020.842857,276.07,4476.85,1946.2125,0,2440.4,
-1800,1275.575,296.56,4476.85,1946.2125,0,2577,
-1800,1275.575,301.35,4476.85,1946.2125,0,2577,
-1800,1275.575,321.15,4498.842857,1955.757143,0,2577,
-1800,1377.888889,335.88,4498.842857,1955.757143,0,2577,
-1800,1377.888889,364.12,4476.85,1946.2125,0,2577,
-1800,1275.575,333.08,4252.088889,1848.477778,0,2577,
-1800,1275.575,327.3,4252.088889,1848.477778,0,2440.4,
-1800,1275.575,334.55,4476.85,1946.2125,0,2440.4,
-1800,1377.888889,331.24,4476.85,1946.2125,0,2440.4,
-1800,1377.888889,339.24,4476.85,1946.2125,0,2577,
-1800,1377.888889,346.25,4498.842857,1955.757143,0,2737.4,
-1800,1377.888889,339.91,4498.842857,1955.757143,0,2737.4,
-1800,1377.888889,325.49,4498.842857,1955.757143,0,2737.4,
-1800,1377.888889,337.65,4498.842857,1955.757143,0,2737.4,
-1800,1377.888889,329,4498.842857,1955.757143,0,2737.4,
-1800,1275.575,310.63,4476.85,1946.2125,0,2737.4,
-1800,1275.575,284.21,4252.088889,1848.477778,0,2737.4,
-1800,1020.842857,261.74,4252.088889,1848.477778,0,2737.4,
-1800,1019.614286,247.93,4225.611111,1836.988889,0,2600.4,
-1800,1019.614286,242.21,4225.611111,1836.988889,0,2450.6,
-1800,1019.614286,241.67,4225.611111,1836.988889,0,2450.6,
-1800,1019.614286,241.67,4225.611111,1836.988889,0,2450.6,
-1800,1019.614286,242.14,4225.611111,1836.988889,0,2450.6,
-1800,1019.614286,276.79,4477.875,1946.6375,0,2450.6,
-1800,1280.1625,297.49,4477.875,1946.6375,0,2600.4,
-1800,1280.1625,302.34,4477.875,1946.6375,0,2600.4,
-1800,1280.1625,322.36,4503.685714,1957.857143,0,2600.4,
-1800,1385.066667,337.25,4503.685714,1957.857143,0,2600.4,
-1800,1385.066667,369.11,4477.875,1946.6375,0,2600.4,
-1800,1280.1625,334.42,4225.611111,1836.988889,0,2600.4,
-1800,1280.1625,328.57,4225.611111,1836.988889,0,2450.6,
-1800,1280.1625,335.9,4477.875,1946.6375,0,2450.6,
-1800,1385.066667,332.55,4477.875,1946.6375,0,2450.6,
-1800,1385.066667,340.64,4477.875,1946.6375,0,2600.4,
-1800,1385.066667,347.72,4503.685714,1957.857143,0,2775,
-1800,1385.066667,341.32,4503.685714,1957.857143,0,2775,
-1800,1385.066667,326.74,4503.685714,1957.857143,0,2775,
-1800,1385.066667,339.03,4503.685714,1957.857143,0,2775,
-1800,1385.066667,330.29,4503.685714,1957.857143,0,2775,
-1800,1280.1625,311.72,4477.875,1946.6375,0,2775,
-1800,1280.1625,285.02,4225.611111,1836.988889,0,2775,
-1800,1019.614286,262.3,4225.611111,1836.988889,0,2775,
-1800,1049.214286,254.76,4285.588889,1863.033333,0,2626.2,
-1800,1049.214286,249.23,4285.588889,1863.033333,0,2476.7,
-1800,1049.214286,249.23,4285.588889,1863.033333,0,2476.7,
-1800,1049.214286,249.23,4285.588889,1863.033333,0,2476.7,
-1800,1049.214286,249.23,4285.588889,1863.033333,0,2476.7,
-1800,1049.214286,284.41,4544.125,1975.45,0,2476.7,
-1800,1315.3875,305.68,4544.125,1975.45,0,2626.2,
-1800,1315.3875,310.66,4544.125,1975.45,0,2626.2,
-1800,1315.3875,331.23,4570.214286,1986.771429,0,2626.2,
-1800,1422.055556,346.52,4570.214286,1986.771429,0,2626.2,
-1800,1422.055556,376.82,4544.125,1975.45,0,2626.2,
-1800,1315.3875,343.61,4285.588889,1863.033333,0,2626.2,
-1800,1315.3875,337.61,4285.588889,1863.033333,0,2476.7,
-1800,1315.3875,345.14,4544.125,1975.45,0,2476.7,
-1800,1422.055556,341.7,4544.125,1975.45,0,2476.7,
-1800,1422.055556,350.01,4544.125,1975.45,0,2626.2,
-1800,1422.055556,357.28,4570.214286,1986.771429,0,2800.4,
-1800,1422.055556,350.7,4570.214286,1986.771429,0,2800.4,
-1800,1422.055556,335.73,4570.214286,1986.771429,0,2800.4,
-1800,1422.055556,348.35,4570.214286,1986.771429,0,2800.4,
-1800,1422.055556,339.37,4570.214286,1986.771429,0,2800.4,
-1800,1315.3875,320.3,4544.125,1975.45,0,2800.4,
-1800,1315.3875,292.86,4285.588889,1863.033333,0,2800.4,
-1800,1049.214286,269.52,4285.588889,1863.033333,0,2800.4,
-1800,1093.471429,265.91,4373.922222,1901.477778,0,2638,
-1800,1093.471429,259.77,4373.922222,1901.477778,0,2501.7,
-1800,1093.471429,259.16,4373.922222,1901.477778,0,2501.7,
-1800,1093.471429,259.16,4373.922222,1901.477778,0,2501.7,
-1800,1093.471429,259.69,4373.922222,1901.477778,0,2501.7,
-1800,1093.471429,296.84,4599.9875,1999.725,0,2501.7,
-1800,1372.85,319.04,4599.9875,1999.725,0,2638,
-1800,1372.85,324.24,4599.9875,1999.725,0,2638,
-1800,1372.85,345.7,4622.142857,2009.357143,0,2638,
-1800,1484.588889,361.67,4622.142857,2009.357143,0,2638,
-1800,1484.588889,394.15,4599.9875,1999.725,0,2638,
-1800,1372.85,358.63,4373.922222,1901.477778,0,2638,
-1800,1372.85,352.36,4373.922222,1901.477778,0,2501.7,
-1800,1372.85,360.22,4599.9875,1999.725,0,2501.7,
-1800,1484.588889,356.63,4599.9875,1999.725,0,2501.7,
-1800,1484.588889,365.31,4599.9875,1999.725,0,2638,
-1800,1484.588889,372.89,4622.142857,2009.357143,0,2798.3,
-1800,1484.588889,366.03,4622.142857,2009.357143,0,2798.3,
-1800,1484.588889,350.4,4622.142857,2009.357143,0,2798.3,
-1800,1484.588889,363.58,4622.142857,2009.357143,0,2798.3,
-1800,1484.588889,354.2,4622.142857,2009.357143,0,2798.3,
-1800,1372.85,334.3,4599.9875,1999.725,0,2798.3,
-1800,1372.85,305.67,4373.922222,1901.477778,0,2798.3,
-1800,1093.471429,281.31,4373.922222,1901.477778,0,2798.3,
-1800,1106.571429,268.98,4369.422222,1899.511111,0,2581.9,
-1800,1106.571429,262.77,4369.422222,1899.511111,0,2462,
-1800,1106.571429,262.55,4369.422222,1899.511111,0,2462,
-1800,1106.571429,262.55,4369.422222,1899.511111,0,2462,
-1800,1106.571429,262.69,4369.422222,1899.511111,0,2462,
-1800,1106.571429,300.27,4607.375,2002.95,0,2462,
-1800,1388.7375,322.73,4607.375,2002.95,0,2581.9,
-1800,1388.7375,327.98,4607.375,2002.95,0,2581.9,
-1800,1388.7375,349.69,4631.2,2013.285714,0,2581.9,
-1800,1501.344444,365.84,4631.2,2013.285714,0,2581.9,
-1800,1501.344444,397.88,4607.375,2002.95,0,2581.9,
-1800,1388.7375,362.77,4369.422222,1899.511111,0,2581.9,
-1800,1388.7375,356.43,4369.422222,1899.511111,0,2462,
-1800,1388.7375,364.38,4607.375,2002.95,0,2462,
-1800,1501.344444,360.75,4607.375,2002.95,0,2462,
-1800,1501.344444,369.52,4607.375,2002.95,0,2581.9,
-1800,1501.344444,377.2,4631.2,2013.285714,0,2724.8,
-1800,1501.344444,370.25,4631.2,2013.285714,0,2724.8,
-1800,1501.344444,354.44,4631.2,2013.285714,0,2724.8,
-1800,1501.344444,367.77,4631.2,2013.285714,0,2724.8,
-1800,1501.344444,358.29,4631.2,2013.285714,0,2724.8,
-1800,1388.7375,338.16,4607.375,2002.95,0,2724.8,
-1800,1388.7375,309.2,4369.422222,1899.511111,0,2724.8,
-1800,1106.571429,284.56,4369.422222,1899.511111,0,2724.8,
-1800,1101.914286,267.75,4389.666667,1908.288889,0,2538.1,
-1800,1101.914286,261.6,4389.666667,1908.288889,0,2414.3,
-1800,1101.914286,261.6,4389.666667,1908.288889,0,2414.3,
-1800,1101.914286,261.6,4389.666667,1908.288889,0,2414.3,
-1800,1101.914286,261.6,4389.666667,1908.288889,0,2414.3,
-1800,1101.914286,298.9,4627.2375,2011.5625,0,2414.3,
-1800,1382.3625,321.25,4627.2375,2011.5625,0,2538.1,
-1800,1382.3625,326.48,4627.2375,2011.5625,0,2538.1,
-1800,1382.3625,348.09,4651.014286,2021.914286,0,2538.1,
-1800,1494.311111,364.16,4651.014286,2021.914286,0,2538.1,
-1800,1494.311111,395.72,4627.2375,2011.5625,0,2538.1,
-1800,1382.3625,361.11,4389.666667,1908.288889,0,2538.1,
-1800,1382.3625,354.8,4389.666667,1908.288889,0,2414.3,
-1800,1382.3625,362.71,4627.2375,2011.5625,0,2414.3,
-1800,1494.311111,359.09,4627.2375,2011.5625,0,2414.3,
-1800,1494.311111,367.83,4627.2375,2011.5625,0,2538.1,
-1800,1494.311111,375.47,4651.014286,2021.914286,0,2685,
-1800,1494.311111,368.56,4651.014286,2021.914286,0,2685,
-1800,1494.311111,352.82,4651.014286,2021.914286,0,2685,
-1800,1494.311111,366.09,4651.014286,2021.914286,0,2685,
-1800,1494.311111,356.65,4651.014286,2021.914286,0,2685,
-1800,1382.3625,336.61,4627.2375,2011.5625,0,2685,
-1800,1382.3625,307.78,4389.666667,1908.288889,0,2685,
-1800,1101.914286,283.25,4389.666667,1908.288889,0,2685,
-1800,1078.342857,261.69,4322.366667,1879.044444,0,2478.2,
-1800,1078.342857,256.27,4322.366667,1879.044444,0,2358.9,
-1800,1078.342857,256.27,4322.366667,1879.044444,0,2358.9,
-1800,1078.342857,256.27,4322.366667,1879.044444,0,2358.9,
-1800,1078.342857,256.27,4322.366667,1879.044444,0,2358.9,
-1800,1078.342857,292.14,4554.8125,1980.1,0,2358.9,
-1800,1351.1,313.98,4554.8125,1980.1,0,2478.2,
-1800,1351.1,319.1,4554.8125,1980.1,0,2478.2,
-1800,1351.1,340.22,4577.842857,1990.114286,0,2478.2,
-1800,1460.044444,355.94,4577.842857,1990.114286,0,2478.2,
-1800,1460.044444,385.69,4554.8125,1980.1,0,2478.2,
-1800,1351.1,352.95,4322.366667,1879.044444,0,2478.2,
-1800,1351.1,346.78,4322.366667,1879.044444,0,2358.9,
-1800,1351.1,354.52,4554.8125,1980.1,0,2358.9,
-1800,1460.044444,350.98,4554.8125,1980.1,0,2358.9,
-1800,1460.044444,359.52,4554.8125,1980.1,0,2478.2,
-1800,1460.044444,366.99,4577.842857,1990.114286,0,2620.4,
-1800,1460.044444,360.23,4577.842857,1990.114286,0,2620.4,
-1800,1460.044444,344.85,4577.842857,1990.114286,0,2620.4,
-1800,1460.044444,357.82,4577.842857,1990.114286,0,2620.4,
-1800,1460.044444,348.59,4577.842857,1990.114286,0,2620.4,
-1800,1351.1,329,4554.8125,1980.1,0,2620.4,
-1800,1351.1,300.82,4322.366667,1879.044444,0,2620.4,
-1800,1078.342857,276.84,4322.366667,1879.044444,0,2620.4,
-1800,1036.928571,251.54,4240.077778,1843.266667,0,2462.7,
-1800,1036.928571,246.52,4240.077778,1843.266667,0,2339.4,
-1800,1036.928571,246.52,4240.077778,1843.266667,0,2339.4,
-1800,1036.928571,246.52,4240.077778,1843.266667,0,2339.4,
-1800,1036.928571,246.52,4240.077778,1843.266667,0,2339.4,
-1800,1036.928571,280.81,4471.225,1943.75,0,2339.4,
-1800,1298.75,301.82,4471.225,1943.75,0,2462.7,
-1800,1298.75,306.73,4471.225,1943.75,0,2462.7,
-1800,1298.75,327.04,4494.1,1953.7,0,2462.7,
-1800,1403.666667,342.15,4494.1,1953.7,0,2462.7,
-1800,1403.666667,371.14,4471.225,1943.75,0,2462.7,
-1800,1298.75,339.27,4240.077778,1843.266667,0,2462.7,
-1800,1298.75,333.34,4240.077778,1843.266667,0,2339.4,
-1800,1298.75,340.78,4471.225,1943.75,0,2339.4,
-1800,1403.666667,337.38,4471.225,1943.75,0,2339.4,
-1800,1403.666667,345.59,4471.225,1943.75,0,2462.7,
-1800,1403.666667,352.77,4494.1,1953.7,0,2605.8,
-1800,1403.666667,346.27,4494.1,1953.7,0,2605.8,
-1800,1403.666667,331.49,4494.1,1953.7,0,2605.8,
-1800,1403.666667,343.95,4494.1,1953.7,0,2605.8,
-1800,1403.666667,335.08,4494.1,1953.7,0,2605.8,
-1800,1298.75,316.25,4471.225,1943.75,0,2605.8,
-1800,1298.75,289.16,4240.077778,1843.266667,0,2605.8,
-1800,1036.928571,266.11,4240.077778,1843.266667,0,2605.8,
63.45555556,957.9714286,-91,4009.155556,2016.388889,0,2337.4,
63.45555556,957.9714286,-88.89,4009.155556,2016.388889,0,2219.1,
63.45555556,957.9714286,-88.29,4009.155556,2016.388889,0,2219.1,
63.45555556,957.9714286,-88.29,4009.155556,2016.388889,0,2219.1,
63.45555556,957.9714286,-88.87,4009.155556,2016.388889,0,2219.1,
70.35714286,957.9714286,-101.59,4252.4625,2138.7625,0,2219.1,
73.0375,1204.325,-109.19,4252.4625,2138.7625,0,2337.4,
73.0375,1204.325,-110.97,4252.4625,2138.7625,0,2337.4,
73.0375,1204.325,-118.32,4275.542857,2150.385714,0,2337.4,
70.35714286,1304.166667,-123.78,4275.542857,2150.385714,0,2337.4,
70.35714286,1304.166667,-136.47,4252.4625,2138.7625,0,2337.4,
63.45555556,1204.325,-122.74,4009.155556,2016.388889,0,2337.4,
63.45555556,1204.325,-120.6,4009.155556,2016.388889,0,2219.1,
63.45555556,1204.325,-123.29,4252.4625,2138.7625,0,2219.1,
63.45555556,1304.166667,-122.06,4252.4625,2138.7625,0,2219.1,
70.35714286,1304.166667,-125.03,4252.4625,2138.7625,0,2337.4,
70.35714286,1304.166667,-127.63,4275.542857,2150.385714,0,2474.6,
73.0375,1304.166667,-125.28,4275.542857,2150.385714,0,2474.6,
73.0375,1304.166667,-119.93,4275.542857,2150.385714,0,2474.6,
73.0375,1304.166667,-124.44,4275.542857,2150.385714,0,2474.6,
73.0375,1304.166667,-121.23,4275.542857,2150.385714,0,2474.6,
73.0375,1204.325,-114.41,4252.4625,2138.7625,0,2474.6,
70.35714286,1204.325,-104.61,4009.155556,2016.388889,0,2474.6,
70.35714286,957.9714286,-96.27,4009.155556,2016.388889,0,2474.6,
62.92222222,944.5857143,-89.79,4050.233333,2037.055556,0,2358.2,
62.92222222,944.5857143,-87.71,4050.233333,2037.055556,0,2241.5,
62.92222222,944.5857143,-86.9,4050.233333,2037.055556,0,2241.5,
62.92222222,944.5857143,-86.9,4050.233333,2037.055556,0,2241.5,
62.92222222,944.5857143,-87.69,4050.233333,2037.055556,0,2241.5,
70.12857143,944.5857143,-100.24,4287.55,2156.4,0,2241.5,
72.9,1188.3125,-107.74,4287.55,2156.4,0,2358.2,
72.9,1188.3125,-109.49,4287.55,2156.4,0,2358.2,
72.9,1188.3125,-116.74,4311.085714,2168.242857,0,2358.2,
70.12857143,1287.322222,-122.14,4311.085714,2168.242857,0,2358.2,
70.12857143,1287.322222,-135.07,4287.55,2156.4,0,2358.2,
62.92222222,1188.3125,-121.11,4050.233333,2037.055556,0,2358.2,
62.92222222,1188.3125,-119,4050.233333,2037.055556,0,2241.5,
62.92222222,1188.3125,-121.65,4287.55,2156.4,0,2241.5,
62.92222222,1287.322222,-120.44,4287.55,2156.4,0,2241.5,
70.12857143,1287.322222,-123.37,4287.55,2156.4,0,2358.2,
70.12857143,1287.322222,-125.93,4311.085714,2168.242857,0,2493.6,
72.9,1287.322222,-123.61,4311.085714,2168.242857,0,2493.6,
72.9,1287.322222,-118.33,4311.085714,2168.242857,0,2493.6,
72.9,1287.322222,-122.78,4311.085714,2168.242857,0,2493.6,
72.9,1287.322222,-119.62,4311.085714,2168.242857,0,2493.6,
72.9,1188.3125,-112.89,4287.55,2156.4,0,2493.6,
70.12857143,1188.3125,-103.22,4050.233333,2037.055556,0,2493.6,
70.12857143,944.5857143,-94.99,4050.233333,2037.055556,0,2493.6,
62.92222222,958.7285714,-91.23,4116.888889,2070.566667,0,2429.3,
62.92222222,958.7285714,-89.12,4116.888889,2070.566667,0,2308.8,
62.92222222,958.7285714,-87.95,4116.888889,2070.566667,0,2308.8,
62.92222222,958.7285714,-87.95,4116.888889,2070.566667,0,2308.8,
62.92222222,958.7285714,-89.09,4116.888889,2070.566667,0,2308.8,
70.34285714,958.7285714,-101.85,4350.575,2188.1,0,2308.8,
73.025,1207.4,-109.47,4350.575,2188.1,0,2429.3,
73.025,1207.4,-111.25,4350.575,2188.1,0,2429.3,
73.025,1207.4,-118.62,4373.6,2199.7,0,2429.3,
70.34285714,1308.355556,-124.1,4373.6,2199.7,0,2429.3,
70.34285714,1308.355556,-137.56,4350.575,2188.1,0,2429.3,
62.92222222,1207.4,-123.05,4116.888889,2070.566667,0,2429.3,
62.92222222,1207.4,-120.9,4116.888889,2070.566667,0,2308.8,
62.92222222,1207.4,-123.6,4350.575,2188.1,0,2308.8,
62.92222222,1308.355556,-122.37,4350.575,2188.1,0,2308.8,
70.34285714,1308.355556,-125.35,4350.575,2188.1,0,2429.3,
70.34285714,1308.355556,-127.95,4373.6,2199.7,0,2569.1,
73.025,1308.355556,-125.59,4373.6,2199.7,0,2569.1,
73.025,1308.355556,-120.23,4373.6,2199.7,0,2569.1,
73.025,1308.355556,-124.75,4373.6,2199.7,0,2569.1,
73.025,1308.355556,-121.53,4373.6,2199.7,0,2569.1,
73.025,1207.4,-114.7,4350.575,2188.1,0,2569.1,
70.34285714,1207.4,-104.87,4116.888889,2070.566667,0,2569.1,
70.34285714,958.7285714,-96.51,4116.888889,2070.566667,0,2569.1,
63.71111111,981.7428571,-93.3,4167.877778,2096.188889,0,2440.8,
63.71111111,981.7428571,-91.15,4167.877778,2096.188889,0,2328.5,
63.71111111,981.7428571,-90.37,4167.877778,2096.188889,0,2328.5,
63.71111111,981.7428571,-90.37,4167.877778,2096.188889,0,2328.5,
63.71111111,981.7428571,-91.12,4167.877778,2096.188889,0,2328.5,
71.4,981.7428571,-104.16,4414.2125,2220.1,0,2328.5,
74.0625,1234.8,-111.95,4414.2125,2220.1,0,2440.8,
74.0625,1234.8,-113.78,4414.2125,2220.1,0,2440.8,
74.0625,1234.8,-121.31,4439.028571,2232.585714,0,2440.8,
71.4,1337.155556,-126.91,4439.028571,2232.585714,0,2440.8,
71.4,1337.155556,-139.91,4414.2125,2220.1,0,2440.8,
63.71111111,1234.8,-125.85,4167.877778,2096.188889,0,2440.8,
63.71111111,1234.8,-123.65,4167.877778,2096.188889,0,2328.5,
63.71111111,1234.8,-126.41,4414.2125,2220.1,0,2328.5,
63.71111111,1337.155556,-125.15,4414.2125,2220.1,0,2328.5,
71.4,1337.155556,-128.19,4414.2125,2220.1,0,2440.8,
71.4,1337.155556,-130.86,4439.028571,2232.585714,0,2571.9,
74.0625,1337.155556,-128.44,4439.028571,2232.585714,0,2571.9,
74.0625,1337.155556,-122.96,4439.028571,2232.585714,0,2571.9,
74.0625,1337.155556,-127.58,4439.028571,2232.585714,0,2571.9,
74.0625,1337.155556,-124.29,4439.028571,2232.585714,0,2571.9,
74.0625,1234.8,-117.31,4414.2125,2220.1,0,2571.9,
71.4,1234.8,-107.26,4167.877778,2096.188889,0,2571.9,
71.4,981.7428571,-98.71,4167.877778,2096.188889,0,2571.9,
64.95555556,991.3,-94.37,4199.511111,2112.122222,0,2427.2,
64.95555556,991.3,-92.2,4199.511111,2112.122222,0,2322.5,
64.95555556,991.3,-90.77,4199.511111,2112.122222,0,2322.5,
64.95555556,991.3,-90.88,4199.511111,2112.122222,0,2322.5,
64.95555556,991.3,-92.17,4199.511111,2112.122222,0,2322.5,
72.91428571,991.3,-105.36,4453.5,2239.8625,0,2322.5,
75.5875,1248.9875,-113.24,4453.5,2239.8625,0,2427.2,
75.5875,1248.9875,-115.08,4453.5,2239.8625,0,2427.2,
75.5875,1248.9875,-122.7,4478.471429,2252.428571,0,2427.2,
72.91428571,1353.3,-128.37,4478.471429,2252.428571,0,2427.2,
72.91428571,1353.3,-142.21,4453.5,2239.8625,0,2427.2,
64.95555556,1248.9875,-127.29,4199.511111,2112.122222,0,2427.2,
64.95555556,1248.9875,-125.07,4199.511111,2112.122222,0,2322.5,
64.95555556,1248.9875,-127.86,4453.5,2239.8625,0,2322.5,
64.95555556,1353.3,-126.58,4453.5,2239.8625,0,2322.5,
72.91428571,1353.3,-129.66,4453.5,2239.8625,0,2427.2,
72.91428571,1353.3,-132.36,4478.471429,2252.428571,0,2550.1,
75.5875,1353.3,-129.92,4478.471429,2252.428571,0,2550.1,
75.5875,1353.3,-124.37,4478.471429,2252.428571,0,2550.1,
75.5875,1353.3,-129.05,4478.471429,2252.428571,0,2550.1,
75.5875,1353.3,-125.72,4478.471429,2252.428571,0,2550.1,
75.5875,1248.9875,-118.66,4453.5,2239.8625,0,2550.1,
72.91428571,1248.9875,-108.49,4199.511111,2112.122222,0,2550.1,
72.91428571,991.3,-99.84,4199.511111,2112.122222,0,2550.1,
66.68888889,1013.071429,-96.51,4241.733333,2133.333333,0,2387.9,
66.68888889,1013.071429,-94.28,4241.733333,2133.333333,0,2284,
66.68888889,1013.071429,-92.41,4241.733333,2133.333333,0,2284,
66.68888889,1013.071429,-92.93,4241.733333,2133.333333,0,2284,
66.68888889,1013.071429,-94.25,4241.733333,2133.333333,0,2284,
74.95714286,1013.071429,-107.74,4500.1125,2263.325,0,2284,
77.6625,1277.1875,-115.8,4500.1125,2263.325,0,2387.9,
77.6625,1277.1875,-117.68,4500.1125,2263.325,0,2387.9,
77.6625,1277.1875,-125.47,4524.542857,2275.6,0,2387.9,
74.95714286,1383.955556,-131.27,4524.542857,2275.6,0,2387.9,
74.95714286,1383.955556,-145.49,4500.1125,2263.325,0,2387.9,
66.68888889,1277.1875,-130.17,4241.733333,2133.333333,0,2387.9,
66.68888889,1277.1875,-127.89,4241.733333,2133.333333,0,2284,
66.68888889,1277.1875,-130.75,4500.1125,2263.325,0,2284,
66.68888889,1383.955556,-129.44,4500.1125,2263.325,0,2284,
74.95714286,1383.955556,-132.59,4500.1125,2263.325,0,2387.9,
74.95714286,1383.955556,-135.35,4524.542857,2275.6,0,2510,
77.6625,1383.955556,-132.85,4524.542857,2275.6,0,2510,
77.6625,1383.955556,-127.18,4524.542857,2275.6,0,2510,
77.6625,1383.955556,-131.96,4524.542857,2275.6,0,2510,
77.6625,1383.955556,-128.56,4524.542857,2275.6,0,2510,
77.6625,1277.1875,-121.33,4500.1125,2263.325,0,2510,
74.95714286,1277.1875,-110.94,4241.733333,2133.333333,0,2510,
74.95714286,1013.071429,-102.1,4241.733333,2133.333333,0,2510,
68.43333333,1042.557143,-99.32,4304.911111,2165.133333,0,2385.4,
68.43333333,1042.557143,-97.03,4304.911111,2165.133333,0,2282.7,
68.43333333,1042.557143,-95.08,4304.911111,2165.133333,0,2282.7,
68.43333333,1042.557143,-95.64,4304.911111,2165.133333,0,2282.7,
68.43333333,1042.557143,-97,4304.911111,2165.133333,0,2282.7,
77.11428571,1042.557143,-110.87,4565.9625,2296.425,0,2282.7,
79.8125,1314.3625,-119.17,4565.9625,2296.425,0,2385.4,
79.8125,1314.3625,-121.11,4565.9625,2296.425,0,2385.4,
79.8125,1314.3625,-129.12,4591.4,2309.242857,0,2385.4,
77.11428571,1423.922222,-135.09,4591.4,2309.242857,0,2385.4,
77.11428571,1423.922222,-149.48,4565.9625,2296.425,0,2385.4,
68.43333333,1314.3625,-133.95,4304.911111,2165.133333,0,2385.4,
68.43333333,1314.3625,-131.61,4304.911111,2165.133333,0,2282.7,
68.43333333,1314.3625,-134.55,4565.9625,2296.425,0,2282.7,
68.43333333,1423.922222,-133.21,4565.9625,2296.425,0,2282.7,
77.11428571,1423.922222,-136.45,4565.9625,2296.425,0,2385.4,
77.11428571,1423.922222,-139.28,4591.4,2309.242857,0,2506.3,
79.8125,1423.922222,-136.72,4591.4,2309.242857,0,2506.3,
79.8125,1423.922222,-130.88,4591.4,2309.242857,0,2506.3,
79.8125,1423.922222,-135.8,4591.4,2309.242857,0,2506.3,
79.8125,1423.922222,-132.3,4591.4,2309.242857,0,2506.3,
79.8125,1314.3625,-124.87,4565.9625,2296.425,0,2506.3,
77.11428571,1314.3625,-114.17,4304.911111,2165.133333,0,2506.3,
77.11428571,1042.557143,-105.07,4304.911111,2165.133333,0,2506.3,
70.75555556,1069.771429,-101.98,4366.411111,2196.066667,0,2383.7,
70.75555556,1069.771429,-99.62,4366.411111,2196.066667,0,2280,
70.75555556,1069.771429,-97.14,4366.411111,2196.066667,0,2280,
70.75555556,1069.771429,-98.2,4366.411111,2196.066667,0,2280,
70.75555556,1069.771429,-99.59,4366.411111,2196.066667,0,2280,
79.6,1069.771429,-113.84,4632.25,2329.775,0,2280,
82.475,1349.5375,-122.36,4632.25,2329.775,0,2383.7,
82.475,1349.5375,-124.35,4632.25,2329.775,0,2383.7,
82.475,1349.5375,-132.58,4657.671429,2342.585714,0,2383.7,
79.6,1462.111111,-138.7,4657.671429,2342.585714,0,2383.7,
79.6,1462.111111,-153.56,4632.25,2329.775,0,2383.7,
70.75555556,1349.5375,-137.54,4366.411111,2196.066667,0,2383.7,
70.75555556,1349.5375,-135.13,4366.411111,2196.066667,0,2280,
70.75555556,1349.5375,-138.15,4632.25,2329.775,0,2280,
70.75555556,1462.111111,-136.77,4632.25,2329.775,0,2280,
79.6,1462.111111,-140.1,4632.25,2329.775,0,2383.7,
79.6,1462.111111,-143.01,4657.671429,2342.585714,0,2505.6,
82.475,1462.111111,-140.38,4657.671429,2342.585714,0,2505.6,
82.475,1462.111111,-134.38,4657.671429,2342.585714,0,2505.6,
82.475,1462.111111,-139.44,4657.671429,2342.585714,0,2505.6,
82.475,1462.111111,-135.84,4657.671429,2342.585714,0,2505.6,
82.475,1349.5375,-128.21,4632.25,2329.775,0,2505.6,
79.6,1349.5375,-117.23,4366.411111,2196.066667,0,2505.6,
79.6,1069.771429,-107.88,4366.411111,2196.066667,0,2505.6,
72.65555556,1096.657143,-104.51,4406.855556,2216.422222,0,2380.3,
72.65555556,1096.657143,-102.1,4406.855556,2216.422222,0,2274.6,
72.65555556,1096.657143,-99.78,4406.855556,2216.422222,0,2274.6,
72.65555556,1096.657143,-100.63,4406.855556,2216.422222,0,2274.6,
72.65555556,1096.657143,-102.06,4406.855556,2216.422222,0,2274.6,
81.61428571,1096.657143,-116.66,4673.175,2350.35,0,2274.6,
84.625,1383,-125.39,4673.175,2350.35,0,2380.3,
84.625,1383,-127.43,4673.175,2350.35,0,2380.3,
84.625,1383,-135.86,4699.842857,2363.757143,0,2380.3,
81.61428571,1497.888889,-142.14,4699.842857,2363.757143,0,2380.3,
81.61428571,1497.888889,-156.98,4673.175,2350.35,0,2380.3,
72.65555556,1383,-140.95,4406.855556,2216.422222,0,2380.3,
72.65555556,1383,-138.48,4406.855556,2216.422222,0,2274.6,
72.65555556,1383,-141.57,4673.175,2350.35,0,2274.6,
72.65555556,1497.888889,-140.16,4673.175,2350.35,0,2274.6,
81.61428571,1497.888889,-143.57,4673.175,2350.35,0,2380.3,
81.61428571,1497.888889,-146.55,4699.842857,2363.757143,0,2504.4,
84.625,1497.888889,-143.85,4699.842857,2363.757143,0,2504.4,
84.625,1497.888889,-137.71,4699.842857,2363.757143,0,2504.4,
84.625,1497.888889,-142.89,4699.842857,2363.757143,0,2504.4,
84.625,1497.888889,-139.21,4699.842857,2363.757143,0,2504.4,
84.625,1383,-131.38,4673.175,2350.35,0,2504.4,
81.61428571,1383,-120.13,4406.855556,2216.422222,0,2504.4,
81.61428571,1096.657143,-110.56,4406.855556,2216.422222,0,2504.4,
73.81111111,1113.485714,-106.08,4446.211111,2236.2,0,2380,
73.81111111,1113.485714,-103.63,4446.211111,2236.2,0,2271.9,
73.81111111,1113.485714,-101.51,4446.211111,2236.2,0,2271.9,
73.81111111,1113.485714,-102.15,4446.211111,2236.2,0,2271.9,
73.81111111,1113.485714,-103.6,4446.211111,2236.2,0,2271.9,
82.71428571,1113.485714,-118.42,4710.8375,2369.3,0,2271.9,
85.85,1403.75,-127.27,4710.8375,2369.3,0,2380,
85.85,1403.75,-129.34,4710.8375,2369.3,0,2380,
85.85,1403.75,-137.9,4738.171429,2383.042857,0,2380,
82.71428571,1520.033333,-144.27,4738.171429,2383.042857,0,2380,
82.71428571,1520.033333,-159.04,4710.8375,2369.3,0,2380,
73.81111111,1403.75,-143.06,4446.211111,2236.2,0,2380,
73.81111111,1403.75,-140.56,4446.211111,2236.2,0,2271.9,
73.81111111,1403.75,-143.7,4710.8375,2369.3,0,2271.9,
73.81111111,1520.033333,-142.26,4710.8375,2369.3,0,2271.9,
82.71428571,1520.033333,-145.72,4710.8375,2369.3,0,2380,
82.71428571,1520.033333,-148.75,4738.171429,2383.042857,0,2506.6,
85.85,1520.033333,-146.01,4738.171429,2383.042857,0,2506.6,
85.85,1520.033333,-139.78,4738.171429,2383.042857,0,2506.6,
85.85,1520.033333,-145.03,4738.171429,2383.042857,0,2506.6,
85.85,1520.033333,-141.3,4738.171429,2383.042857,0,2506.6,
85.85,1403.75,-133.36,4710.8375,2369.3,0,2506.6,
82.71428571,1403.75,-121.94,4446.211111,2236.2,0,2506.6,
82.71428571,1113.485714,-112.22,4446.211111,2236.2,0,2506.6,
73.98888889,1114.085714,-106.01,4456.777778,2241.5,0,2396.1,
73.98888889,1114.085714,-103.56,4456.777778,2241.5,0,2288.1,
73.98888889,1114.085714,-102.22,4456.777778,2241.5,0,2288.1,
73.98888889,1114.085714,-102.22,4456.777778,2241.5,0,2288.1,
73.98888889,1114.085714,-103.53,4456.777778,2241.5,0,2288.1,
82.78571429,1114.085714,-118.34,4715,2371.3875,0,2288.1,
85.9875,1402.7875,-127.19,4715,2371.3875,0,2396.1,
85.9875,1402.7875,-129.26,4715,2371.3875,0,2396.1,
85.9875,1402.7875,-137.81,4741.442857,2384.714286,0,2396.1,
82.78571429,1518.3,-144.18,4741.442857,2384.714286,0,2396.1,
82.78571429,1518.3,-158.31,4715,2371.3875,0,2396.1,
73.98888889,1402.7875,-142.96,4456.777778,2241.5,0,2396.1,
73.98888889,1402.7875,-140.47,4456.777778,2241.5,0,2288.1,
73.98888889,1402.7875,-143.6,4715,2371.3875,0,2288.1,
73.98888889,1518.3,-142.17,4715,2371.3875,0,2288.1,
82.78571429,1518.3,-145.63,4715,2371.3875,0,2396.1,
82.78571429,1518.3,-148.65,4741.442857,2384.714286,0,2522.4,
85.9875,1518.3,-145.91,4741.442857,2384.714286,0,2522.4,
85.9875,1518.3,-139.68,4741.442857,2384.714286,0,2522.4,
85.9875,1518.3,-144.94,4741.442857,2384.714286,0,2522.4,
85.9875,1518.3,-141.2,4741.442857,2384.714286,0,2522.4,
85.9875,1402.7875,-133.27,4715,2371.3875,0,2522.4,
82.78571429,1402.7875,-121.85,4456.777778,2241.5,0,2522.4,
82.78571429,1114.085714,-112.14,4456.777778,2241.5,0,2522.4,
73.96666667,1107.742857,-105.17,4440.366667,2233.266667,0,2420.4,
73.96666667,1107.742857,-102.74,4440.366667,2233.266667,0,2315.1,
73.96666667,1107.742857,-102.25,4440.366667,2233.266667,0,2315.1,
73.96666667,1107.742857,-102.25,4440.366667,2233.266667,0,2315.1,
73.96666667,1107.742857,-102.71,4440.366667,2233.266667,0,2315.1,
82.64285714,1107.742857,-117.4,4689.725,2358.6875,0,2315.1,
85.8875,1391.6875,-126.18,4689.725,2358.6875,0,2420.4,
85.8875,1391.6875,-128.23,4689.725,2358.6875,0,2420.4,
85.8875,1391.6875,-136.72,4714.957143,2371.342857,0,2420.4,
82.64285714,1505.033333,-143.03,4714.957143,2371.342857,0,2420.4,
82.64285714,1505.033333,-155.99,4689.725,2358.6875,0,2420.4,
73.96666667,1391.6875,-141.83,4440.366667,2233.266667,0,2420.4,
73.96666667,1391.6875,-139.36,4440.366667,2233.266667,0,2315.1,
73.96666667,1391.6875,-142.46,4689.725,2358.6875,0,2315.1,
73.96666667,1505.033333,-141.04,4689.725,2358.6875,0,2315.1,
82.64285714,1505.033333,-144.47,4689.725,2358.6875,0,2420.4,
82.64285714,1505.033333,-147.48,4714.957143,2371.342857,0,2544.1,
85.8875,1505.033333,-144.76,4714.957143,2371.342857,0,2544.1,
85.8875,1505.033333,-138.58,4714.957143,2371.342857,0,2544.1,
85.8875,1505.033333,-143.79,4714.957143,2371.342857,0,2544.1,
85.8875,1505.033333,-140.08,4714.957143,2371.342857,0,2544.1,
85.8875,1391.6875,-132.21,4689.725,2358.6875,0,2544.1,
82.64285714,1391.6875,-120.89,4440.366667,2233.266667,0,2544.1,
82.64285714,1107.742857,-111.26,4440.366667,2233.266667,0,2544.1,
73.97777778,1098.528571,-104.4,4414.455556,2220.211111,0,2428.9,
73.97777778,1098.528571,-101.99,4414.455556,2220.211111,0,2326.4,
73.97777778,1098.528571,-101.12,4414.455556,2220.211111,0,2326.4,
73.97777778,1098.528571,-101.12,4414.455556,2220.211111,0,2326.4,
73.97777778,1098.528571,-101.96,4414.455556,2220.211111,0,2326.4,
82.72857143,1098.528571,-116.54,4668.6625,2348.0625,0,2326.4,
85.925,1381.5,-125.26,4668.6625,2348.0625,0,2428.9,
85.925,1381.5,-127.3,4668.6625,2348.0625,0,2428.9,
85.925,1381.5,-135.72,4694.542857,2361.1,0,2428.9,
82.72857143,1494.7,-141.99,4694.542857,2361.1,0,2428.9,
82.72857143,1494.7,-155.42,4668.6625,2348.0625,0,2428.9,
73.97777778,1381.5,-140.8,4414.455556,2220.211111,0,2428.9,
73.97777778,1381.5,-138.34,4414.455556,2220.211111,0,2326.4,
73.97777778,1381.5,-141.42,4668.6625,2348.0625,0,2326.4,
73.97777778,1494.7,-140.01,4668.6625,2348.0625,0,2326.4,
82.72857143,1494.7,-143.42,4668.6625,2348.0625,0,2428.9,
82.72857143,1494.7,-146.4,4694.542857,2361.1,0,2549.6,
85.925,1494.7,-143.7,4694.542857,2361.1,0,2549.6,
85.925,1494.7,-137.57,4694.542857,2361.1,0,2549.6,
85.925,1494.7,-142.74,4694.542857,2361.1,0,2549.6,
85.925,1494.7,-139.06,4694.542857,2361.1,0,2549.6,
85.925,1381.5,-131.24,4668.6625,2348.0625,0,2549.6,
82.72857143,1381.5,-120,4414.455556,2220.211111,0,2549.6,
82.72857143,1098.528571,-110.44,4414.455556,2220.211111,0,2549.6,
74.33333333,1095.585714,-104.34,4423.344444,2224.688889,0,2418.6,
74.33333333,1095.585714,-101.93,4423.344444,2224.688889,0,2318.5,
74.33333333,1095.585714,-100.11,4423.344444,2224.688889,0,2318.5,
74.33333333,1095.585714,-100.47,4423.344444,2224.688889,0,2318.5,
74.33333333,1095.585714,-101.9,4423.344444,2224.688889,0,2318.5,
83.25714286,1095.585714,-116.47,4685.525,2356.55,0,2318.5,
86.4375,1380.7,-125.18,4685.525,2356.55,0,2418.6,
86.4375,1380.7,-127.22,4685.525,2356.55,0,2418.6,
86.4375,1380.7,-135.64,4712.5,2370.142857,0,2418.6,
83.25714286,1495.077778,-141.91,4712.5,2370.142857,0,2418.6,
83.25714286,1495.077778,-156.4,4685.525,2356.55,0,2418.6,
74.33333333,1380.7,-140.71,4423.344444,2224.688889,0,2418.6,
74.33333333,1380.7,-138.26,4423.344444,2224.688889,0,2318.5,
74.33333333,1380.7,-141.34,4685.525,2356.55,0,2318.5,
74.33333333,1495.077778,-139.93,4685.525,2356.55,0,2318.5,
83.25714286,1495.077778,-143.33,4685.525,2356.55,0,2418.6,
83.25714286,1495.077778,-146.31,4712.5,2370.142857,0,2536.7,
86.4375,1495.077778,-143.62,4712.5,2370.142857,0,2536.7,
86.4375,1495.077778,-137.49,4712.5,2370.142857,0,2536.7,
86.4375,1495.077778,-142.66,4712.5,2370.142857,0,2536.7,
86.4375,1495.077778,-138.98,4712.5,2370.142857,0,2536.7,
86.4375,1380.7,-131.17,4685.525,2356.55,0,2536.7,
83.25714286,1380.7,-119.93,4423.344444,2224.688889,0,2536.7,
83.25714286,1095.585714,-110.38,4423.344444,2224.688889,0,2536.7,
74.91111111,1113.457143,-106.08,4463.833333,2245.077778,0,2397.5,
74.91111111,1113.457143,-103.63,4463.833333,2245.077778,0,2294.5,
74.91111111,1113.457143,-101.5,4463.833333,2245.077778,0,2294.5,
74.91111111,1113.457143,-102.15,4463.833333,2245.077778,0,2294.5,
74.91111111,1113.457143,-103.6,4463.833333,2245.077778,0,2294.5,
84.04285714,1113.457143,-118.42,4726.2875,2377.0875,0,2294.5,
87.1875,1403.75,-127.27,4726.2875,2377.0875,0,2397.5,
87.1875,1403.75,-129.35,4726.2875,2377.0875,0,2397.5,
87.1875,1403.75,-137.91,4753.3,2390.671429,0,2397.5,
84.04285714,1520.066667,-144.27,4753.3,2390.671429,0,2397.5,
84.04285714,1520.066667,-159.05,4726.2875,2377.0875,0,2397.5,
74.91111111,1403.75,-143.06,4463.833333,2245.077778,0,2397.5,
74.91111111,1403.75,-140.56,4463.833333,2245.077778,0,2294.5,
74.91111111,1403.75,-143.7,4726.2875,2377.0875,0,2294.5,
74.91111111,1520.066667,-142.26,4726.2875,2377.0875,0,2294.5,
84.04285714,1520.066667,-145.73,4726.2875,2377.0875,0,2397.5,
84.04285714,1520.066667,-148.75,4753.3,2390.671429,0,2518.7,
87.1875,1520.066667,-146.01,4753.3,2390.671429,0,2518.7,
87.1875,1520.066667,-139.78,4753.3,2390.671429,0,2518.7,
87.1875,1520.066667,-145.04,4753.3,2390.671429,0,2518.7,
87.1875,1520.066667,-141.3,4753.3,2390.671429,0,2518.7,
87.1875,1403.75,-133.36,4726.2875,2377.0875,0,2518.7,
84.04285714,1403.75,-121.94,4463.833333,2245.077778,0,2518.7,
84.04285714,1113.457143,-112.22,4463.833333,2245.077778,0,2518.7,
75.58888889,1145.442857,-109.15,4484.977778,2255.688889,0,2399.8,
75.58888889,1145.442857,-106.63,4484.977778,2255.688889,0,2295.3,
75.58888889,1145.442857,-104.29,4484.977778,2255.688889,0,2295.3,
75.58888889,1145.442857,-105.1,4484.977778,2255.688889,0,2295.3,
75.58888889,1145.442857,-106.6,4484.977778,2255.688889,0,2295.3,
84.74285714,1145.442857,-121.84,4743.175,2385.5625,0,2295.3,
87.95,1444.3125,-130.95,4743.175,2385.5625,0,2399.8,
87.95,1444.3125,-133.08,4743.175,2385.5625,0,2399.8,
87.95,1444.3125,-141.89,4769.642857,2398.871429,0,2399.8,
84.74285714,1563.8,-148.44,4769.642857,2398.871429,0,2399.8,
84.74285714,1563.8,-163.48,4743.175,2385.5625,0,2399.8,
75.58888889,1444.3125,-147.2,4484.977778,2255.688889,0,2399.8,
75.58888889,1444.3125,-144.62,4484.977778,2255.688889,0,2295.3,
75.58888889,1444.3125,-147.85,4743.175,2385.5625,0,2295.3,
75.58888889,1563.8,-146.37,4743.175,2385.5625,0,2295.3,
84.74285714,1563.8,-149.94,4743.175,2385.5625,0,2399.8,
84.74285714,1563.8,-153.05,4769.642857,2398.871429,0,2522.6,
87.95,1563.8,-150.23,4769.642857,2398.871429,0,2522.6,
87.95,1563.8,-143.82,4769.642857,2398.871429,0,2522.6,
87.95,1563.8,-149.23,4769.642857,2398.871429,0,2522.6,
87.95,1563.8,-145.38,4769.642857,2398.871429,0,2522.6,
87.95,1444.3125,-137.21,4743.175,2385.5625,0,2522.6,
84.74285714,1444.3125,-125.46,4484.977778,2255.688889,0,2522.6,
84.74285714,1145.442857,-115.47,4484.977778,2255.688889,0,2522.6,
76.12222222,1160.9,-110.49,4491.511111,2258.977778,0,2401.4,
76.12222222,1160.9,-107.94,4491.511111,2258.977778,0,2297.8,
76.12222222,1160.9,-106.45,4491.511111,2258.977778,0,2297.8,
76.12222222,1160.9,-106.45,4491.511111,2258.977778,0,2297.8,
76.12222222,1160.9,-107.91,4491.511111,2258.977778,0,2297.8,
85.15714286,1160.9,-123.34,4751.0125,2389.4875,0,2297.8,
88.4375,1462.05,-132.56,4751.0125,2389.4875,0,2401.4,
88.4375,1462.05,-134.72,4751.0125,2389.4875,0,2401.4,
88.4375,1462.05,-143.63,4777.614286,2402.857143,0,2401.4,
85.15714286,1582.111111,-150.26,4777.614286,2402.857143,0,2401.4,
85.15714286,1582.111111,-164.74,4751.0125,2389.4875,0,2401.4,
76.12222222,1462.05,-149,4491.511111,2258.977778,0,2401.4,
76.12222222,1462.05,-146.4,4491.511111,2258.977778,0,2297.8,
76.12222222,1462.05,-149.67,4751.0125,2389.4875,0,2297.8,
76.12222222,1582.111111,-148.17,4751.0125,2389.4875,0,2297.8,
85.15714286,1582.111111,-151.78,4751.0125,2389.4875,0,2401.4,
85.15714286,1582.111111,-154.93,4777.614286,2402.857143,0,2523.3,
88.4375,1582.111111,-152.08,4777.614286,2402.857143,0,2523.3,
88.4375,1582.111111,-145.58,4777.614286,2402.857143,0,2523.3,
88.4375,1582.111111,-151.06,4777.614286,2402.857143,0,2523.3,
88.4375,1582.111111,-147.16,4777.614286,2402.857143,0,2523.3,
88.4375,1462.05,-138.9,4751.0125,2389.4875,0,2523.3,
85.15714286,1462.05,-127,4491.511111,2258.977778,0,2523.3,
85.15714286,1160.9,-116.88,4491.511111,2258.977778,0,2523.3,
76.03333333,1168.671429,-111.04,4479.4,2252.888889,0,2386.1,
76.03333333,1168.671429,-108.48,4479.4,2252.888889,0,2283.1,
76.03333333,1168.671429,-107.64,4479.4,2252.888889,0,2283.1,
76.03333333,1168.671429,-107.64,4479.4,2252.888889,0,2283.1,
76.03333333,1168.671429,-108.45,4479.4,2252.888889,0,2283.1,
85.01428571,1168.671429,-123.95,4742,2384.9625,0,2283.1,
88.325,1469.3625,-133.22,4742,2384.9625,0,2386.1,
88.325,1469.3625,-135.39,4742,2384.9625,0,2386.1,
88.325,1469.3625,-144.35,4769.042857,2398.585714,0,2386.1,
85.01428571,1588.933333,-151.02,4769.042857,2398.585714,0,2386.1,
85.01428571,1588.933333,-164.62,4742,2384.9625,0,2386.1,
76.03333333,1469.3625,-149.75,4479.4,2252.888889,0,2386.1,
76.03333333,1469.3625,-147.13,4479.4,2252.888889,0,2283.1,
76.03333333,1469.3625,-150.41,4742,2384.9625,0,2283.1,
76.03333333,1588.933333,-148.91,4742,2384.9625,0,2283.1,
85.01428571,1588.933333,-152.53,4742,2384.9625,0,2386.1,
85.01428571,1588.933333,-155.7,4769.042857,2398.585714,0,2507.3,
88.325,1588.933333,-152.84,4769.042857,2398.585714,0,2507.3,
88.325,1588.933333,-146.31,4769.042857,2398.585714,0,2507.3,
88.325,1588.933333,-151.81,4769.042857,2398.585714,0,2507.3,
88.325,1588.933333,-147.9,4769.042857,2398.585714,0,2507.3,
88.325,1469.3625,-139.59,4742,2384.9625,0,2507.3,
85.01428571,1469.3625,-127.64,4479.4,2252.888889,0,2507.3,
85.01428571,1168.671429,-117.47,4479.4,2252.888889,0,2507.3,
75.85555556,1166.128571,-110.72,4448.733333,2237.455556,0,2379.1,
75.85555556,1166.128571,-108.17,4448.733333,2237.455556,0,2275.3,
75.85555556,1166.128571,-107.6,4448.733333,2237.455556,0,2275.3,
75.85555556,1166.128571,-107.6,4448.733333,2237.455556,0,2275.3,
75.85555556,1166.128571,-108.14,4448.733333,2237.455556,0,2275.3,
84.78571429,1166.128571,-123.6,4708.675,2368.1875,0,2275.3,
88.1125,1465.175,-132.84,4708.675,2368.1875,0,2379.1,
88.1125,1465.175,-135,4708.675,2368.1875,0,2379.1,
88.1125,1465.175,-143.94,4735.342857,2381.614286,0,2379.1,
84.78571429,1584.022222,-150.58,4735.342857,2381.614286,0,2379.1,
84.78571429,1584.022222,-163.81,4708.675,2368.1875,0,2379.1,
75.85555556,1465.175,-149.32,4448.733333,2237.455556,0,2379.1,
75.85555556,1465.175,-146.71,4448.733333,2237.455556,0,2275.3,
75.85555556,1465.175,-149.98,4708.675,2368.1875,0,2275.3,
75.85555556,1584.022222,-148.49,4708.675,2368.1875,0,2275.3,
84.78571429,1584.022222,-152.1,4708.675,2368.1875,0,2379.1,
84.78571429,1584.022222,-155.26,4735.342857,2381.614286,0,2501.1,
88.1125,1584.022222,-152.4,4735.342857,2381.614286,0,2501.1,
88.1125,1584.022222,-145.89,4735.342857,2381.614286,0,2501.1,
88.1125,1584.022222,-151.38,4735.342857,2381.614286,0,2501.1,
88.1125,1584.022222,-147.48,4735.342857,2381.614286,0,2501.1,
88.1125,1465.175,-139.19,4708.675,2368.1875,0,2501.1,
84.78571429,1465.175,-127.27,4448.733333,2237.455556,0,2501.1,
84.78571429,1166.128571,-117.13,4448.733333,2237.455556,0,2501.1,
75.91111111,1158.171429,-110.04,4412.5,2219.255556,0,2379.1,
75.91111111,1158.171429,-107.5,4412.5,2219.255556,0,2275.3,
75.91111111,1158.171429,-106.67,4412.5,2219.255556,0,2275.3,
75.91111111,1158.171429,-106.67,4412.5,2219.255556,0,2275.3,
75.91111111,1158.171429,-107.47,4412.5,2219.255556,0,2275.3,
84.9,1158.171429,-122.84,4670.275,2348.875,0,2275.3,
88.2125,1456.1875,-132.03,4670.275,2348.875,0,2379.1,
88.2125,1456.1875,-134.18,4670.275,2348.875,0,2379.1,
88.2125,1456.1875,-143.06,4696.657143,2362.157143,0,2379.1,
84.9,1574.777778,-149.66,4696.657143,2362.157143,0,2379.1,
84.9,1574.777778,-163.23,4670.275,2348.875,0,2379.1,
75.91111111,1456.1875,-148.4,4412.5,2219.255556,0,2379.1,
75.91111111,1456.1875,-145.81,4412.5,2219.255556,0,2275.3,
75.91111111,1456.1875,-149.06,4670.275,2348.875,0,2275.3,
75.91111111,1574.777778,-147.58,4670.275,2348.875,0,2275.3,
84.9,1574.777778,-151.17,4670.275,2348.875,0,2379.1,
84.9,1574.777778,-154.31,4696.657143,2362.157143,0,2501.1,
88.2125,1574.777778,-151.47,4696.657143,2362.157143,0,2501.1,
88.2125,1574.777778,-145,4696.657143,2362.157143,0,2501.1,
88.2125,1574.777778,-150.45,4696.657143,2362.157143,0,2501.1,
88.2125,1574.777778,-146.57,4696.657143,2362.157143,0,2501.1,
88.2125,1456.1875,-138.34,4670.275,2348.875,0,2501.1,
84.9,1456.1875,-126.49,4412.5,2219.255556,0,2501.1,
84.9,1158.171429,-116.41,4412.5,2219.255556,0,2501.1,
75.76666667,1154.285714,-109.8,4394.3,2210.077778,0,2386.2,
75.76666667,1154.285714,-107.26,4394.3,2210.077778,0,2278.6,
75.76666667,1154.285714,-105.99,4394.3,2210.077778,0,2278.6,
75.76666667,1154.285714,-105.99,4394.3,2210.077778,0,2278.6,
75.76666667,1154.285714,-107.23,4394.3,2210.077778,0,2278.6,
84.82857143,1154.285714,-122.57,4658.8875,2343.1625,0,2278.6,
88.0875,1452.9,-131.73,4658.8875,2343.1625,0,2386.2,
88.0875,1452.9,-133.88,4658.8875,2343.1625,0,2386.2,
88.0875,1452.9,-142.73,4685.9,2356.757143,0,2386.2,
84.82857143,1571.955556,-149.33,4685.9,2356.757143,0,2386.2,
84.82857143,1571.955556,-163.48,4658.8875,2343.1625,0,2386.2,
75.76666667,1452.9,-148.07,4394.3,2210.077778,0,2386.2,
75.76666667,1452.9,-145.48,4394.3,2210.077778,0,2278.6,
75.76666667,1452.9,-148.73,4658.8875,2343.1625,0,2278.6,
75.76666667,1571.955556,-147.25,4658.8875,2343.1625,0,2278.6,
84.82857143,1571.955556,-150.83,4658.8875,2343.1625,0,2386.2,
84.82857143,1571.955556,-153.96,4685.9,2356.757143,0,2512.3,
88.0875,1571.955556,-151.13,4685.9,2356.757143,0,2512.3,
88.0875,1571.955556,-144.67,4685.9,2356.757143,0,2512.3,
88.0875,1571.955556,-150.11,4685.9,2356.757143,0,2512.3,
88.0875,1571.955556,-146.24,4685.9,2356.757143,0,2512.3,
88.0875,1452.9,-138.03,4658.8875,2343.1625,0,2512.3,
84.82857143,1452.9,-126.21,4394.3,2210.077778,0,2512.3,
84.82857143,1154.285714,-116.15,4394.3,2210.077778,0,2512.3,
76.14444444,1165.871429,-110.94,4401.811111,2213.888889,0,2386.2,
76.14444444,1165.871429,-108.38,4401.811111,2213.888889,0,2278.6,
76.14444444,1165.871429,-106.96,4401.811111,2213.888889,0,2278.6,
76.14444444,1165.871429,-106.96,4401.811111,2213.888889,0,2278.6,
76.14444444,1165.871429,-108.35,4401.811111,2213.888889,0,2278.6,
85.24285714,1165.871429,-123.84,4672.2125,2349.85,0,2278.6,
88.5125,1468.0375,-133.1,4672.2125,2349.85,0,2386.2,
88.5125,1468.0375,-135.27,4672.2125,2349.85,0,2386.2,
88.5125,1468.0375,-144.22,4696.757143,2362.214286,0,2386.2,
85.24285714,1588.422222,-150.88,4696.757143,2362.214286,0,2386.2,
85.24285714,1588.422222,-165.27,4672.2125,2349.85,0,2386.2,
76.14444444,1468.0375,-149.61,4401.811111,2213.888889,0,2386.2,
76.14444444,1468.0375,-147,4401.811111,2213.888889,0,2278.6,
76.14444444,1468.0375,-150.28,4672.2125,2349.85,0,2278.6,
76.14444444,1588.422222,-148.78,4672.2125,2349.85,0,2278.6,
85.24285714,1588.422222,-152.4,4672.2125,2349.85,0,2386.2,
85.24285714,1588.422222,-155.56,4696.757143,2362.214286,0,2512.3,
88.5125,1588.422222,-152.7,4696.757143,2362.214286,0,2512.3,
88.5125,1588.422222,-146.18,4696.757143,2362.214286,0,2512.3,
88.5125,1588.422222,-151.68,4696.757143,2362.214286,0,2512.3,
88.5125,1588.422222,-147.77,4696.757143,2362.214286,0,2512.3,
88.5125,1468.0375,-139.46,4672.2125,2349.85,0,2512.3,
85.24285714,1468.0375,-127.52,4401.811111,2213.888889,0,2512.3,
85.24285714,1165.871429,-117.36,4401.811111,2213.888889,0,2512.3,
76.43333333,1186.185714,-112.75,4426.611111,2226.344444,0,2386.2,
76.43333333,1186.185714,-110.14,4426.611111,2226.344444,0,2278.6,
76.43333333,1186.185714,-109.14,4426.611111,2226.344444,0,2278.6,
76.43333333,1186.185714,-109.14,4426.611111,2226.344444,0,2278.6,
76.43333333,1186.185714,-110.11,4426.611111,2226.344444,0,2278.6,
85.6,1186.185714,-125.86,4698.05,2362.8625,0,2278.6,
88.8375,1491.925,-135.27,4698.05,2362.8625,0,2386.2,
88.8375,1491.925,-137.47,4698.05,2362.8625,0,2386.2,
88.8375,1491.925,-146.57,4723.028571,2375.428571,0,2386.2,
85.6,1613.377778,-153.33,4723.028571,2375.428571,0,2386.2,
85.6,1613.377778,-167.21,4698.05,2362.8625,0,2386.2,
76.43333333,1491.925,-152.05,4426.611111,2226.344444,0,2386.2,
76.43333333,1491.925,-149.39,4426.611111,2226.344444,0,2278.6,
76.43333333,1491.925,-152.72,4698.05,2362.8625,0,2278.6,
76.43333333,1613.377778,-151.2,4698.05,2362.8625,0,2278.6,
85.6,1613.377778,-154.88,4698.05,2362.8625,0,2386.2,
85.6,1613.377778,-158.09,4723.028571,2375.428571,0,2512.3,
88.8375,1613.377778,-155.18,4723.028571,2375.428571,0,2512.3,
88.8375,1613.377778,-148.56,4723.028571,2375.428571,0,2512.3,
88.8375,1613.377778,-154.14,4723.028571,2375.428571,0,2512.3,
88.8375,1613.377778,-150.17,4723.028571,2375.428571,0,2512.3,
88.8375,1491.925,-141.73,4698.05,2362.8625,0,2512.3,
85.6,1491.925,-129.6,4426.611111,2226.344444,0,2512.3,
85.6,1186.185714,-119.27,4426.611111,2226.344444,0,2512.3,
76.52222222,1189,-112.86,4437.133333,2231.644444,0,2303.8,
76.52222222,1189,-110.26,4437.133333,2231.644444,0,2194.2,
76.52222222,1189,-109.8,4437.133333,2231.644444,0,2194.2,
76.52222222,1189,-109.8,4437.133333,2231.644444,0,2194.2,
76.52222222,1189,-110.22,4437.133333,2231.644444,0,2194.2,
85.7,1189,-125.98,4708.5875,2368.15,0,2194.2,
88.975,1493.3875,-135.4,4708.5875,2368.15,0,2303.8,
88.975,1493.3875,-137.61,4708.5875,2368.15,0,2303.8,
88.975,1493.3875,-146.71,4733.942857,2380.914286,0,2303.8,
85.7,1614.111111,-153.49,4733.942857,2380.914286,0,2303.8,
85.7,1614.111111,-166.61,4708.5875,2368.15,0,2303.8,
76.52222222,1493.3875,-152.2,4437.133333,2231.644444,0,2303.8,
76.52222222,1493.3875,-149.54,4437.133333,2231.644444,0,2194.2,
76.52222222,1493.3875,-152.87,4708.5875,2368.15,0,2194.2,
76.52222222,1614.111111,-151.35,4708.5875,2368.15,0,2194.2,
85.7,1614.111111,-155.03,4708.5875,2368.15,0,2303.8,
85.7,1614.111111,-158.25,4733.942857,2380.914286,0,2431.9,
88.975,1614.111111,-155.34,4733.942857,2380.914286,0,2431.9,
88.975,1614.111111,-148.71,4733.942857,2380.914286,0,2431.9,
88.975,1614.111111,-154.3,4733.942857,2380.914286,0,2431.9,
88.975,1614.111111,-150.32,4733.942857,2380.914286,0,2431.9,
88.975,1493.3875,-141.87,4708.5875,2368.15,0,2431.9,
85.7,1493.3875,-129.73,4437.133333,2231.644444,0,2431.9,
85.7,1189,-119.39,4437.133333,2231.644444,0,2431.9,
76.66666667,1193.671429,-113.26,4434.444444,2230.277778,0,2324.3,
76.66666667,1193.671429,-110.65,4434.444444,2230.277778,0,2211.8,
76.66666667,1193.671429,-110.34,4434.444444,2230.277778,0,2211.8,
76.66666667,1193.671429,-110.34,4434.444444,2230.277778,0,2211.8,
76.66666667,1193.671429,-110.61,4434.444444,2230.277778,0,2211.8,
85.81428571,1193.671429,-126.43,4709.775,2368.7625,0,2211.8,
89.125,1498.7125,-135.88,4709.775,2368.7625,0,2324.3,
89.125,1498.7125,-138.1,4709.775,2368.7625,0,2324.3,
89.125,1498.7125,-147.23,4733.214286,2380.557143,0,2324.3,
85.81428571,1619.588889,-154.03,4733.214286,2380.557143,0,2324.3,
85.81428571,1619.588889,-166.97,4709.775,2368.7625,0,2324.3,
76.66666667,1498.7125,-152.74,4434.444444,2230.277778,0,2324.3,
76.66666667,1498.7125,-150.07,4434.444444,2230.277778,0,2211.8,
76.66666667,1498.7125,-153.42,4709.775,2368.7625,0,2211.8,
76.66666667,1619.588889,-151.89,4709.775,2368.7625,0,2211.8,
85.81428571,1619.588889,-155.58,4709.775,2368.7625,0,2324.3,
85.81428571,1619.588889,-158.81,4733.214286,2380.557143,0,2455.4,
89.125,1619.588889,-155.89,4733.214286,2380.557143,0,2455.4,
89.125,1619.588889,-149.23,4733.214286,2380.557143,0,2455.4,
89.125,1619.588889,-154.84,4733.214286,2380.557143,0,2455.4,
89.125,1619.588889,-150.85,4733.214286,2380.557143,0,2455.4,
89.125,1498.7125,-142.38,4709.775,2368.7625,0,2455.4,
85.81428571,1498.7125,-130.19,4434.444444,2230.277778,0,2455.4,
85.81428571,1193.671429,-119.82,4434.444444,2230.277778,0,2455.4,
76.6,1199.814286,-113.92,4462.344444,2244.311111,0,2336.6,
76.6,1199.814286,-111.29,4462.344444,2244.311111,0,2228.2,
76.6,1199.814286,-110.72,4462.344444,2244.311111,0,2228.2,
76.6,1199.814286,-110.72,4462.344444,2244.311111,0,2228.2,
76.6,1199.814286,-111.26,4462.344444,2244.311111,0,2228.2,
85.82857143,1199.814286,-127.17,4736.375,2382.15,0,2228.2,
89.075,1507.4125,-136.67,4736.375,2382.15,0,2336.6,
89.075,1507.4125,-138.9,4736.375,2382.15,0,2336.6,
89.075,1507.4125,-148.09,4761.442857,2394.742857,0,2336.6,
85.82857143,1629.333333,-154.93,4761.442857,2394.742857,0,2336.6,
85.82857143,1629.333333,-168.25,4736.375,2382.15,0,2336.6,
76.6,1507.4125,-153.63,4462.344444,2244.311111,0,2336.6,
76.6,1507.4125,-150.94,4462.344444,2244.311111,0,2228.2,
76.6,1507.4125,-154.31,4736.375,2382.15,0,2228.2,
76.6,1629.333333,-152.77,4736.375,2382.15,0,2228.2,
85.82857143,1629.333333,-156.48,4736.375,2382.15,0,2336.6,
85.82857143,1629.333333,-159.73,4761.442857,2394.742857,0,2463.5,
89.075,1629.333333,-156.79,4761.442857,2394.742857,0,2463.5,
89.075,1629.333333,-150.1,4761.442857,2394.742857,0,2463.5,
89.075,1629.333333,-155.74,4761.442857,2394.742857,0,2463.5,
89.075,1629.333333,-151.73,4761.442857,2394.742857,0,2463.5,
89.075,1507.4125,-143.21,4736.375,2382.15,0,2463.5,
85.82857143,1507.4125,-130.95,4462.344444,2244.311111,0,2463.5,
85.82857143,1199.814286,-120.51,4462.344444,2244.311111,0,2463.5,
76.81111111,1203.471429,-114.48,4488.544444,2257.488889,0,2352.6,
76.81111111,1203.471429,-111.84,4488.544444,2257.488889,0,2242.2,
76.81111111,1203.471429,-110.48,4488.544444,2257.488889,0,2242.2,
76.81111111,1203.471429,-110.48,4488.544444,2257.488889,0,2242.2,
76.81111111,1203.471429,-111.81,4488.544444,2257.488889,0,2242.2,
86.22857143,1203.471429,-127.8,4769.1125,2398.6,0,2242.2,
89.4375,1514.9,-137.35,4769.1125,2398.6,0,2352.6,
89.4375,1514.9,-139.59,4769.1125,2398.6,0,2352.6,
89.4375,1514.9,-148.82,4792.028571,2410.128571,0,2352.6,
86.22857143,1638.611111,-155.69,4792.028571,2410.128571,0,2352.6,
86.22857143,1638.611111,-170.11,4769.1125,2398.6,0,2352.6,
76.81111111,1514.9,-154.39,4488.544444,2257.488889,0,2352.6,
76.81111111,1514.9,-151.69,4488.544444,2257.488889,0,2242.2,
76.81111111,1514.9,-155.07,4769.1125,2398.6,0,2242.2,
76.81111111,1638.611111,-153.53,4769.1125,2398.6,0,2242.2,
86.22857143,1638.611111,-157.26,4769.1125,2398.6,0,2352.6,
86.22857143,1638.611111,-160.53,4792.028571,2410.128571,0,2481.7,
89.4375,1638.611111,-157.57,4792.028571,2410.128571,0,2481.7,
89.4375,1638.611111,-150.85,4792.028571,2410.128571,0,2481.7,
89.4375,1638.611111,-156.52,4792.028571,2410.128571,0,2481.7,
89.4375,1638.611111,-152.48,4792.028571,2410.128571,0,2481.7,
89.4375,1514.9,-143.92,4769.1125,2398.6,0,2481.7,
86.22857143,1514.9,-131.6,4488.544444,2257.488889,0,2481.7,
86.22857143,1203.471429,-121.11,4488.544444,2257.488889,0,2481.7,
77.6,1215.571429,-115.73,4540.755556,2283.744444,0,2366.4,
77.6,1215.571429,-113.06,4540.755556,2283.744444,0,2256.6,
77.6,1215.571429,-111.27,4540.755556,2283.744444,0,2256.6,
77.6,1215.571429,-111.44,4540.755556,2283.744444,0,2256.6,
77.6,1215.571429,-113.03,4540.755556,2283.744444,0,2256.6,
87.17142857,1215.571429,-129.19,4826.6625,2427.55,0,2256.6,
90.3875,1531.3625,-138.84,4826.6625,2427.55,0,2366.4,
90.3875,1531.3625,-141.1,4826.6625,2427.55,0,2366.4,
90.3875,1531.3625,-150.44,4849.014286,2438.771429,0,2366.4,
87.17142857,1656.833333,-157.39,4849.014286,2438.771429,0,2366.4,
87.17142857,1656.833333,-172.31,4826.6625,2427.55,0,2366.4,
77.6,1531.3625,-156.07,4540.755556,2283.744444,0,2366.4,
77.6,1531.3625,-153.34,4540.755556,2283.744444,0,2256.6,
77.6,1531.3625,-156.76,4826.6625,2427.55,0,2256.6,
77.6,1656.833333,-155.2,4826.6625,2427.55,0,2256.6,
87.17142857,1656.833333,-158.97,4826.6625,2427.55,0,2366.4,
87.17142857,1656.833333,-162.27,4849.014286,2438.771429,0,2494.9,
90.3875,1656.833333,-159.28,4849.014286,2438.771429,0,2494.9,
90.3875,1656.833333,-152.49,4849.014286,2438.771429,0,2494.9,
90.3875,1656.833333,-158.22,4849.014286,2438.771429,0,2494.9,
90.3875,1656.833333,-154.14,4849.014286,2438.771429,0,2494.9,
90.3875,1531.3625,-145.48,4826.6625,2427.55,0,2494.9,
87.17142857,1531.3625,-133.03,4540.755556,2283.744444,0,2494.9,
87.17142857,1215.571429,-122.43,4540.755556,2283.744444,0,2494.9,
78.1,1231.328571,-117.19,4606.233333,2316.677778,0,2348.7,
78.1,1231.328571,-114.49,4606.233333,2316.677778,0,2245.4,
78.1,1231.328571,-112.91,4606.233333,2316.677778,0,2245.4,
78.1,1231.328571,-112.91,4606.233333,2316.677778,0,2245.4,
78.1,1231.328571,-114.45,4606.233333,2316.677778,0,2245.4,
87.57142857,1231.328571,-130.82,4892.475,2460.65,0,2245.4,
90.9,1550.6625,-140.59,4892.475,2460.65,0,2348.7,
90.9,1550.6625,-142.88,4892.475,2460.65,0,2348.7,
90.9,1550.6625,-152.34,4917,2472.985714,0,2348.7,
87.57142857,1677.333333,-159.37,4917,2472.985714,0,2348.7,
87.57142857,1677.333333,-174.16,4892.475,2460.65,0,2348.7,
78.1,1550.6625,-158.03,4606.233333,2316.677778,0,2348.7,
78.1,1550.6625,-155.27,4606.233333,2316.677778,0,2245.4,
78.1,1550.6625,-158.73,4892.475,2460.65,0,2245.4,
78.1,1677.333333,-157.15,4892.475,2460.65,0,2245.4,
87.57142857,1677.333333,-160.97,4892.475,2460.65,0,2348.7,
87.57142857,1677.333333,-164.31,4917,2472.985714,0,2470.1,
90.9,1677.333333,-161.29,4917,2472.985714,0,2470.1,
90.9,1677.333333,-154.41,4917,2472.985714,0,2470.1,
90.9,1677.333333,-160.21,4917,2472.985714,0,2470.1,
90.9,1677.333333,-156.08,4917,2472.985714,0,2470.1,
90.9,1550.6625,-147.31,4892.475,2460.65,0,2470.1,
87.57142857,1550.6625,-134.7,4606.233333,2316.677778,0,2470.1,
87.57142857,1231.328571,-123.97,4606.233333,2316.677778,0,2470.1,
78.02222222,1247.671429,-118.58,4633,2330.144444,0,2348.7,
78.02222222,1247.671429,-115.85,4633,2330.144444,0,2245.4,
78.02222222,1247.671429,-114.83,4633,2330.144444,0,2245.4,
78.02222222,1247.671429,-114.83,4633,2330.144444,0,2245.4,
78.02222222,1247.671429,-115.81,4633,2330.144444,0,2245.4,
87.37142857,1247.671429,-132.37,4917.275,2473.125,0,2245.4,
90.725,1569.0375,-142.26,4917.275,2473.125,0,2348.7,
90.725,1569.0375,-144.58,4917.275,2473.125,0,2348.7,
90.725,1569.0375,-154.14,4943.7,2486.414286,0,2348.7,
87.37142857,1696.177778,-161.26,4943.7,2486.414286,0,2348.7,
87.37142857,1696.177778,-175.32,4917.275,2473.125,0,2348.7,
78.02222222,1569.0375,-159.91,4633,2330.144444,0,2348.7,
78.02222222,1569.0375,-157.11,4633,2330.144444,0,2245.4,
78.02222222,1569.0375,-160.62,4917.275,2473.125,0,2245.4,
78.02222222,1696.177778,-159.01,4917.275,2473.125,0,2245.4,
87.37142857,1696.177778,-162.88,4917.275,2473.125,0,2348.7,
87.37142857,1696.177778,-166.26,4943.7,2486.414286,0,2470.1,
90.725,1696.177778,-163.2,4943.7,2486.414286,0,2470.1,
90.725,1696.177778,-156.24,4943.7,2486.414286,0,2470.1,
90.725,1696.177778,-162.11,4943.7,2486.414286,0,2470.1,
90.725,1696.177778,-157.93,4943.7,2486.414286,0,2470.1,
90.725,1569.0375,-149.06,4917.275,2473.125,0,2470.1,
87.37142857,1569.0375,-136.3,4633,2330.144444,0,2470.1,
87.37142857,1247.671429,-125.44,4633,2330.144444,0,2470.1,
77.87777778,1245.942857,-118.19,4630.788889,2329.033333,0,2348.7,
77.87777778,1245.942857,-115.47,4630.788889,2329.033333,0,2245.4,
77.87777778,1245.942857,-115.25,4630.788889,2329.033333,0,2245.4,
77.87777778,1245.942857,-115.25,4630.788889,2329.033333,0,2245.4,
77.87777778,1245.942857,-115.43,4630.788889,2329.033333,0,2245.4,
87.12857143,1245.942857,-131.94,4907.1,2468.0375,0,2245.4,
90.5,1563.925,-141.8,4907.1,2468.0375,0,2348.7,
90.5,1563.925,-144.11,4907.1,2468.0375,0,2348.7,
90.5,1563.925,-153.64,4936.085714,2482.571429,0,2348.7,
87.12857143,1689.433333,-160.73,4936.085714,2482.571429,0,2348.7,
87.12857143,1689.433333,-173.7,4907.1,2468.0375,0,2348.7,
77.87777778,1563.925,-159.38,4630.788889,2329.033333,0,2348.7,
77.87777778,1563.925,-156.6,4630.788889,2329.033333,0,2245.4,
77.87777778,1563.925,-160.09,4907.1,2468.0375,0,2245.4,
77.87777778,1689.433333,-158.49,4907.1,2468.0375,0,2245.4,
87.12857143,1689.433333,-162.35,4907.1,2468.0375,0,2348.7,
87.12857143,1689.433333,-165.72,4936.085714,2482.571429,0,2470.1,
90.5,1689.433333,-162.67,4936.085714,2482.571429,0,2470.1,
90.5,1689.433333,-155.73,4936.085714,2482.571429,0,2470.1,
90.5,1689.433333,-161.58,4936.085714,2482.571429,0,2470.1,
90.5,1689.433333,-157.42,4936.085714,2482.571429,0,2470.1,
90.5,1563.925,-148.57,4907.1,2468.0375,0,2470.1,
87.12857143,1563.925,-135.86,4630.788889,2329.033333,0,2470.1,
87.12857143,1245.942857,-125.03,4630.788889,2329.033333,0,2470.1,
75.02222222,1238.557143,-123.4,4857.532367,2607.577778,0,2559.8,
75.02222222,1238.557143,-120.83,4857.532367,2607.577778,0,2447.2,
75.02222222,1238.557143,-120.83,4857.532367,2607.577778,0,2447.2,
75.02222222,1238.557143,-120.83,4857.532367,2607.577778,0,2447.2,
75.02222222,1238.557143,-120.83,4857.532367,2607.577778,0,2447.2,
83.85714286,1238.557143,-137.76,5123.588043,2753.75,0,2447.2,
87.1125,1552,-148.06,5123.588043,2753.75,0,2559.8,
87.1125,1552,-150.47,5123.588043,2753.75,0,2559.8,
87.1125,1552,-160.43,5157.643478,2768.742857,0,2559.8,
83.85714286,1677.511111,-167.85,5157.643478,2768.742857,0,2559.8,
83.85714286,1677.511111,-182.2,5123.588043,2753.75,0,2559.8,
75.02222222,1552,-166.44,4857.532367,2607.577778,0,2559.8,
75.02222222,1552,-163.53,4857.532367,2607.577778,0,2447.2,
75.02222222,1552,-167.18,5123.588043,2753.75,0,2447.2,
75.02222222,1677.511111,-165.51,5123.588043,2753.75,0,2447.2,
83.85714286,1677.511111,-169.53,5123.588043,2753.75,0,2559.8,
83.85714286,1677.511111,-173.06,5157.643478,2768.742857,0,2692.1,
87.1125,1677.511111,-169.87,5157.643478,2768.742857,0,2692.1,
87.1125,1677.511111,-162.62,5157.643478,2768.742857,0,2692.1,
87.1125,1677.511111,-168.73,5157.643478,2768.742857,0,2692.1,
87.1125,1677.511111,-164.38,5157.643478,2768.742857,0,2692.1,
87.1125,1552,-155.14,5123.588043,2753.75,0,2692.1,
83.85714286,1552,-141.85,4857.532367,2607.577778,0,2692.1,
83.85714286,1238.557143,-130.55,4857.532367,2607.577778,0,2692.1,
74.4,1220.028571,-121.51,4858.12657,2608.933333,0,2377.7,
74.4,1220.028571,-119.05,4858.12657,2608.933333,0,2258.2,
74.4,1220.028571,-119.05,4858.12657,2608.933333,0,2258.2,
74.4,1220.028571,-119.05,4858.12657,2608.933333,0,2258.2,
74.4,1220.028571,-119.05,4858.12657,2608.933333,0,2258.2,
83.25714286,1220.028571,-135.66,5105.716304,2742.0625,0,2258.2,
86.45,1528.35,-145.8,5105.716304,2742.0625,0,2377.7,
86.45,1528.35,-148.18,5105.716304,2742.0625,0,2377.7,
86.45,1528.35,-157.99,5130.575776,2755.242857,0,2377.7,
83.25714286,1651.955556,-165.29,5130.575776,2755.242857,0,2377.7,
83.25714286,1651.955556,-179.41,5105.716304,2742.0625,0,2377.7,
74.4,1528.35,-163.9,4858.12657,2608.933333,0,2377.7,
74.4,1528.35,-161.03,4858.12657,2608.933333,0,2258.2,
74.4,1528.35,-164.63,5105.716304,2742.0625,0,2258.2,
74.4,1651.955556,-162.98,5105.716304,2742.0625,0,2258.2,
83.25714286,1651.955556,-166.95,5105.716304,2742.0625,0,2377.7,
83.25714286,1651.955556,-170.42,5130.575776,2755.242857,0,2517.8,
86.45,1651.955556,-167.28,5130.575776,2755.242857,0,2517.8,
86.45,1651.955556,-160.14,5130.575776,2755.242857,0,2517.8,
86.45,1651.955556,-166.16,5130.575776,2755.242857,0,2517.8,
86.45,1651.955556,-161.87,5130.575776,2755.242857,0,2517.8,
86.45,1528.35,-152.78,5105.716304,2742.0625,0,2517.8,
83.25714286,1528.35,-139.69,4858.12657,2608.933333,0,2517.8,
83.25714286,1220.028571,-128.55,4858.12657,2608.933333,0,2517.8,
74.46666667,1220.185714,-121.62,4839.288889,2598.844444,0,2388.6,
74.46666667,1220.185714,-118.99,4839.288889,2598.844444,0,2272.2,
74.46666667,1220.185714,-118.99,4839.288889,2598.844444,0,2272.2,
74.46666667,1220.185714,-118.99,4839.288889,2598.844444,0,2272.2,
74.46666667,1220.185714,-118.99,4839.288889,2598.844444,0,2272.2,
83.47142857,1220.185714,-135.78,5095.075,2736.2375,0,2272.2,
86.6,1529.7125,-145.93,5095.075,2736.2375,0,2388.6,
86.6,1529.7125,-148.31,5095.075,2736.2375,0,2388.6,
86.6,1529.7125,-158.13,5120.742857,2750.028571,0,2388.6,
83.47142857,1653.911111,-165.43,5120.742857,2750.028571,0,2388.6,
83.47142857,1653.911111,-180.03,5095.075,2736.2375,0,2388.6,
74.46666667,1529.7125,-164.04,4839.288889,2598.844444,0,2388.6,
74.46666667,1529.7125,-161.18,4839.288889,2598.844444,0,2272.2,
74.46666667,1529.7125,-164.77,5095.075,2736.2375,0,2272.2,
74.46666667,1653.911111,-163.13,5095.075,2736.2375,0,2272.2,
83.47142857,1653.911111,-167.1,5095.075,2736.2375,0,2388.6,
83.47142857,1653.911111,-170.57,5120.742857,2750.028571,0,2525.2,
86.6,1653.911111,-167.43,5120.742857,2750.028571,0,2525.2,
86.6,1653.911111,-160.28,5120.742857,2750.028571,0,2525.2,
86.6,1653.911111,-166.31,5120.742857,2750.028571,0,2525.2,
86.6,1653.911111,-162.02,5120.742857,2750.028571,0,2525.2,
86.6,1529.7125,-152.91,5095.075,2736.2375,0,2525.2,
83.47142857,1529.7125,-139.81,4839.288889,2598.844444,0,2525.2,
83.47142857,1220.185714,-128.67,4839.288889,2598.844444,0,2525.2,
75.23333333,1232.9,-123.06,4826.947343,2591.666667,0,2400.3,
75.23333333,1232.9,-120.22,4826.947343,2591.666667,0,2285,
75.23333333,1232.9,-120,4826.947343,2591.666667,0,2285,
75.23333333,1232.9,-120,4826.947343,2591.666667,0,2285,
75.23333333,1232.9,-120.18,4826.947343,2591.666667,0,2285,
84.38571429,1232.9,-137.38,5099.66087,2739.85,0,2285,
87.5375,1547.7125,-147.65,5099.66087,2739.85,0,2400.3,
87.5375,1547.7125,-150.06,5099.66087,2739.85,0,2400.3,
87.5375,1547.7125,-159.99,5131.298137,2755.142857,0,2400.3,
84.38571429,1674.144444,-167.38,5131.298137,2755.142857,0,2400.3,
84.38571429,1674.144444,-182.82,5099.66087,2739.85,0,2400.3,
75.23333333,1547.7125,-165.98,4826.947343,2591.666667,0,2400.3,
75.23333333,1547.7125,-163.07,4826.947343,2591.666667,0,2285,
75.23333333,1547.7125,-166.71,5099.66087,2739.85,0,2285,
75.23333333,1674.144444,-165.05,5099.66087,2739.85,0,2285,
84.38571429,1674.144444,-169.07,5099.66087,2739.85,0,2400.3,
84.38571429,1674.144444,-172.58,5131.298137,2755.142857,0,2535.8,
87.5375,1674.144444,-169.4,5131.298137,2755.142857,0,2535.8,
87.5375,1674.144444,-162.17,5131.298137,2755.142857,0,2535.8,
87.5375,1674.144444,-168.26,5131.298137,2755.142857,0,2535.8,
87.5375,1674.144444,-163.93,5131.298137,2755.142857,0,2535.8,
87.5375,1547.7125,-154.71,5099.66087,2739.85,0,2535.8,
84.38571429,1547.7125,-141.46,4826.947343,2591.666667,0,2535.8,
84.38571429,1232.9,-130.18,4826.947343,2591.666667,0,2535.8,
76.13333333,1248.1,-124.6,4872.675845,2615.466667,0,2408,
76.13333333,1248.1,-121.72,4872.675845,2615.466667,0,2292.3,
76.13333333,1248.1,-121.41,4872.675845,2615.466667,0,2292.3,
76.13333333,1248.1,-121.41,4872.675845,2615.466667,0,2292.3,
76.13333333,1248.1,-121.69,4872.675845,2615.466667,0,2292.3,
85.38571429,1248.1,-139.1,5135.088587,2760.4125,0,2292.3,
88.5875,1567.0875,-149.5,5135.088587,2760.4125,0,2408,
88.5875,1567.0875,-151.94,5135.088587,2760.4125,0,2408,
88.5875,1567.0875,-161.99,5170.186957,2775.242857,0,2408,
85.38571429,1695.066667,-169.48,5170.186957,2775.242857,0,2408,
85.38571429,1695.066667,-185.09,5135.088587,2760.4125,0,2408,
76.13333333,1567.0875,-168.05,4872.675845,2615.466667,0,2408,
76.13333333,1567.0875,-165.12,4872.675845,2615.466667,0,2292.3,
76.13333333,1567.0875,-168.8,5135.088587,2760.4125,0,2292.3,
76.13333333,1695.066667,-167.11,5135.088587,2760.4125,0,2292.3,
85.38571429,1695.066667,-171.18,5135.088587,2760.4125,0,2408,
85.38571429,1695.066667,-174.74,5170.186957,2775.242857,0,2544,
88.5875,1695.066667,-171.52,5170.186957,2775.242857,0,2544,
88.5875,1695.066667,-164.2,5170.186957,2775.242857,0,2544,
88.5875,1695.066667,-170.37,5170.186957,2775.242857,0,2544,
88.5875,1695.066667,-165.98,5170.186957,2775.242857,0,2544,
88.5875,1567.0875,-156.65,5135.088587,2760.4125,0,2544,
85.38571429,1567.0875,-143.23,4872.675845,2615.466667,0,2544,
85.38571429,1248.1,-131.82,4872.675845,2615.466667,0,2544,
76.51111111,1254.3,-124.99,4890.65314,2625.322222,0,2388.6,
76.51111111,1254.3,-122.34,4890.65314,2625.322222,0,2272.2,
76.51111111,1254.3,-122.34,4890.65314,2625.322222,0,2272.2,
76.51111111,1254.3,-122.34,4890.65314,2625.322222,0,2272.2,
76.51111111,1254.3,-122.34,4890.65314,2625.322222,0,2272.2,
85.71428571,1254.3,-139.54,5140.257609,2762.775,0,2272.2,
88.975,1572.05,-149.97,5140.257609,2762.775,0,2388.6,
88.975,1572.05,-152.41,5140.257609,2762.775,0,2388.6,
88.975,1572.05,-162.5,5172.237267,2776.571429,0,2388.6,
85.71428571,1699.122222,-170.01,5172.237267,2776.571429,0,2388.6,
85.71428571,1699.122222,-184.53,5140.257609,2762.775,0,2388.6,
76.51111111,1572.05,-168.58,4890.65314,2625.322222,0,2388.6,
76.51111111,1572.05,-165.64,4890.65314,2625.322222,0,2272.2,
76.51111111,1572.05,-169.33,5140.257609,2762.775,0,2272.2,
76.51111111,1699.122222,-167.64,5140.257609,2762.775,0,2272.2,
85.71428571,1699.122222,-171.72,5140.257609,2762.775,0,2388.6,
85.71428571,1699.122222,-175.29,5172.237267,2776.571429,0,2525.2,
88.975,1699.122222,-172.06,5172.237267,2776.571429,0,2525.2,
88.975,1699.122222,-164.71,5172.237267,2776.571429,0,2525.2,
88.975,1699.122222,-170.91,5172.237267,2776.571429,0,2525.2,
88.975,1699.122222,-166.5,5172.237267,2776.571429,0,2525.2,
88.975,1572.05,-157.14,5140.257609,2762.775,0,2525.2,
85.71428571,1572.05,-143.68,4890.65314,2625.322222,0,2525.2,
85.71428571,1254.3,-132.23,4890.65314,2625.322222,0,2525.2,
76.48888889,1253.3,-124.86,4865.867633,2612.677778,0,2400.3,
76.48888889,1253.3,-122.27,4865.867633,2612.677778,0,2285,
76.48888889,1253.3,-122.27,4865.867633,2612.677778,0,2285,
76.48888889,1253.3,-122.27,4865.867633,2612.677778,0,2285,
76.48888889,1253.3,-122.27,4865.867633,2612.677778,0,2285,
85.62857143,1253.3,-139.39,5116.524457,2748.675,0,2285,
88.925,1570.4,-149.81,5116.524457,2748.675,0,2400.3,
88.925,1570.4,-152.25,5116.524457,2748.675,0,2400.3,
88.925,1570.4,-162.33,5144.385093,2762.271429,0,2400.3,
85.62857143,1697.2,-169.83,5144.385093,2762.271429,0,2400.3,
85.62857143,1697.2,-184.21,5116.524457,2748.675,0,2400.3,
76.48888889,1570.4,-168.41,4865.867633,2612.677778,0,2400.3,
76.48888889,1570.4,-165.46,4865.867633,2612.677778,0,2285,
76.48888889,1570.4,-169.15,5116.524457,2748.675,0,2285,
76.48888889,1697.2,-167.47,5116.524457,2748.675,0,2285,
85.62857143,1697.2,-171.54,5116.524457,2748.675,0,2400.3,
85.62857143,1697.2,-175.1,5144.385093,2762.271429,0,2535.8,
88.925,1697.2,-171.88,5144.385093,2762.271429,0,2535.8,
88.925,1697.2,-164.54,5144.385093,2762.271429,0,2535.8,
88.925,1697.2,-170.73,5144.385093,2762.271429,0,2535.8,
88.925,1697.2,-166.33,5144.385093,2762.271429,0,2535.8,
88.925,1570.4,-156.98,5116.524457,2748.675,0,2535.8,
85.62857143,1570.4,-143.53,4865.867633,2612.677778,0,2535.8,
85.62857143,1253.3,-132.09,4865.867633,2612.677778,0,2535.8,
76.2,1245.028571,-124.21,4857.378744,2608.333333,0,2408,
76.2,1245.028571,-121.34,4857.378744,2608.333333,0,2292.3,
76.2,1245.028571,-121.33,4857.378744,2608.333333,0,2292.3,
76.2,1245.028571,-121.33,4857.378744,2608.333333,0,2292.3,
76.2,1245.028571,-121.33,4857.378744,2608.333333,0,2292.3,
85.3,1245.028571,-138.66,5108.649457,2744.0125,0,2292.3,
88.5625,1562.2125,-149.04,5108.649457,2744.0125,0,2408,
88.5625,1562.2125,-151.46,5108.649457,2744.0125,0,2408,
88.5625,1562.2125,-161.49,5135.256522,2757.571429,0,2408,
85.3,1689.388889,-168.95,5135.256522,2757.571429,0,2408,
85.3,1689.388889,-184.14,5108.649457,2744.0125,0,2408,
76.2,1562.2125,-167.53,4857.378744,2608.333333,0,2408,
76.2,1562.2125,-164.6,4857.378744,2608.333333,0,2292.3,
76.2,1562.2125,-168.28,5108.649457,2744.0125,0,2292.3,
76.2,1689.388889,-166.6,5108.649457,2744.0125,0,2292.3,
85.3,1689.388889,-170.65,5108.649457,2744.0125,0,2408,
85.3,1689.388889,-174.2,5135.256522,2757.571429,0,2544,
88.5625,1689.388889,-170.99,5135.256522,2757.571429,0,2544,
88.5625,1689.388889,-163.69,5135.256522,2757.571429,0,2544,
88.5625,1689.388889,-169.84,5135.256522,2757.571429,0,2544,
88.5625,1689.388889,-165.46,5135.256522,2757.571429,0,2544,
88.5625,1562.2125,-156.16,5108.649457,2744.0125,0,2544,
85.3,1562.2125,-142.79,4857.378744,2608.333333,0,2544,
85.3,1245.028571,-131.41,4857.378744,2608.333333,0,2544,
75.75555556,1237.728571,-123.5,4877.285507,2619.244444,0,2461.7,
75.75555556,1237.728571,-120.65,4877.285507,2619.244444,0,2348.2,
75.75555556,1237.728571,-120.57,4877.285507,2619.244444,0,2348.2,
75.75555556,1237.728571,-120.57,4877.285507,2619.244444,0,2348.2,
75.75555556,1237.728571,-120.61,4877.285507,2619.244444,0,2348.2,
84.78571429,1237.728571,-137.87,5114.545652,2746.75,0,2348.2,
88.05,1553.2625,-148.18,5114.545652,2746.75,0,2461.7,
88.05,1553.2625,-150.59,5114.545652,2746.75,0,2461.7,
88.05,1553.2625,-160.56,5137.837888,2759.157143,0,2461.7,
84.78571429,1679.877778,-167.98,5137.837888,2759.157143,0,2461.7,
84.78571429,1679.877778,-183.24,5114.545652,2746.75,0,2461.7,
75.75555556,1553.2625,-166.57,4877.285507,2619.244444,0,2461.7,
75.75555556,1553.2625,-163.66,4877.285507,2619.244444,0,2348.2,
75.75555556,1553.2625,-167.31,5114.545652,2746.75,0,2348.2,
75.75555556,1679.877778,-165.64,5114.545652,2746.75,0,2348.2,
84.78571429,1679.877778,-169.67,5114.545652,2746.75,0,2461.7,
84.78571429,1679.877778,-173.2,5137.837888,2759.157143,0,2595.4,
88.05,1679.877778,-170.01,5137.837888,2759.157143,0,2595.4,
88.05,1679.877778,-162.75,5137.837888,2759.157143,0,2595.4,
88.05,1679.877778,-168.87,5137.837888,2759.157143,0,2595.4,
88.05,1679.877778,-164.51,5137.837888,2759.157143,0,2595.4,
88.05,1553.2625,-155.27,5114.545652,2746.75,0,2595.4,
84.78571429,1553.2625,-141.97,4877.285507,2619.244444,0,2595.4,
84.78571429,1237.728571,-130.65,4877.285507,2619.244444,0,2595.4,
75.56666667,1229.771429,-122.77,4849.155556,2604.177778,0,2457.8,
75.56666667,1229.771429,-119.94,4849.155556,2604.177778,0,2346.5,
75.56666667,1229.771429,-119.63,4849.155556,2604.177778,0,2346.5,
75.56666667,1229.771429,-119.63,4849.155556,2604.177778,0,2346.5,
75.56666667,1229.771429,-119.9,4849.155556,2604.177778,0,2346.5,
84.65714286,1229.771429,-137.06,5091.7625,2734.475,0,2346.5,
87.875,1544.1375,-147.31,5091.7625,2734.475,0,2457.8,
87.875,1544.1375,-149.71,5091.7625,2734.475,0,2457.8,
87.875,1544.1375,-159.62,5115.6,2747.257143,0,2457.8,
84.65714286,1670.433333,-166.99,5115.6,2747.257143,0,2457.8,
84.65714286,1670.433333,-182.56,5091.7625,2734.475,0,2457.8,
75.56666667,1544.1375,-165.59,4849.155556,2604.177778,0,2457.8,
75.56666667,1544.1375,-162.7,4849.155556,2604.177778,0,2346.5,
75.56666667,1544.1375,-166.33,5091.7625,2734.475,0,2346.5,
75.56666667,1670.433333,-164.67,5091.7625,2734.475,0,2346.5,
84.65714286,1670.433333,-168.67,5091.7625,2734.475,0,2457.8,
84.65714286,1670.433333,-172.18,5115.6,2747.257143,0,2589.1,
87.875,1670.433333,-169.01,5115.6,2747.257143,0,2589.1,
87.875,1670.433333,-161.79,5115.6,2747.257143,0,2589.1,
87.875,1670.433333,-167.88,5115.6,2747.257143,0,2589.1,
87.875,1670.433333,-163.55,5115.6,2747.257143,0,2589.1,
87.875,1544.1375,-154.35,5091.7625,2734.475,0,2589.1,
84.65714286,1544.1375,-141.13,4849.155556,2604.177778,0,2589.1,
84.65714286,1229.771429,-129.88,4849.155556,2604.177778,0,2589.1,
76.15555556,1230.257143,-122.99,4822.293237,2589.722222,0,2433.5,
76.15555556,1230.257143,-120.15,4822.293237,2589.722222,0,2321.9,
76.15555556,1230.257143,-119.24,4822.293237,2589.722222,0,2321.9,
76.15555556,1230.257143,-119.24,4822.293237,2589.722222,0,2321.9,
76.15555556,1230.257143,-120.12,4822.293237,2589.722222,0,2321.9,
85.34285714,1230.257143,-137.3,5087.403804,2732.1375,0,2321.9,
88.575,1546.9,-147.57,5087.403804,2732.1375,0,2433.5,
88.575,1546.9,-149.98,5087.403804,2732.1375,0,2433.5,
88.575,1546.9,-159.91,5114.375776,2746.614286,0,2433.5,
85.34285714,1674.277778,-167.29,5114.375776,2746.614286,0,2433.5,
85.34285714,1674.277778,-183.68,5087.403804,2732.1375,0,2433.5,
76.15555556,1546.9,-165.89,4822.293237,2589.722222,0,2433.5,
76.15555556,1546.9,-162.99,4822.293237,2589.722222,0,2321.9,
76.15555556,1546.9,-166.63,5087.403804,2732.1375,0,2321.9,
76.15555556,1674.277778,-164.96,5087.403804,2732.1375,0,2321.9,
85.34285714,1674.277778,-168.98,5087.403804,2732.1375,0,2433.5,
85.34285714,1674.277778,-172.49,5114.375776,2746.614286,0,2565.1,
88.575,1674.277778,-169.31,5114.375776,2746.614286,0,2565.1,
88.575,1674.277778,-162.08,5114.375776,2746.614286,0,2565.1,
88.575,1674.277778,-168.18,5114.375776,2746.614286,0,2565.1,
88.575,1674.277778,-163.84,5114.375776,2746.614286,0,2565.1,
88.575,1546.9,-154.63,5087.403804,2732.1375,0,2565.1,
85.34285714,1546.9,-141.39,4822.293237,2589.722222,0,2565.1,
85.34285714,1230.257143,-130.12,4822.293237,2589.722222,0,2565.1,
76.78888889,1241.228571,-124.07,4855.007729,2606.3,0,2420.3,
76.78888889,1241.228571,-121.2,4855.007729,2606.3,0,2305.7,
76.78888889,1241.228571,-120.35,4855.007729,2606.3,0,2305.7,
76.78888889,1241.228571,-120.35,4855.007729,2606.3,0,2305.7,
76.78888889,1241.228571,-121.17,4855.007729,2606.3,0,2305.7,
86,1241.228571,-138.5,5120.583152,2751.9125,0,2305.7,
89.25,1560.4,-148.86,5120.583152,2751.9125,0,2420.3,
89.25,1560.4,-151.29,5120.583152,2751.9125,0,2420.3,
89.25,1560.4,-161.3,5153.923602,2766.842857,0,2420.3,
86,1688.7,-168.75,5153.923602,2766.842857,0,2420.3,
86,1688.7,-185.09,5120.583152,2751.9125,0,2420.3,
76.78888889,1560.4,-167.34,4855.007729,2606.3,0,2420.3,
76.78888889,1560.4,-164.41,4855.007729,2606.3,0,2305.7,
76.78888889,1560.4,-168.08,5120.583152,2751.9125,0,2305.7,
76.78888889,1688.7,-166.4,5120.583152,2751.9125,0,2305.7,
86,1688.7,-170.45,5120.583152,2751.9125,0,2420.3,
86,1688.7,-173.99,5153.923602,2766.842857,0,2555.1,
89.25,1688.7,-170.79,5153.923602,2766.842857,0,2555.1,
89.25,1688.7,-163.5,5153.923602,2766.842857,0,2555.1,
89.25,1688.7,-169.64,5153.923602,2766.842857,0,2555.1,
89.25,1688.7,-165.27,5153.923602,2766.842857,0,2555.1,
89.25,1560.4,-155.98,5120.583152,2751.9125,0,2555.1,
86,1560.4,-142.62,4855.007729,2606.3,0,2555.1,
86,1241.228571,-131.25,4855.007729,2606.3,0,2555.1,
77.25555556,1254.228571,-125.2,4890.947826,2624.755556,0,2414.6,
77.25555556,1254.228571,-122.31,4890.947826,2624.755556,0,2294.8,
77.25555556,1254.228571,-122.03,4890.947826,2624.755556,0,2294.8,
77.25555556,1254.228571,-122.03,4890.947826,2624.755556,0,2294.8,
77.25555556,1254.228571,-122.28,4890.947826,2624.755556,0,2294.8,
86.55714286,1254.228571,-139.77,5152.954348,2771.0375,0,2294.8,
89.85,1574.7125,-150.23,5152.954348,2771.0375,0,2414.6,
89.85,1574.7125,-152.67,5152.954348,2771.0375,0,2414.6,
89.85,1574.7125,-162.78,5191.262112,2786.042857,0,2414.6,
86.55714286,1703.188889,-170.3,5191.262112,2786.042857,0,2414.6,
86.55714286,1703.188889,-185.9,5152.954348,2771.0375,0,2414.6,
77.25555556,1574.7125,-168.87,4890.947826,2624.755556,0,2414.6,
77.25555556,1574.7125,-165.92,4890.947826,2624.755556,0,2294.8,
77.25555556,1574.7125,-169.62,5152.954348,2771.0375,0,2294.8,
77.25555556,1703.188889,-167.93,5152.954348,2771.0375,0,2294.8,
86.55714286,1703.188889,-172.01,5152.954348,2771.0375,0,2414.6,
86.55714286,1703.188889,-175.59,5191.262112,2786.042857,0,2555,
89.85,1703.188889,-172.35,5191.262112,2786.042857,0,2555,
89.85,1703.188889,-164.99,5191.262112,2786.042857,0,2555,
89.85,1703.188889,-171.2,5191.262112,2786.042857,0,2555,
89.85,1703.188889,-166.78,5191.262112,2786.042857,0,2555,
89.85,1574.7125,-157.41,5152.954348,2771.0375,0,2555,
86.55714286,1574.7125,-143.93,4890.947826,2624.755556,0,2555,
86.55714286,1254.228571,-132.46,4890.947826,2624.755556,0,2555,
77.47777778,1261.171429,-125.75,4907.772947,2633.966667,0,2410.9,
77.47777778,1261.171429,-122.96,4907.772947,2633.966667,0,2294.6,
77.47777778,1261.171429,-122.96,4907.772947,2633.966667,0,2294.6,
77.47777778,1261.171429,-122.96,4907.772947,2633.966667,0,2294.6,
77.47777778,1261.171429,-122.96,4907.772947,2633.966667,0,2294.6,
86.77142857,1261.171429,-140.38,5158.002717,2773.375,0,2294.6,
90.0625,1581.55,-150.88,5158.002717,2773.375,0,2410.9,
90.0625,1581.55,-153.34,5158.002717,2773.375,0,2410.9,
90.0625,1581.55,-163.49,5193.531677,2787.442857,0,2410.9,
86.77142857,1709.722222,-171.04,5193.531677,2787.442857,0,2410.9,
86.77142857,1709.722222,-185.93,5158.002717,2773.375,0,2410.9,
77.47777778,1581.55,-169.6,4907.772947,2633.966667,0,2410.9,
77.47777778,1581.55,-166.64,4907.772947,2633.966667,0,2294.6,
77.47777778,1581.55,-170.36,5158.002717,2773.375,0,2294.6,
77.47777778,1709.722222,-168.66,5158.002717,2773.375,0,2294.6,
86.77142857,1709.722222,-172.76,5158.002717,2773.375,0,2410.9,
86.77142857,1709.722222,-176.35,5193.531677,2787.442857,0,2547.6,
90.0625,1709.722222,-173.1,5193.531677,2787.442857,0,2547.6,
90.0625,1709.722222,-165.71,5193.531677,2787.442857,0,2547.6,
90.0625,1709.722222,-171.94,5193.531677,2787.442857,0,2547.6,
90.0625,1709.722222,-167.51,5193.531677,2787.442857,0,2547.6,
90.0625,1581.55,-158.09,5158.002717,2773.375,0,2547.6,
86.77142857,1581.55,-144.55,4907.772947,2633.966667,0,2547.6,
86.77142857,1261.171429,-133.03,4907.772947,2633.966667,0,2547.6,
77.32222222,1269.571429,-126.47,4912.471981,2636.755556,0,2409.3,
77.32222222,1269.571429,-123.86,4912.471981,2636.755556,0,2297.1,
77.32222222,1269.571429,-123.86,4912.471981,2636.755556,0,2297.1,
77.32222222,1269.571429,-123.86,4912.471981,2636.755556,0,2297.1,
77.32222222,1269.571429,-123.86,4912.471981,2636.755556,0,2297.1,
86.57142857,1269.571429,-141.19,5156.015761,2771.8125,0,2297.1,
89.8625,1590.675,-151.75,5156.015761,2771.8125,0,2409.3,
89.8625,1590.675,-154.22,5156.015761,2771.8125,0,2409.3,
89.8625,1590.675,-164.43,5189.089441,2785.285714,0,2409.3,
86.57142857,1718.922222,-172.02,5189.089441,2785.285714,0,2409.3,
86.57142857,1718.922222,-186.4,5156.015761,2771.8125,0,2409.3,
77.32222222,1590.675,-170.58,4912.471981,2636.755556,0,2409.3,
77.32222222,1590.675,-167.6,4912.471981,2636.755556,0,2297.1,
77.32222222,1590.675,-171.34,5156.015761,2771.8125,0,2297.1,
77.32222222,1718.922222,-169.63,5156.015761,2771.8125,0,2297.1,
86.57142857,1718.922222,-173.76,5156.015761,2771.8125,0,2409.3,
86.57142857,1718.922222,-177.37,5189.089441,2785.285714,0,2541.5,
89.8625,1718.922222,-174.1,5189.089441,2785.285714,0,2541.5,
89.8625,1718.922222,-166.67,5189.089441,2785.285714,0,2541.5,
89.8625,1718.922222,-172.93,5189.089441,2785.285714,0,2541.5,
89.8625,1718.922222,-168.47,5189.089441,2785.285714,0,2541.5,
89.8625,1590.675,-159.01,5156.015761,2771.8125,0,2541.5,
86.57142857,1590.675,-145.39,4912.471981,2636.755556,0,2541.5,
86.57142857,1269.571429,-133.8,4912.471981,2636.755556,0,2541.5,
77.15555556,1271.642857,-126.64,4888.710628,2624.488889,0,2416.3,
77.15555556,1271.642857,-124.1,4888.710628,2624.488889,0,2305,
77.15555556,1271.642857,-124.1,4888.710628,2624.488889,0,2305,
77.15555556,1271.642857,-124.1,4888.710628,2624.488889,0,2305,
77.15555556,1271.642857,-124.1,4888.710628,2624.488889,0,2305,
86.37142857,1271.642857,-141.38,5135.706522,2759.9125,0,2305,
89.675,1592.7875,-151.95,5135.706522,2759.9125,0,2416.3,
89.675,1592.7875,-154.43,5135.706522,2759.9125,0,2416.3,
89.675,1592.7875,-164.65,5166.007453,2773.414286,0,2416.3,
86.37142857,1720.944444,-172.25,5166.007453,2773.414286,0,2416.3,
86.37142857,1720.944444,-186.42,5135.706522,2759.9125,0,2416.3,
77.15555556,1592.7875,-170.81,4888.710628,2624.488889,0,2416.3,
77.15555556,1592.7875,-167.82,4888.710628,2624.488889,0,2305,
77.15555556,1592.7875,-171.57,5135.706522,2759.9125,0,2305,
77.15555556,1720.944444,-169.85,5135.706522,2759.9125,0,2305,
86.37142857,1720.944444,-173.99,5135.706522,2759.9125,0,2416.3,
86.37142857,1720.944444,-177.6,5166.007453,2773.414286,0,2547.6,
89.675,1720.944444,-174.33,5166.007453,2773.414286,0,2547.6,
89.675,1720.944444,-166.89,5166.007453,2773.414286,0,2547.6,
89.675,1720.944444,-173.16,5166.007453,2773.414286,0,2547.6,
89.675,1720.944444,-168.7,5166.007453,2773.414286,0,2547.6,
89.675,1592.7875,-159.22,5135.706522,2759.9125,0,2547.6,
86.37142857,1592.7875,-145.58,4888.710628,2624.488889,0,2547.6,
86.37142857,1271.642857,-133.98,4888.710628,2624.488889,0,2547.6,
77.2,1261.471429,-125.72,4852.902415,2605.722222,0,2423,
77.2,1261.471429,-123.03,4852.902415,2605.722222,0,2308.7,
77.2,1261.471429,-123.03,4852.902415,2605.722222,0,2308.7,
77.2,1261.471429,-123.03,4852.902415,2605.722222,0,2308.7,
77.2,1261.471429,-123.03,4852.902415,2605.722222,0,2308.7,
86.4,1261.471429,-140.35,5110.567391,2745.525,0,2308.7,
89.75,1581.2375,-150.85,5110.567391,2745.525,0,2423,
89.75,1581.2375,-153.31,5110.567391,2745.525,0,2423,
89.75,1581.2375,-163.46,5139.534161,2759.628571,0,2423,
86.4,1709.111111,-171,5139.534161,2759.628571,0,2423,
86.4,1709.111111,-185.63,5110.567391,2745.525,0,2423,
77.2,1581.2375,-169.57,4852.902415,2605.722222,0,2423,
77.2,1581.2375,-166.61,4852.902415,2605.722222,0,2308.7,
77.2,1581.2375,-170.32,5110.567391,2745.525,0,2308.7,
77.2,1709.111111,-168.62,5110.567391,2745.525,0,2308.7,
86.4,1709.111111,-172.73,5110.567391,2745.525,0,2423,
86.4,1709.111111,-176.31,5139.534161,2759.628571,0,2557.4,
89.75,1709.111111,-173.07,5139.534161,2759.628571,0,2557.4,
89.75,1709.111111,-165.68,5139.534161,2759.628571,0,2557.4,
89.75,1709.111111,-171.91,5139.534161,2759.628571,0,2557.4,
89.75,1709.111111,-167.48,5139.534161,2759.628571,0,2557.4,
89.75,1581.2375,-158.06,5110.567391,2745.525,0,2557.4,
86.4,1581.2375,-144.53,4852.902415,2605.722222,0,2557.4,
86.4,1261.471429,-133.01,4852.902415,2605.722222,0,2557.4,
77.48888889,1257.585714,-125.51,4876.029469,2617.2,0,2402.5,
77.48888889,1257.585714,-122.62,4876.029469,2617.2,0,2281.4,
77.48888889,1257.585714,-122.44,4876.029469,2617.2,0,2281.4,
77.48888889,1257.585714,-122.44,4876.029469,2617.2,0,2281.4,
77.48888889,1257.585714,-122.58,4876.029469,2617.2,0,2281.4,
86.78571429,1257.585714,-140.12,5137.552174,2761.8125,0,2281.4,
90.0875,1578.575,-150.6,5137.552174,2761.8125,0,2402.5,
90.0875,1578.575,-153.05,5137.552174,2761.8125,0,2402.5,
90.0875,1578.575,-163.18,5172.802484,2776.6,0,2402.5,
86.78571429,1707.155556,-170.72,5172.802484,2776.6,0,2402.5,
86.78571429,1707.155556,-186.18,5137.552174,2761.8125,0,2402.5,
77.48888889,1578.575,-169.28,4876.029469,2617.2,0,2402.5,
77.48888889,1578.575,-166.32,4876.029469,2617.2,0,2281.4,
77.48888889,1578.575,-170.04,5137.552174,2761.8125,0,2281.4,
77.48888889,1707.155556,-168.34,5137.552174,2761.8125,0,2281.4,
86.78571429,1707.155556,-172.44,5137.552174,2761.8125,0,2402.5,
86.78571429,1707.155556,-176.02,5172.802484,2776.6,0,2544.2,
90.0875,1707.155556,-172.78,5172.802484,2776.6,0,2544.2,
90.0875,1707.155556,-165.4,5172.802484,2776.6,0,2544.2,
90.0875,1707.155556,-171.62,5172.802484,2776.6,0,2544.2,
90.0875,1707.155556,-167.19,5172.802484,2776.6,0,2544.2,
90.0875,1578.575,-157.8,5137.552174,2761.8125,0,2544.2,
86.78571429,1578.575,-144.28,4876.029469,2617.2,0,2544.2,
86.78571429,1257.585714,-132.78,4876.029469,2617.2,0,2544.2,
77.83333333,1272.685714,-127.06,4929.625253,2644.144444,0,2384.9,
77.83333333,1272.685714,-124.13,4929.625253,2644.144444,0,2258,
77.83333333,1272.685714,-123.8,4929.625253,2644.144444,0,2258,
77.83333333,1272.685714,-123.8,4929.625253,2644.144444,0,2258,
77.83333333,1272.685714,-124.09,4929.625253,2644.144444,0,2258,
87.17142857,1272.685714,-141.84,5187.064773,2792.1125,0,2258,
90.525,1598.0125,-152.45,5187.064773,2792.1125,0,2384.9,
90.525,1598.0125,-154.93,5187.064773,2792.1125,0,2384.9,
90.525,1598.0125,-165.19,5233.550649,2807.371429,0,2384.9,
87.17142857,1728.266667,-172.82,5233.550649,2807.371429,0,2384.9,
87.17142857,1728.266667,-188.53,5187.064773,2792.1125,0,2384.9,
77.83333333,1598.0125,-171.37,4929.625253,2644.144444,0,2384.9,
77.83333333,1598.0125,-168.37,4929.625253,2644.144444,0,2258,
77.83333333,1598.0125,-172.13,5187.064773,2792.1125,0,2258,
77.83333333,1728.266667,-170.41,5187.064773,2792.1125,0,2258,
87.17142857,1728.266667,-174.56,5187.064773,2792.1125,0,2384.9,
87.17142857,1728.266667,-178.18,5233.550649,2807.371429,0,2532.7,
90.525,1728.266667,-174.9,5233.550649,2807.371429,0,2532.7,
90.525,1728.266667,-167.44,5233.550649,2807.371429,0,2532.7,
90.525,1728.266667,-173.73,5233.550649,2807.371429,0,2532.7,
90.525,1728.266667,-169.25,5233.550649,2807.371429,0,2532.7,
90.525,1598.0125,-159.74,5187.064773,2792.1125,0,2532.7,
87.17142857,1598.0125,-146.06,4929.625253,2644.144444,0,2532.7,
87.17142857,1272.685714,-134.42,4929.625253,2644.144444,0,2532.7,
78.23333333,1306.971429,-130.22,5016.551634,2683.655556,0,2392.8,
78.23333333,1306.971429,-127.5,5016.551634,2683.655556,0,2264.9,
78.23333333,1306.971429,-127.5,5016.551634,2683.655556,0,2264.9,
78.23333333,1306.971429,-127.5,5016.551634,2683.655556,0,2264.9,
78.23333333,1306.971429,-127.5,5016.551634,2683.655556,0,2264.9,
87.62857143,1306.971429,-145.37,5243.711029,2833.25,0,2264.9,
90.975,1637.725,-156.24,5243.711029,2833.25,0,2392.8,
90.975,1637.725,-158.78,5243.711029,2833.25,0,2392.8,
90.975,1637.725,-169.29,5316.106723,2848.728571,0,2392.8,
87.62857143,1769.466667,-177.11,5316.106723,2848.728571,0,2392.8,
87.62857143,1769.466667,-191.66,5243.711029,2833.25,0,2392.8,
78.23333333,1637.725,-175.62,5016.551634,2683.655556,0,2392.8,
78.23333333,1637.725,-172.56,5016.551634,2683.655556,0,2264.9,
78.23333333,1637.725,-176.41,5243.711029,2833.25,0,2264.9,
78.23333333,1769.466667,-174.64,5243.711029,2833.25,0,2264.9,
87.62857143,1769.466667,-178.89,5243.711029,2833.25,0,2392.8,
87.62857143,1769.466667,-182.61,5316.106723,2848.728571,0,2541.6,
90.975,1769.466667,-179.25,5316.106723,2848.728571,0,2541.6,
90.975,1769.466667,-171.59,5316.106723,2848.728571,0,2541.6,
90.975,1769.466667,-178.05,5316.106723,2848.728571,0,2541.6,
90.975,1769.466667,-173.46,5316.106723,2848.728571,0,2541.6,
90.975,1637.725,-163.71,5243.711029,2833.25,0,2541.6,
87.62857143,1637.725,-149.69,5016.551634,2683.655556,0,2541.6,
87.62857143,1306.971429,-137.76,5016.551634,2683.655556,0,2541.6,
78.81111111,1335.957143,-133.08,5077.582222,2710.6,0,2417.2,
78.81111111,1335.957143,-130.47,5077.582222,2710.6,0,2289.2,
78.81111111,1335.957143,-130.47,5077.582222,2710.6,0,2289.2,
78.81111111,1335.957143,-130.47,5077.582222,2710.6,0,2289.2,
78.81111111,1335.957143,-130.47,5077.582222,2710.6,0,2289.2,
88.25714286,1335.957143,-148.22,5268.3675,2853.6125,0,2289.2,
91.625,1665.975,-159.09,5268.3675,2853.6125,0,2417.2,
91.625,1665.975,-161.64,5268.3675,2853.6125,0,2417.2,
91.625,1665.975,-172.14,5353.531429,2868.171429,0,2417.2,
88.25714286,1797.377778,-179.96,5353.531429,2868.171429,0,2417.2,
88.25714286,1797.377778,-194.19,5268.3675,2853.6125,0,2417.2,
78.81111111,1665.975,-178.47,5077.582222,2710.6,0,2417.2,
78.81111111,1665.975,-175.41,5077.582222,2710.6,0,2289.2,
78.81111111,1665.975,-179.26,5268.3675,2853.6125,0,2289.2,
78.81111111,1797.377778,-177.49,5268.3675,2853.6125,0,2289.2,
88.25714286,1797.377778,-181.74,5268.3675,2853.6125,0,2417.2,
88.25714286,1797.377778,-185.46,5353.531429,2868.171429,0,2566.3,
91.625,1797.377778,-182.1,5353.531429,2868.171429,0,2566.3,
91.625,1797.377778,-174.45,5353.531429,2868.171429,0,2566.3,
91.625,1797.377778,-180.9,5353.531429,2868.171429,0,2566.3,
91.625,1797.377778,-176.31,5353.531429,2868.171429,0,2566.3,
91.625,1665.975,-166.56,5268.3675,2853.6125,0,2566.3,
88.25714286,1665.975,-152.54,5077.582222,2710.6,0,2566.3,
88.25714286,1335.957143,-140.62,5077.582222,2710.6,0,2566.3,
79.13333333,1351.8,-134.69,5055.888235,2704.288889,0,2432.9,
79.13333333,1351.8,-132.15,5055.888235,2704.288889,0,2302,
79.13333333,1351.8,-132.15,5055.888235,2704.288889,0,2302,
79.13333333,1351.8,-132.15,5055.888235,2704.288889,0,2302,
79.13333333,1351.8,-132.15,5055.888235,2704.288889,0,2302,
88.57142857,1351.8,-149.6,5259.283088,2841.8375,0,2302,
91.95,1676.625,-160.31,5259.283088,2841.8375,0,2432.9,
91.95,1676.625,-162.81,5259.283088,2841.8375,0,2432.9,
91.95,1676.625,-173.16,5328.320168,2855.628571,0,2432.9,
88.57142857,1806.1,-180.85,5328.320168,2855.628571,0,2432.9,
88.57142857,1806.1,-194.98,5259.283088,2841.8375,0,2432.9,
79.13333333,1676.625,-179.39,5055.888235,2704.288889,0,2432.9,
79.13333333,1676.625,-176.37,5055.888235,2704.288889,0,2302,
79.13333333,1676.625,-180.16,5259.283088,2841.8375,0,2302,
79.13333333,1806.1,-178.42,5259.283088,2841.8375,0,2302,
88.57142857,1806.1,-182.61,5259.283088,2841.8375,0,2432.9,
88.57142857,1806.1,-186.27,5328.320168,2855.628571,0,2585,
91.95,1806.1,-182.95,5328.320168,2855.628571,0,2585,
91.95,1806.1,-175.42,5328.320168,2855.628571,0,2585,
91.95,1806.1,-181.77,5328.320168,2855.628571,0,2585,
91.95,1806.1,-177.25,5328.320168,2855.628571,0,2585,
91.95,1676.625,-167.66,5259.283088,2841.8375,0,2585,
88.57142857,1676.625,-153.86,5055.888235,2704.288889,0,2585,
88.57142857,1351.8,-142.11,5055.888235,2704.288889,0,2585,
79.08888889,1337.771429,-133.29,5000.648485,2680.711111,0,2473.8,
79.08888889,1337.771429,-130.79,5000.648485,2680.711111,0,2342.6,
79.08888889,1337.771429,-130.79,5000.648485,2680.711111,0,2342.6,
79.08888889,1337.771429,-130.79,5000.648485,2680.711111,0,2342.6,
79.08888889,1337.771429,-130.79,5000.648485,2680.711111,0,2342.6,
88.42857143,1337.771429,-148.03,5230.248864,2818.4875,0,2342.6,
91.85,1658.75,-158.61,5230.248864,2818.4875,0,2473.8,
91.85,1658.75,-161.08,5230.248864,2818.4875,0,2473.8,
91.85,1658.75,-171.31,5282.967532,2832.328571,0,2473.8,
88.42857143,1786.833333,-178.91,5282.967532,2832.328571,0,2473.8,
88.42857143,1786.833333,-192.97,5230.248864,2818.4875,0,2473.8,
79.08888889,1658.75,-177.47,5000.648485,2680.711111,0,2473.8,
79.08888889,1658.75,-174.48,5000.648485,2680.711111,0,2342.6,
79.08888889,1658.75,-178.23,5230.248864,2818.4875,0,2342.6,
79.08888889,1786.833333,-176.51,5230.248864,2818.4875,0,2342.6,
88.42857143,1786.833333,-180.65,5230.248864,2818.4875,0,2473.8,
88.42857143,1786.833333,-184.26,5282.967532,2832.328571,0,2626.3,
91.85,1786.833333,-180.99,5282.967532,2832.328571,0,2626.3,
91.85,1786.833333,-173.55,5282.967532,2832.328571,0,2626.3,
91.85,1786.833333,-179.82,5282.967532,2832.328571,0,2626.3,
91.85,1786.833333,-175.36,5282.967532,2832.328571,0,2626.3,
91.85,1658.75,-165.88,5230.248864,2818.4875,0,2626.3,
88.42857143,1658.75,-152.23,5000.648485,2680.711111,0,2626.3,
88.42857143,1337.771429,-140.63,5000.648485,2680.711111,0,2626.3,
78.93333333,1305.928571,-130.1,4966.235354,2664.377778,0,2530.2,
78.93333333,1305.928571,-127.69,4966.235354,2664.377778,0,2398.6,
78.93333333,1305.928571,-127.69,4966.235354,2664.377778,0,2398.6,
78.93333333,1305.928571,-127.69,4966.235354,2664.377778,0,2398.6,
78.93333333,1305.928571,-127.69,4966.235354,2664.377778,0,2398.6,
88.14285714,1305.928571,-144.49,5200.618182,2798.275,0,2398.6,
91.625,1619.25,-154.82,5200.618182,2798.275,0,2530.2,
91.625,1619.25,-157.24,5200.618182,2798.275,0,2530.2,
91.625,1619.25,-167.23,5240.348052,2811.542857,0,2530.2,
88.14285714,1744.544444,-174.66,5240.348052,2811.542857,0,2530.2,
88.14285714,1744.544444,-188.57,5200.618182,2798.275,0,2530.2,
78.93333333,1619.25,-173.24,4966.235354,2664.377778,0,2530.2,
78.93333333,1619.25,-170.33,4966.235354,2664.377778,0,2398.6,
78.93333333,1619.25,-173.99,5200.618182,2798.275,0,2398.6,
78.93333333,1744.544444,-172.31,5200.618182,2798.275,0,2398.6,
88.14285714,1744.544444,-176.35,5200.618182,2798.275,0,2530.2,
88.14285714,1744.544444,-179.88,5240.348052,2811.542857,0,2683.1,
91.625,1744.544444,-176.69,5240.348052,2811.542857,0,2683.1,
91.625,1744.544444,-169.42,5240.348052,2811.542857,0,2683.1,
91.625,1744.544444,-175.55,5240.348052,2811.542857,0,2683.1,
91.625,1744.544444,-171.18,5240.348052,2811.542857,0,2683.1,
91.625,1619.25,-161.92,5200.618182,2798.275,0,2683.1,
88.14285714,1619.25,-148.6,4966.235354,2664.377778,0,2683.1,
88.14285714,1305.928571,-137.26,4966.235354,2664.377778,0,2683.1,
78.26666667,1283.342857,-127.81,4974.564141,2669.044444,0,2553.5,
78.26666667,1283.342857,-125.39,4974.564141,2669.044444,0,2425.8,
78.26666667,1283.342857,-125.39,4974.564141,2669.044444,0,2425.8,
78.26666667,1283.342857,-125.39,4974.564141,2669.044444,0,2425.8,
78.26666667,1283.342857,-125.39,4974.564141,2669.044444,0,2425.8,
87.42857143,1283.342857,-142.27,5203.127273,2799.2125,0,2425.8,
90.9,1597.9875,-152.64,5203.127273,2799.2125,0,2553.5,
90.9,1597.9875,-155.07,5203.127273,2799.2125,0,2553.5,
90.9,1597.9875,-165.1,5240.700649,2811.971429,0,2553.5,
87.42857143,1723.766667,-172.56,5240.700649,2811.971429,0,2553.5,
87.42857143,1723.766667,-186.49,5203.127273,2799.2125,0,2553.5,
78.26666667,1597.9875,-171.14,4974.564141,2669.044444,0,2553.5,
78.26666667,1597.9875,-168.21,4974.564141,2669.044444,0,2425.8,
78.26666667,1597.9875,-171.89,5203.127273,2799.2125,0,2425.8,
78.26666667,1723.766667,-170.21,5203.127273,2799.2125,0,2425.8,
87.42857143,1723.766667,-174.26,5203.127273,2799.2125,0,2553.5,
87.42857143,1723.766667,-177.81,5240.700649,2811.971429,0,2702.1,
90.9,1723.766667,-174.6,5240.700649,2811.971429,0,2702.1,
90.9,1723.766667,-167.3,5240.700649,2811.971429,0,2702.1,
90.9,1723.766667,-173.45,5240.700649,2811.971429,0,2702.1,
90.9,1723.766667,-169.07,5240.700649,2811.971429,0,2702.1,
90.9,1597.9875,-159.77,5203.127273,2799.2125,0,2702.1,
87.42857143,1597.9875,-146.39,4974.564141,2669.044444,0,2702.1,
87.42857143,1283.342857,-135.01,4974.564141,2669.044444,0,2702.1,
78.03333333,1286.6,-128.15,5000.991919,2681.922222,0,2549.5,
78.03333333,1286.6,-125.74,5000.991919,2681.922222,0,2417.4,
78.03333333,1286.6,-125.74,5000.991919,2681.922222,0,2417.4,
78.03333333,1286.6,-125.74,5000.991919,2681.922222,0,2417.4,
78.03333333,1286.6,-125.74,5000.991919,2681.922222,0,2417.4,
87.18571429,1286.6,-142.56,5223.802273,2812.925,0,2417.4,
90.625,1600.3125,-152.9,5223.802273,2812.925,0,2549.5,
90.625,1600.3125,-155.32,5223.802273,2812.925,0,2549.5,
90.625,1600.3125,-165.32,5268.922078,2825.828571,0,2549.5,
87.18571429,1725.755556,-172.76,5268.922078,2825.828571,0,2549.5,
87.18571429,1725.755556,-186.68,5223.802273,2812.925,0,2549.5,
78.03333333,1600.3125,-171.35,5000.991919,2681.922222,0,2549.5,
78.03333333,1600.3125,-168.43,5000.991919,2681.922222,0,2417.4,
78.03333333,1600.3125,-172.09,5223.802273,2812.925,0,2417.4,
78.03333333,1725.755556,-170.42,5223.802273,2812.925,0,2417.4,
87.18571429,1725.755556,-174.46,5223.802273,2812.925,0,2549.5,
87.18571429,1725.755556,-177.99,5268.922078,2825.828571,0,2702.8,
90.625,1725.755556,-174.79,5268.922078,2825.828571,0,2702.8,
90.625,1725.755556,-167.51,5268.922078,2825.828571,0,2702.8,
90.625,1725.755556,-173.65,5268.922078,2825.828571,0,2702.8,
90.625,1725.755556,-169.28,5268.922078,2825.828571,0,2702.8,
90.625,1600.3125,-160.01,5223.802273,2812.925,0,2702.8,
87.18571429,1600.3125,-146.67,5000.991919,2681.922222,0,2702.8,
87.18571429,1286.6,-135.32,5000.991919,2681.922222,0,2702.8,
78.21111111,1320.6,-131.61,5018.701587,2689.922222,0,2546.8,
78.21111111,1320.6,-129.31,5018.701587,2689.922222,0,2416.1,
78.21111111,1320.6,-129.31,5018.701587,2689.922222,0,2416.1,
78.21111111,1320.6,-129.31,5018.701587,2689.922222,0,2416.1,
78.21111111,1320.6,-129.31,5018.701587,2689.922222,0,2416.1,
87.47142857,1320.6,-145.58,5239.610714,2824.45,0,2416.1,
90.8625,1624.5625,-155.61,5239.610714,2824.45,0,2546.8,
90.8625,1624.5625,-157.96,5239.610714,2824.45,0,2546.8,
90.8625,1624.5625,-167.65,5294.071429,2837.828571,0,2546.8,
87.47142857,1746.444444,-174.87,5294.071429,2837.828571,0,2546.8,
87.47142857,1746.444444,-188.6,5239.610714,2824.45,0,2546.8,
78.21111111,1624.5625,-173.5,5018.701587,2689.922222,0,2546.8,
78.21111111,1624.5625,-170.66,5018.701587,2689.922222,0,2416.1,
78.21111111,1624.5625,-174.22,5239.610714,2824.45,0,2416.1,
78.21111111,1746.444444,-172.59,5239.610714,2824.45,0,2416.1,
87.47142857,1746.444444,-176.51,5239.610714,2824.45,0,2546.8,
87.47142857,1746.444444,-179.94,5294.071429,2837.828571,0,2698.6,
90.8625,1746.444444,-176.84,5294.071429,2837.828571,0,2698.6,
90.8625,1746.444444,-169.78,5294.071429,2837.828571,0,2698.6,
90.8625,1746.444444,-175.73,5294.071429,2837.828571,0,2698.6,
90.8625,1746.444444,-171.5,5294.071429,2837.828571,0,2698.6,
90.8625,1624.5625,-162.5,5239.610714,2824.45,0,2698.6,
87.47142857,1624.5625,-149.57,5018.701587,2689.922222,0,2698.6,
87.47142857,1320.6,-138.56,5018.701587,2689.922222,0,2698.6,
78.78888889,1339.157143,-133.45,5044.972549,2700.977778,0,2535.3,
78.78888889,1339.157143,-131.06,5044.972549,2700.977778,0,2410.2,
78.78888889,1339.157143,-131.06,5044.972549,2700.977778,0,2410.2,
78.78888889,1339.157143,-131.06,5044.972549,2700.977778,0,2410.2,
78.78888889,1339.157143,-131.06,5044.972549,2700.977778,0,2410.2,
88.1,1339.157143,-147.79,5255.339706,2836.775,0,2410.2,
91.525,1651.1625,-158.08,5255.339706,2836.775,0,2535.3,
91.525,1651.1625,-160.49,5255.339706,2836.775,0,2535.3,
91.525,1651.1625,-170.44,5318.289916,2850.357143,0,2535.3,
88.1,1775.988889,-177.84,5318.289916,2850.357143,0,2535.3,
88.1,1775.988889,-191.72,5255.339706,2836.775,0,2535.3,
78.78888889,1651.1625,-176.43,5044.972549,2700.977778,0,2535.3,
78.78888889,1651.1625,-173.52,5044.972549,2700.977778,0,2410.2,
78.78888889,1651.1625,-177.17,5255.339706,2836.775,0,2410.2,
78.78888889,1775.988889,-175.5,5255.339706,2836.775,0,2410.2,
88.1,1775.988889,-179.52,5255.339706,2836.775,0,2535.3,
88.1,1775.988889,-183.04,5318.289916,2850.357143,0,2681.2,
91.525,1775.988889,-179.86,5318.289916,2850.357143,0,2681.2,
91.525,1775.988889,-172.61,5318.289916,2850.357143,0,2681.2,
91.525,1775.988889,-178.72,5318.289916,2850.357143,0,2681.2,
91.525,1775.988889,-174.38,5318.289916,2850.357143,0,2681.2,
91.525,1651.1625,-165.15,5255.339706,2836.775,0,2681.2,
88.1,1651.1625,-151.88,5044.972549,2700.977778,0,2681.2,
88.1,1339.157143,-140.59,5044.972549,2700.977778,0,2681.2,
78.98888889,1330.728571,-132.57,5045.863889,2703.855556,0,2512.6,
78.98888889,1330.728571,-130.04,5045.863889,2703.855556,0,2395.7,
78.98888889,1330.728571,-130.04,5045.863889,2703.855556,0,2395.7,
78.98888889,1330.728571,-130.04,5045.863889,2703.855556,0,2395.7,
78.98888889,1330.728571,-130.04,5045.863889,2703.855556,0,2395.7,
88.27142857,1330.728571,-147.45,5253.271875,2832.9875,0,2395.7,
91.725,1654.8625,-158.13,5253.271875,2832.9875,0,2512.6,
91.725,1654.8625,-160.63,5253.271875,2832.9875,0,2512.6,
91.725,1654.8625,-170.95,5309.607143,2845.614286,0,2512.6,
88.27142857,1784.066667,-178.63,5309.607143,2845.614286,0,2512.6,
88.27142857,1784.066667,-192.74,5253.271875,2832.9875,0,2512.6,
78.98888889,1654.8625,-177.17,5045.863889,2703.855556,0,2512.6,
78.98888889,1654.8625,-174.16,5045.863889,2703.855556,0,2395.7,
78.98888889,1654.8625,-177.94,5253.271875,2832.9875,0,2395.7,
78.98888889,1784.066667,-176.21,5253.271875,2832.9875,0,2395.7,
88.27142857,1784.066667,-180.38,5253.271875,2832.9875,0,2512.6,
88.27142857,1784.066667,-184.03,5309.607143,2845.614286,0,2649.8,
91.725,1784.066667,-180.73,5309.607143,2845.614286,0,2649.8,
91.725,1784.066667,-173.21,5309.607143,2845.614286,0,2649.8,
91.725,1784.066667,-179.55,5309.607143,2845.614286,0,2649.8,
91.725,1784.066667,-175.04,5309.607143,2845.614286,0,2649.8,
91.725,1654.8625,-165.47,5253.271875,2832.9875,0,2649.8,
88.27142857,1654.8625,-151.7,5045.863889,2703.855556,0,2649.8,
88.27142857,1330.728571,-139.98,5045.863889,2703.855556,0,2649.8,
78.51111111,1326.557143,-132.15,5018.488384,2691.355556,0,2630.2,
78.51111111,1326.557143,-129.65,5018.488384,2691.355556,0,2503.3,
78.51111111,1326.557143,-129.65,5018.488384,2691.355556,0,2503.3,
78.51111111,1326.557143,-129.65,5018.488384,2691.355556,0,2503.3,
78.51111111,1326.557143,-129.65,5018.488384,2691.355556,0,2503.3,
87.72857143,1326.557143,-146.93,5231.770455,2817.15,0,2503.3,
91.175,1648.275,-157.53,5231.770455,2817.15,0,2630.2,
91.175,1648.275,-160.01,5231.770455,2817.15,0,2630.2,
91.175,1648.275,-170.26,5275.348701,2829.3,0,2630.2,
87.72857143,1776.644444,-177.88,5275.348701,2829.3,0,2630.2,
87.72857143,1776.644444,-191.95,5231.770455,2817.15,0,2630.2,
78.51111111,1648.275,-176.43,5018.488384,2691.355556,0,2630.2,
78.51111111,1648.275,-173.44,5018.488384,2691.355556,0,2503.3,
78.51111111,1648.275,-177.2,5231.770455,2817.15,0,2503.3,
78.51111111,1776.644444,-175.48,5231.770455,2817.15,0,2503.3,
87.72857143,1776.644444,-179.62,5231.770455,2817.15,0,2630.2,
87.72857143,1776.644444,-183.25,5275.348701,2829.3,0,2779.2,
91.175,1776.644444,-179.97,5275.348701,2829.3,0,2779.2,
91.175,1776.644444,-172.5,5275.348701,2829.3,0,2779.2,
91.175,1776.644444,-178.8,5275.348701,2829.3,0,2779.2,
91.175,1776.644444,-174.32,5275.348701,2829.3,0,2779.2,
91.175,1648.275,-164.81,5231.770455,2817.15,0,2779.2,
87.72857143,1648.275,-151.14,5018.488384,2691.355556,0,2779.2,
87.72857143,1326.557143,-139.51,5018.488384,2691.355556,0,2779.2,
73.97777778,1223.171429,-123.59,4653.544444,2509.733333,0,2529.7,
73.97777778,1223.171429,-121.36,4653.544444,2509.733333,0,2404.1,
73.97777778,1223.171429,-121.36,4653.544444,2509.733333,0,2404.1,
73.97777778,1223.171429,-121.36,4653.544444,2509.733333,0,2404.1,
73.97777778,1223.171429,-121.36,4653.544444,2509.733333,0,2404.1,
82.57142857,1223.171429,-137.27,4871.3875,2627.2375,0,2404.1,
85.8375,1516.3375,-147.09,4871.3875,2627.2375,0,2529.7,
85.8375,1516.3375,-149.39,4871.3875,2627.2375,0,2529.7,
85.8375,1516.3375,-158.88,4892.071429,2638.4,0,2529.7,
82.57142857,1634.055556,-165.94,4892.071429,2638.4,0,2529.7,
82.57142857,1634.055556,-179.47,4871.3875,2627.2375,0,2529.7,
73.97777778,1516.3375,-164.6,4653.544444,2509.733333,0,2529.7,
73.97777778,1516.3375,-161.82,4653.544444,2509.733333,0,2404.1,
73.97777778,1516.3375,-165.3,4871.3875,2627.2375,0,2404.1,
73.97777778,1634.055556,-163.71,4871.3875,2627.2375,0,2404.1,
82.57142857,1634.055556,-167.55,4871.3875,2627.2375,0,2529.7,
82.57142857,1634.055556,-170.9,4892.071429,2638.4,0,2676.8,
85.8375,1634.055556,-167.87,4892.071429,2638.4,0,2676.8,
85.8375,1634.055556,-160.96,4892.071429,2638.4,0,2676.8,
85.8375,1634.055556,-166.78,4892.071429,2638.4,0,2676.8,
85.8375,1634.055556,-162.64,4892.071429,2638.4,0,2676.8,
85.8375,1516.3375,-153.84,4871.3875,2627.2375,0,2676.8,
82.57142857,1516.3375,-141.18,4653.544444,2509.733333,0,2676.8,
82.57142857,1223.171429,-130.4,4653.544444,2509.733333,0,2676.8,
73.58888889,1205.842857,-121.79,4640.4,2502.655556,0,2551.9,
73.58888889,1205.842857,-119.46,4640.4,2502.655556,0,2425.6,
73.58888889,1205.842857,-119.46,4640.4,2502.655556,0,2425.6,
73.58888889,1205.842857,-119.46,4640.4,2502.655556,0,2425.6,
73.58888889,1205.842857,-119.46,4640.4,2502.655556,0,2425.6,
82.24285714,1205.842857,-135.85,4870.375,2626.7125,0,2425.6,
85.4625,1507.325,-145.94,4870.375,2626.7125,0,2551.9,
85.4625,1507.325,-148.3,4870.375,2626.7125,0,2551.9,
85.4625,1507.325,-158.05,4892.742857,2638.757143,0,2551.9,
82.24285714,1628.044444,-165.31,4892.742857,2638.757143,0,2551.9,
82.24285714,1628.044444,-179,4870.375,2626.7125,0,2551.9,
73.58888889,1507.325,-163.93,4640.4,2502.655556,0,2551.9,
73.58888889,1507.325,-161.08,4640.4,2502.655556,0,2425.6,
73.58888889,1507.325,-164.65,4870.375,2626.7125,0,2425.6,
73.58888889,1628.044444,-163.02,4870.375,2626.7125,0,2425.6,
82.24285714,1628.044444,-166.96,4870.375,2626.7125,0,2551.9,
82.24285714,1628.044444,-170.41,4892.742857,2638.757143,0,2699.6,
85.4625,1628.044444,-167.29,4892.742857,2638.757143,0,2699.6,
85.4625,1628.044444,-160.19,4892.742857,2638.757143,0,2699.6,
85.4625,1628.044444,-166.18,4892.742857,2638.757143,0,2699.6,
85.4625,1628.044444,-161.92,4892.742857,2638.757143,0,2699.6,
85.4625,1507.325,-152.87,4870.375,2626.7125,0,2699.6,
82.24285714,1507.325,-139.86,4640.4,2502.655556,0,2699.6,
82.24285714,1205.842857,-128.79,4640.4,2502.655556,0,2699.6,
74.04444444,1221.457143,-123.38,4664.755556,2515.822222,0,2479,
74.04444444,1221.457143,-121.01,4664.755556,2515.822222,0,2479,
74.04444444,1221.457143,-121.01,4664.755556,2515.822222,0,2479,
74.04444444,1221.457143,-121.01,4664.755556,2515.822222,0,2479,
74.04444444,1221.457143,-121.01,4664.755556,2515.822222,0,2479,
82.92857143,1221.457143,-137.6,4919.275,2653.0625,0,2479,
86.1,1526.4625,-147.8,4919.275,2653.0625,0,2479,
86.1,1526.4625,-150.19,4919.275,2653.0625,0,2479,
86.1,1526.4625,-160.05,4945.071429,2666.971429,0,2479,
82.92857143,1648.444444,-167.39,4945.071429,2666.971429,0,2479,
82.92857143,1648.444444,-181.15,4919.275,2653.0625,0,2479,
74.04444444,1526.4625,-166,4664.755556,2515.822222,0,2479,
74.04444444,1526.4625,-163.12,4664.755556,2515.822222,0,2479,
74.04444444,1526.4625,-166.73,4919.275,2653.0625,0,2479,
74.04444444,1648.444444,-165.08,4919.275,2653.0625,0,2479,
82.92857143,1648.444444,-169.07,4919.275,2653.0625,0,2479,
82.92857143,1648.444444,-172.55,4945.071429,2666.971429,0,2479,
86.1,1648.444444,-169.4,4945.071429,2666.971429,0,2479,
86.1,1648.444444,-162.21,4945.071429,2666.971429,0,2479,
86.1,1648.444444,-168.27,4945.071429,2666.971429,0,2479,
86.1,1648.444444,-163.96,4945.071429,2666.971429,0,2479,
86.1,1526.4625,-154.81,4919.275,2653.0625,0,2479,
82.92857143,1526.4625,-141.66,4664.755556,2515.822222,0,2479,
82.92857143,1221.457143,-130.46,4664.755556,2515.822222,0,2479,
75.25555556,1257.671429,-127.09,4728.211111,2550.011111,0,2479,
75.25555556,1257.671429,-124.72,4728.211111,2550.011111,0,2479,
75.25555556,1257.671429,-124.72,4728.211111,2550.011111,0,2479,
75.25555556,1257.671429,-124.72,4728.211111,2550.011111,0,2479,
75.25555556,1257.671429,-124.72,4728.211111,2550.011111,0,2479,
84.3,1257.671429,-141.29,4995.375,2694.1,0,2479,
87.5125,1562.175,-151.47,4995.375,2694.1,0,2479,
87.5125,1562.175,-153.86,4995.375,2694.1,0,2479,
87.5125,1562.175,-163.71,5022.885714,2708.957143,0,2479,
84.3,1684,-171.03,5022.885714,2708.957143,0,2479,
84.3,1684,-184.79,4995.375,2694.1,0,2479,
75.25555556,1562.175,-169.64,4728.211111,2550.011111,0,2479,
75.25555556,1562.175,-166.77,4728.211111,2550.011111,0,2479,
75.25555556,1562.175,-170.37,4995.375,2694.1,0,2479,
75.25555556,1684,-168.72,4995.375,2694.1,0,2479,
84.3,1684,-172.7,4995.375,2694.1,0,2479,
84.3,1684,-176.19,5022.885714,2708.957143,0,2479,
87.5125,1684,-173.04,5022.885714,2708.957143,0,2479,
87.5125,1684,-165.86,5022.885714,2708.957143,0,2479,
87.5125,1684,-171.91,5022.885714,2708.957143,0,2479,
87.5125,1684,-167.61,5022.885714,2708.957143,0,2479,
87.5125,1562.175,-158.48,4995.375,2694.1,0,2479,
84.3,1562.175,-145.34,4728.211111,2550.011111,0,2479,
84.3,1257.671429,-134.16,4728.211111,2550.011111,0,2479,
76.27777778,1277.342857,-129.1,4804.644444,2591.233333,0,2479,
76.27777778,1277.342857,-126.7,4804.644444,2591.233333,0,2479,
76.27777778,1277.342857,-126.7,4804.644444,2591.233333,0,2479,
76.27777778,1277.342857,-126.7,4804.644444,2591.233333,0,2479,
76.27777778,1277.342857,-126.7,4804.644444,2591.233333,0,2479,
85.38571429,1277.342857,-143.41,5075.2125,2737.1875,0,2479,
88.6375,1584.5,-153.69,5075.2125,2737.1875,0,2479,
88.6375,1584.5,-156.09,5075.2125,2737.1875,0,2479,
88.6375,1584.5,-166.02,5103.214286,2752.257143,0,2479,
85.38571429,1707.288889,-173.41,5103.214286,2752.257143,0,2479,
85.38571429,1707.288889,-187.22,5075.2125,2737.1875,0,2479,
76.27777778,1584.5,-172.01,4804.644444,2591.233333,0,2479,
76.27777778,1584.5,-169.11,4804.644444,2591.233333,0,2479,
76.27777778,1584.5,-172.75,5075.2125,2737.1875,0,2479,
76.27777778,1707.288889,-171.08,5075.2125,2737.1875,0,2479,
85.38571429,1707.288889,-175.1,5075.2125,2737.1875,0,2479,
85.38571429,1707.288889,-178.61,5103.214286,2752.257143,0,2479,
88.6375,1707.288889,-175.43,5103.214286,2752.257143,0,2479,
88.6375,1707.288889,-168.2,5103.214286,2752.257143,0,2479,
88.6375,1707.288889,-174.3,5103.214286,2752.257143,0,2479,
88.6375,1707.288889,-169.96,5103.214286,2752.257143,0,2479,
88.6375,1584.5,-160.75,5075.2125,2737.1875,0,2479,
85.38571429,1584.5,-147.5,4804.644444,2591.233333,0,2479,
85.38571429,1277.342857,-136.22,4804.644444,2591.233333,0,2479,
76.8,1301.428571,-131.56,4908.928986,2645.811111,0,2479,
76.8,1301.428571,-129.12,4908.928986,2645.811111,0,2479,
76.8,1301.428571,-129.12,4908.928986,2645.811111,0,2479,
76.8,1301.428571,-129.12,4908.928986,2645.811111,0,2479,
76.8,1301.428571,-129.12,4908.928986,2645.811111,0,2479,
85.82857143,1301.428571,-146.02,5159.308696,2785.875,0,2479,
89.175,1611.825,-156.4,5159.308696,2785.875,0,2479,
89.175,1611.825,-158.83,5159.308696,2785.875,0,2479,
89.175,1611.825,-168.86,5195.095652,2800.142857,0,2479,
85.82857143,1735.788889,-176.32,5195.095652,2800.142857,0,2479,
85.82857143,1735.788889,-190.19,5159.308696,2785.875,0,2479,
76.8,1611.825,-174.9,4908.928986,2645.811111,0,2479,
76.8,1611.825,-171.97,4908.928986,2645.811111,0,2479,
76.8,1611.825,-175.65,5159.308696,2785.875,0,2479,
76.8,1735.788889,-173.97,5159.308696,2785.875,0,2479,
85.82857143,1735.788889,-178.03,5159.308696,2785.875,0,2479,
85.82857143,1735.788889,-181.57,5195.095652,2800.142857,0,2479,
89.175,1735.788889,-178.36,5195.095652,2800.142857,0,2479,
89.175,1735.788889,-171.06,5195.095652,2800.142857,0,2479,
89.175,1735.788889,-177.22,5195.095652,2800.142857,0,2479,
89.175,1735.788889,-172.83,5195.095652,2800.142857,0,2479,
89.175,1611.825,-163.53,5159.308696,2785.875,0,2479,
85.82857143,1611.825,-150.14,4908.928986,2645.811111,0,2479,
85.82857143,1301.428571,-138.75,4908.928986,2645.811111,0,2479,
76.8,1316.7,-133.13,4976.176263,2680.833333,0,2479,
76.8,1316.7,-130.75,4976.176263,2680.833333,0,2479,
76.8,1316.7,-130.75,4976.176263,2680.833333,0,2479,
76.8,1316.7,-130.75,4976.176263,2680.833333,0,2479,
76.8,1316.7,-130.75,4976.176263,2680.833333,0,2479,
85.7,1316.7,-147.37,5207.173864,2814.2,0,2479,
89.125,1622.125,-157.59,5207.173864,2814.2,0,2479,
89.125,1622.125,-159.98,5207.173864,2814.2,0,2479,
89.125,1622.125,-169.86,5248.217532,2827.542857,0,2479,
85.7,1744.3,-177.21,5248.217532,2827.542857,0,2479,
85.7,1744.3,-190.98,5207.173864,2814.2,0,2479,
76.8,1622.125,-175.81,4976.176263,2680.833333,0,2479,
76.8,1622.125,-172.92,4976.176263,2680.833333,0,2479,
76.8,1622.125,-176.54,5207.173864,2814.2,0,2479,
76.8,1744.3,-174.89,5207.173864,2814.2,0,2479,
85.7,1744.3,-178.88,5207.173864,2814.2,0,2479,
85.7,1744.3,-182.37,5248.217532,2827.542857,0,2479,
89.125,1744.3,-179.21,5248.217532,2827.542857,0,2479,
89.125,1744.3,-172.02,5248.217532,2827.542857,0,2479,
89.125,1744.3,-178.09,5248.217532,2827.542857,0,2479,
89.125,1744.3,-173.77,5248.217532,2827.542857,0,2479,
89.125,1622.125,-164.61,5207.173864,2814.2,0,2479,
85.7,1622.125,-151.43,4976.176263,2680.833333,0,2479,
85.7,1316.7,-140.22,4976.176263,2680.833333,0,2479,
76.47777778,1315.742857,-133.04,4974.673737,2680.033333,0,2479,
76.47777778,1315.742857,-130.69,4974.673737,2680.033333,0,2479,
76.47777778,1315.742857,-130.69,4974.673737,2680.033333,0,2479,
76.47777778,1315.742857,-130.69,4974.673737,2680.033333,0,2479,
76.47777778,1315.742857,-130.69,4974.673737,2680.033333,0,2479,
85.44285714,1315.742857,-147.17,5206.426136,2813.7625,0,2479,
88.8125,1618.6875,-157.3,5206.426136,2813.7625,0,2479,
88.8125,1618.6875,-159.67,5206.426136,2813.7625,0,2479,
88.8125,1618.6875,-169.47,5247.518182,2827.171429,0,2479,
85.44285714,1739.955556,-176.76,5247.518182,2827.171429,0,2479,
85.44285714,1739.955556,-190.49,5206.426136,2813.7625,0,2479,
76.47777778,1618.6875,-175.38,4974.673737,2680.033333,0,2479,
76.47777778,1618.6875,-172.52,4974.673737,2680.033333,0,2479,
76.47777778,1618.6875,-176.11,5206.426136,2813.7625,0,2479,
76.47777778,1739.955556,-174.46,5206.426136,2813.7625,0,2479,
85.44285714,1739.955556,-178.43,5206.426136,2813.7625,0,2479,
85.44285714,1739.955556,-181.89,5247.518182,2827.171429,0,2479,
88.8125,1739.955556,-178.76,5247.518182,2827.171429,0,2479,
88.8125,1739.955556,-171.62,5247.518182,2827.171429,0,2479,
88.8125,1739.955556,-177.64,5247.518182,2827.171429,0,2479,
88.8125,1739.955556,-173.36,5247.518182,2827.171429,0,2479,
88.8125,1618.6875,-164.27,5206.426136,2813.7625,0,2479,
85.44285714,1618.6875,-151.19,4974.673737,2680.033333,0,2479,
85.44285714,1315.742857,-140.07,4974.673737,2680.033333,0,2479,
76.56666667,1315.2,-132.99,4975.997475,2678.744444,0,2479,
76.56666667,1315.2,-130.65,4975.997475,2678.744444,0,2479,
76.56666667,1315.2,-130.65,4975.997475,2678.744444,0,2479,
76.56666667,1315.2,-130.65,4975.997475,2678.744444,0,2479,
76.56666667,1315.2,-130.65,4975.997475,2678.744444,0,2479,
85.65714286,1315.2,-147.07,5219.464773,2824.75,0,2479,
88.9625,1617.1875,-157.18,5219.464773,2824.75,0,2479,
88.9625,1617.1875,-159.54,5219.464773,2824.75,0,2479,
88.9625,1617.1875,-169.31,5274.757792,2839.857143,0,2479,
85.65714286,1738.111111,-176.58,5274.757792,2839.857143,0,2479,
85.65714286,1738.111111,-190.28,5219.464773,2824.75,0,2479,
76.56666667,1617.1875,-175.2,4975.997475,2678.744444,0,2479,
76.56666667,1617.1875,-172.34,4975.997475,2678.744444,0,2479,
76.56666667,1617.1875,-175.92,5219.464773,2824.75,0,2479,
76.56666667,1738.111111,-174.29,5219.464773,2824.75,0,2479,
85.65714286,1738.111111,-178.24,5219.464773,2824.75,0,2479,
85.65714286,1738.111111,-181.69,5274.757792,2839.857143,0,2479,
88.9625,1738.111111,-178.56,5274.757792,2839.857143,0,2479,
88.9625,1738.111111,-171.45,5274.757792,2839.857143,0,2479,
88.9625,1738.111111,-177.45,5274.757792,2839.857143,0,2479,
88.9625,1738.111111,-173.18,5274.757792,2839.857143,0,2479,
88.9625,1617.1875,-164.12,5219.464773,2824.75,0,2479,
85.65714286,1617.1875,-151.09,4975.997475,2678.744444,0,2479,
85.65714286,1315.2,-140,4975.997475,2678.744444,0,2479,
77.04444444,1331,-134.6,5045.683333,2705.511111,0,2479,
77.04444444,1331,-132.26,5045.683333,2705.511111,0,2479,
77.04444444,1331,-132.26,5045.683333,2705.511111,0,2479,
77.04444444,1331,-132.26,5045.683333,2705.511111,0,2479,
77.04444444,1331,-132.26,5045.683333,2705.511111,0,2479,
86.15714286,1331,-148.71,5255.428906,2858.075,0,2479,
89.5125,1633.6125,-158.84,5255.428906,2858.075,0,2479,
89.5125,1633.6125,-161.21,5255.428906,2858.075,0,2479,
89.5125,1633.6125,-171,5341.859821,2874.114286,0,2479,
86.15714286,1754.755556,-178.28,5341.859821,2874.114286,0,2479,
86.15714286,1754.755556,-192,5255.428906,2858.075,0,2479,
77.04444444,1633.6125,-176.9,5045.683333,2705.511111,0,2479,
77.04444444,1633.6125,-174.04,5045.683333,2705.511111,0,2479,
77.04444444,1633.6125,-177.62,5255.428906,2858.075,0,2479,
77.04444444,1754.755556,-175.98,5255.428906,2858.075,0,2479,
86.15714286,1754.755556,-179.94,5255.428906,2858.075,0,2479,
86.15714286,1754.755556,-183.4,5341.859821,2874.114286,0,2479,
89.5125,1754.755556,-180.27,5341.859821,2874.114286,0,2479,
89.5125,1754.755556,-173.14,5341.859821,2874.114286,0,2479,
89.5125,1754.755556,-179.15,5341.859821,2874.114286,0,2479,
89.5125,1754.755556,-174.88,5341.859821,2874.114286,0,2479,
89.5125,1633.6125,-165.8,5255.428906,2858.075,0,2479,
86.15714286,1633.6125,-152.74,5045.683333,2705.511111,0,2479,
86.15714286,1331,-141.63,5045.683333,2705.511111,0,2479,
77.45555556,1346.028571,-136.14,5141.726263,2746.488889,0,2479,
77.45555556,1346.028571,-133.79,5141.726263,2746.488889,0,2479,
77.45555556,1346.028571,-133.79,5141.726263,2746.488889,0,2479,
77.45555556,1346.028571,-133.79,5141.726263,2746.488889,0,2479,
77.45555556,1346.028571,-133.79,5141.726263,2746.488889,0,2479,
86.55714286,1346.028571,-150.29,5301.352273,2890.625,0,2479,
89.95,1649.525,-160.45,5301.352273,2890.625,0,2479,
89.95,1649.525,-162.82,5301.352273,2890.625,0,2479,
89.95,1649.525,-172.64,5390.677922,2905.485714,0,2479,
86.55714286,1770.988889,-179.94,5390.677922,2905.485714,0,2479,
86.55714286,1770.988889,-193.68,5301.352273,2890.625,0,2479,
77.45555556,1649.525,-178.55,5141.726263,2746.488889,0,2479,
77.45555556,1649.525,-175.69,5141.726263,2746.488889,0,2479,
77.45555556,1649.525,-179.28,5301.352273,2890.625,0,2479,
77.45555556,1770.988889,-177.64,5301.352273,2890.625,0,2479,
86.55714286,1770.988889,-181.61,5301.352273,2890.625,0,2479,
86.55714286,1770.988889,-185.08,5390.677922,2905.485714,0,2479,
89.95,1770.988889,-181.94,5390.677922,2905.485714,0,2479,
89.95,1770.988889,-174.79,5390.677922,2905.485714,0,2479,
89.95,1770.988889,-180.82,5390.677922,2905.485714,0,2479,
89.95,1770.988889,-176.53,5390.677922,2905.485714,0,2479,
89.95,1649.525,-167.42,5301.352273,2890.625,0,2479,
86.55714286,1649.525,-154.33,5141.726263,2746.488889,0,2479,
86.55714286,1346.028571,-143.19,5141.726263,2746.488889,0,2479,
77.62222222,1347.242857,-136.25,5200.944444,2767.888889,0,2479,
77.62222222,1347.242857,-133.84,5200.944444,2767.888889,0,2479,
77.62222222,1347.242857,-133.84,5200.944444,2767.888889,0,2479,
77.62222222,1347.242857,-133.84,5200.944444,2767.888889,0,2479,
77.62222222,1347.242857,-133.84,5200.944444,2767.888889,0,2479,
86.77142857,1347.242857,-150.6,5333.5,2908.75,0,2479,
90.15,1655,-160.89,5333.5,2908.75,0,2479,
90.15,1655,-163.3,5333.5,2908.75,0,2479,
90.15,1655,-173.25,5400,2923.128571,0,2479,
86.77142857,1778.022222,-180.66,5400,2923.128571,0,2479,
86.77142857,1778.022222,-194.47,5333.5,2908.75,0,2479,
77.62222222,1655,-179.25,5200.944444,2767.888889,0,2479,
77.62222222,1655,-176.34,5200.944444,2767.888889,0,2479,
77.62222222,1655,-179.99,5333.5,2908.75,0,2479,
77.62222222,1778.022222,-178.32,5333.5,2908.75,0,2479,
86.77142857,1778.022222,-182.34,5333.5,2908.75,0,2479,
86.77142857,1778.022222,-185.86,5400,2923.128571,0,2479,
90.15,1778.022222,-182.68,5400,2923.128571,0,2479,
90.15,1778.022222,-175.43,5400,2923.128571,0,2479,
90.15,1778.022222,-181.54,5400,2923.128571,0,2479,
90.15,1778.022222,-177.19,5400,2923.128571,0,2479,
90.15,1655,-167.96,5333.5,2908.75,0,2479,
86.77142857,1655,-154.69,5200.944444,2767.888889,0,2479,
86.77142857,1347.242857,-143.39,5200.944444,2767.888889,0,2479,
77.72222222,1345.8,-136.11,5194.17037,2769.255556,0,2479,
77.72222222,1345.8,-133.72,5194.17037,2769.255556,0,2479,
77.72222222,1345.8,-133.72,5194.17037,2769.255556,0,2479,
77.72222222,1345.8,-133.72,5194.17037,2769.255556,0,2479,
77.72222222,1345.8,-133.72,5194.17037,2769.255556,0,2479,
86.8,1345.8,-150.38,5327.683333,2904.4125,0,2479,
90.25,1651.8625,-160.62,5327.683333,2904.4125,0,2479,
90.25,1651.8625,-163.01,5327.683333,2904.4125,0,2479,
90.25,1651.8625,-172.91,5400,2918.014286,0,2479,
86.8,1774.277778,-180.27,5400,2918.014286,0,2479,
86.8,1774.277778,-194.06,5327.683333,2904.4125,0,2479,
77.72222222,1651.8625,-178.87,5194.17037,2769.255556,0,2479,
77.72222222,1651.8625,-175.98,5194.17037,2769.255556,0,2479,
77.72222222,1651.8625,-179.61,5327.683333,2904.4125,0,2479,
77.72222222,1774.277778,-177.95,5327.683333,2904.4125,0,2479,
86.8,1774.277778,-181.95,5327.683333,2904.4125,0,2479,
86.8,1774.277778,-185.45,5400,2918.014286,0,2479,
90.25,1774.277778,-182.29,5400,2918.014286,0,2479,
90.25,1774.277778,-175.08,5400,2918.014286,0,2479,
90.25,1774.277778,-181.16,5400,2918.014286,0,2479,
90.25,1774.277778,-176.83,5400,2918.014286,0,2479,
90.25,1651.8625,-167.65,5327.683333,2904.4125,0,2479,
86.8,1651.8625,-154.45,5194.17037,2769.255556,0,2479,
86.8,1345.8,-143.21,5194.17037,2769.255556,0,2479,
77.43333333,1326.528571,-134.15,5120.483333,2745.133333,0,2479,
77.43333333,1326.528571,-131.84,5120.483333,2745.133333,0,2479,
77.43333333,1326.528571,-131.84,5120.483333,2745.133333,0,2479,
77.43333333,1326.528571,-131.84,5120.483333,2745.133333,0,2479,
77.43333333,1326.528571,-131.84,5120.483333,2745.133333,0,2479,
86.32857143,1326.528571,-148.15,5286.091964,2874.725,0,2479,
89.8375,1626.625,-158.19,5286.091964,2874.725,0,2479,
89.8375,1626.625,-160.54,5286.091964,2874.725,0,2479,
89.8375,1626.625,-170.25,5365.373469,2887.557143,0,2479,
86.32857143,1746.833333,-177.48,5365.373469,2887.557143,0,2479,
86.32857143,1746.833333,-191.14,5286.091964,2874.725,0,2479,
77.43333333,1626.625,-176.1,5120.483333,2745.133333,0,2479,
77.43333333,1626.625,-173.27,5120.483333,2745.133333,0,2479,
77.43333333,1626.625,-176.82,5286.091964,2874.725,0,2479,
77.43333333,1746.833333,-175.2,5286.091964,2874.725,0,2479,
86.32857143,1746.833333,-179.12,5286.091964,2874.725,0,2479,
86.32857143,1746.833333,-182.56,5365.373469,2887.557143,0,2479,
89.8375,1746.833333,-179.45,5365.373469,2887.557143,0,2479,
89.8375,1746.833333,-172.38,5365.373469,2887.557143,0,2479,
89.8375,1746.833333,-178.34,5365.373469,2887.557143,0,2479,
89.8375,1746.833333,-174.1,5365.373469,2887.557143,0,2479,
89.8375,1626.625,-165.09,5286.091964,2874.725,0,2479,
86.32857143,1626.625,-152.14,5120.483333,2745.133333,0,2479,
86.32857143,1326.528571,-141.12,5120.483333,2745.133333,0,2479,
76.77777778,1297.1,-131.17,5045.638889,2713.833333,0,2479,
76.77777778,1297.1,-128.97,5045.638889,2713.833333,0,2479,
76.77777778,1297.1,-128.97,5045.638889,2713.833333,0,2479,
76.77777778,1297.1,-128.97,5045.638889,2713.833333,0,2479,
76.77777778,1297.1,-128.97,5045.638889,2713.833333,0,2479,
85.48571429,1297.1,-144.74,5255.088889,2847.575,0,2479,
88.95,1587.7625,-154.47,5255.088889,2847.575,0,2479,
88.95,1587.7625,-156.75,5255.088889,2847.575,0,2479,
88.95,1587.7625,-166.16,5315.476984,2860.971429,0,2479,
85.48571429,1704.577778,-173.16,5315.476984,2860.971429,0,2479,
85.48571429,1704.577778,-186.65,5255.088889,2847.575,0,2479,
76.77777778,1587.7625,-171.83,5045.638889,2713.833333,0,2479,
76.77777778,1587.7625,-169.08,5045.638889,2713.833333,0,2479,
76.77777778,1587.7625,-172.53,5255.088889,2847.575,0,2479,
76.77777778,1704.577778,-170.95,5255.088889,2847.575,0,2479,
85.48571429,1704.577778,-174.76,5255.088889,2847.575,0,2479,
85.48571429,1704.577778,-178.09,5315.476984,2860.971429,0,2479,
88.95,1704.577778,-175.07,5315.476984,2860.971429,0,2479,
88.95,1704.577778,-168.22,5315.476984,2860.971429,0,2479,
88.95,1704.577778,-174,5315.476984,2860.971429,0,2479,
88.95,1704.577778,-169.89,5315.476984,2860.971429,0,2479,
88.95,1587.7625,-161.16,5255.088889,2847.575,0,2479,
85.48571429,1587.7625,-148.61,5045.638889,2713.833333,0,2479,
85.48571429,1297.1,-137.92,5045.638889,2713.833333,0,2479,
76.12222222,1278.7,-129.29,5029.515789,2705.766667,0,2479,
76.12222222,1278.7,-127.1,5029.515789,2705.766667,0,2479,
76.12222222,1278.7,-127.1,5029.515789,2705.766667,0,2479,
76.12222222,1278.7,-127.1,5029.515789,2705.766667,0,2479,
76.12222222,1278.7,-127.1,5029.515789,2705.766667,0,2479,
84.9,1278.7,-142.77,5247.959868,2843.175,0,2479,
88.3125,1567.525,-152.45,5247.959868,2843.175,0,2479,
88.3125,1567.525,-154.71,5247.959868,2843.175,0,2479,
88.3125,1567.525,-164.07,5308.768421,2857.1,0,2479,
84.9,1683.655556,-171.03,5308.768421,2857.1,0,2479,
84.9,1683.655556,-184.47,5247.959868,2843.175,0,2479,
76.12222222,1567.525,-169.7,5029.515789,2705.766667,0,2479,
76.12222222,1567.525,-166.97,5029.515789,2705.766667,0,2479,
76.12222222,1567.525,-170.4,5247.959868,2843.175,0,2479,
76.12222222,1683.655556,-168.83,5247.959868,2843.175,0,2479,
84.9,1683.655556,-172.61,5247.959868,2843.175,0,2479,
84.9,1683.655556,-175.92,5308.768421,2857.1,0,2479,
88.3125,1683.655556,-172.93,5308.768421,2857.1,0,2479,
88.3125,1683.655556,-166.11,5308.768421,2857.1,0,2479,
88.3125,1683.655556,-171.86,5308.768421,2857.1,0,2479,
88.3125,1683.655556,-167.77,5308.768421,2857.1,0,2479,
88.3125,1567.525,-159.1,5247.959868,2843.175,0,2479,
84.9,1567.525,-146.62,5029.515789,2705.766667,0,2479,
84.9,1278.7,-136,5029.515789,2705.766667,0,2479,
75.92222222,1283.814286,-129.8,5061.00719,2719.244444,0,2479,
75.92222222,1283.814286,-127.59,5061.00719,2719.244444,0,2479,
75.92222222,1283.814286,-127.59,5061.00719,2719.244444,0,2479,
75.92222222,1283.814286,-127.59,5061.00719,2719.244444,0,2479,
75.92222222,1283.814286,-127.59,5061.00719,2719.244444,0,2479,
84.61428571,1283.814286,-143.42,5261.511029,2854.2125,0,2479,
88.0375,1575.4875,-153.19,5261.511029,2854.2125,0,2479,
88.0375,1575.4875,-155.47,5261.511029,2854.2125,0,2479,
88.0375,1575.4875,-164.92,5328.04958,2867.785714,0,2479,
84.61428571,1692.655556,-171.94,5328.04958,2867.785714,0,2479,
84.61428571,1692.655556,-185.45,5261.511029,2854.2125,0,2479,
75.92222222,1575.4875,-170.61,5061.00719,2719.244444,0,2479,
75.92222222,1575.4875,-167.85,5061.00719,2719.244444,0,2479,
75.92222222,1575.4875,-171.31,5261.511029,2854.2125,0,2479,
75.92222222,1692.655556,-169.73,5261.511029,2854.2125,0,2479,
84.61428571,1692.655556,-173.54,5261.511029,2854.2125,0,2479,
84.61428571,1692.655556,-176.88,5328.04958,2867.785714,0,2479,
88.0375,1692.655556,-173.86,5328.04958,2867.785714,0,2479,
88.0375,1692.655556,-166.98,5328.04958,2867.785714,0,2479,
88.0375,1692.655556,-172.78,5328.04958,2867.785714,0,2479,
88.0375,1692.655556,-168.66,5328.04958,2867.785714,0,2479,
88.0375,1575.4875,-159.9,5261.511029,2854.2125,0,2479,
84.61428571,1575.4875,-147.3,5061.00719,2719.244444,0,2479,
84.61428571,1283.814286,-136.58,5061.00719,2719.244444,0,2479,
75.83333333,1289.857143,-130.43,5059.687778,2722.744444,0,2479,
75.83333333,1289.857143,-128.24,5059.687778,2722.744444,0,2479,
75.83333333,1289.857143,-128.24,5059.687778,2722.744444,0,2479,
75.83333333,1289.857143,-128.24,5059.687778,2722.744444,0,2479,
75.83333333,1289.857143,-128.24,5059.687778,2722.744444,0,2479,
84.38571429,1289.857143,-143.93,5259.58125,2848.3875,0,2479,
87.8125,1579.0375,-153.62,5259.58125,2848.3875,0,2479,
87.8125,1579.0375,-155.88,5259.58125,2848.3875,0,2479,
87.8125,1579.0375,-165.25,5314.851429,2860.7,0,2479,
84.38571429,1695.3,-172.22,5314.851429,2860.7,0,2479,
84.38571429,1695.3,-185.67,5259.58125,2848.3875,0,2479,
75.83333333,1579.0375,-170.89,5059.687778,2722.744444,0,2479,
75.83333333,1579.0375,-168.16,5059.687778,2722.744444,0,2479,
75.83333333,1579.0375,-171.59,5259.58125,2848.3875,0,2479,
75.83333333,1695.3,-170.02,5259.58125,2848.3875,0,2479,
84.38571429,1695.3,-173.8,5259.58125,2848.3875,0,2479,
84.38571429,1695.3,-177.12,5314.851429,2860.7,0,2479,
87.8125,1695.3,-174.12,5314.851429,2860.7,0,2479,
87.8125,1695.3,-167.3,5314.851429,2860.7,0,2479,
87.8125,1695.3,-173.05,5314.851429,2860.7,0,2479,
87.8125,1695.3,-168.96,5314.851429,2860.7,0,2479,
87.8125,1579.0375,-160.27,5259.58125,2848.3875,0,2479,
84.38571429,1579.0375,-147.78,5059.687778,2722.744444,0,2479,
84.38571429,1289.857143,-137.15,5059.687778,2722.744444,0,2479,
75.18888889,1285.985714,-130.04,5024.231313,2706.288889,0,2479,
75.18888889,1285.985714,-127.91,5024.231313,2706.288889,0,2479,
75.18888889,1285.985714,-127.91,5024.231313,2706.288889,0,2479,
75.18888889,1285.985714,-127.91,5024.231313,2706.288889,0,2479,
75.18888889,1285.985714,-127.91,5024.231313,2706.288889,0,2479,
83.7,1285.985714,-143.37,5232.606818,2828.8625,0,2479,
87.1125,1571.225,-152.92,5232.606818,2828.8625,0,2479,
87.1125,1571.225,-155.16,5232.606818,2828.8625,0,2479,
87.1125,1571.225,-164.4,5273.523377,2840.714286,0,2479,
83.7,1686.066667,-171.28,5273.523377,2840.714286,0,2479,
83.7,1686.066667,-184.66,5232.606818,2828.8625,0,2479,
75.18888889,1571.225,-169.97,5024.231313,2706.288889,0,2479,
75.18888889,1571.225,-167.27,5024.231313,2706.288889,0,2479,
75.18888889,1571.225,-170.66,5232.606818,2828.8625,0,2479,
75.18888889,1686.066667,-169.11,5232.606818,2828.8625,0,2479,
83.7,1686.066667,-172.84,5232.606818,2828.8625,0,2479,
83.7,1686.066667,-176.11,5273.523377,2840.714286,0,2479,
87.1125,1686.066667,-173.15,5273.523377,2840.714286,0,2479,
87.1125,1686.066667,-166.43,5273.523377,2840.714286,0,2479,
87.1125,1686.066667,-172.1,5273.523377,2840.714286,0,2479,
87.1125,1686.066667,-168.06,5273.523377,2840.714286,0,2479,
87.1125,1571.225,-159.49,5232.606818,2828.8625,0,2479,
83.7,1571.225,-147.16,5024.231313,2706.288889,0,2479,
83.7,1285.985714,-136.68,5024.231313,2706.288889,0,2479,
74.44444444,1281.914286,-129.64,5003.42657,2696.233333,0,2479,
74.44444444,1281.914286,-127.55,5003.42657,2696.233333,0,2479,
74.44444444,1281.914286,-127.55,5003.42657,2696.233333,0,2479,
74.44444444,1281.914286,-127.55,5003.42657,2696.233333,0,2479,
74.44444444,1281.914286,-127.55,5003.42657,2696.233333,0,2479,
83.04285714,1281.914286,-142.79,5214.578804,2816.75,0,2479,
86.35,1563.2875,-152.22,5214.578804,2816.75,0,2479,
86.35,1563.2875,-154.42,5214.578804,2816.75,0,2479,
86.35,1563.2875,-163.54,5248.332919,2828.328571,0,2479,
83.04285714,1676.711111,-170.32,5248.332919,2828.328571,0,2479,
83.04285714,1676.711111,-183.63,5214.578804,2816.75,0,2479,
74.44444444,1563.2875,-169.03,5003.42657,2696.233333,0,2479,
74.44444444,1563.2875,-166.37,5003.42657,2696.233333,0,2479,
74.44444444,1563.2875,-169.71,5214.578804,2816.75,0,2479,
74.44444444,1676.711111,-168.18,5214.578804,2816.75,0,2479,
83.04285714,1676.711111,-171.87,5214.578804,2816.75,0,2479,
83.04285714,1676.711111,-175.1,5248.332919,2828.328571,0,2479,
86.35,1676.711111,-172.18,5248.332919,2828.328571,0,2479,
86.35,1676.711111,-165.54,5248.332919,2828.328571,0,2479,
86.35,1676.711111,-171.14,5248.332919,2828.328571,0,2479,
86.35,1676.711111,-167.15,5248.332919,2828.328571,0,2479,
86.35,1563.2875,-158.7,5214.578804,2816.75,0,2479,
83.04285714,1563.2875,-146.53,5003.42657,2696.233333,0,2479,
83.04285714,1281.914286,-136.18,5003.42657,2696.233333,0,2479,
74.05555556,1278.314286,-129.29,4987.854589,2688.044444,0,2479,
74.05555556,1278.314286,-127.28,4987.854589,2688.044444,0,2479,
74.05555556,1278.314286,-127.28,4987.854589,2688.044444,0,2479,
74.05555556,1278.314286,-127.28,4987.854589,2688.044444,0,2479,
74.05555556,1278.314286,-127.28,4987.854589,2688.044444,0,2479,
82.54285714,1278.314286,-142.15,5203.700543,2810.5,0,2479,
85.8875,1553.3875,-151.38,5203.700543,2810.5,0,2479,
85.8875,1553.3875,-153.54,5203.700543,2810.5,0,2479,
85.8875,1553.3875,-162.45,5236.87205,2822.328571,0,2479,
82.54285714,1664.511111,-169.09,5236.87205,2822.328571,0,2479,
82.54285714,1664.511111,-182.27,5203.700543,2810.5,0,2479,
74.05555556,1553.3875,-167.83,4987.854589,2688.044444,0,2479,
74.05555556,1553.3875,-165.22,4987.854589,2688.044444,0,2479,
74.05555556,1553.3875,-168.49,5203.700543,2810.5,0,2479,
74.05555556,1664.511111,-167,5203.700543,2810.5,0,2479,
82.54285714,1664.511111,-170.6,5203.700543,2810.5,0,2479,
82.54285714,1664.511111,-173.76,5236.87205,2822.328571,0,2479,
85.8875,1664.511111,-170.9,5236.87205,2822.328571,0,2479,
85.8875,1664.511111,-164.41,5236.87205,2822.328571,0,2479,
85.8875,1664.511111,-169.88,5236.87205,2822.328571,0,2479,
85.8875,1664.511111,-165.99,5236.87205,2822.328571,0,2479,
85.8875,1553.3875,-157.72,5203.700543,2810.5,0,2479,
82.54285714,1553.3875,-145.82,4987.854589,2688.044444,0,2479,
82.54285714,1278.314286,-135.69,4987.854589,2688.044444,0,2479,
74.01111111,1272.228571,-128.66,4987.767172,2687.633333,0,2479,
74.01111111,1272.228571,-126.6,4987.767172,2687.633333,0,2479,
74.01111111,1272.228571,-126.6,4987.767172,2687.633333,0,2479,
74.01111111,1272.228571,-126.6,4987.767172,2687.633333,0,2479,
74.01111111,1272.228571,-126.6,4987.767172,2687.633333,0,2479,
82.55714286,1272.228571,-141.65,5209.154545,2814.175,0,2479,
85.85,1550.2,-150.97,5209.154545,2814.175,0,2479,
85.85,1550.2,-153.15,5209.154545,2814.175,0,2479,
85.85,1550.2,-162.16,5245.451299,2826.571429,0,2479,
82.55714286,1662.377778,-168.87,5245.451299,2826.571429,0,2479,
82.55714286,1662.377778,-182.1,5209.154545,2814.175,0,2479,
74.01111111,1550.2,-167.59,4987.767172,2687.633333,0,2479,
74.01111111,1550.2,-164.96,4987.767172,2687.633333,0,2479,
74.01111111,1550.2,-168.26,5209.154545,2814.175,0,2479,
74.01111111,1662.377778,-166.75,5209.154545,2814.175,0,2479,
82.55714286,1662.377778,-170.39,5209.154545,2814.175,0,2479,
82.55714286,1662.377778,-173.58,5245.451299,2826.571429,0,2479,
85.85,1662.377778,-170.7,5245.451299,2826.571429,0,2479,
85.85,1662.377778,-164.14,5245.451299,2826.571429,0,2479,
85.85,1662.377778,-169.67,5245.451299,2826.571429,0,2479,
85.85,1662.377778,-165.73,5245.451299,2826.571429,0,2479,
85.85,1550.2,-157.37,5209.154545,2814.175,0,2479,
82.55714286,1550.2,-145.35,4987.767172,2687.633333,0,2479,
82.55714286,1272.228571,-135.12,4987.767172,2687.633333,0,2479,
74.36666667,1275.328571,-128.95,5003.826263,2694.711111,0,2479,
74.36666667,1275.328571,-126.8,5003.826263,2694.711111,0,2479,
74.36666667,1275.328571,-126.8,5003.826263,2694.711111,0,2479,
74.36666667,1275.328571,-126.8,5003.826263,2694.711111,0,2479,
74.36666667,1275.328571,-126.8,5003.826263,2694.711111,0,2479,
83.05714286,1275.328571,-142.31,5226.323864,2826.525,0,2479,
86.3125,1561.4,-151.9,5226.323864,2826.525,0,2479,
86.3125,1561.4,-154.14,5226.323864,2826.525,0,2479,
86.3125,1561.4,-163.41,5272.553247,2839.657143,0,2479,
83.05714286,1676.522222,-170.3,5272.553247,2839.657143,0,2479,
83.05714286,1676.522222,-183.69,5226.323864,2826.525,0,2479,
74.36666667,1561.4,-168.99,5003.826263,2694.711111,0,2479,
74.36666667,1561.4,-166.28,5003.826263,2694.711111,0,2479,
74.36666667,1561.4,-169.68,5226.323864,2826.525,0,2479,
74.36666667,1676.522222,-168.12,5226.323864,2826.525,0,2479,
83.05714286,1676.522222,-171.87,5226.323864,2826.525,0,2479,
83.05714286,1676.522222,-175.15,5272.553247,2839.657143,0,2479,
86.3125,1676.522222,-172.18,5272.553247,2839.657143,0,2479,
86.3125,1676.522222,-165.43,5272.553247,2839.657143,0,2479,
86.3125,1676.522222,-171.12,5272.553247,2839.657143,0,2479,
86.3125,1676.522222,-167.08,5272.553247,2839.657143,0,2479,
86.3125,1561.4,-158.48,5226.323864,2826.525,0,2479,
83.05714286,1561.4,-146.12,5003.826263,2694.711111,0,2479,
83.05714286,1275.328571,-135.6,5003.826263,2694.711111,0,2479,
74.75555556,1292.242857,-130.67,5068.716667,2720.888889,0,2479,
74.75555556,1292.242857,-128.46,5068.716667,2720.888889,0,2479,
74.75555556,1292.242857,-128.46,5068.716667,2720.888889,0,2479,
74.75555556,1292.242857,-128.46,5068.716667,2720.888889,0,2479,
74.75555556,1292.242857,-128.46,5068.716667,2720.888889,0,2479,
83.61428571,1292.242857,-144.26,5264.411719,2858.8375,0,2479,
86.8125,1583.425,-154.01,5264.411719,2858.8375,0,2479,
86.8125,1583.425,-156.3,5264.411719,2858.8375,0,2479,
86.8125,1583.425,-165.72,5337.936607,2872.842857,0,2479,
83.61428571,1700.4,-172.74,5337.936607,2872.842857,0,2479,
83.61428571,1700.4,-186.23,5264.411719,2858.8375,0,2479,
74.75555556,1583.425,-171.4,5068.716667,2720.888889,0,2479,
74.75555556,1583.425,-168.65,5068.716667,2720.888889,0,2479,
74.75555556,1583.425,-172.1,5264.411719,2858.8375,0,2479,
74.75555556,1700.4,-170.53,5264.411719,2858.8375,0,2479,
83.61428571,1700.4,-174.34,5264.411719,2858.8375,0,2479,
83.61428571,1700.4,-177.67,5337.936607,2872.842857,0,2479,
86.8125,1700.4,-174.65,5337.936607,2872.842857,0,2479,
86.8125,1700.4,-167.79,5337.936607,2872.842857,0,2479,
86.8125,1700.4,-173.58,5337.936607,2872.842857,0,2479,
86.8125,1700.4,-169.46,5337.936607,2872.842857,0,2479,
86.8125,1583.425,-160.71,5264.411719,2858.8375,0,2479,
83.61428571,1583.425,-148.14,5068.716667,2720.888889,0,2479,
83.61428571,1292.242857,-137.43,5068.716667,2720.888889,0,2479,
75.18888889,1318.014286,-133.3,5174.733333,2763.488889,0,2479,
75.18888889,1318.014286,-131.06,5174.733333,2763.488889,0,2479,
75.18888889,1318.014286,-131.06,5174.733333,2763.488889,0,2479,
75.18888889,1318.014286,-131.06,5174.733333,2763.488889,0,2479,
75.18888889,1318.014286,-131.06,5174.733333,2763.488889,0,2479,
84.1,1318.014286,-147,5316.4375,2897.6875,0,2479,
87.35,1611.625,-156.83,5316.4375,2897.6875,0,2479,
87.35,1611.625,-159.14,5316.4375,2897.6875,0,2479,
87.35,1611.625,-168.64,5397.071429,2911.171429,0,2479,
84.1,1729.488889,-175.71,5397.071429,2911.171429,0,2479,
84.1,1729.488889,-189.25,5316.4375,2897.6875,0,2479,
75.18888889,1611.625,-174.37,5174.733333,2763.488889,0,2479,
75.18888889,1611.625,-171.59,5174.733333,2763.488889,0,2479,
75.18888889,1611.625,-175.07,5316.4375,2897.6875,0,2479,
75.18888889,1729.488889,-173.48,5316.4375,2897.6875,0,2479,
84.1,1729.488889,-177.32,5316.4375,2897.6875,0,2479,
84.1,1729.488889,-180.69,5397.071429,2911.171429,0,2479,
87.35,1729.488889,-177.64,5397.071429,2911.171429,0,2479,
87.35,1729.488889,-170.72,5397.071429,2911.171429,0,2479,
87.35,1729.488889,-176.56,5397.071429,2911.171429,0,2479,
87.35,1729.488889,-172.41,5397.071429,2911.171429,0,2479,
87.35,1611.625,-163.59,5316.4375,2897.6875,0,2479,
84.1,1611.625,-150.91,5174.733333,2763.488889,0,2479,
84.1,1318.014286,-140.12,5174.733333,2763.488889,0,2479,
75.83333333,1336.914286,-135.22,5267.92963,2794.855556,0,2479,
75.83333333,1336.914286,-132.93,5267.92963,2794.855556,0,2479,
75.83333333,1336.914286,-132.93,5267.92963,2794.855556,0,2479,
75.83333333,1336.914286,-132.93,5267.92963,2794.855556,0,2479,
75.83333333,1336.914286,-132.93,5267.92963,2794.855556,0,2479,
84.84285714,1336.914286,-149.12,5367.329167,2924.6875,0,2479,
88.1125,1634.875,-159.1,5367.329167,2924.6875,0,2479,
88.1125,1634.875,-161.43,5367.329167,2924.6875,0,2479,
88.1125,1634.875,-171.07,5400,2937.557143,0,2479,
84.84285714,1754.333333,-178.25,5400,2937.557143,0,2479,
84.84285714,1754.333333,-191.87,5367.329167,2924.6875,0,2479,
75.83333333,1634.875,-176.88,5267.92963,2794.855556,0,2479,
75.83333333,1634.875,-174.07,5267.92963,2794.855556,0,2479,
75.83333333,1634.875,-177.6,5367.329167,2924.6875,0,2479,
75.83333333,1754.333333,-175.98,5367.329167,2924.6875,0,2479,
84.84285714,1754.333333,-179.88,5367.329167,2924.6875,0,2479,
84.84285714,1754.333333,-183.29,5400,2937.557143,0,2479,
88.1125,1754.333333,-180.21,5400,2937.557143,0,2479,
88.1125,1754.333333,-173.18,5400,2937.557143,0,2479,
88.1125,1754.333333,-179.1,5400,2937.557143,0,2479,
88.1125,1754.333333,-174.89,5400,2937.557143,0,2479,
88.1125,1634.875,-165.95,5367.329167,2924.6875,0,2479,
84.84285714,1634.875,-153.09,5267.92963,2794.855556,0,2479,
84.84285714,1336.914286,-142.14,5267.92963,2794.855556,0,2479,
76.44444444,1353.3,-136.9,5341.585185,2816.344444,0,2479,
76.44444444,1353.3,-134.58,5341.585185,2816.344444,0,2479,
76.44444444,1353.3,-134.58,5341.585185,2816.344444,0,2479,
76.44444444,1353.3,-134.58,5341.585185,2816.344444,0,2479,
76.44444444,1353.3,-134.58,5341.585185,2816.344444,0,2479,
85.51428571,1353.3,-150.88,5394.541667,2943.6375,0,2479,
88.8375,1653.1,-160.91,5394.541667,2943.6375,0,2479,
88.8375,1653.1,-163.26,5394.541667,2943.6375,0,2479,
88.8375,1653.1,-172.96,5400,2956.157143,0,2479,
85.51428571,1773.188889,-180.17,5400,2956.157143,0,2479,
85.51428571,1773.188889,-193.84,5394.541667,2943.6375,0,2479,
76.44444444,1653.1,-178.8,5341.585185,2816.344444,0,2479,
76.44444444,1653.1,-175.97,5341.585185,2816.344444,0,2479,
76.44444444,1653.1,-179.52,5394.541667,2943.6375,0,2479,
76.44444444,1773.188889,-177.9,5394.541667,2943.6375,0,2479,
85.51428571,1773.188889,-181.82,5394.541667,2943.6375,0,2479,
85.51428571,1773.188889,-185.25,5400,2956.157143,0,2479,
88.8375,1773.188889,-182.15,5400,2956.157143,0,2479,
88.8375,1773.188889,-175.08,5400,2956.157143,0,2479,
88.8375,1773.188889,-181.04,5400,2956.157143,0,2479,
88.8375,1773.188889,-176.8,5400,2956.157143,0,2479,
88.8375,1653.1,-167.81,5394.541667,2943.6375,0,2479,
85.51428571,1653.1,-154.87,5341.585185,2816.344444,0,2479,
85.51428571,1353.3,-143.86,5341.585185,2816.344444,0,2479,
76.36666667,1346.5,-136.19,5266.859259,2793.255556,0,2479,
76.36666667,1346.5,-133.83,5266.859259,2793.255556,0,2479,
76.36666667,1346.5,-133.83,5266.859259,2793.255556,0,2479,
76.36666667,1346.5,-133.83,5266.859259,2793.255556,0,2479,
76.36666667,1346.5,-133.83,5266.859259,2793.255556,0,2479,
85.4,1346.5,-150.33,5367.445833,2925.2125,0,2479,
88.7125,1649.9,-160.49,5367.445833,2925.2125,0,2479,
88.7125,1649.9,-162.86,5367.445833,2925.2125,0,2479,
88.7125,1649.9,-172.68,5400,2938.357143,0,2479,
85.4,1771.322222,-179.98,5400,2938.357143,0,2479,
85.4,1771.322222,-193.71,5367.445833,2925.2125,0,2479,
76.36666667,1649.9,-178.59,5266.859259,2793.255556,0,2479,
76.36666667,1649.9,-175.72,5266.859259,2793.255556,0,2479,
76.36666667,1649.9,-179.32,5367.445833,2925.2125,0,2479,
76.36666667,1771.322222,-177.67,5367.445833,2925.2125,0,2479,
85.4,1771.322222,-181.64,5367.445833,2925.2125,0,2479,
85.4,1771.322222,-185.11,5400,2938.357143,0,2479,
88.7125,1771.322222,-181.97,5400,2938.357143,0,2479,
88.7125,1771.322222,-174.82,5400,2938.357143,0,2479,
88.7125,1771.322222,-180.85,5400,2938.357143,0,2479,
88.7125,1771.322222,-176.56,5400,2938.357143,0,2479,
88.7125,1649.9,-167.46,5367.445833,2925.2125,0,2479,
85.4,1649.9,-154.37,5266.859259,2793.255556,0,2479,
85.4,1346.5,-143.23,5266.859259,2793.255556,0,2479,
76.21111111,1329.571429,-134.47,5156.40303,2754.877778,0,2479,
76.21111111,1329.571429,-132.16,5156.40303,2754.877778,0,2479,
76.21111111,1329.571429,-132.16,5156.40303,2754.877778,0,2479,
76.21111111,1329.571429,-132.16,5156.40303,2754.877778,0,2479,
76.21111111,1329.571429,-132.16,5156.40303,2754.877778,0,2479,
85.07142857,1329.571429,-148.44,5307.457955,2892.9375,0,2479,
88.4625,1629.1125,-158.46,5307.457955,2892.9375,0,2479,
88.4625,1629.1125,-160.81,5307.457955,2892.9375,0,2479,
88.4625,1629.1125,-170.5,5392.501299,2906.942857,0,2479,
85.07142857,1749.166667,-177.71,5392.501299,2906.942857,0,2479,
85.07142857,1749.166667,-191.37,5307.457955,2892.9375,0,2479,
76.21111111,1629.1125,-176.34,5156.40303,2754.877778,0,2479,
76.21111111,1629.1125,-173.51,5156.40303,2754.877778,0,2479,
76.21111111,1629.1125,-177.06,5307.457955,2892.9375,0,2479,
76.21111111,1749.166667,-175.44,5307.457955,2892.9375,0,2479,
85.07142857,1749.166667,-179.36,5307.457955,2892.9375,0,2479,
85.07142857,1749.166667,-182.79,5392.501299,2906.942857,0,2479,
88.4625,1749.166667,-179.68,5392.501299,2906.942857,0,2479,
88.4625,1749.166667,-172.63,5392.501299,2906.942857,0,2479,
88.4625,1749.166667,-178.58,5392.501299,2906.942857,0,2479,
88.4625,1749.166667,-174.34,5392.501299,2906.942857,0,2479,
88.4625,1629.1125,-165.35,5307.457955,2892.9375,0,2479,
85.07142857,1629.1125,-152.42,5156.40303,2754.877778,0,2479,
85.07142857,1329.571429,-141.42,5156.40303,2754.877778,0,2479,
76.15555556,1311.057143,-132.61,5093.927778,2730.333333,0,2479,
76.15555556,1311.057143,-130.44,5093.927778,2730.333333,0,2479,
76.15555556,1311.057143,-130.44,5093.927778,2730.333333,0,2479,
76.15555556,1311.057143,-130.44,5093.927778,2730.333333,0,2479,
76.15555556,1311.057143,-130.44,5093.927778,2730.333333,0,2479,
85.04285714,1311.057143,-146.04,5275.136607,2869.7125,0,2479,
88.4,1598.725,-155.67,5275.136607,2869.7125,0,2479,
88.4,1598.725,-157.93,5275.136607,2869.7125,0,2479,
88.4,1598.725,-167.25,5359.293878,2883.9,0,2479,
85.04285714,1714.411111,-174.18,5359.293878,2883.9,0,2479,
85.04285714,1714.411111,-187.6,5275.136607,2869.7125,0,2479,
76.15555556,1598.725,-172.86,5093.927778,2730.333333,0,2479,
76.15555556,1598.725,-170.14,5093.927778,2730.333333,0,2479,
76.15555556,1598.725,-173.55,5275.136607,2869.7125,0,2479,
76.15555556,1714.411111,-171.99,5275.136607,2869.7125,0,2479,
85.04285714,1714.411111,-175.76,5275.136607,2869.7125,0,2479,
85.04285714,1714.411111,-179.05,5359.293878,2883.9,0,2479,
88.4,1714.411111,-176.07,5359.293878,2883.9,0,2479,
88.4,1714.411111,-169.29,5359.293878,2883.9,0,2479,
88.4,1714.411111,-175.01,5359.293878,2883.9,0,2479,
88.4,1714.411111,-170.94,5359.293878,2883.9,0,2479,
88.4,1598.725,-162.3,5275.136607,2869.7125,0,2479,
85.04285714,1598.725,-149.87,5093.927778,2730.333333,0,2479,
85.04285714,1311.057143,-139.29,5093.927778,2730.333333,0,2479,
76.26666667,1233.385714,-124.87,4898.458586,2634.433333,0,2479,
76.26666667,1233.385714,-121.99,4898.458586,2634.433333,0,2479,
76.26666667,1233.385714,-121.84,4898.458586,2634.433333,0,2479,
76.26666667,1233.385714,-121.84,4898.458586,2634.433333,0,2479,
76.26666667,1233.385714,-121.95,4898.458586,2634.433333,0,2479,
85.14285714,1233.385714,-139.4,5187.789773,2812.7,0,2479,
88.5125,1548.05,-149.83,5187.789773,2812.7,0,2479,
88.5125,1548.05,-152.27,5187.789773,2812.7,0,2479,
88.5125,1548.05,-162.35,5242.722078,2820.114286,0,2479,
85.14285714,1674.044444,-169.85,5242.722078,2820.114286,0,2479,
85.14285714,1674.044444,-185.14,5187.789773,2812.7,0,2479,
76.26666667,1548.05,-168.42,4898.458586,2634.433333,0,2479,
76.26666667,1548.05,-165.48,4898.458586,2634.433333,0,2479,
76.26666667,1548.05,-169.17,5187.789773,2812.7,0,2479,
76.26666667,1674.044444,-167.48,5187.789773,2812.7,0,2479,
85.14285714,1674.044444,-171.56,5187.789773,2812.7,0,2479,
85.14285714,1674.044444,-175.12,5242.722078,2820.114286,0,2479,
88.5125,1674.044444,-171.89,5242.722078,2820.114286,0,2479,
88.5125,1674.044444,-164.55,5242.722078,2820.114286,0,2479,
88.5125,1674.044444,-170.74,5242.722078,2820.114286,0,2479,
88.5125,1674.044444,-166.34,5242.722078,2820.114286,0,2479,
88.5125,1548.05,-156.99,5187.789773,2812.7,0,2479,
85.14285714,1548.05,-143.55,4898.458586,2634.433333,0,2479,
85.14285714,1233.385714,-132.1,4898.458586,2634.433333,0,2479,